$MeshFormat
4.1 0 8
$EndMeshFormat
$PhysicalNames
4
2 1 "epi"
2 2 "base"
2 3 "endo"
3 10 "wall"
$EndPhysicalNames
$Entities
4 6 4 2
3 2.638 -6.461023122766863e-16 -1.327963130084986e-15 0 
4 1.615255780691716e-16 -3.956104984166798e-32 -5.422 0 
5 2.967 -7.266814103581987e-16 -1.408542228166498e-15 0 
6 1.816703525895497e-16 -4.449493361646282e-32 -5.750999999999999 0 
4 -2.638027814981478 -2.640092630826637 -2.766891734370208e-05 2.638027779153876 2.640092630826635 2.766891734370208e-05 0 2 3 -3 
5 -5.422000004529082e-07 -5.422000006461023e-07 -5.4220005422 2.6380005422 5.422e-07 0.6226833066435407 0 2 4 -3 
6 -5.42200000163114e-07 -5.422000000890993e-07 -1.0000005422 5.422000001307325e-07 5.422000002371289e-07 -0.9999994577999999 0 2 4 -4 
7 -2.967031084653889 -2.969286834040498 -3.093329290312108e-05 2.96703104363715 2.969286834040493 3.093329290312108e-05 0 2 5 -5 
8 -5.751000005105311e-07 -5.751000007266813e-07 -5.7510005751 2.967000575100001 5.750999999999999e-07 0.6608176050345014 0 2 6 -5 
9 -5.751000001631139e-07 -5.751000000890992e-07 -1.0000005751 5.751000001307324e-07 5.751000002371288e-07 -0.9999994248999999 0 2 6 -6 
3 -5.276000542199998 -4.569150572566699 -5.422000542199999 2.6380005422 4.569150572566695 5.422000542199999 1 0 4 4 -5 6 5 
4 -2.638027814981478 -2.640092630826637 -2.766891734370208e-05 2.638027779153876 2.640092630826635 2.766891734370208e-05 0 1 -4 
5 -5.934000575099999 -5.138995321156861 -5.751000575099999 2.9670005751 5.138995321156857 5.751000575099999 1 1 4 7 -8 9 8 
6 -2.967031084653889 -2.969286834040498 -3.093329290312108e-05 2.96703104363715 2.969286834040493 3.093329290312108e-05 1 2 2 -7 4 
1 -5.934030933292902 -5.139025679349764 -5.751030933292903 2.967031043637149 5.139025679349761 5.751030933292903 1 10 3 5 6 -3 
2 -5.276027668917343 -4.569177699284044 -5.422027668917344 2.638027779153876 4.56917769928404 5.422027668917344 0 2 3 4 
$EndEntities
$Nodes
12 4504 1 4504
0 3 0 1
1
2.638 -6.461023122766863e-16 -1.327963130084986e-15
0 4 0 1
2
1.615255780691716e-16 -3.956104984166798e-32 -5.422
0 5 0 1
3
2.967 -7.266814103581987e-16 -1.408542228166498e-15
0 6 0 1
4
1.816703525895497e-16 -4.449493361646282e-32 -5.750999999999999
1 4 0 75
5
6
7
8
9
10
11
12
13
14
15
16
17
18
19
20
21
22
23
24
25
26
27
28
29
30
31
32
33
34
35
36
37
38
39
40
41
42
43
44
45
46
47
48
49
50
51
52
53
54
55
56
57
58
59
60
61
62
63
64
65
66
67
68
69
70
71
72
73
74
75
76
77
78
79
2.62898988485372 -0.2178443081793393 0
2.602021130841146 -0.4342005215565953 0
2.557277938673299 -0.647590721864589 0
2.495065908963306 -0.8565572004468929 0
2.415810039347099 -1.059672531026789 0
2.32005175398754 -1.255549218854685 0
2.208445169912086 -1.442849241079971 0
2.081752662263872 -1.620293138084982 0
1.94083967615774 -1.78666879559418 0
1.786668784872475 -1.940839682361303 0
1.620293135414996 -2.081752674878761 0
1.442849249125419 -2.208445196398495 0
1.255549251858757 -2.320051817824399 0
1.059672529449185 -2.415810044146324 0
0.856557197166504 -2.495065886228836 0
0.647590716136355 -2.557277935195484 0
0.4342005295246725 -2.602021130239224 0
0.2178443071063126 -2.62898989338822 0
-8.804513271232217e-09 -2.638000001134869 0
-0.2178443190440137 -2.628989892058078 0
-0.4342005442503594 -2.602021111334586 0
-0.6475907324972904 -2.557277893969687 0
-0.8565572288842873 -2.495065919927637 0
-1.059672558546788 -2.415810047844312 0
-1.255549354416263 -2.320051980076907 0
-1.442849242755323 -2.208445206108488 0
-1.620293131315064 -2.081752684429625 0
-1.786668782020006 -1.940839687460868 0
-1.940839674068942 -1.786668799180451 0
-2.08175264729392 -1.620293131645291 0
-2.208445166056894 -1.442849244251829 0
-2.320051757086823 -1.255549219022473 0
-2.415810036631393 -1.059672528605842 0
-2.495065931507942 -0.856557213498876 0
-2.557277898720823 -0.6475907127579867 0
-2.602021135614067 -0.4342005286913965 0
-2.628989913894039 -0.2178443124481533 0
-2.638000146064106 -1.971953361453114e-09 0
-2.628989914252277 0.2178443081248729 0
-2.602021136080885 0.4342005258939063 0
-2.557277899495066 0.6475907097005633 0
-2.49506593316971 0.8565572086583174 0
-2.415810038567441 1.059672524192097 0
-2.320051756191324 1.255549220677214 0
-2.208445170599843 1.442849237298325 0
-2.081752649903613 1.620293128292264 0
-1.940839681591106 1.786668790850589 0
-1.786668780057368 1.94083968596176 0
-1.620293132919947 2.081752671671252 0
-1.442849229687509 2.208445184054371 0
-1.255549378125418 2.320052011473298 0
-1.059672555155293 2.415810051713249 0
-0.8565572380930013 2.495065916766283 0
-0.6475907364725837 2.557277892963007 0
-0.4342005425365 2.602021111620574 0
-0.217844325799808 2.628989891498269 0
-1.396392578997818e-08 2.638000001134867 0
0.2178443038210333 2.628989893660433 0
0.4342005242250958 2.602021131123565 0
0.6475907134312342 2.55727793588051 0
0.8565571916100294 2.495065888136377 0
1.05967252585858 2.415810045721312 0
1.255549248366212 2.32005181971446 0
1.442849245942414 2.208445198478053 0
1.620293131946848 2.081752677578136 0
1.786668780952576 1.940839685969816 0
1.940839677953244 1.786668793643737 0
2.081752662294678 1.620293138045396 0
2.208445168951923 1.44284924254961 0
2.320051752816695 1.255549221018198 0
2.415810038972564 1.059672531880651 0
2.495065906381902 0.8565572079662047 0
2.557277939563945 0.6475907183473896 0
2.602021130452039 0.4342005238884156 0
2.62898988553704 0.2178442999327835 0
1 5 0 29
80
81
82
83
84
85
86
87
88
89
90
91
92
93
94
95
96
97
98
99
100
101
102
103
104
105
106
107
108
0.216328431081442 -5.298343424295201e-17 -5.403738387738994
0.4268412851177965 -1.045425099657925e-16 -5.350553058899258
0.6271160851119698 -1.535940684824666e-16 -5.266566051606799
0.8146625734403468 -1.995281927312675e-16 -5.156978417765593
0.9886286410908203 -2.421361830901202e-16 -5.026844951031611
1.149204987474906 -2.814647459012272e-16 -4.880469251352732
1.297112402501214 -3.17690417944959e-16 -4.721276983468957
1.433275182137115 -3.510395789642071e-16 -4.551912231015646
1.558643520051196 -3.817449515997541e-16 -4.374397187285651
1.674111408738857 -4.100254936296271e-16 -4.190280813975261
1.780484481490709 -4.360785217831328e-16 -4.000758928801391
1.878472806823001 -4.600779469436003e-16 -3.806765157152049
1.968695470754192 -4.821753964453839e-16 -3.609037177997544
2.051689218524577 -5.02502330614813e-16 -3.408165641364425
2.12791860726052 -5.211725293736192e-16 -3.204629108685445
2.197785361949578 -5.382843837162534e-16 -2.998820492955036
2.261637068046589 -5.539230247140131e-16 -2.791065955595117
2.319774446579493 -5.681621053432072e-16 -2.581639691971733
2.372457701410494 -5.810653550644247e-16 -2.37077466330344
2.419911753111678 -5.926878617100018e-16 -2.158671096803302
2.462330629833828 -6.030771469011924e-16 -1.945503019806312
2.499881118017459 -6.122740601849536e-16 -1.731423368482641
2.53270577631612 -6.203135172078719e-16 -1.516568071993438
2.560925415885523 -6.272251071917253e-16 -1.301059357438681
2.584641130867092 -6.33033590242099e-16 -1.085008455721567
2.603935949382389 -6.377593017120356e-16 -0.8685177963459892
2.618876138633679 -6.414184718489233e-16 -0.6516829933741094
2.629512236374036 -6.440234784234668e-16 -0.4345944109685089
2.635879811839618 -6.455830330981858e-16 -0.2173386868121831
1 7 0 84
109
110
111
112
113
114
115
116
117
118
119
120
121
122
123
124
125
126
127
128
129
130
131
132
133
134
135
136
137
138
139
140
141
142
143
144
145
146
147
148
149
150
151
152
153
154
155
156
157
158
159
160
161
162
163
164
165
166
167
168
169
170
171
172
173
174
175
176
177
178
179
180
181
182
183
184
185
186
187
188
189
190
191
192
2.958897628405978 -0.2191204474894843 0
2.934634815131502 -0.4370441314917465 0
2.894344025727277 -0.6525808431644392 0
2.838245378254057 -0.8645533916556587 0
2.766645106734158 -1.071804023043008 0
2.679934438784609 -1.273200847917491 0
2.578586900844584 -1.467643891188487 0
2.463156018370759 -1.654071169006593 0
2.334272228655301 -1.831464485835459 0
2.192639458976681 -1.998854985341245 0
2.039031249830693 -2.155328426534866 0
1.874286552615013 -2.300030205675262 0
1.699305162488133 -2.432170030804986 0
1.51504279042573 -2.55102624135468 0
1.322505710087813 -2.655949509477777 0
1.12274558777465 -2.746366953474017 0
0.9168534164187496 -2.821784681215719 0
0.7059537292805184 -2.88179086514287 0
0.4911983492390369 -2.926057637400743 0
0.2737602194103381 -2.954343301257484 0
0.05482690389396499 -2.966493386213883 0
-0.1644058564535031 -2.962441509789804 0
-0.3827406850600107 -2.942209788460635 0
-0.5989851205178416 -2.905908787727649 0
-0.8119581072274092 -2.853736669377069 0
-1.020496480621535 -2.785978511783475 0
-1.223461220913857 -2.703004225728525 0
-1.419743961741502 -2.605267304630507 0
-1.608272315275619 -2.493300906000804 0
-1.788016959070698 -2.367717129335849 0
-1.957996111099159 -2.229201753721132 0
-2.117281317336266 -2.078511197462382 0
-2.265002699772129 -1.916468568353454 0
-2.400353414300355 -1.743958842169298 0
-2.522594241021511 -1.561924227466006 0
-2.631057526762784 -1.37135891733009 0
-2.725150888959647 -1.173303726739837 0
-2.8043604660936 -0.9688403718552716 0
-2.868253514091954 -0.759085519211432 0
-2.916481196587363 -0.5451848168569391 0
-2.948780077082637 -0.328306505095039 0
-2.964973806221237 -0.1096350986299029 0
-2.96497380626684 0.1096350973966321 0
-2.948780077210371 0.3283065039477643 0
-2.916481196677642 0.5451848163739881 0
-2.868253513958581 0.7590855197153976 0
-2.804360466663038 0.9688403702070082 0
-2.725150889929291 1.17330372448771 0
-2.631057526228778 1.371358918354627 0
-2.522594240756443 1.561924227894102 0
-2.40035341701037 1.743958838439283 0
-2.2650027006342 1.916468567318524 0
-2.117281317711992 2.078511196327958 0
-1.95799611260358 2.229201745616557 0
-1.788016954599996 2.367717123342495 0
-1.608272287228727 2.493300892092334 0
-1.419743988855278 2.605267336793553 0
-1.2234612257703 2.703004228089285 0
-1.020496482183509 2.785978511211326 0
-0.8119581081658689 2.853736669110052 0
-0.5989851275024798 2.905908786287927 0
-0.3827406803860291 2.94220978906866 0
-0.1644058564234909 2.962441509791468 0
0.05482690219033321 2.966493386245369 0
0.2737602167483553 2.954343301504153 0
0.4911983515296666 2.926057637016214 0
0.7059537266945999 2.881790865776353 0
0.9168534164859181 2.821784681193895 0
1.122745585057029 2.746366954585013 0
1.322505710296637 2.655949509373807 0
1.515042790384694 2.55102624137907 0
1.699305162349262 2.432170030902015 0
1.874286552375502 2.300030205870435 0
2.03903125048187 2.155328425918839 0
2.192639459219885 1.998854985074471 0
2.33427222779586 1.831464486930863 0
2.463156018819151 1.654071168338878 0
2.57858690348294 1.467643886552998 0
2.679934440727678 1.273200843827569 0
2.766645106057472 1.071804024789723 0
2.838245377828574 0.8645533930523037 0
2.894344025930648 0.6525808422623477 0
2.934634813684284 0.4370441412094498 0
2.958897629051187 0.2191204387767459 0
1 8 0 32
193
194
195
196
197
198
199
200
201
202
203
204
205
206
207
208
209
210
211
212
213
214
215
216
217
218
219
220
221
222
223
224
0.212133108982979 -5.195591062333018e-17 -5.73628191600817
0.4203371660028089 -1.029495128469462e-16 -5.692994444818967
0.6213349160827093 -1.521781372173159e-16 -5.623481987715456
0.8128613783226072 -1.99087041734136e-16 -5.530960811647519
0.9936694925186094 -2.433707948275492e-16 -5.418886290601762
1.163316789117897 -2.849210262924047e-16 -5.290511149836573
1.321897982359758 -3.237609336605481e-16 -5.14867047245057
1.469818545342668 -3.599898259185191e-16 -4.995729035222571
1.607636634944023 -3.937444075580152e-16 -4.8336133100165
1.735963240071839 -4.25174322758811e-16 -4.663877385071928
1.855406632774378 -4.54428550283937e-16 -4.48777121490811
1.966542220468807 -4.816480196492137e-16 -4.306303439302478
2.069899488281776 -5.069624130247101e-16 -4.120292196651599
2.165957486300409 -5.30489059966525e-16 -3.930406215294403
2.255145564938931 -5.523331175237139e-16 -3.73719626013636
2.337846046133016 -5.725882244706029e-16 -3.541120281321606
2.414398365939848 -5.913375159176607e-16 -3.342562025878407
2.485103108480216 -6.086546113097227e-16 -3.141846144830313
2.550226085700557 -6.246046136464946e-16 -2.939249656748088
2.610002062422796 -6.392450218264929e-16 -2.735011000192277
2.664638089991505 -6.526265471281441e-16 -2.529337192670355
2.714316434017658 -6.647938302765044e-16 -2.32240955369008
2.759197130303888 -6.757860674437223e-16 -2.114388261965261
2.799420173508489 -6.856375462994075e-16 -1.905416105017542
2.835107403144406 -6.943781079318998e-16 -1.695621492713636
2.866364098250445 -7.020335374171688e-16 -1.485120984779093
2.893280323119127 -7.086258934161887e-16 -1.274021415133339
2.915932061417043 -7.141737859451386e-16 -1.062421623893033
2.934382138891078 -7.186926023657825e-16 -0.8504140560344744
2.948680986359524 -7.221946942582218e-16 -0.6380860311263952
2.958867233837857 -7.246895229349363e-16 -0.425520926121306
2.964968157216457 -7.261837688416597e-16 -0.2127993402790887
2 3 0 1885
225
226
227
228
229
230
231
232
233
234
235
236
237
238
239
240
241
242
243
244
245
246
247
248
249
250
251
252
253
254
255
256
257
258
259
260
261
262
263
264
265
266
267
268
269
270
271
272
273
274
275
276
277
278
279
280
281
282
283
284
285
286
287
288
289
290
291
292
293
294
295
296
297
298
299
300
301
302
303
304
305
306
307
308
309
310
311
312
313
314
315
316
317
318
319
320
321
322
323
324
325
326
327
328
329
330
331
332
333
334
335
336
337
338
339
340
341
342
343
344
345
346
347
348
349
350
351
352
353
354
355
356
357
358
359
360
361
362
363
364
365
366
367
368
369
370
371
372
373
374
375
376
377
378
379
380
381
382
383
384
385
386
387
388
389
390
391
392
393
394
395
396
397
398
399
400
401
402
403
404
405
406
407
408
409
410
411
412
413
414
415
416
417
418
419
420
421
422
423
424
425
426
427
428
429
430
431
432
433
434
435
436
437
438
439
440
441
442
443
444
445
446
447
448
449
450
451
452
453
454
455
456
457
458
459
460
461
462
463
464
465
466
467
468
469
470
471
472
473
474
475
476
477
478
479
480
481
482
483
484
485
486
487
488
489
490
491
492
493
494
495
496
497
498
499
500
501
502
503
504
505
506
507
508
509
510
511
512
513
514
515
516
517
518
519
520
521
522
523
524
525
526
527
528
529
530
531
532
533
534
535
536
537
538
539
540
541
542
543
544
545
546
547
548
549
550
551
552
553
554
555
556
557
558
559
560
561
562
563
564
565
566
567
568
569
570
571
572
573
574
575
576
577
578
579
580
581
582
583
584
585
586
587
588
589
590
591
592
593
594
595
596
597
598
599
600
601
602
603
604
605
606
607
608
609
610
611
612
613
614
615
616
617
618
619
620
621
622
623
624
625
626
627
628
629
630
631
632
633
634
635
636
637
638
639
640
641
642
643
644
645
646
647
648
649
650
651
652
653
654
655
656
657
658
659
660
661
662
663
664
665
666
667
668
669
670
671
672
673
674
675
676
677
678
679
680
681
682
683
684
685
686
687
688
689
690
691
692
693
694
695
696
697
698
699
700
701
702
703
704
705
706
707
708
709
710
711
712
713
714
715
716
717
718
719
720
721
722
723
724
725
726
727
728
729
730
731
732
733
734
735
736
737
738
739
740
741
742
743
744
745
746
747
748
749
750
751
752
753
754
755
756
757
758
759
760
761
762
763
764
765
766
767
768
769
770
771
772
773
774
775
776
777
778
779
780
781
782
783
784
785
786
787
788
789
790
791
792
793
794
795
796
797
798
799
800
801
802
803
804
805
806
807
808
809
810
811
812
813
814
815
816
817
818
819
820
821
822
823
824
825
826
827
828
829
830
831
832
833
834
835
836
837
838
839
840
841
842
843
844
845
846
847
848
849
850
851
852
853
854
855
856
857
858
859
860
861
862
863
864
865
866
867
868
869
870
871
872
873
874
875
876
877
878
879
880
881
882
883
884
885
886
887
888
889
890
891
892
893
894
895
896
897
898
899
900
901
902
903
904
905
906
907
908
909
910
911
912
913
914
915
916
917
918
919
920
921
922
923
924
925
926
927
928
929
930
931
932
933
934
935
936
937
938
939
940
941
942
943
944
945
946
947
948
949
950
951
952
953
954
955
956
957
958
959
960
961
962
963
964
965
966
967
968
969
970
971
972
973
974
975
976
977
978
979
980
981
982
983
984
985
986
987
988
989
990
991
992
993
994
995
996
997
998
999
1000
1001
1002
1003
1004
1005
1006
1007
1008
1009
1010
1011
1012
1013
1014
1015
1016
1017
1018
1019
1020
1021
1022
1023
1024
1025
1026
1027
1028
1029
1030
1031
1032
1033
1034
1035
1036
1037
1038
1039
1040
1041
1042
1043
1044
1045
1046
1047
1048
1049
1050
1051
1052
1053
1054
1055
1056
1057
1058
1059
1060
1061
1062
1063
1064
1065
1066
1067
1068
1069
1070
1071
1072
1073
1074
1075
1076
1077
1078
1079
1080
1081
1082
1083
1084
1085
1086
1087
1088
1089
1090
1091
1092
1093
1094
1095
1096
1097
1098
1099
1100
1101
1102
1103
1104
1105
1106
1107
1108
1109
1110
1111
1112
1113
1114
1115
1116
1117
1118
1119
1120
1121
1122
1123
1124
1125
1126
1127
1128
1129
1130
1131
1132
1133
1134
1135
1136
1137
1138
1139
1140
1141
1142
1143
1144
1145
1146
1147
1148
1149
1150
1151
1152
1153
1154
1155
1156
1157
1158
1159
1160
1161
1162
1163
1164
1165
1166
1167
1168
1169
1170
1171
1172
1173
1174
1175
1176
1177
1178
1179
1180
1181
1182
1183
1184
1185
1186
1187
1188
1189
1190
1191
1192
1193
1194
1195
1196
1197
1198
1199
1200
1201
1202
1203
1204
1205
1206
1207
1208
1209
1210
1211
1212
1213
1214
1215
1216
1217
1218
1219
1220
1221
1222
1223
1224
1225
1226
1227
1228
1229
1230
1231
1232
1233
1234
1235
1236
1237
1238
1239
1240
1241
1242
1243
1244
1245
1246
1247
1248
1249
1250
1251
1252
1253
1254
1255
1256
1257
1258
1259
1260
1261
1262
1263
1264
1265
1266
1267
1268
1269
1270
1271
1272
1273
1274
1275
1276
1277
1278
1279
1280
1281
1282
1283
1284
1285
1286
1287
1288
1289
1290
1291
1292
1293
1294
1295
1296
1297
1298
1299
1300
1301
1302
1303
1304
1305
1306
1307
1308
1309
1310
1311
1312
1313
1314
1315
1316
1317
1318
1319
1320
1321
1322
1323
1324
1325
1326
1327
1328
1329
1330
1331
1332
1333
1334
1335
1336
1337
1338
1339
1340
1341
1342
1343
1344
1345
1346
1347
1348
1349
1350
1351
1352
1353
1354
1355
1356
1357
1358
1359
1360
1361
1362
1363
1364
1365
1366
1367
1368
1369
1370
1371
1372
1373
1374
1375
1376
1377
1378
1379
1380
1381
1382
1383
1384
1385
1386
1387
1388
1389
1390
1391
1392
1393
1394
1395
1396
1397
1398
1399
1400
1401
1402
1403
1404
1405
1406
1407
1408
1409
1410
1411
1412
1413
1414
1415
1416
1417
1418
1419
1420
1421
1422
1423
1424
1425
1426
1427
1428
1429
1430
1431
1432
1433
1434
1435
1436
1437
1438
1439
1440
1441
1442
1443
1444
1445
1446
1447
1448
1449
1450
1451
1452
1453
1454
1455
1456
1457
1458
1459
1460
1461
1462
1463
1464
1465
1466
1467
1468
1469
1470
1471
1472
1473
1474
1475
1476
1477
1478
1479
1480
1481
1482
1483
1484
1485
1486
1487
1488
1489
1490
1491
1492
1493
1494
1495
1496
1497
1498
1499
1500
1501
1502
1503
1504
1505
1506
1507
1508
1509
1510
1511
1512
1513
1514
1515
1516
1517
1518
1519
1520
1521
1522
1523
1524
1525
1526
1527
1528
1529
1530
1531
1532
1533
1534
1535
1536
1537
1538
1539
1540
1541
1542
1543
1544
1545
1546
1547
1548
1549
1550
1551
1552
1553
1554
1555
1556
1557
1558
1559
1560
1561
1562
1563
1564
1565
1566
1567
1568
1569
1570
1571
1572
1573
1574
1575
1576
1577
1578
1579
1580
1581
1582
1583
1584
1585
1586
1587
1588
1589
1590
1591
1592
1593
1594
1595
1596
1597
1598
1599
1600
1601
1602
1603
1604
1605
1606
1607
1608
1609
1610
1611
1612
1613
1614
1615
1616
1617
1618
1619
1620
1621
1622
1623
1624
1625
1626
1627
1628
1629
1630
1631
1632
1633
1634
1635
1636
1637
1638
1639
1640
1641
1642
1643
1644
1645
1646
1647
1648
1649
1650
1651
1652
1653
1654
1655
1656
1657
1658
1659
1660
1661
1662
1663
1664
1665
1666
1667
1668
1669
1670
1671
1672
1673
1674
1675
1676
1677
1678
1679
1680
1681
1682
1683
1684
1685
1686
1687
1688
1689
1690
1691
1692
1693
1694
1695
1696
1697
1698
1699
1700
1701
1702
1703
1704
1705
1706
1707
1708
1709
1710
1711
1712
1713
1714
1715
1716
1717
1718
1719
1720
1721
1722
1723
1724
1725
1726
1727
1728
1729
1730
1731
1732
1733
1734
1735
1736
1737
1738
1739
1740
1741
1742
1743
1744
1745
1746
1747
1748
1749
1750
1751
1752
1753
1754
1755
1756
1757
1758
1759
1760
1761
1762
1763
1764
1765
1766
1767
1768
1769
1770
1771
1772
1773
1774
1775
1776
1777
1778
1779
1780
1781
1782
1783
1784
1785
1786
1787
1788
1789
1790
1791
1792
1793
1794
1795
1796
1797
1798
1799
1800
1801
1802
1803
1804
1805
1806
1807
1808
1809
1810
1811
1812
1813
1814
1815
1816
1817
1818
1819
1820
1821
1822
1823
1824
1825
1826
1827
1828
1829
1830
1831
1832
1833
1834
1835
1836
1837
1838
1839
1840
1841
1842
1843
1844
1845
1846
1847
1848
1849
1850
1851
1852
1853
1854
1855
1856
1857
1858
1859
1860
1861
1862
1863
1864
1865
1866
1867
1868
1869
1870
1871
1872
1873
1874
1875
1876
1877
1878
1879
1880
1881
1882
1883
1884
1885
1886
1887
1888
1889
1890
1891
1892
1893
1894
1895
1896
1897
1898
1899
1900
1901
1902
1903
1904
1905
1906
1907
1908
1909
1910
1911
1912
1913
1914
1915
1916
1917
1918
1919
1920
1921
1922
1923
1924
1925
1926
1927
1928
1929
1930
1931
1932
1933
1934
1935
1936
1937
1938
1939
1940
1941
1942
1943
1944
1945
1946
1947
1948
1949
1950
1951
1952
1953
1954
1955
1956
1957
1958
1959
1960
1961
1962
1963
1964
1965
1966
1967
1968
1969
1970
1971
1972
1973
1974
1975
1976
1977
1978
1979
1980
1981
1982
1983
1984
1985
1986
1987
1988
1989
1990
1991
1992
1993
1994
1995
1996
1997
1998
1999
2000
2001
2002
2003
2004
2005
2006
2007
2008
2009
2010
2011
2012
2013
2014
2015
2016
2017
2018
2019
2020
2021
2022
2023
2024
2025
2026
2027
2028
2029
2030
2031
2032
2033
2034
2035
2036
2037
2038
2039
2040
2041
2042
2043
2044
2045
2046
2047
2048
2049
2050
2051
2052
2053
2054
2055
2056
2057
2058
2059
2060
2061
2062
2063
2064
2065
2066
2067
2068
2069
2070
2071
2072
2073
2074
2075
2076
2077
2078
2079
2080
2081
2082
2083
2084
2085
2086
2087
2088
2089
2090
2091
2092
2093
2094
2095
2096
2097
2098
2099
2100
2101
2102
2103
2104
2105
2106
2107
2108
2109
-2.614156734388656 -0.3387501483465978 -0.2103784378420144
0.3193415530230408 0.187801912468788 -5.368266497338756
1.229027322383066 -0.1858004181811105 -4.782383629724081
1.487678789246657 0.1995981487672554 -4.458732729483422
-2.13488667225907 1.547081213805699 -0.1820183428218158
-1.864171641814542 -1.864940218721255 -0.1579552384917598
-0.7684001708919175 -2.5215997930529 -0.206964777442925
-0.960542478595319 2.455473894124099 -0.1725768052123815
2.003600160359835 -0.2123465988601132 -3.499848323002564
1.998453152607729 0.194637328396103 -3.516589696280478
0.3097599102326156 2.617692645542133 -0.2133801632720294
0.5633491852973813 -2.575501034069137 -0.189227060507513
2.339676447201661 -0.188110420430229 -2.474598278797123
2.339676447200526 0.1881104204336199 -2.474598278800563
1.35261566456328 -2.263092339845596 -0.1825433922487508
1.349534141531773 2.264809195805847 -0.1888336078570938
2.015830831471554 -1.69849915450851 -0.2113178609790909
2.009263484593999 1.706896844892441 -0.1884585499235745
-2.367161092219912 -1.160707250668619 -0.1878257141743662
-2.577522379865115 0.5542811001429356 -0.1860608708332463
0.3193415530246403 -0.1878019124618942 -5.368266497339373
2.509996771810471 -0.1881211679011257 -1.62303374154661
2.509996771810527 0.1881211679005926 -1.623033741546501
1.720322713942943 -0.1858010571810709 -4.092672186881072
-0.108949165022622 -2.634147772838371 -0.1888188742308683
-0.3261032533718132 2.616153871163927 -0.1888188769468473
-1.534866793327578 2.143837822838028 -0.1742481176120884
-1.344689968488994 -2.267152878470002 -0.2142958510458859
1.063045420250109 0.1879564048958789 -4.947216093538759
2.362142026630727 -1.170318474306286 -0.2022580032559854
2.367497433605852 1.160004271290766 -0.1882632307317103
0.8875657644627755 -0.1728398342607835 -5.093523598735697
2.588062019447006 -0.1881256722609331 -0.9762081848330645
2.587935021841694 0.1889318203521553 -0.9769724831647774
2.617913096045891 -0.1809231475118039 -0.554721712012483
2.617995142574139 0.1881273496339097 -0.5428349844582969
2.436479143769947 -0.2033812942859639 -2.035984329516553
2.434759400795644 0.1881165862649654 -2.05082110883309
2.223480509288833 -0.1886080070454232 -2.891838543221742
2.223184950909525 0.1881022630603405 -2.892937428869753
1.834104180096753 0.196526306256196 -3.876101195774664
2.527133032543033 -0.751745321055209 -0.1782543237143177
2.531373256786915 0.737732954308438 -0.1712673822310392
1.70347285456746 2.01225076109872 -0.1846508482274828
0.9515418981774145 2.458634360164035 -0.1920301549640386
1.701390754984423 -2.013947162974365 -0.1875925808000752
0.9583523722877397 -2.45604664858686 -0.1888188765150033
-2.146851701119122 -1.5304996199949 -0.1796833134019245
-2.526798114989624 -0.752260390742279 -0.188818877739363
-2.634144795033195 0.1052682054785909 -0.1976105284394825
-2.449027295677886 0.97651684462246 -0.1806384814902769
-1.860412672971545 1.86834749768212 -0.1742359715407153
1.49834108488786 -0.1856505887662094 -4.446178087545698
0.7163294479793157 0.1878787232712479 -5.203968528242245
2.616050349768325 -0.3277558682023879 -0.1826906675056678
2.616431211091772 0.3257976605679654 -0.1742515830383854
2.60505557783452 -0.1873807306526966 -0.7624689846302951
2.577031572378388 -0.374957989379428 -0.8655876867334208
2.557493701920797 -0.3755583887708783 -1.082185206252766
2.533977860205032 -0.5613086910805444 -0.9704466514221859
2.512187073202682 -0.560830843547043 -1.186824013619532
2.476517264303548 -0.7436758068916469 -1.073615363489862
2.452224177946887 -0.7427868568493408 -1.289977898353599
2.404562446238418 -0.9220165448731035 -1.175342743618493
2.377084804888256 -0.9276590477080591 -1.375639358181827
2.318524037596493 -1.094690158864326 -1.27554605969676
2.287888071414572 -1.098002724590162 -1.480707639326609
2.21982476608988 -1.267932827751217 -1.337978028794654
2.186233687963202 -1.260814127101562 -1.578438018811466
2.104923124856553 -1.420256321724034 -1.469556724523052
2.069133189698049 -1.418487275705593 -1.676871410345663
1.978523940224889 -1.570207259221488 -1.563867909444149
1.943555455071448 -1.561752042546627 -1.771138288176927
1.84009666587857 -1.70962971950556 -1.657396431105982
1.79942055914422 -1.701462001640255 -1.868168043488212
1.688595030077769 -1.840814661719599 -1.742918231201999
1.645088521236151 -1.829824641949102 -1.954707116614782
1.526838187439768 -1.95864100077017 -1.828604011942499
1.481869197064209 -1.943439822554387 -2.041061383377251
1.344273533326132 -2.076905545901882 -1.882000290654311
1.30553301944907 -2.048725911997073 -2.113460033897224
1.173911813643288 -2.154734518918149 -1.990709775203331
1.124612451775816 -2.133141843593248 -2.198351375415556
0.9848537053558338 -2.231317361345228 -2.065933552529823
0.9334453480040957 -2.205045617004625 -2.275311994278523
0.7889512975723311 -2.292184078264669 -2.138440003151433
0.7355940776604845 -2.261318275147924 -2.347402819529651
0.5871667564250137 -2.336873326773824 -2.207274228304192
0.5323621731014578 -2.300964265949813 -2.415531396400096
0.3811029030880109 -2.364712901971759 -2.272004634714095
0.3253859097075257 -2.323606160182598 -2.478393571271953
0.1721618129220269 -2.375053708728235 -2.33308741078186
0.1158595337178507 -2.32823708870243 -2.538107721605865
-0.03803520495887561 -2.367752994804505 -2.389282668791396
-0.09443535607840663 -2.314901229729718 -2.592798121628337
-0.2479895135726488 -2.34245785501361 -2.440964568933196
-0.3039210381341238 -2.283261680258016 -2.642850832426654
-0.1502624583765438 -2.255891257603883 -2.79362122863268
-0.3591733297730487 -2.21742089700223 -2.842834896680631
-0.5109991678869393 -2.233375882790907 -2.687677724264292
-0.5649200066775159 -2.160732245584642 -2.885652753609494
-0.7139729081700852 -2.165364385820364 -2.727097931695635
-0.7657872704874651 -2.086027425493615 -2.921991796266745
-0.9108766052843534 -2.079856137782023 -2.760249657549712
-0.9603885681573727 -1.995325807973046 -2.946659919520656
-1.100686859750656 -1.976372396013413 -2.789130060301189
-1.14855565805582 -1.884415093058664 -2.970555630305097
-1.282613113707286 -1.857041532483545 -2.807141015168616
-1.322807697649385 -1.756048341026363 -2.996519564293989
-1.450525085135827 -1.721024134873917 -2.827946211126334
-1.489080369971068 -1.619177577775116 -2.992590463290758
-1.609719364066161 -1.571189929070351 -2.832508296228174
-1.644456886199895 -1.458294956033629 -2.998396350722398
-1.750634931445654 -1.408063594250045 -2.841790916208101
-1.774675534467243 -1.287042412986272 -3.015894002516855
-1.878505397647723 -1.224959116264426 -2.855181643930457
-1.89401764994675 -1.103639013015902 -3.016334846258385
-1.991569207537031 -1.044929140614856 -2.833708188212636
-1.995881983125196 -0.9136324512842721 -3.007254748907505
-2.086749239643003 -0.8496548648901177 -2.820101226900041
-2.081387305431138 -0.7141802679093149 -2.990380302992811
-1.990769913511882 -0.7782599071712717 -3.177612939431389
-2.066123034102266 -0.5751073462199132 -3.157100276638227
-2.148622428518734 -0.5085038326262954 -2.967030880836792
-2.122600159975755 -0.3666680406931168 -3.130046169176669
-2.197189279799536 -0.2984400346380021 -2.937300674153554
-2.159913010782396 -0.1548709281423352 -3.096576726215655
-2.226892960363884 -0.08584766932149812 -2.901330301906923
-2.085219703838775 -0.2230897098583076 -3.289280066580232
-0.2056052732352362 -2.189532837875409 -2.99454409198411
-1.356699402815188 -1.640606262845574 -3.201869798147737
0.8847018806193312 -2.17302224206585 -2.478647952522505
-1.717182658323828 -1.5167851487548 -2.687469073042683
-1.049597080253394 -2.064051462141541 -2.597456396075191
1.604220737309848 -1.810849946199494 -2.161869529951119
-0.1915909937479952 -2.395266928497909 -2.237432730134636
0.4355975950806713 -2.40001848530492 -2.064788134246148
-2.081424516444215 -0.9789474505416977 -2.654800755136387
-0.8090743692710908 -2.001561592302758 -3.115860830881874
1.033721813414507 -2.247228261968187 -1.88423501153273
2.05283294966085 -1.372678021555965 -1.906797398602308
-2.264192906227309 -0.2294239655156097 -2.742048278349802
-2.286514881689599 -0.01628983144497543 -2.7038751057534
-2.237598235613659 0.1275557127700042 -2.859758018028327
-2.290201468493695 0.1969428695581071 -2.660250645814303
-2.229505052781009 0.3399450182649493 -2.812736837613587
-2.2755085431672 0.4085502545913071 -2.611333006090174
-2.202994053200546 0.5495897788929673 -2.760453216428632
-2.242858608388978 0.6168837417630545 -2.557301554715911
-2.158612980629688 0.7548469429350123 -2.703102995561035
-2.192170507921953 0.8203472520917566 -2.500826018066686
-2.097057537889698 0.9541761860978414 -2.640891524876764
-2.062306362911135 0.8884203082302611 -2.845480772654262
-1.989399379208492 1.082702673187405 -2.779726995252247
-1.953900145173126 1.016586532632498 -2.984053725723825
-1.869886311037557 1.204936543087691 -2.914459663387048
-1.833422320151029 1.138262681103566 -3.118415988717553
-1.738636863582795 1.319775759653076 -3.04467136410062
-1.700989490742033 1.252290346524124 -3.24812637478969
-1.595869649036641 1.426053796899729 -3.169908782088575
-1.630279074397944 1.489997779017187 -2.965073404574087
-1.477475653333531 1.58811462123566 -3.085757805567994
-1.435494235320663 1.521297633612769 -3.303965460789116
-1.314686068137217 1.674706603715996 -3.20132915025417
-1.346910891743276 1.73831786721571 -2.994833005329169
-1.176570587092877 1.814417069321753 -3.105282988197439
-1.14186582454491 1.751915274122623 -3.305196202023871
-0.9973252012217526 1.878325984812894 -3.208101780008535
-1.029695332659965 1.938933511526178 -3.006224543556247
-0.8439266253516269 1.990318740534015 -3.10721879224886
-0.8095968260574573 1.926151370669017 -3.310023060661582
-0.6515332537318921 2.027021252027361 -3.201151613851015
-0.6160609529965883 1.958470560755599 -3.404625392744907
-0.4538095518200557 2.047109444615669 -3.290121208103518
-0.4887389392302677 2.11295505777039 -3.086851131293373
-0.28824020058856 2.120303727983087 -3.17101407677219
-0.2527474498949818 2.049609523464906 -3.373686770391819
-0.08529509170961927 2.11029662567516 -3.248756612035005
-0.1201979775874091 2.179606704665783 -3.044347547812164
0.08320830842954831 2.156643179527179 -3.117769679597121
0.04762164946409484 2.223832358770209 -2.914929768963236
0.2508240765838349 2.188211726231933 -2.984047128274999
0.215426533777841 2.254621970175911 -2.779898832738978
0.4173303683769483 2.206499016501262 -2.845180591748598
-0.04624280663256591 2.03675510152765 -3.444487277395743
-2.126310113921929 1.013976652473009 -2.44032782404889
0.3818156317852583 2.272104558272505 -2.640779717291011
0.5815535668990769 2.211772779563679 -2.702525105631333
0.1791853608243163 2.314867885343434 -2.573964285071026
0.6157831857117504 2.14052554594879 -2.905246969741143
0.7768983093698054 2.134233892035699 -2.757931920958864
0.7423928009626909 2.204812298826477 -2.556158128252048
0.9335957460829867 2.115595617873926 -2.609315401449842
-2.323945588692802 -0.1598894611468495 -2.544610245322134
0.8126916304099109 2.05740856759748 -2.954015037256735
0.8991727256988992 2.186261470458255 -2.406415916809562
1.085722353662479 2.086083267443523 -2.456552190965384
-2.280219808676688 0.6900236864285845 -2.3285425076473
1.051414880704124 2.1568278132693 -2.253078604890241
1.232576164818634 2.046081638771009 -2.301022640176694
1.263773082979657 1.969677649294648 -2.502370080863308
1.404498163885264 1.919831117069197 -2.344064282498147
1.37344713403328 1.996445478383281 -2.142782063578593
1.431791843612544 1.83775173108507 -2.543720604983824
1.538768751986534 1.860875182481278 -2.183293297753309
1.508028031442813 1.937871527837055 -1.981622656381692
1.66624658521592 1.793449788306879 -2.020315411224786
1.635773549974183 1.870796778072838 -1.81919313547875
1.473259657371063 2.009824408539068 -1.778978926293611
1.786592743984018 1.718335761305291 -1.854887708449193
1.812078265446617 1.635722834188309 -2.055167337592454
-1.791478911414629 1.067892351199599 -3.320036340429608
0.8621492659213269 2.251202083505707 -2.20203314920091
1.924422791538821 1.552960855370764 -1.888182558336649
1.899502850307409 1.635854715286975 -1.688528458329092
1.57274009210493 -1.972826999278377 -1.583397835157585
1.944281065108 1.465859306621414 -2.086019845133455
2.02729977738285 1.467144403130912 -1.715427537709583
2.004311181806858 1.54796929559347 -1.518135925782479
2.123062968616285 1.37355959103943 -1.544905450256918
2.101465792032887 1.453588047114436 -1.347728595335972
1.984481593921252 1.617547674820718 -1.307070642189081
2.022319579251855 -1.561168836256668 -1.350940864246377
2.214059690498488 1.26793635293404 -1.377726857936677
-2.110929453097891 -0.01027859130548788 -3.251679922314561
-2.035871836592626 -0.07847100027992811 -3.444228433183306
2.226853728207839 1.176799430630117 -1.612246927889771
2.1912401342022 1.352331296607307 -1.178397108165707
2.294325891287829 1.162481528878448 -1.20505174562223
-2.049666602875638 0.1345723979685822 -3.402077783039379
-1.974466845114255 0.06621975751317116 -3.593116657882622
-1.95258658156145 -0.1466209415092097 -3.633342955546909
-1.889777320566665 -0.001770703199075561 -3.783053515830392
-1.860536831426013 -0.2144368855113716 -3.81844347317557
-1.796617510440258 -0.06953903693400906 -3.967600473476245
-1.759126878475191 -0.281536272096418 -3.998823474109359
-1.693812544484961 -0.1365171905250075 -4.147218666827184
-1.647702777168977 -0.3474408978413901 -4.173617896944688
-1.580653893713475 -0.2021872182252855 -4.320967498555699
-1.525561091788032 -0.4115496295028321 -4.341759581280455
-1.617274586573716 0.003896330789412195 -4.28353403312106
-1.50146039668362 -0.05593014908530633 -4.456608077788431
-1.521387599335153 0.1566838419660782 -4.417736261949558
-1.402921188225621 0.09106746152350467 -4.58787012387184
-1.412451814250251 0.302256671978301 -4.536991746548731
-1.302222199885781 0.2365714139010615 -4.690194205011742
-1.295759880876901 0.4454951283669891 -4.633234638881979
-1.297882533775836 0.01921665977307046 -4.720217564807349
-1.169827780290881 0.3583371354327287 -4.803592895344274
-1.148516460176749 0.5826262016403584 -4.731982916720445
-1.262845713730797 0.6509581542884577 -4.568472059212347
-1.113788697752831 0.7785191441864597 -4.647273886186944
-0.9877379336621739 0.7105119606514223 -4.810820392168239
-0.9452833007787019 0.8995425564114846 -4.712214700305571
-1.581542888856877 -0.5541559022898279 -4.187397682680905
-1.451343679899506 -0.6159547712568167 -4.347064422609896
-0.8138060105885532 0.8270066500306373 -4.869399710875061
-0.7626286271482211 1.007468996742126 -4.759554024554467
-0.8923592303969631 1.078042939194494 -4.596149521189625
-0.7008967055104339 1.175097467351061 -4.635672675313481
-0.5675591849178067 1.098642762378525 -4.7893968454384
-0.5002004499570765 1.256193298396354 -4.655627150411816
-0.3628898590706252 1.170949295309804 -4.800994008410811
-0.2919176881446594 1.318357012823459 -4.657868278074661
-0.1519344760081533 1.222908960624241 -4.794046883789162
-0.07925378655095476 1.360580089613286 -4.642343489136498
0.06173192424510667 1.253822823731511 -4.768737605428099
0.1344797013365359 1.382564212966989 -4.609417713945243
0.2745643966547964 1.263809004434114 -4.72570479893487
0.3461059767238673 1.384706849651851 -4.559828808458207
-1.497194401778709 -0.7544936875033463 -4.186143938300355
-1.354731048172138 -0.8107607906453447 -4.343744234329672
0.4833199745781774 1.253720664706485 -4.665963663099284
0.5527867559679484 1.368002322470279 -4.494603075608489
0.6867531633031615 1.23293346725358 -4.580832828646007
0.7529741396196399 1.336166921833591 -4.411448272947092
-0.8273371102453053 1.241397440230974 -4.47172863107938
-1.393138060253004 -0.9451636415209353 -4.174362618780706
-1.241229820855731 -0.9953123760987768 -4.324899920434635
-1.203833572772841 -0.8610484302698274 -4.488199671674939
-1.079494956124103 -1.037622956075804 -4.463967579331876
-1.038368971195402 -0.9006681606636703 -4.627781929838041
-0.9068199399937534 -1.070069285465088 -4.592062598331586
-0.9422175317597549 -1.200957465035772 -4.422083772317378
-0.7616587627114574 -1.223715168573279 -4.541075781137736
-0.7919402545247631 -1.34839277086417 -4.366682582747647
-0.6055719580963891 -1.360273824838277 -4.475738041811394
-0.5725016226309771 -1.231777671575937 -4.647993307446968
-0.4110643122616873 -1.356517168628516 -4.572822119229717
-0.4420416517055145 -1.47944113815109 -4.396179198843077
-0.2437313055386397 -1.463057917901886 -4.483809612638069
-0.2735671476785191 -1.581090154579602 -4.303658208968868
-0.07292839169546897 -1.552725835522533 -4.380714977582128
-0.04258270405786299 -1.427735351613632 -4.558420800833988
0.1286221456614837 -1.503245449300374 -4.447698799067599
0.09811740564844755 -1.623357373014686 -4.269049847923359
0.2988396286989883 -1.562054354233535 -4.325866458118777
0.3283298040577515 -1.434744127595938 -4.499634501232582
0.495968093392295 -1.481243421658428 -4.369229076847771
0.4657935012226671 -1.605910328760052 -4.19367562248167
0.6592752773081032 -1.513341162680093 -4.229317952907685
0.6283868449547079 -1.636043090282965 -4.052490343436219
0.8173472846811762 -1.532361860166931 -4.081220881310373
0.7858097795994138 -1.653654768495138 -3.903517777119144
0.9695522916080608 -1.539556173948402 -3.926074264143415
0.9374807608400642 -1.659891682090783 -3.747798206922365
1.115456200037064 -1.536082817974629 -3.764846136910812
0.8443429402089861 -1.401651669214813 -4.252876557663048
1.082994444174662 -1.655821394133396 -3.58622213421733
1.254779688200775 -1.522993663396631 -3.598358013150234
0.9003054520969657 -1.771940487743035 -3.565132544917434
1.281365528439026 -1.395685201957346 -3.772669064957606
1.414280935058599 -1.375095797683662 -3.600061511483831
1.386994532388805 -1.501734321571926 -3.426996780037177
1.538994468914296 -1.346186607529047 -3.425910262888436
0.6180341032044644 1.473750402220171 -4.313844253574664
0.8153318342778758 1.43504670482962 -4.229677682910023
0.9429696761606982 1.284497841744652 -4.321074984885335
1.002503768222296 1.379083456477344 -4.137404303420189
-0.2166840656911831 1.44908371232644 -4.508776842853385
0.872439484807108 1.526417155258417 -4.042265282750899
1.057635281017795 1.467475482376992 -3.946565964583701
1.180211035119913 1.310005928241713 -4.032893935715816
1.233645809027458 1.396036616356059 -3.838735036056275
1.347367296846863 1.228477384514209 -3.918378478898297
1.397597223606048 1.311667830715272 -3.725390557102481
1.558291401392609 -1.212222926806737 -3.596141566963309
1.676034328314095 -1.177579525518388 -3.416611114868108
1.656635600120681 -1.31145549757634 -3.24633064189682
-0.2233739151030252 1.077931057166969 -4.927349388721614
1.786233102006782 -1.137280622388354 -3.233501252908617
1.766883890551533 -1.271199518596875 -3.063234370293763
-1.900124089484799 0.2088812597851992 -3.736513723286304
0.4196008260193541 1.133609967685476 -4.819294207842342
-1.529592913303455 0.3339331780375948 -4.363859970632263
1.889048691142767 -1.091969699923818 -3.047281091704602
1.501597853933489 1.135255120826698 -3.798466382963624
1.550839889958161 1.217647671610778 -3.602002321139119
1.442502082424477 1.39013471109685 -3.527631386152353
1.593863994479599 1.294243456671402 -3.40442033096428
0.9248757565350456 1.610494199104626 -3.850664106177071
1.869886454665065 -1.22601753040858 -2.877078936523926
1.984646521364603 -1.042204438930825 -2.858357594459378
1.691777610183022 1.113180510884597 -3.474543276592529
1.734025085329729 1.189491134456482 -3.273947006370422
-1.531738678229869 -0.8871912463725948 -4.020137213217104
-1.420641263583816 -1.073174941781117 -4.000863955325932
1.446411235065941 1.048137516939654 -3.989882667195256
1.68674361743385 -1.037285698445891 -3.582424606170235
1.739049728584369 -1.399321023283541 -2.889679580048353
-0.4004738268671262 -2.358224943764625 -2.286371337985146
-0.3440858978488008 -2.411163127786009 -2.082847747165872
-0.5511961128036814 -2.362619525839897 -2.129297520739684
-0.4948527869561895 -2.415831208489539 -1.925809190224333
-0.6995285368692273 -2.356059877754678 -1.970008931414038
-0.6431709500863855 -2.409777487522129 -1.766099439681458
-0.8448964817343182 -2.338964085587195 -1.808751374535716
-0.4370751559749995 -2.463070140824934 -1.72121462701252
-0.7887928007639406 -2.393066545850139 -1.605384180046814
-0.9867709687560297 -2.311747626630255 -1.645752539154058
-0.9308771756291716 -2.366426963062053 -1.442458476817922
-1.124369092341843 -2.275018752312481 -1.480886840912669
-1.177667657112086 -2.213872008398174 -1.683519015685911
-1.310533930862687 -2.16714888819113 -1.517354865721344
-1.360040887505129 -2.100043290332852 -1.718581775821387
-1.487120381811183 -2.044075598720663 -1.550760041200959
-1.438053105255605 -2.111838106201158 -1.34963891327259
-1.60844252865455 -1.979927837596646 -1.381586904599799
-1.653049289393488 -1.906368974938971 -1.581720326292182
-1.767497402140167 -1.834029958934073 -1.411067354063429
-1.807308544710589 -1.754904974112552 -1.609203003676567
-1.914589281291332 -1.674709406813317 -1.436890891094053
-1.947977687895541 -1.5908650201379 -1.636002189084338
-2.046955664801322 -1.504261689125534 -1.462350533409226
-2.074726119453614 -1.415230574973088 -1.659209535544285
-2.165252853398232 -1.322641414631856 -1.484044131017817
-2.186785428160204 -1.229769759025322 -1.675679560996894
-2.268337307892113 -1.131278759014517 -1.50180643666739
-2.282988787833217 -1.035393203194102 -1.688597054202163
-2.355228152033409 -0.9317470419529298 -1.515657419865853
-2.341692807492398 -1.029732932347816 -1.324332753008919
-2.419258779776764 -0.8261780029378591 -1.337808329936232
-2.423890245290058 -0.7262148861553863 -1.533144088866176
-2.479021825298662 -0.6174238402446927 -1.351352330858768
-2.475793541282504 -0.5148870276608741 -1.544084913648628
-2.521155810717574 -0.4041932796293116 -1.362501754356717
-2.509617163384124 -0.2998821702187833 -1.553025474289293
-2.545508142982057 -0.1878303815681936 -1.369779156771442
-2.52564544040817 -0.08292458140266067 -1.556213258416139
-2.551618794288227 0.02928092274869233 -1.374821696309946
-2.01376854318462 -1.589116474707958 -1.264478360416659
-1.559884474798088 -2.048386807652895 -1.180555347800616
-2.522863941444689 0.1352461648547462 -1.559775285843833
-2.538969255715243 0.2483408771509764 -1.380307496985011
-2.572500576763103 -0.07502573386388407 -1.19078095170366
-2.501271087946924 0.3521388215085356 -1.563528881063675
-2.509026240566426 0.4630668733592259 -1.37784843383349
-2.46163365325433 0.566123057860236 -1.563830441558427
-2.460612879613703 0.6739599562050456 -1.379083220169799
-2.404233523428767 0.7762354656038813 -1.560118748656323
-2.393301957464126 0.8842900174752252 -1.37751191847052
-2.329288616311316 0.9807108266541975 -1.554015885852667
-2.310273060872048 1.087013870314068 -1.363490548239366
-2.237440361070364 1.178024512174909 -1.545153167729398
-2.211998261752766 1.275582225035563 -1.361807849667686
-2.129300638779291 1.366798915234246 -1.533931241636165
-2.09206669212266 1.464579302664261 -1.359185218077755
-2.008588707601083 1.544363573847512 -1.509743640032665
-1.966284250357568 1.636021248239497 -1.32598381673737
-1.868898664366138 1.713529395001688 -1.496424939598173
-1.823065849867649 1.794862470047937 -1.322377097619946
-1.717011302942708 1.867283054693511 -1.488061487558355
-1.664190405344611 1.946283628953784 -1.302340152417536
-1.552461030387409 2.009849030285352 -1.466968717196068
-1.603863935084139 1.93219757819077 -1.661243921986442
-1.434572698728352 2.068614766641982 -1.62082960370131
-1.377109640221729 2.138385675880667 -1.438623635990801
-1.253046132627224 2.185344120526188 -1.609468266905764
-1.191386262659774 2.250745595532454 -1.414738945834281
-1.062691880366858 2.287824329044282 -1.586201478179444
-0.9978620604911503 2.345584409576135 -1.396348007249217
-0.8638639920087754 2.374714318297454 -1.556528505139869
-0.7975742327605415 2.425739304265483 -1.361358739280162
-0.6600115597913045 2.444163434531025 -1.523583071593616
-0.7352408851979306 2.390910147703833 -1.72209638838528
-0.5881946210087597 2.488620615954614 -1.33175967955302
-0.4509410412592421 2.496140622258791 -1.489207946125557
-0.3837371873680385 2.536142201393745 -1.266620409947617
-0.2412107855554379 2.531009206195253 -1.445849726297446
-0.1753444536454514 2.563717732971813 -1.225733202591928
-0.02843685764002225 2.547705293613514 -1.40522039675475
-1.320677880886169 2.102280497824263 -1.832914460966029
0.04253582814752944 2.572156937652133 -1.20065116549651
0.1832404007369024 2.547391827622349 -1.357557806547728
0.2567133054038194 2.563836271403405 -1.162471297128902
0.3985002639316706 2.528667324857427 -1.309761377878158
0.4722277863664475 2.53748155903221 -1.120553742609668
0.6071031416516184 2.4917751198359 -1.269542055080478
-1.128683109228418 2.309858413431247 -1.215389532393921
-2.282722118850418 1.187437749676311 -1.195312219120351
0.1443052665224916 2.51907980343886 -1.582024173902594
0.677479856591342 2.495478632443398 -1.073219658186823
-0.5492458866166474 2.520481030138733 -1.134260570260452
-2.507479262684301 0.5743069451244185 -1.20156542094888
0.8140053744961347 2.438153740282751 -1.219160202624524
0.8814930975514347 2.436221525912428 -1.021154029640797
-2.40691587981303 -0.9247002164617049 -1.145713248794095
-1.69320674254655 -1.827922025288298 -1.780925269293405
-1.919408712673035 1.725086196608575 -1.123865570114783
-1.901984092851982 1.265750760266579 -2.710699646993448
-0.1558831795988171 2.241740690647086 -2.84005474261708
0.00414654091682543 -2.215681302153264 -2.942650500635449
-0.05107107118793517 -2.149172368412484 -3.142389123735502
0.1587895842320784 -2.163056220684353 -3.086453193044473
0.1035588003968966 -2.095810506624473 -3.285916114318464
-0.1061742233196967 -2.076253395454909 -3.337606116325767
2.258734564503068 -1.084056427936174 -1.69735138942985
0.280404569250662 2.119557265443317 -3.176086115759047
-2.036184205021818 1.455186143071492 -1.714003872900563
-1.385258266306376 -2.174456922889433 -1.147759956713496
-0.7304840063586553 -2.441513031252106 -1.400731137525907
0.7326228205501123 1.657053633793694 -3.940949668766068
-2.525371427944556 -0.5071438487166825 -1.170551466422633
-2.421835181863096 -0.6237553344188287 -1.72537319827842
-0.8729024695579256 -2.415393434697333 -1.238266164426135
-0.6703272688882633 -2.484190045691417 -1.19582430105113
2.345711566855755 -1.093138638351286 -1.051503638350462
-0.3011329164511513 2.49514802558021 -1.647611615804065
-2.336269692108891 0.2622346411933897 -2.459657098762875
1.269280948093221 -2.010686913534746 -2.348053292789676
-1.78763770046822 -1.160654245738161 -3.194906093325994
-0.8750910952547438 2.05021619468098 -2.899328441466664
-1.059666357645001 1.996062553937534 -2.796995622213857
-0.9041565475825242 2.103985674904608 -2.691473412419778
-0.7732176008483587 1.854808358379275 -3.512694873255678
-0.5785761636879754 1.882920968499522 -3.606472894543242
-0.7347726274481703 1.776053717120607 -3.713745230170364
1.820946534138399 1.00098307199128 -3.340318531043262
1.861899980621907 1.076645129944128 -3.139506777847259
-1.657732613033044 1.181030723670212 -3.449143822362708
-1.012691296905897 1.13636551481446 -4.42838547827679
1.569227286783373 -1.07215834454079 -3.760240095480575
-2.09798829787629 -1.322135992501149 -1.849177215694729
1.014621345386845 2.366523602477105 -1.179190585686772
1.045603111440552 -1.767464242110673 -3.403336161789868
-1.407933896316369 -1.821344337939395 -2.64770471403568
0.4322828893625183 -1.720918232328011 -4.012197583415985
0.5232274197449971 -1.346073424280846 -4.537316984534486
0.2079872474462777 1.498687254746496 -4.441505731752616
-1.391995774587085 -0.4720350183750016 -4.502366581149016
0.1166113679968388 2.590700848251625 -0.9936373911525308
-0.4707528956705695 -1.592601639909143 -4.212733083367143
-0.3010914952561408 -1.690619795834828 -4.115923920666656
-0.4937794185263322 -1.69888907834024 -4.021865163953581
1.079387957122733 2.360070223095609 -0.9728409946361968
1.207754094887372 2.279819673135783 -1.130993234719056
1.481972657376933 1.463825585200103 -3.326876419535991
0.3546643212571215 -1.296520582825221 -4.665357611766441
0.5468178659656027 -1.199673936752146 -4.696279579454927
0.3770020491118054 -1.146606625565007 -4.821178073873644
0.5658157869686478 -1.041366210804191 -4.844013743445758
0.3959560214228753 -0.9880566625888709 -4.961011318650637
0.7306580769141777 -1.084416044315577 -4.709039143314552
0.2016791458836852 -1.078944376224951 -4.930364534172969
-0.8632175943894345 -0.9306159635867233 -4.75307278987242
0.2175382389942261 -0.9116839883673646 -5.068229543775597
-1.74366726618938 0.9936911711177044 -3.518932040125389
-1.609080211485794 1.105861650192614 -3.646123379174401
-0.855902871695208 0.6374714117048156 -4.958497656184838
-0.9884289751227771 -0.7551585130270489 -4.781400261041856
-0.8102656557932479 -0.7823350008910684 -4.902963045170708
-0.5410802855080832 1.802187815180735 -3.800107279861228
-0.8128208011424265 -2.458800262223282 -1.033140800999469
-0.6085228013931088 -2.521221197283657 -0.9903855676837683
-0.4634484356018292 -2.535745544999243 -1.152192870225047
0.7838000572307919 1.738664924577344 -3.746001233671281
-0.4003473561317838 -2.566506599988374 -0.9459274215463156
-0.2530138613307125 -2.5700780192105 -1.106315959958688
-1.507610979853467 -2.111726347674765 -0.9787520880611823
1.269811032167551 2.26833306544847 -0.9221356104350077
1.769682531903625 1.261541593736669 -3.073260034201181
1.896745454497026 1.148005691706088 -2.938125224335604
0.02265237117716874 -0.9954358301243017 -5.020950862363202
0.0387575167267194 -0.826756986709915 -5.148224646146285
-1.689534283736071 0.9155185118257556 -3.714630895812822
0.928237929984406 2.371592132936967 -1.413517229000069
-0.9285097399522051 -0.6009777213136358 -4.922428642994425
-0.7499574064733016 -0.6286637423300049 -5.035129438640708
-0.8573649898489473 -0.4383747280723494 -5.047869001435498
-0.6711085715604805 -0.4596477748140819 -5.157802566881455
-0.7738320627203668 -0.2681908500906404 -5.154082950459091
-0.1892740510479118 -2.594534297673191 -0.8996945038938833
-0.04113640539070623 -2.586837937284893 -1.059293132133659
0.02478479992243622 -2.603477368682054 -0.872820827023897
0.1728250961866617 -2.585665063376675 -1.014249046636046
0.1071308322764607 -2.568493233381093 -1.216669594336061
0.3208735237429003 -2.556119079486157 -1.166920961078664
0.3825978094281451 -2.567983461451127 -0.9599228002558965
0.5287259474837663 -2.526843467845926 -1.115495681257812
-1.087363403012529 2.047253876625174 -2.587969380823834
0.5909806957053464 -2.532748632782563 -0.9075463591540881
0.7345290733739012 -2.480401409167593 -1.062277139517774
1.392309725257892 2.178682238161301 -1.075598237101283
0.8587117791474507 -1.876001195224567 -3.378700548621978
1.003589957585781 -1.872008037646359 -3.215440606113225
1.842394352157061 -1.354371899797776 -2.703621577287736
0.5388256885773873 2.479133894802071 -1.485839575073979
1.774298281196068 0.92237477810936 -3.536229439580179
2.27236488426068 1.247367098214026 -1.005811894384615
2.162735207826509 1.433575825030679 -0.9781385894608361
2.366255713571741 1.052641645174103 -1.031413519143602
2.381327589894416 0.9645044113582103 -1.229869631814669
1.994520633182622 -0.9033997932383745 -3.024082517404404
-0.9305742374931619 2.153113546178413 -2.481081166803737
-0.9469908728348503 1.298638521514718 -4.299450680959124
-1.552644094342738 1.026641972359165 -3.842091563011769
-1.46887543335672 1.204008572292484 -3.762916388345688
-2.49191027890272 -0.1948739211269196 -1.733633600880463
0.5860802008753822 1.773023648122798 -3.8297541821209
1.977956618370853 0.9563579543540037 -3.001163358525301
2.013199818375872 1.026130575050648 -2.797932670016281
2.08245721708728 -0.849536619533065 -2.833621936471234
2.073032323050469 -0.9889024368321772 -2.666926279547074
1.687872883886665 -0.8907893276095007 -3.743111886604924
1.570666467857291 -0.9340210050159014 -3.910374461479946
0.7463455806763269 -0.9205642560094427 -4.844066424075999
0.9049197038509891 -0.9544659585410911 -4.700030198477267
-2.021754012782482 0.8199277121261476 -3.048065664904821
1.451774669352358 2.161732597511713 -0.8678972114100848
0.7460631343066459 2.49447770722523 -0.8720447851085328
0.4075047366369806 -0.8089303805611476 -5.092369858207626
0.4659385724353312 -2.515488943296852 -1.322883345589382
0.8132730466270338 -1.972369273954837 -3.189025442349663
0.7956222001128371 -2.480656739738087 -0.8533307481764025
0.9356428114976162 -2.417231388599254 -1.0081858665305
1.808091112722961 1.322775931399389 -2.862848641308194
0.04827284370352559 -2.021736773406132 -3.481546969376616
-1.227997918869091 -2.147375030727774 -1.883581623426361
0.9948191574871676 -2.412150401881723 -0.7984407598920731
1.130621383914597 -2.33801949695865 -0.9517026604076293
-2.487278604466526 0.2302979312329818 -1.743354215182921
2.49692294260903 -0.7407289774266701 -0.8616294374310419
1.598279951352662 1.944330596121174 -1.623753386083511
1.071661302173371 -2.343375940861013 -1.161179414023082
1.26162809575755 -2.253603675298664 -1.104179485423291
1.318108386956639 -2.243332180149175 -0.8937679066055597
1.443160313381386 -2.14894208998194 -1.044754716076543
1.496871704457036 -2.133901734775888 -0.8345877125564289
1.615224169086923 -2.029985477767915 -0.9841086177620565
1.01431868509323 2.221739839604133 -2.049245602707456
-2.259401332380139 1.070401988853347 -1.729898763227173
0.70844429978974 -1.870188082886765 -3.535878700698521
-1.559393674107916 -1.014907323750934 -3.843714060784491
-1.438741013757602 -1.19488320341913 -3.823893164935749
2.443692863525543 0.8508466329694526 -1.054993162745715
2.429657247042489 0.9391549953730548 -0.8568534608857574
1.798189299777298 -0.8519539101046791 -3.559803934198202
-1.675909065322866 -1.977033392026945 -1.010493729182649
-1.624205697840823 -2.041118970869857 -0.8087545999871912
-1.785777499263749 -1.89820075650099 -0.8396193868168556
-1.913213035267118 -0.3564401744642399 -3.660366994856362
1.83240723650456 1.548892300041883 -2.253637115719906
0.4700475130204411 -2.261357241788055 -2.619547236988567
-2.322037504393733 -1.124726903855909 -1.129832714022675
-2.388441069180294 -1.020027614316143 -0.9506652006437158
-2.29612571266202 -1.216694719002561 -0.9340059939101134
1.703410883716706 -1.521455071195481 -2.713218699145074
1.59305981374735 -1.560470351492642 -2.896605103639756
1.291436219972436 1.887915810800039 -2.701047341021645
-2.290259770939915 -0.3720842600759884 -2.579689228695196
0.3455115110205296 2.331638441330679 -2.434632211855627
0.1449541941466796 2.369106797423077 -2.366205797530129
0.3085476440100753 2.385343257593195 -2.226973513237461
2.415446179487827 -0.7591875468794838 -1.521924337017585
-0.1343792630664271 -2.442056650505018 -2.031930210443913
1.321212618955935 1.5505640881642 -3.444890729579981
-1.29088265014099 -1.245891575306212 -3.97507124527052
-1.304796268432289 -1.362894918916777 -3.789349449914125
-0.7422600076103349 2.198124563924367 -2.580536534274092
-1.32950464200299 -2.231589976666778 -0.9451628054451127
-0.7674135389683462 2.245376927218762 -2.368915840445563
-2.35032352412477 -0.302577974405517 -2.382312297521253
-2.306786657559556 -0.5064714565462494 -2.415590871777258
2.451572841764856 0.7598064797922645 -1.252797605537753
2.166257503432995 -0.7870975379565857 -2.637616981391854
2.154407949223273 -0.9324923790532325 -2.473279823297053
-0.5753703665791537 2.277881013391059 -2.465772453405278
2.082329099314034 0.830471954372979 -2.857791316907586
2.11624812815986 0.9016681024912779 -2.654128067113426
2.04303478135085 0.7589784434735064 -3.054801763195489
-0.7545674352549876 1.393602475701862 -4.334558361846833
-0.1568544634607012 -2.000494462191943 -3.519662020086454
0.9097553414353254 -0.7773511223110861 -4.832078164559183
1.063341682046964 -0.8073193908156842 -4.676342904121107
1.568316905107108 2.062330624067412 -1.019870539992762
1.624205312887441 2.040766370809271 -0.8125080998319238
-1.148331410394164 -1.405270032033868 -3.935110827362347
-1.154956933551254 -1.515459444965482 -3.749808402114758
1.665628249413434 -2.010767134358054 -0.7732634583537207
1.78908825681999 -0.7003563872776781 -3.715406632384027
-0.6203898423012905 -0.7992398707645972 -5.007360312017135
-1.813479888887795 0.797088497319327 -3.580659048625829
-0.5824283692602847 -0.2868528335767839 -5.25523075177714
-0.6842103086868313 -0.0944414645367289 -5.232853797421122
-1.628551551420892 0.8332268335606023 -3.906559773804068
-1.489754033049816 0.9432106374216216 -4.032894058227753
1.052340512392984 -0.9780922586731934 -4.547359090183287
1.205371406603579 -0.8269144817662157 -4.513500189503739
1.190471938235805 -0.9967822667983574 -4.383355352497156
-0.672657668145733 0.746062475005701 -5.013511093944053
-0.7100877975043395 0.5520913570692303 -5.097095729669744
-0.5216016320848184 0.6559359238425019 -5.141125598972319
2.244787790383427 1.329003253191485 -0.8058476014125673
2.132033521201669 1.506217607559531 -0.7820731605262317
-0.3397136239349151 -2.590977207839761 -0.7424199665965285
0.1089575353753847 2.416910993673119 -2.161255088922191
-0.7512573747997969 -2.496499689402712 -0.8276322079986403
-0.005353140598794799 -1.926970369998488 -3.702931139752825
0.6361716519019901 1.851848724748581 -3.633362714756788
0.8321915218448561 1.813143337426309 -3.547487594791719
2.237711914886145 -0.7336706421147725 -2.443542194437121
-0.5512342066395837 0.4552791225231489 -5.219081311369062
-0.3609314035384372 0.5560700097749821 -5.247999933583218
-0.4800249423884423 -0.1090981370915684 -5.326761697013661
-0.3934436894940913 -0.3089319711133899 -5.323624001265782
1.776900221799378 -1.897392883828444 -0.9227785785396603
-0.8664089060281221 -0.0726720829815037 -5.119046285914008
1.958658758699641 1.374215989127986 -2.283404333366791
2.059601092430697 1.287991600813879 -2.114274702728979
1.807205649275178 -1.47685147003706 -2.527290035120386
-2.406339232290041 0.6671462226243486 -1.748241452746733
2.227919619417372 -0.878199735139411 -2.274091653114801
1.131698621431764 2.353902536178086 -0.7619900877365139
0.8229359291100564 2.310592416414527 -1.995890386743712
1.342601697740081 1.62165792866329 -3.267087181906065
2.497528036864119 0.7336188995052799 -0.8797284968672838
-0.6003677779376222 2.322860162739906 -2.254258270452708
0.9572369259482791 -1.968018256175827 -3.027464944729085
-1.11250518730705 2.094108476284719 -2.375756423000662
-1.263402559734508 1.976258183394607 -2.481152608494154
1.202687011491456 -2.259234728562993 -1.313567077346701
-1.44658205675105 -1.314010253821838 -3.641976968364073
1.010204587662198 -2.343901061714067 -1.370559907091492
1.550145705380771 -1.675818794105759 -2.717196865971583
0.4494285463234544 -2.573845809674945 -0.7478059316671203
1.823899940672191 -1.8741957984139 -0.7114674340871986
1.925534558182485 -1.754535501017309 -0.8548007476501542
2.174869859728523 0.6996869982490826 -2.710736795334654
2.208219983904369 0.7724172497855097 -2.505650204350195
-0.8729447036894514 1.448812474649573 -4.160717785544176
0.4341980664659774 1.873647584211708 -3.71099961172009
0.3826810946229557 1.789712381344626 -3.90490053447078
2.081972105862015 -0.705926369700665 -2.996932667110818
1.452233300715207 1.754934281172858 -2.734665709037828
-0.315337927247494 -2.036230257125888 -3.385629406009259
-0.7541558712296226 -2.296382342864755 -2.172180753891732
-2.363688890489962 -1.111736224318565 -0.7581448411325308
-2.446862728351003 -0.9117352598591005 -0.770810823201445
-2.265885486521638 -1.30160360159402 -0.7428729426911269
2.135803624382991 -1.078316214898193 -2.283765748484083
-1.661949607878715 -0.8233440268278919 -3.855660669678048
-0.3479189997070745 -1.956025505890822 -3.567051376431758
1.433595485361482 -1.708196062530615 -2.89644283939124
1.733949326645368 1.931654248505784 -0.9666145453399794
1.785981787896407 1.906229230695297 -0.756867136644362
1.726576450196716 -1.916710252776554 -1.133610915051237
2.305090656469685 -0.6731069802952903 -2.244496978630587
-1.070493250752699 1.344898253010816 -4.112917763704569
-0.4053105302673614 2.343536435307161 -2.34580001207045
-1.687007245437581 -0.9500979954160393 -3.682662201393177
0.6858677840062352 1.921255104893827 -3.437657810548376
1.336465993800553 -0.8283802663889489 -4.353591684752916
1.434316426913326 2.076929938024398 -1.576253174163228
-0.3762156795969894 -1.223339503854512 -4.741100449345079
-0.6745399325225586 1.533378799694808 -4.188462894200677
2.216705443325152 1.400231786736072 -0.5978613789971051
1.892149403190229 -0.6587407921330671 -3.527103222650003
-0.993718011456996 -1.549081895818132 -3.884500721704661
-0.9944688497777664 -1.652989009731366 -3.698309291305117
-1.030526372673322 -0.4090917519288871 -4.919837858468348
0.2027234777977322 -1.953403081978202 -3.620070848572583
-2.36607722566944 -0.4437503225005526 -2.217304972594551
-2.30010507265855 -0.6771675561423468 -2.260883897072024
0.2710499939166038 2.433429716757902 -2.018005165756172
0.3052715344541753 -2.099986786408963 -3.221000843388695
0.7644840699982425 -2.061322807285479 -2.996546612177339
-0.3864612571571299 0.350911484352913 -5.314786975880587
-0.199778112962415 0.4624534607135627 -5.322220225188537
-0.1651781309110559 0.6567367204351141 -5.24030625821866
-0.2142301855284413 0.2369390250706806 -5.382104081689582
1.496537677527213 2.147621178984366 -0.6727676587204947
-0.9881127343865473 1.496403992346483 -3.976682102982948
-0.4289854204221832 2.386660205294153 -2.134858000643684
-0.7919316997060938 2.286974087706648 -2.157268082391523
-2.403502917221228 -0.2319599176339525 -2.183326229787506
0.007399896861993196 0.5531556082990716 -5.301438755397085
0.03860155344923653 0.735766464884919 -5.206234474381831
0.2093314850118832 0.5961247170060529 -5.264195333827506
0.2380707537430337 0.7818483805261391 -5.155221217353139
0.4090474503001693 0.6543950844846522 -5.184805246473101
0.8802506595032843 1.8795415783025 -3.34682254654962
1.555255123008979 -2.108677406035452 -0.6291675791091424
0.227938193161436 1.877516475493645 -3.779834737185209
0.175443116043586 1.787695262939629 -3.970812286095898
0.0227432144581175 1.861486385451596 -3.841568490770897
-0.03356547523719983 1.766155752772446 -4.026908725981409
1.969682364408032 -1.726406237687512 -0.6464276724659392
2.06347690257816 -1.598277835135417 -0.7869986277525333
2.103233282154067 -1.567047011227682 -0.5806756030811863
2.190131289743757 -1.425900923692389 -0.7387113639021682
-1.28715723911824 2.020520089038504 -2.269987597499578
-1.430948313647025 1.892198498944277 -2.371244418435073
-1.453557008392415 1.934657396036366 -2.158911473195775
-1.589639647997795 1.796082190894379 -2.257306452778341
-1.5650465388726 1.751209574942772 -2.468929057065493
-1.71520038041317 1.645499966098717 -2.351966284516282
-1.738485680658823 1.689003395601381 -2.13990833310577
-1.854867603313455 1.52954085559702 -2.231744006734002
2.484477094971191 0.8224897930498495 -0.6814579972095136
1.33844621096496 -0.6609865654007003 -4.470411902708132
1.464839321057356 -0.6700656446503649 -4.293802944057096
2.147309694926367 0.9615197471799557 -2.452315825528574
2.23580602465849 0.8392295651918555 -2.303370686271913
2.284181380995721 0.6487690319351427 -2.362000210050471
2.313664531294412 0.7108411902851201 -2.156354893917102
2.258005819197428 0.9057219317578744 -2.096171246624581
2.334650227266723 0.7729717785420281 -1.961715536099677
0.8548144958697178 -2.475904998513404 -0.6441813626892635
1.052104823787801 -2.402113218218579 -0.5884590329370073
2.29635657891056 -0.8157743982153957 -2.076104536245677
-1.734708800176629 -1.963032120752761 -0.637933091289403
-1.889177144849245 -1.812290013024032 -0.668093424631197
-1.570082566951162 -2.099236384706817 -0.6065578024346984
2.142649451960906 -1.468269527862013 -0.9469809118415948
-0.1455814802668148 -0.8954707770291693 -5.091277451398207
-0.1416703575846217 -0.7193679761614584 -5.208376829738564
0.05378164893434086 -0.6354517765351708 -5.261182309485511
0.9750818017165164 2.281241968501244 -1.843169553237628
1.383868567564539 -1.816140884469953 -2.715533142825609
2.236902812177043 -0.5834233723136545 -2.611927793856904
2.36590249475436 -0.6092881890370421 -2.045370097009812
-1.56010685229439 0.7466631708827322 -4.094010206917032
-1.687370676599289 0.6309738069842609 -3.960845587355303
1.059189028295217 -0.6233436066637236 -4.797637144916998
0.9036379654881112 -0.5925300591873246 -4.946250974509217
2.54263385540832 0.6138933870084021 -0.7036127173038209
-1.419116043067693 0.8554079962335454 -4.21893326404486
1.669178086492445 1.961378491588123 -1.173317442957803
2.044853058026344 1.600931036089781 -0.9522255673911374
-0.316878082753433 -2.54001873175047 -1.311137917668802
2.390146353385981 0.8741052615051508 -1.427221240386588
2.450170177495412 0.6786832786281163 -1.446208115396034
2.504361309716958 0.5520277812910669 -1.271133667039251
2.318827066076568 1.219561798868142 -0.6326793030138037
-2.117479475201227 0.2025520305303581 -3.206797489450412
-2.044523067813891 0.3462447294461867 -3.351588962089935
1.892425963999443 0.8055999017222314 -3.395226301959054
1.839204804657034 0.7219609245875486 -3.592530220799182
1.583489497381854 1.698544189428032 -2.572510876285373
1.669908010002091 1.430704913847521 -2.99512120438769
-1.406445451772043 -2.027334546301809 -1.918056271857738
-1.27416430292139 -2.075446000657259 -2.083995356091807
-1.448577009950442 -1.949188737630742 -2.117436198533302
-0.9245787465839788 1.734737456652327 -3.615820950506176
-1.934762623253939 -1.742775603927767 -0.8682969793842442
-2.105220935060327 0.4135228047254262 -3.154862591250499
-1.137203490633587 2.133662309404101 -2.168654229926871
1.590724288082907 0.947451220660963 -3.862176624010234
1.53020210391479 0.8568335317989634 -4.050313600105959
1.384951670011878 0.956839082765188 -4.174633726837341
1.461916150870604 0.7613580532549109 -4.233301701481882
1.313272139032002 0.8593298057549564 -4.358064471829643
1.597035505481497 0.6595686385115942 -4.097045888355729
1.385080162400828 0.6608523253553014 -4.410078318108266
1.235561654068006 0.7582241778415402 -4.529939020206788
1.298793417710935 0.5551797158129756 -4.579295255886501
1.14424745949398 0.6499366792780282 -4.6992054665943
1.068404544634782 0.8456359820795477 -4.642739704093747
0.9559832002286028 0.7426466586970831 -4.817412931439048
-1.976300025160013 -0.639365904372741 -3.342381123743269
0.3582937216070238 -2.160819373367719 -3.021796959743321
-0.9521614285998542 -2.423507959495459 -0.8696848816807849
-0.8905530591930921 -2.462059547594145 -0.6635360024146729
-0.6914878413896755 -2.528469309723365 -0.6087830282025261
1.443240815525265 -1.10112556924585 -3.934051823551875
-0.2061549580959443 1.978600354040688 -3.560961375384911
-0.5483202388858138 2.228352372976257 -2.674188321089138
1.848952378402702 1.457904035047562 -2.444854147575394
1.185365458951335 -1.753055700819562 -3.237248850799364
-1.086285925633941 -2.379290114363679 -0.7060504518875599
-1.026954093801647 -2.417702369069351 -0.4997682054885623
-2.189376639759256 -1.402483645016554 -0.916217258607995
-0.5189707801074662 -1.98145081815949 -3.41680065203969
-0.5591375651240255 -1.872895848473902 -3.641309319233249
0.3299860790227576 1.698465883445261 -4.092855451054557
-1.688435410386284 1.599260065076007 -2.559376671194205
-1.780254946684172 -0.7536560828505753 -3.689180360666771
-0.8790207539065614 0.434843162944205 -5.033404234665547
2.081134684301309 1.595000004212156 -0.5953316955934046
0.005964026374257129 -1.155154103403236 -4.874517144192222
1.953981829836466 0.5801998284706605 -3.441930993490089
-2.424504068299484 -1.001659109650284 -0.5721950827498875
-2.49779355310336 -0.7991443271121437 -0.5865470200156029
-2.513466330953123 -0.7043038630339848 -0.7839654499118465
-2.554519618918379 -0.5901225815377721 -0.6000370259657201
-2.562372925707643 -0.4929521444960642 -0.7967933106489345
-2.594411629579342 -0.3750126894088838 -0.6077630334614584
-2.593772537066428 -0.2780338871267027 -0.8067986485839239
-2.615931366522705 -0.1600123215517836 -0.6177778298714541
-2.606856352589178 -0.06013433432713351 -0.8214384028540592
-2.619705655518563 0.059461788278918 -0.6256173431494843
-2.602200981749687 0.1582985182398684 -0.8286268680852548
-2.605485935170796 0.2748144149323721 -0.6333800825288273
-0.7089124651138122 -1.906572655846687 -3.45240926213301
-2.02992590564207 -1.650340371004763 -0.6964601746291486
-1.317460386892876 -1.998058541294994 -2.280510769716275
-1.137599013427032 -2.11487172813878 -2.244216522877723
-0.02493210960493024 2.340021911235125 -2.502731571250129
2.225565776369605 -1.394149269962679 -0.5128025456617148
2.299600369231751 -1.24966255326205 -0.6792771889507399
-2.020051328597058 0.552533872688716 -3.296982780815837
0.07825761531033434 2.457665553266897 -1.963687989964225
-1.216201502345239 -2.325862712906907 -0.5448042457917308
-1.158428260783954 -1.619484466694376 -3.556612784523509
1.871565259657332 -0.5025356230063378 -3.678863902423157
1.772744989019739 -0.5407249835995241 -3.858378878102096
1.885795483749407 0.5168458935803382 -3.639579941266425
-2.579810622949132 0.3727119370455166 -0.8341433657066767
-2.572500145081575 0.4900867415799501 -0.6535285613962989
-0.654894695795242 -1.58480105720473 -4.120216985572211
0.4324723984681068 0.8286282300516904 -5.070243523576566
0.5958217863470279 0.6867160854506812 -5.089816605489764
0.5639355954039089 0.494613284742451 -5.198185747035022
0.7476962021942077 0.5314803216565047 -5.083613560135587
0.6056716861406886 0.8490108302059506 -4.980294836258504
-0.2717969135182943 -0.1213615319484764 -5.387373120049327
-0.1695721377878166 -0.3419129946526565 -5.364956197628713
-1.894595409767301 -0.8383209967947627 -3.356429378953239
-1.337656024805677 1.0450569166226 -4.150360064358451
2.183987964943964 1.467753169826347 -0.3841967077903902
1.312805897710511 1.803954713583023 -2.89309940638204
-1.959062208473296 0.4842185662725933 -3.492061716649685
0.7812472769138123 2.364443778373566 -1.78956975955737
0.8894886066029202 0.9238148747701922 -4.738192084432324
0.2806299215685383 1.958284023540353 -3.586806348645597
-0.3268184042411658 -1.789873256295057 -3.925971137089886
-0.1326805246505163 -1.768408754385543 -4.014068368852285
-0.7793171392583348 0.1198059100750987 -5.174146862748906
-2.53841274799665 0.5886777588770528 -0.8448523315130392
-2.522261448510947 0.7022585370168419 -0.6630650270104959
-2.479235702576772 0.7998680205031348 -0.8540087677310197
-2.454745388942799 0.90942441826127 -0.6698542427584678
0.1570862256948374 -1.875231546890047 -3.799817880326027
1.867886479983851 -1.846606950715562 -0.5038189560665506
2.385211263082349 0.5497831261552375 -2.021721703627832
-0.8237859815984943 -1.674971637187585 -3.831380588728608
-1.488155212912774 -1.865857026561024 -2.309878213251157
-1.612849473527582 -1.808107036046019 -2.144375507917999
-1.646601875516543 -1.718933263630014 -2.337149280762915
-1.764145844301478 -1.653325767536879 -2.168702905014073
-2.405265525250649 1.000599302119308 -0.8537547436036222
-2.37059926232181 1.109996913963069 -0.6729802926929159
-1.169013617857799 1.38732374857664 -3.9362855556252
-1.98595864099258 -1.718497182594571 -0.5108667691096245
-2.119138212549434 -1.54966507353725 -0.531358931252222
2.358220500322877 -0.7480992678042492 -1.881721412322303
2.420050001629143 -0.5423246070090757 -1.847852292590407
0.07350386045778946 0.8942563290530277 -5.098725022341855
2.272129368436962 0.971572399503454 -1.897740420399481
1.500320257816766 -1.779970318314492 -2.550441102503535
1.968203787203914 1.272522602398374 -2.488499160673828
0.9065764438249727 -2.060872172457878 -2.825609012048498
2.533593864341136 -0.3755093521460465 -1.298188900406026
-0.6596345532276406 -2.238393927839016 -2.52859132384635
-1.200967909581903 -2.285464761073108 -1.113251382401887
1.161857315930186 2.181678135065202 -1.89427898707658
1.122650133442036 2.241362751656429 -1.688630307051097
1.147530853565559 1.929446187048415 -2.847564802084088
1.147130367645519 1.853193692053712 -3.054666551850586
-0.466991957858307 -2.065812659709616 -3.232437929229324
1.93914389021989 -1.304268794951884 -2.515298782399574
1.90448659745829 -1.427155061069765 -2.339126352593674
1.47638507440645 -1.592986879766056 -3.077342142585651
0.5101287007523901 2.335585843329368 -2.292286966799546
-2.240460257492296 -0.5718693806552045 -2.609840775246133
1.900298121579981 -0.8095744414658309 -3.372582638639085
1.999805687866745 -0.5841453745590056 -3.325974549831855
-1.537316634515199 1.702791851910488 -2.676846329372646
0.6455850909194758 2.062675332698107 -3.108694377708708
-1.133535379181452 -1.28727025408295 -4.119455269044017
1.224496271634926 1.046944165412408 -4.293438413423211
-1.745255023392584 -0.622543392261549 -3.859217971419627
1.849603788097967 -0.3541263922261622 -3.79688715986362
-1.876459407308849 1.572193204052298 -2.02026151312253
-1.982554930767874 1.404589843320718 -2.111757992087288
-1.95821329600368 1.361147411863966 -2.317826288768179
-1.759931258197257 1.726871929304965 -1.9276454658001
-2.076407020074744 1.22930880861106 -2.191018683851685
0.6251702036599709 2.38266062909115 -1.940244054531185
1.781062787246958 0.6393537496768067 -3.777635763569053
-1.675956943318185 -2.026128452923045 -0.436081123035777
1.02101308518817 1.758321706651122 -3.454496882725493
-0.5522001804564308 1.470036552014047 -4.356706663221905
-0.4675304551797989 1.615443863068724 -4.177359262259225
1.044755349527613 0.5359898064372233 -4.855247382708939
1.148045621489805 -2.257554389976726 -1.516620963596791
-0.5353215044045961 -1.092630959814041 -4.810838808090751
2.362258518901509 -0.4756191780768415 -2.206568693057444
-2.41862954038865 -0.3737415810220294 -2.023854646582383
-0.4807794756872464 0.8443403533073579 -5.040829137776059
-0.1896792269735243 1.828406552357724 -3.88889259204799
-2.094993440113205 1.274360839079163 -1.999134353806005
-2.183222230361697 1.087565016037551 -2.065378328948497
0.9496891725457047 -2.34134735622471 -1.558850138493388
0.8107920121301542 -2.413110034870655 -1.42184758148425
0.7440261620045142 -2.406537710771718 -1.610589760844013
0.9801973934355657 1.02822519185945 -4.568699454550762
0.339421211660643 -1.876790364015228 -3.745859939048604
2.407774299147006 0.6410766106649626 -1.780796826678598
1.031715843541317 -1.140913659220398 -4.404831277428128
1.17278071468903 -1.146799172914292 -4.246404887056283
-2.578213582797568 0.257674082087126 -1.018304244905306
1.260742715581085 -1.840661188378741 -2.893249894664956
1.211923636790626 -1.941711622753103 -2.695591826108021
2.547394744266918 0.5283939593258478 -0.8973736845163887
-0.9614173685489298 0.1321033555108518 -5.041786464698887
-1.031201853197765 -0.05140397392344838 -4.989463392280134
-2.311493466952344 1.201448312990022 -0.8538069783707329
-2.269707280808113 1.303651749398854 -0.6753457447404673
-2.201173900987732 1.391786751478087 -0.8642404069655971
-2.153179964864433 1.487815569958043 -0.6793991452196977
-2.329369525414429 1.215121269351203 -0.4888175318307534
-2.081751066416762 1.565826597429481 -0.8562271179099947
-2.022342835456965 1.661523751861702 -0.677055331250315
-1.278041897410736 0.9537107012732954 -4.319203050896565
1.325561034645575 -2.168796821739814 -1.450806101913195
-0.2353381078088983 2.394083950962335 -2.225115740628923
-0.2555232012576018 2.439174944127192 -1.997153943232271
-0.4612724461704694 2.422608765243444 -1.925056870571996
-1.794778131435036 -1.557347292654032 -2.354679889712334
-1.901784404811689 -1.486032991967366 -2.188692467642049
-1.926424828558406 -1.381864705213614 -2.377796342490786
-2.024943517706693 -1.306001310793162 -2.206992939487643
-1.873835615311792 -1.581735820652769 -1.998970518558053
-2.041954246843052 -1.204375105859205 -2.378299199011017
-2.132951915412662 -1.11734329727033 -2.214727499052455
2.444508912168019 0.426002464396747 -1.84058646047689
-1.092793839467525 1.534528127423635 -3.795476515676458
-2.498261756554479 0.8144038295334417 -0.479730890341271
0.3999329168923256 -1.953749555594396 -3.549242336385603
1.326959056806308 2.193428855142623 -1.278770685854105
-0.993427232040898 -1.750905789346624 -3.504031782558324
1.763700007297178 -1.589240026773434 -2.363845455879417
1.846973314178294 -1.554775808669187 -2.18525389613025
1.043136173874107 -0.4323988698684414 -4.900151936845762
-0.6934881336150664 1.691080276451612 -3.909677648153374
-2.430932374094339 0.8941823360415371 -1.027774712044632
2.53010352949444 0.7028010087786999 -0.5187084463196723
2.460830083111734 0.916557253702961 -0.5170412260667623
-2.598931595293828 0.391492736991874 -0.465670594148622
-0.3390347009928015 -1.083029290973422 -4.894633467082372
0.7205062098723721 -2.145454838258414 -2.78568503559855
1.191759585236689 -0.4597234278200665 -4.74397814191309
-0.3280971530616955 -0.7825251336032781 -5.133859494108553
-0.3188231274442667 -0.5974725609856792 -5.240292266427385
-2.096833280245389 1.582665714260624 -0.4928691143539171
-1.958974395938349 1.749703368732743 -0.5034606702687568
-1.876536728335251 1.824209640601761 -0.6814114694942665
-1.793296735649148 1.91980136025574 -0.4928267853673588
-1.718426706753972 1.973327048416912 -0.6879544262705872
-1.785249089082722 1.895540257105425 -0.8692355481917533
-1.624782172263858 2.034818476207059 -0.8687101208324797
-1.546224641432296 2.110556276783785 -0.6933113326547827
-1.448793688048432 2.163771201233068 -0.8674798538750437
-1.366741165931793 2.232207472338358 -0.6764314369172504
-1.264615692593873 2.277547520149492 -0.85381820987992
-1.178607000208753 2.336537350392955 -0.683298648623535
-1.066781980404392 2.376949604761175 -0.8502542088008357
-0.9741023037151813 2.429175382710922 -0.679432700062449
-1.269471740395076 2.300291584580704 -0.4870088863261586
-0.8644257798177457 2.457790988333234 -0.8501169347948855
-0.7738425370509372 2.501688552042522 -0.6556715242943846
-0.6612544963478877 2.522118328231193 -0.823948878862783
-0.5625817910538743 2.558276271685276 -0.6426634989462447
-0.6944900411417795 2.534466978305571 -0.4740889112297617
-0.4436752697637771 2.570384813339713 -0.8100202001919941
-0.3473852498082197 2.596901889658186 -0.6317237851877577
-0.230388679924396 2.597470805428665 -0.8198494371593543
-0.1325402688038075 2.616997958261945 -0.626117463252774
-1.526418501181902 2.089512794075951 -1.054107146965434
1.825978987317193 1.823568957365358 -1.124709467888364
1.764226904476798 1.853462727847042 -1.318024864466615
0.6179701246187281 -2.050378445768289 -3.166235495661817
2.576597469629587 0.5030730565063356 -0.5324374161824593
2.490355696511573 0.4984508563917539 -1.465965694240851
2.534195866725437 0.3488178110152745 -1.324416580671508
-1.483491474027308 0.6556789921117182 -4.276096706691911
1.454676532446841 -0.4872192504756114 -4.410895547469508
1.573201144721113 -0.5174547081912049 -4.220380887506176
1.581955646748618 -0.6755036818013477 -4.110769615733181
-2.629127712220968 -0.03924885467690223 -0.4369288271478798
1.696249416968296 1.494351787664056 -2.794584939601076
-1.267341804033042 1.427634723554443 -3.742053313790065
-1.194538948635751 1.566585915809028 -3.605902998975784
1.473779068717863 1.65678737654326 -2.937112285498408
-1.372977507263346 1.449154233799591 -3.544459377049431
1.45316599893365 -0.9656848797977692 -4.066678179219398
-0.2675812737271945 1.729985422305137 -4.056167269958754
-0.08519839498277276 1.666827495474035 -4.198879771388899
-1.499103322015799 -2.16327655232212 -0.3674861839149546
2.138935633304011 -1.533439615972269 -0.3708818621704636
-2.130045267225119 1.474366981734862 -1.023952070939836
-2.588631261992571 -0.4685450704052918 -0.4032757896503842
-1.155985097707724 -1.71592058726333 -3.363714408414348
-1.006254185932752 -1.829425592686005 -3.313952009898579
-1.950343390726606 -1.278875486423884 -2.533734488606037
0.2331297503251004 2.47608145725198 -1.807903596280968
-0.9774170833542333 2.397705197998901 -1.037307226298861
2.330046922837623 -1.217534558602188 -0.4481167512016154
2.393527781280763 -1.070233378079983 -0.5980639802897825
1.280474759473732 -2.159815757212811 -1.662956076513872
1.447786117578219 0.4507133499172447 -4.436792775011133
1.344558229097118 0.3450284473491786 -4.610648902041612
1.571920679720095 0.3350985891910816 -4.299464453881757
1.575907710396564 2.00183677978543 -1.406385306592112
-1.094747078611113 0.1458214884337135 -4.923960076555375
1.985829331837085 -1.39435992457504 -2.12734286278351
-1.174946762447441 -2.355876338426083 -0.3463166809995697
-0.2676321593167063 2.616853944886308 -0.4084527335375756
-0.03355870605702174 2.629554453891671 -0.427991658305558
0.0854793018253702 2.619693357598021 -0.6129754104375941
0.1894820134128719 2.62332885953498 -0.4176259731133786
0.3051134387763759 2.604010054908658 -0.59951781862987
-1.317746960560713 -1.571660165436347 -3.409935148535576
-1.485766883695704 -1.474989099765281 -3.298779305662732
-2.140282831181254 -1.009308926763603 -2.396508329996222
-2.222490410641929 -0.9204728673158202 -2.225389172870575
-2.216455964230629 -1.029737427362005 -2.040914893515137
-2.299136691989754 -0.8212729807602532 -2.053828749267947
-2.216489110446554 -0.8135649955632528 -2.418270368503105
0.5820029153744898 2.431022825219117 -1.732406641160269
-2.47577836191133 -0.8907020190711054 -0.3911393058021883
-0.3986884384155054 0.1308515461041972 -5.352968047246512
-2.367203322960279 -0.602944601716268 -2.04695253507722
-2.446157977653834 -0.1598656497979968 -2.003089596657416
-2.422088853384044 -0.01762265006329172 -2.148026284211224
-2.462068089361482 0.05338398084959734 -1.943811863767613
-2.420118821026153 0.2010426224674277 -2.117754234139026
0.1984343114659995 0.4137571940144959 -5.339338725474112
2.27904841708474 -0.9484158759212968 -1.912122265427607
2.4214122408876 -1.029775392485482 -0.3865436762214549
2.470566277202725 -0.8876047913163767 -0.5340101233754411
2.251489425493069 -1.366588793857938 -0.3067524741578235
1.818119843979319 0.4299511396353125 -3.827925486241869
-0.5207575249069846 -0.6664246968615487 -5.1357858778913
2.367729587950409 -1.090697584007622 -0.8305205663840581
0.9105782781304962 -2.467209962941805 -0.4250451294449702
0.7178341295753398 -2.527190493031274 -0.4909925048430124
1.105073596238178 -2.388332300446911 -0.3774520538170563
1.264163092435701 -2.301337696042901 -0.5231266172070804
-0.9827443755385482 -2.443810658950474 -0.2981805860190661
0.0869802635915439 2.634554451479035 -0.2116234505910046
-0.5173508387936949 -1.787821401124782 -3.842498456225954
0.7480485548753317 2.410411114307363 -1.577918215421859
-1.172477150361005 1.137029543298981 -4.257841994377729
0.4110140614367911 2.598338961436434 -0.4045746089681123
0.5180265372080125 2.570945228607851 -0.5847199509581268
0.6229214602631924 2.55613338714921 -0.3963937319157559
0.4198183858141031 2.577721239579471 -0.7639408762506971
0.7266944578584942 2.521108097754016 -0.5627785378828101
0.8354252834230281 2.49511878172446 -0.3872068120186429
0.9490671342697203 2.444241438773509 -0.5956933062384019
-0.4956555334030102 1.711815967847103 -3.997662156483517
-1.898044955428692 1.602783598675075 -1.824000343304611
-1.777200331187183 1.765164941595292 -1.700846959897884
-0.8024216699064787 -1.793147147447193 -3.618683767615235
-1.620689524642836 -2.078345334332764 -0.2333530444383781
1.838123440594568 1.37983395457785 -2.661179245682998
2.19092832149769 1.08558900644986 -2.035075499305725
2.197586404300924 1.156818901057992 -1.828480927576019
-0.9048750902814082 1.647023017120596 -3.80519809773165
-0.3394525785205913 2.567372063464219 -1.032627551254934
1.521864647688819 0.5572584564629596 -4.278098209944042
2.392495928876893 0.7812879598385003 -1.624368071600347
-0.1017400514327857 2.589815901717313 -1.010148324644259
0.3801614553565864 2.481946896237231 -1.66274850262846
2.561902238978572 0.6060225672917168 -0.3466018942236426
1.908573664418684 0.305484942393853 -3.689942158293218
1.736419666831084 0.3567365521997362 -4.015362317056978
-1.254172636588612 1.225324630356659 -4.05099812432889
1.064939972142092 1.822740807449208 -3.251451009273183
0.9059539299504138 1.950019481741104 -3.141193522349031
2.345950999514301 -0.8724723665582073 -1.712670840628653
2.181916278828747 -1.154495463398874 -1.912051498497432
2.205354253414865 -1.028044870934543 -2.094617728042887
0.7537204108415725 -2.523895859787809 -0.2971323087810198
0.7345397026712258 2.53182812682988 -0.198654820145191
0.2061088633197181 2.601537471198622 -0.7922173033675707
2.604362645024434 0.2089841070004578 -0.7486221407577198
2.566521882217208 -0.1880665718466226 -1.192525939255989
2.540566906979971 -0.1885085127229243 -1.407616213677507
2.474888032781565 -0.1866260723439374 -1.837372558164172
2.472436634492259 0.2088429646065002 -1.841210209358476
2.580248285414267 -0.5414029855518631 -0.1866361062639591
2.596333208177673 -0.4348575783675833 -0.3499930729791205
2.391255286224865 -0.1843991192914614 -2.258018024101545
2.389514731653234 0.1869723004258279 -2.264897545401486
2.347652478081892 0.367815651384689 -2.354499238419791
2.290781173508658 0.3754011487792039 -2.575700367485978
-0.009791203712682368 2.608358525918795 -0.8102698832785725
2.284390491612315 -0.1859097758907584 -2.68459968649216
2.234656720023629 -0.3782537743169252 -2.774546256452711
2.17058472396201 -0.3767921382710751 -2.982470297954914
2.156477114465173 -0.1895280658725105 -3.09855067372829
2.102314377089713 -0.3916976261201492 -3.174753732064581
2.283757575448295 0.1866312015629037 -2.68666225145614
2.457604683419067 0.9547072229655227 -0.1810260570662435
1.904266897910489 1.770516609689985 -0.9147613236632703
1.938904462240353 1.756426031342943 -0.6959735602391955
1.848985923194512 1.862046429638369 -0.5556207973691846
2.156281394479625 0.1880972437077877 -3.099494253732473
2.173998356313635 0.3914246265686491 -2.963948470259318
2.099669312845109 0.3745965882335953 -3.190826350943396
2.580249542791478 0.4206729094070396 -0.72490067430657
2.449323832083505 -0.9107797783236009 -0.7420249652998387
2.428222035609753 -0.9199389843894671 -0.9563297476366586
2.269134751383239 -1.266286814519911 -0.934197093069104
2.19292358127882 -1.357966960011265 -1.13706450224956
2.077815795997403 -1.52773009403792 -1.14023728488773
1.386518534332925 -2.160229930435546 -1.250246253509149
1.503222273648097 -2.058320688651578 -1.398061804518791
1.191435556337139 -2.325787766729096 -0.7417391671830079
1.86412415758867 1.864416922534715 -0.1842334918660914
1.929710529054321 1.789933414007241 -0.364206010072618
1.859274038234104 -1.869323510944413 -0.1812164230442408
1.531982694563048 2.145611560086916 -0.1886450286556087
1.616253380666586 2.077090212896329 -0.3703344761747047
1.531975400317625 -2.145621030820513 -0.1884401069977284
1.417266376909406 -2.218014461150413 -0.3607810593026339
1.157054118926174 2.368921528620682 -0.1892765946059511
1.251705268218931 2.315268492642574 -0.3665765698906804
0.6558818459021781 -2.53233232051919 -0.7004958850578608
-1.451564940468942 -2.170092530426861 -0.7764244328651237
2.261995417477471 1.354255290357386 -0.1885249950917787
2.310583607931664 1.256417542161261 -0.419523802300993
2.140444720057856 1.53921298874682 -0.1879688608250767
-2.464146753049354 -0.8163458930033529 -0.9653650537955645
-2.47488845447579 -0.7182515723988164 -1.159196001104065
2.410307101143486 -0.4133656217644707 -2.033226084121538
-2.012685890021737 -1.703415042425158 -0.165919958780343
-2.265041796194764 -1.349189040147637 -0.187460479592412
-2.307398067723402 -1.265411585455975 -0.3772645800107692
-2.455851348985996 -0.9588747681509124 -0.1883455440950562
-2.540728063833686 -0.6832775726804349 -0.3946940114491379
-2.579548620776582 -0.5442807401485669 -0.1920553411094421
-2.618048964033581 -0.2530821380263035 -0.4152257377498708
-2.633165321880625 -0.1160937282665894 -0.2252139856082574
-2.624280971591499 0.1797361812939585 -0.4104945698592153
-2.615160915708924 0.3270365838521561 -0.2345657223999969
-1.702326952301605 2.013484420086195 -0.1720538280206575
-1.627878693936804 2.068503434635851 -0.3580579560596293
-1.723416730433986 -1.908281307132467 -1.211331158554783
-2.520012642871333 0.7752800896585904 -0.1782478566964218
-1.999655741089533 1.718383853024529 -0.1789195292820222
2.345155758330914 1.138189650931264 -0.8318760529399124
-1.257810821292798 -2.228741193216999 -1.315530972915955
0.3293338954901399 -2.615749971736464 -0.1887705463067105
0.4328141037386691 -2.595765905142454 -0.3773969166930625
0.2172281024710893 -2.622627566100955 -0.3772025659828886
0.2982932650812799 -2.605139300272127 -0.5932594135835206
0.0720165863635733 -2.623556538155531 -0.5469253330212813
0.1093843855372934 -2.634132288198799 -0.1886684026464162
-0.5410829332474166 2.58043753435097 -0.1793621559601145
-0.3261048009109165 -2.616166306615773 -0.1880782703127394
-0.2153476291380914 -2.62305700461519 -0.3690551970701755
-0.4342603584532809 -2.595564954183701 -0.3762152149972885
-0.003224603129374814 -2.632052664719568 -0.3638156355729343
-0.5424183363796301 -2.579970745895197 -0.1903531153065868
-1.155212483754749 2.370138010001478 -0.1716419906604169
-1.062584207561789 2.408016002687439 -0.3643108803159192
-1.349822562623508 2.265083477409464 -0.1646829009505848
1.877754107658136 -1.779424130419092 -1.061508120651933
1.815481592990252 -1.808437702940687 -1.287872754712004
-2.359037052185081 1.17741484855692 -0.1801502623609089
-2.252522860511426 1.370223612671863 -0.1800277358794567
-2.247764507205811 -1.225454647344804 -1.307786824256697
2.088509931463634 -0.195367360810321 -3.287910770475566
2.083381597125013 0.1917214419323819 -3.302529410707822
-1.832158569716971 -1.829255844724666 -1.040057413696707
-1.090071992723431 -2.185641388294259 -2.048920981453889
2.067898061219848 1.197066469395672 -2.297829221171785
1.198509324011354 2.116751829483669 -2.098044238388248
-0.2872003632529282 -2.458046177518029 -1.877655142303873
-0.07775071020312481 -2.482707248780768 -1.825863173446109
0.07589455528873242 -2.455032271886223 -1.977943107163572
0.1324959605352855 -2.489984605053766 -1.7698244575498
-0.02014263117260728 -2.517273362106419 -1.620953368545997
0.1939957023035389 -2.517338897204386 -1.571249779674551
0.3428587545704785 -2.478161624232354 -1.719879009166387
0.0186710564284381 -2.414472089147671 -2.183913961757696
-0.2297653440472212 -2.498685615889346 -1.673336196538152
1.865954648280408 1.72513347361596 -1.455050320291156
-2.221105571732329 -1.316490565570819 -1.11176234464369
1.918104879450799 -0.1832091930979188 -3.703245727151595
2.40899536309699 1.025311470310454 -0.6644893358997936
2.302980363795579 -0.5291342995321062 -2.410405602271172
2.296193158511162 -0.3716619734005956 -2.557569683024722
2.172726146660513 -0.5888136347793151 -2.826830623240854
2.043368079989586 1.385446184704985 -1.910730035136559
-2.522738721598627 -0.6070471469446094 -0.9778066919127055
-0.1576895354876829 -1.855360266239205 -3.84070026663721
-0.7533302776344328 2.526719546836162 -0.1747142888119854
-0.8308127873208193 -2.494226579770841 -0.4485546392768301
1.339370342216998 2.067412092892101 -1.940030432073752
1.45444999715347 -1.913686113469505 -2.2340235080861
1.71706888504262 -1.984112967963745 -0.5591678220964819
-0.3820745707167666 2.295655715758554 -2.553122220306109
1.377193076814645 -2.224178946574561 -0.6982465215824937
-0.6174499431889852 2.362855141054537 -2.049906668795423
-0.8120473241409342 2.325392692532115 -1.941373106170297
-1.61355782653826 1.83398189379515 -2.047092163692006
-1.475504707042588 1.96835747192835 -1.957977663710579
-1.308973455639254 2.060246669336525 -2.056388966568548
-1.828971452954126 1.486252311064307 -2.436222402998899
2.029236130046043 -1.260210046537708 -2.300807317558129
0.5461153753642063 2.276593020517162 -2.498682633952055
0.8754655273724098 -2.417049647866475 -1.216783501607672
-1.404999122016831 1.845665370731825 -2.582335279984041
1.672863400543722 2.020645810873306 -0.5724146783421874
-2.376669583650645 -0.09032162019222391 -2.345550890906389
-2.339131081535526 0.05308593602100808 -2.504395169881617
1.311963541179905 2.261821097187631 -0.7177863483846318
0.2413600957044578 -2.596551470739903 -0.8188164234503871
1.070917153339614 -2.106621491193334 -2.409515129836865
1.028744391003901 -2.061505852960296 -2.640876414371321
0.9464696059661292 2.429970952076679 -0.8182246886879112
2.485992546286212 -0.55966460336862 -1.402553592079393
2.455628011032179 -0.5536689311357145 -1.621491046472595
-0.5457893547995197 -2.552624766212979 -0.78336631358263
1.564938594967615 1.780392888112537 -2.379422319974634
1.692451925682152 1.71122800569534 -2.219724207947972
-0.9535903737919655 2.197325014124905 -2.271572028569792
-0.5089352627878853 2.449604680840258 -1.718968689605803
1.659883304431971 -1.636121888531588 -2.539774871318259
1.561321522452897 -2.045757753003775 -1.19173558537256
2.50397229951974 0.6445778803770885 -1.075254023082866
0.05869012035116191 -2.275245928697447 -2.741290426580144
0.2683891318631927 -2.276336635346237 -2.684018309711782
2.056153841654873 -1.1282756790772 -2.48201041275753
1.967404907297848 -1.178285190471745 -2.679846641490329
2.136878042345822 0.6258260535810756 -2.907523540504432
2.218306503959433 0.4941634881293123 -2.752906281169593
-0.5862683946492109 -2.45725353710262 -1.561573168246939
0.8351752073398432 -2.317184988029174 -1.941381957522136
0.6358275606729805 -2.367580209074847 -2.002597245338112
2.041027415492075 1.094617639890134 -2.595814684863492
-1.532067203659319 -1.971346941059196 -1.750793604815812
-1.574185091514915 -1.892503224418857 -1.949239619780526
2.308752910604777 1.075858837954995 -1.410918727501434
-1.236128478986718 1.928210135985656 -2.690097209315728
2.077730434227997 1.527077900031007 -1.144576801282966
-0.3792155720694363 -2.504189988930131 -1.51632654556733
-0.5258496762170388 -2.499372151312301 -1.356628827908051
-0.7144859888055055 2.146460766107281 -2.788959935925922
-1.124489376586618 2.223261667043985 -1.781967723485523
1.142059421203554 2.287425094188688 -1.335864679453393
1.265871184735293 2.195729191660364 -1.503899516318259
-0.7519999404047076 2.478216354563066 -1.031741794404841
-1.067662888409673 -2.330664990737608 -1.278848545232025
-1.010338451800115 -2.380077852112303 -1.074868051426117
-0.1065633197908747 -2.563209409104263 -1.263068901462413
-1.34383178432627 2.210896293602183 -1.058248627047181
-1.977427256956419 -1.502388189492502 -1.828743302567588
0.01265529521049427 2.28479690533788 -2.710085104034389
-1.771870209200943 1.381773508558412 -2.840708270283281
-1.936915001506841 1.737433502515435 -0.8929027446779618
-2.361557189267022 -0.8334919191492053 -1.704056821698124
-0.09608355421413607 2.517308350562447 -1.609179721792866
-0.1715286633445952 2.48318746430682 -1.795813988509499
-2.163301331752964 1.262328307676382 -1.701967845027005
-1.696412854624367 1.955093032968446 -1.045681182329541
-0.4864344091193176 2.583008705587544 -0.4618428837354845
1.755690952712708 1.79643531708919 -1.6563242292218
-2.557427884968344 0.6045206312209542 -0.4738959606474208
-2.467152704430608 -0.4102993231363965 -1.724354799226658
-1.913639997444956 0.9476451695883839 -3.183459701126764
-1.041327267940873 -2.250720691809664 -1.84859728380675
-2.422276659881025 1.017753826091317 -0.485500726148367
-0.9304102327585412 2.318281309861751 -1.742748996817828
-2.33985931728217 0.8742916686543862 -1.743674585486571
-2.342881304863875 0.7655680478277127 -1.932304943101048
-2.400709880687941 0.5556301179318573 -1.935640951228868
-2.338277961237881 0.6543141192846779 -2.119471491083876
-2.390177000703325 0.4396051124559149 -2.108953446709984
-2.267056850953834 0.8666896547252446 -2.124421766456741
-2.455612337397139 0.4538310100753548 -1.747707403257171
-2.440336261013929 0.3419535059721987 -1.935596747477727
-2.220960743701405 1.403230107927812 -0.4920937063170964
-1.835442987765229 -1.880501464325695 -0.4772087926204952
2.010086171540849 -1.695151368414455 -0.4362922777423378
1.628804773175377 -1.438996231387077 -3.072949578746063
-2.118386326573609 0.6876030747674897 -2.905741260091698
-2.312556146303844 0.4750051355137897 -2.419288737302289
-0.321257756409411 2.184706173516737 -2.966323795278902
-1.874037580242369 -1.75595008941542 -1.239470884247302
0.1146867387113253 2.086428712309477 -3.309492288774462
0.3230853012988639 2.042099461342488 -3.367561930276047
-2.157547573115657 0.4808784585919803 -2.959117459797747
-0.8985257471218329 -2.279103703848948 -2.011070535377062
-1.897297594218769 -0.9740233798276209 -3.191140188411381
-2.558036544124894 -0.2925508147928456 -1.180539510208098
0.4417186751600126 2.141000591676326 -3.03471183939582
-2.020426271219503 1.141580282180763 -2.578385925055203
0.6828924851998772 -2.216695880386637 -2.582679140595974
1.633497569037087 1.366275310724539 -3.200021917270707
1.513097342681684 1.54752358301026 -3.099928469365891
0.9354523970663567 2.334615988621771 -1.635957753561642
-1.553109432116118 1.35791305260417 -3.37913165351573
1.222018297117003 -1.642181552327268 -3.420130467290754
1.118070749959931 2.010868514224606 -2.652406237491744
0.6643093140505233 -1.966418729904433 -3.3464490851481
0.2537284616819188 -2.032176407105853 -3.417640623713594
-0.8565341858064655 -2.16008063953276 -2.566668188712773
1.617471883126502 -0.1817713192805786 -4.266902021648235
0.227803563012604 -2.415970221989716 -2.126301220649941
1.965774559653951 -0.4597436909257458 -3.490100485554941
-0.961640757468474 1.812745952922309 -3.407315118092408
-1.866045166924179 0.8741359345403781 -3.385275942498614
-2.178037618953892 0.0580472527312092 -3.056752421956544
-0.1076144048340979 -2.614141142490339 -0.693139686715556
-1.230712304776248 -1.953256686251944 -2.623428279702212
-2.223105827843776 -0.4394750448368127 -2.775633720135683
1.935998839543007 0.8854439347190712 -3.201948768603669
-0.4556038267303923 -2.299653097508634 -2.486088018617568
-1.186432371268598 -1.781870508494518 -3.168405898657344
1.899569295126023 -0.9533413418188191 -3.2117491257991
1.796837503238121 -0.9986141439137797 -3.397969970926138
-2.003333945364745 -0.2906038468487442 -3.476661111919388
1.439107182223675 2.203790014213934 -0.3637675564347094
-0.6059187675776618 -2.303279944335376 -2.331533118863388
-1.204707083083697 1.875643808357297 -2.899191489458436
-1.376198098942971 1.796008300149466 -2.787609272502015
-0.4159689562014677 1.97700870525782 -3.486491780328483
-0.3563085770959769 1.891645982599709 -3.707470680241541
0.973899669508513 1.687792421559916 -3.654771022654578
1.280092282580264 1.475108974034793 -3.644666932446273
-0.6849086156625651 2.089928813730742 -2.994138708975122
2.551808556239962 -0.5581668623655914 -0.7573237673275652
1.330487405919239 -1.912239704160865 -2.544137319605128
-1.569289601778073 -1.677425351230341 -2.666106727476982
0.7502169236034044 -1.765783197234903 -3.721382555328542
0.6009027149324578 -1.747073684570754 -3.870216994879784
-1.730315958326509 -1.743672422286088 -1.976401124921978
-1.649422275146168 -1.35015985764326 -3.194404489643816
-1.685207274489561 -1.211115343178221 -3.347323508635617
-0.9771382819921849 2.233338390050696 -2.072175519344829
-2.041074544104339 -0.4325153206396411 -3.317959098470511
1.736920452299774 -1.842518705699904 -1.520505473059751
-1.753679384898074 0.7161479499269156 -3.773551060601763
-1.800324112481517 0.5114772503959717 -3.821100270792944
-1.727188182398192 0.4239360631676694 -4.004571158888979
-1.977596522246382 0.2754384354713451 -3.543482461996899
-0.4131663756807498 -2.14522151987564 -3.039105488272439
-0.2615995976166039 -2.115840903859698 -3.193285766825678
1.64119008255038 1.036888284051693 -3.671194658655635
-1.339963227924502 0.7630790397803091 -4.399231908987074
0.05385230778091987 1.954801608950783 -3.639118467677294
-1.625791279076808 -0.6911567210379795 -4.026666328579675
1.369908121190591 -0.1856263526200702 -4.617870543061071
-1.814724125884983 0.1407282435774209 -3.92458736796584
0.9970675193575095 -1.414422269530071 -4.092310013407803
1.142876759640098 -1.410548527946822 -3.93384088493501
-1.614266646923051 0.5538621685480893 -4.134475379850032
-1.636436234259257 0.366499400540232 -4.185440725318864
0.7056794072880805 2.269447299125713 -2.353050910998779
-1.512606037286609 1.283889307326686 -3.573402211385323
-1.719630905759041 0.0676372469457741 -4.10932224279333
1.435103718205863 -1.238590720802469 -3.770543823436738
0.4829905992675164 1.953158900210225 -3.506718710676061
0.5510573068169371 2.012547274761352 -3.317350519711072
-0.9820453679132514 -1.436800058930228 -4.074685215978345
1.051973072616714 2.411979266536024 -0.3831588177602029
1.667942657255906 -0.7317208539217498 -3.922207779851912
-1.267284876197325 1.615640595496075 -3.403901028715967
0.2688738326342443 -1.678681779745708 -4.145880097071076
0.6780974270483882 1.569643798884079 -4.128863298769105
0.5323828809270664 1.68738422089677 -4.021521244660205
2.552285553099269 0.4055386247484835 -1.088403414092743
-1.306043426580648 -1.474742927607352 -3.60619504902802
1.595313589862446 -2.091578084874959 -0.4075581909383031
-1.568528190007923 -1.140198953261989 -3.675971480054491
1.29108189603747 1.136640874311392 -4.110792199865152
-1.27048987053602 -1.123586864552929 -4.152840660730004
0.6709825274258353 -2.475213804764684 -1.270567421266969
-2.138355777645987 -1.412247803125002 -1.286906464961394
-1.41215632903213 1.127242657896429 -3.950425672422369
0.1234072880699901 1.69370821639323 -4.149133739992783
2.50515591278669 -0.3757248934603383 -1.513254138720552
2.476685523792955 -0.3649732293950685 -1.709606430394562
-0.6330853595943922 -1.479323457176304 -4.296530894333523
1.237506622896193 0.2113830522159737 -4.76863886061673
2.326105874124338 0.9723954359132142 -1.595671368519466
0.6863654935597103 -1.382847760491596 -4.396554612301792
1.121240400026888 1.219000726671273 -4.22016988459864
-0.6304519773770769 1.328913128780578 -4.500954024019976
-1.494342496107796 2.085915523878062 -1.258537466824122
0.7103766608071185 -1.238549047861042 -4.55916341408772
1.069132798993516 -0.2131056293904818 -4.937358304261159
1.15583093033312 0.9506890920082833 -4.465015942413789
-1.426632578799002 0.5228212740682407 -4.432317639365142
0.8866724877866483 -1.117998342963921 -4.560335552345765
-1.382495359691468 -0.1235024031785665 -4.610802459623182
-1.240029215701107 -0.1863855570675509 -4.770274537242178
-0.1057854055391457 -1.665788730534958 -4.198643343778966
0.06739537492986011 -1.728000303983352 -4.09448075636048
-1.4627584387877 -0.2658184748036334 -4.478917965667025
-1.153821894114499 -0.7174793453573399 -4.647517380796617
-1.305493152416572 -0.6759738901853315 -4.501998868651335
0.1575928093696547 -1.372523529189833 -4.618990616505989
-1.060372247891457 0.9663092295939402 -4.550118364839322
0.8828601566402502 -0.3990948745881898 -5.043066541068716
0.7389974033207136 -0.3219296078836712 -5.162676396944086
0.7414044378454269 -0.5480629238839979 -5.080067075476455
0.5776900115780924 -0.4709448001443862 -5.201090620422284
0.575473613779532 -0.2574169969106205 -5.264897846721906
0.3894429881706859 -0.4101189055346522 -5.295926690420169
0.1703924687255516 -0.3493226802798461 -5.362829473192379
0.3988846095904526 -0.5980543453213252 -5.216798360745394
0.2209278463330457 -0.7333786812961559 -5.188429453733528
1.109088081504634 1.54820820001271 -3.751789437866044
2.591915857244917 -0.3650272641010797 -0.6747396840868127
1.714387533416496 1.626686336352041 -2.409063283436294
1.666058928865464 -1.937197968902693 -1.348650385589647
-0.2111506124179916 -1.335712893442575 -4.655404190882639
0.9683122897564417 2.042777890631552 -2.794418009504257
-0.7236407588805595 -1.090895087928401 -4.707294577412883
0.6267394373146893 1.121887137851813 -4.735155677120643
0.904579050656477 0.1904744530564624 -5.078199741456126
0.9490842676100987 0.3935482344886399 -4.993855043916846
-2.16409411768196 -0.6468255781155854 -2.801124764151517
0.4158404604999878 1.493713292825967 -4.386580612177204
-0.003936963512341646 1.477484919330672 -4.491794911691693
1.208465747806319 0.4490403452185805 -4.730427795832074
-0.6850720001954658 -0.9447096806767903 -4.862636892805889
-1.7017157758227 -0.4875246204226131 -4.020039931707188
-2.38387989676935 0.1211177514478532 -2.308483752672422
1.512959058146246 -1.471437611858459 -3.252949631729479
1.997266329730638 0.6820426654713834 -3.252896885218002
0.6072599345369608 -2.464812008837021 -1.474960470556394
1.203491885848367 -0.6459573612121109 -4.6386136685114
-2.176946852033393 0.2705799224791611 -3.011436632305367
-0.4266427584523477 1.39778897644609 -4.513907182427242
-2.563682267174653 -0.394154394248623 -0.9883186585661047
0.2830628425564793 -2.45088494589668 -1.919391137686986
0.4868711292848433 -2.428889934307985 -1.864022462667875
-1.798444214376776 -1.028128130613216 -3.356948400049037
-1.113337986979618 -1.162933552399905 -4.295183198579394
-1.021136257693823 0.5153659662582954 -4.885811623929834
-0.01402911463917982 1.130033483568898 -4.899259305793151
0.2256550461111527 1.130085990644132 -4.877290475546602
0.2594171293439952 0.9516347231525605 -5.028727334919963
-0.431332729500786 1.013990941142563 -4.926322917720707
-0.6298037766077532 0.9280080947698933 -4.907581971661205
2.024815432880286 0.375474530096889 -3.388630808165074
0.213274739071961 -2.223671786096309 -2.883965884627692
0.6682273657762823 2.328529018637299 -2.146304536761711
0.7491374418481443 -0.7407863220435067 -4.970822236053197
0.5703296280133549 -0.8738688607698053 -4.979758263100774
-0.5180228763563639 2.173684098773415 -2.881732707241778
1.720540908216854 0.8401136806722291 -3.729752888613556
-1.950356638400943 -0.4985658576988445 -3.504097979407929
1.758636264283047 -0.3590074187280122 -3.973442801864759
0.1815297898197349 -1.230857194228921 -4.781088246730413
1.305828606331225 -1.265195917179425 -3.928416978877536
2.552278168746932 -0.6448197175540914 -0.3507823056148441
-0.6168114557678531 -2.082543715900549 -3.077256609325612
-1.974962423550433 -1.670123035678243 -1.066517035801333
-2.105592582377332 -1.498114232457014 -1.089871008313835
0.5219614078677673 0.1869210470389616 -5.300901929845092
0.412195393386663 0.34941048932482 -5.307030937873291
0.09527715608075947 0.1942905432451595 -5.403727223537239
-0.0361849561956578 0.3648127344995349 -5.369388109041686
-0.9500866136391001 -0.2459601348330355 -5.032818844106345
-2.172949544264739 -0.782927477980534 -2.619544077610841
-0.6414305167732653 -2.551997914231114 -0.3840665893236389
1.660802397669617 0.7547750746157852 -3.916548121179423
-1.094420336685312 -0.5679545071118074 -4.793281167684434
-1.248703480122286 -0.5250012508695902 -4.652602490511169
-0.9503734173586924 -2.213198669633311 -2.21136971693707
-0.8054674968269234 -2.231627576351591 -2.370432532244528
2.391947997119431 0.3703430411251384 -2.156129170340515
-0.7286088223847591 0.3429009787638001 -5.163209853185338
-1.480013268891388 2.169557399257635 -0.5102284269706774
1.30287343858362 2.134414783033267 -1.726781326519059
-0.3249750921281698 0.7470791475063907 -5.156953451619029
0.1051870068331806 -0.1865358504237615 -5.404105045689753
0.7577688736368129 0.7198476336266902 -4.978285521759436
-1.854664349897161 -0.5560986060759503 -3.682463823224672
-0.1870941788658547 2.297835027559706 -2.635328932827147
-1.273019369406204 -2.281980932187233 -0.7439914679629381
2.456116445059838 -0.9583796059777807 -0.1843466741966223
0.4199507377469772 -2.212193246436511 -2.824799606013548
1.153513474731221 1.624451742879199 -3.553790215683156
-1.1445874291579 -2.335186331558504 -0.9096345035425117
-1.841944711541382 -1.672089929984135 -1.804025042611219
0.475777985178499 1.595204036306748 -4.206183683800197
1.350671622588263 -1.622393485488513 -3.251455388767914
-0.1219761613459255 -0.5224523421305343 -5.308685621303338
0.471163989161107 2.389239229891952 -2.084513385254918
-0.5905344232373692 0.249052181946976 -5.259549479805989
-0.01038364462611253 -1.293382207835507 -4.725549901794055
-1.324953563561268 -0.3250347217559796 -4.640664192330894
1.993482426398002 -0.7626982978052481 -3.186356896493682
0.464866872279334 -2.030272317860372 -3.327461366293564
0.5641207883011256 -2.137725152679405 -2.957799867851092
-1.507734380436955 1.649407459111227 -2.881323925902605
0.5560007627640214 -1.85251429456251 -3.68709519642659
-0.3549833008534153 2.242739595918277 -2.759946384651225
1.324940322647253 -0.4767666786573027 -4.584972334913793
-0.6617547323005021 -1.999747856700825 -3.264139644004525
-0.1701217466527841 -2.533811705911844 -1.467667176525111
-0.4837464355463555 -2.577873872372559 -0.5798830233068426
-2.586424812488239 -0.1798545903650302 -1.000813744185054
-0.1303336729828369 0.8286135433303982 -5.14060499866184
-2.073135694089641 0.6199743185057879 -3.10131343221335
-0.9966749381300248 -2.143340785145142 -2.407276089378801
0.430511106655801 0.9930125824321779 -4.944644909871748
-2.068685597121906 -1.578215458987866 -0.8931174272051868
0.2488658260380356 -1.791114739367908 -3.947663233683861
1.313414700242394 -1.733457797737267 -3.068671933771737
-1.81319490583561 -0.421598399200317 -3.841693762846047
-0.9015075052815021 2.4670970763327 -0.5024477042832165
-2.591442360021562 0.04254276760750807 -1.010386776166657
-0.9682263272019274 -1.318277169191007 -4.253981718044272
0.8617216290247465 -1.269851187827727 -4.410119817799969
0.4291714612693852 2.43749097168313 -1.876445097079078
1.055328422333997 1.121587137139104 -4.402167088359975
1.195539532609338 1.692723861251174 -3.354947045786922
-1.973172112025733 0.755984964469032 -3.245963384170375
-2.001935857572077 -1.409189017084035 -2.019561432068304
-1.659878732490485 1.549069508549149 -2.760773020362663
0.04338487695791978 -2.545741976013624 -1.418574528327647
-2.199049767832891 -1.446366811401728 -0.3633206108097083
-2.270785112346693 0.9634625930664025 -1.921850636061234
-2.498647510513694 0.01748989742628563 -1.738557877409977
0.5573113698008929 -0.6740369479402242 -5.115341206711207
1.157501319838918 2.354900108047052 -0.5579047363964535
1.499392035335956 2.086671654812247 -1.227488299535008
-1.398004873315682 -2.220000719183355 -0.5674508574807121
0.2782195314607729 1.597869590417097 -4.276130571746953
-2.11962719806203 -1.220101192275989 -2.032171459661054
-0.351095926469319 1.527367365629912 -4.361461654533962
-2.155755866985018 -1.47933151975906 -0.7218297069055746
-2.569090057538082 0.1417155598078881 -1.196233678666064
0.2610510722674924 -2.539223112755395 -1.368375634177152
0.3355142299156328 2.574596046761296 -0.9594948126786575
-0.4801505973662183 -0.4633629396993442 -5.245679327057661
1.160515568064076 -2.367412250051943 -0.1792616044344156
-1.863592045792241 0.5986166604160708 -3.63495573350608
-0.812910088948274 -1.461988844509277 -4.192505627010456
1.140363488468873 -1.856686442348026 -3.056409612005472
1.59997230152682 -1.756438448194227 -2.356089370513993
2.089649999337416 0.5570504462600148 -3.104932887553228
-1.182181247496881 -2.038332425250763 -2.437722669266212
1.752869253684938 -1.696223288302851 -2.064900586907736
-1.316260439966923 2.202189295741218 -1.261762124302819
-0.4971187500867941 -0.9503954872105186 -4.953622427162014
-2.547215278781606 0.3613814863517219 -1.19871154923633
-1.800929939495267 1.438519572753183 -2.63722207184232
2.62538965812475 -0.195907591063477 -0.3438842038518246
2.626630889427924 0.1817300692174576 -0.3366524079627748
-1.882629998333934 -0.6985584668672116 -3.516240734656408
2.252365158441026 0.5776029006628989 -2.560756982588582
1.319213831014618 -1.130505163931512 -4.080093714739213
-1.923560257403098 0.6799239494991917 -3.43720011988054
-0.2162276812783205 2.348419176987607 -2.429498561205881
-0.1771233912246049 -1.200691960085188 -4.814076909755575
-0.1426961186380765 -1.055717344226115 -4.960217565042336
-1.362341138048271 -1.915632193416885 -2.460775794606999
-1.181634012447283 -0.3848450858139863 -4.782677450819638
1.012958648885087 -1.284626062789623 -4.253469056623458
2.067648589875045 -0.5822808944661849 -3.147311198356179
1.712570938066346 0.555071122120782 -3.963161766012782
2.167471516986978 1.030558580214175 -2.250635798375062
-2.204121205662246 -1.132906108246971 -1.858260849831536
0.8767277336738868 1.185828709758348 -4.495619127211481
-0.2857104999593665 0.9079820952840905 -5.056725909549052
2.416123497277292 1.044208314370129 -0.3619989522666117
0.5278155093583786 2.582848350771831 -0.1987337368309984
0.4041178013012434 -2.499809127851143 -1.519686991062297
-2.337692104931456 -1.19183600012109 -0.5582317336451655
2.539193497670952 0.1792263612301284 -1.423121639957442
-1.092883606249317 -0.2126372955926335 -4.915427319667326
1.716156034169681 1.550131168309588 -2.608706319055738
-2.546957698968348 0.4745654088680326 -1.021153112734671
-2.212481031693893 0.8851724446653939 -2.32575830529267
0.06782089030720662 1.586877279376297 -4.329058493543696
1.783071630297124 1.936270374919754 -0.3592834490989376
1.091612081312859 -1.951850041351458 -2.875800355374774
-2.000853532546697 1.444585694279644 -1.915777006046004
2.565899582723857 -0.5501068394756697 -0.5537459278944138
-2.497041497364452 0.6889450960198845 -1.025990684033016
2.103190600495627 -1.217232601147802 -2.110087739385897
-1.929319361155284 1.319977455228784 -2.512595381836007
0.2282206726440322 -0.5294304578053791 -5.290931698762334
-0.1323763541115988 2.63238498314894 -0.2258056390972153
1.934877965083738 1.210775740185614 -2.718432347847117
2.162167280674899 -1.508961972074227 -0.1733134486806321
-2.293020530320861 -0.9350107555380536 -1.868958221896647
1.890455485068111 -1.702036003209584 -1.436236912402733
2.513327711004289 -0.7338462915463891 -0.661863961301674
-0.04956482320576339 2.387538317130465 -2.303681492012292
-1.443773440632502 -1.419768973566606 -3.475185566469833
-1.634246978254976 1.8654491184709 -1.847960183904987
-1.893964547881225 0.403031007008243 -3.682171171677556
0.5397316731874328 -2.451587780613363 -1.66654268589645
1.722320787067336 0.1659471405484648 -4.092726338628067
-1.334131402664904 -2.267508819226803 -0.3982341851855174
-0.8287757593177285 -1.566613383273865 -4.016028998105794
2.565307906494134 0.187810090492145 -1.203679069521876
2.468625905549417 0.4745674274712314 -1.643910967817955
-1.795734614382654 -0.884061668655607 -3.531855497911587
0.5194829735818282 -2.572217758718793 -0.5548565101908162
-1.147004327102106 2.172158152529974 -1.976932064629534
0.8022659095607161 1.088649062372389 -4.655370681354742
-0.8106440044724648 1.572231819078316 -4.022382762914908
0.5472468831572039 2.541333140286423 -0.9219103556001752
-2.400493633795417 -1.078410866924467 -0.3773353405383716
0.02697213973482839 2.491025815622632 -1.783663939992917
-1.529319549919219 -1.776486372506271 -2.487155840814299
-2.369003982131716 0.3347068205569716 -2.283964089075302
-2.449954057543208 0.7841890090119221 -1.20165934858845
-1.01950173965108 0.3251198924363383 -4.955878372927798
1.16629636906154 -1.280898339883155 -4.089101548603727
-1.153821252993671 2.320000053427693 -1.018050074233698
1.82712826766195 -0.175962164315889 -3.894151182474555
1.776637815423947 -1.941977191333085 -0.3637824778509157
-2.04755009467733 1.192690904399941 -2.382845202463957
-1.006969024112292 -1.904217200456657 -3.129943006994788
1.90249024431841 -1.551419741015072 -1.984947898352362
-2.373541741385797 0.9929745754450898 -1.197306967305786
1.335035869958412 1.71489792010792 -3.073306636236593
-2.235958304203954 -1.374104864019768 -0.5490898757215551
-0.07719769704527139 2.430246542035615 -2.103077191177102
-1.095436231710641 1.692513674473668 -3.496782076812245
1.634728673688279 0.4693341593219291 -4.144684322700311
2.015518629006809 -1.63231739951682 -0.9905580663598643
-2.365429509252463 -0.7263005251382724 -1.879573108840793
0.7910085423546785 0.3575830172264801 -5.120030494843916
2.058272695878329 1.639412309034622 -0.3838864480382282
-0.1363980737027884 1.568491011492846 -4.350479061843454
0.728994209014906 1.968866235205721 -3.282880193589057
2.353953709030081 -0.3461448346502946 -2.34176744056217
-0.3371517270058614 -1.874150053115433 -3.752304704506404
0.8861414409225657 0.5816717569485685 -4.965032502909041
-2.072838177760548 -1.622854289895516 -0.3483785002870836
-1.692986521517464 -1.080648275185102 -3.515204718606944
-1.333829556549531 1.290911146863607 -3.852602059485542
-0.07788481965342363 -0.1728471628892027 -5.407980055809309
-0.1595422964852008 0.06308354901287735 -5.410521674994606
-0.5703726913755286 0.05207575815595789 -5.292665763383709
0.6854857604619489 -2.390743591078411 -1.807650305656831
-0.2851811837436116 -2.608942659708442 -0.5481797695430087
-1.685671355783614 -1.620149363713958 -2.511116909642814
1.42435897889791 -2.060049685111543 -1.702888703729602
-1.819075879832189 0.325839159604651 -3.869203007635232
-0.6695476424638774 -1.682054358028499 -3.94360826137838
1.36138058367124 0.1531565160716454 -4.633528933416506
-2.157352746500719 1.050036352957938 -2.253671252128
-2.244599548795571 1.292944864154063 -1.0258425049935
-0.1346407474672309 1.909864233610886 -3.729946842290123
2.602962151045167 0.3860088833400513 -0.3824774540186769
1.07166579350462 2.295140345504289 -1.514424166409784
0.8474593224608493 -2.135859347709889 -2.663208059488461
-1.205017938325721 0.8589642642518419 -4.488544070428357
2.492813123179986 -0.8454296725669234 -0.3570353780258535
1.106572355144133 0.3602903285931295 -4.865888655827957
-2.347639331452077 1.094600677406459 -1.026609164520944
1.326895333352577 -0.9911200869263816 -4.220256248020091
2.128682172212887 -1.426628645318213 -1.287648466549869
-0.0880200538937914 0.9776238635625673 -5.032678251537681
1.618032613243489 0.1570857910523731 -4.270143509380884
2.12925655406263 1.3043383037893 -1.748870447539765
0.9946204055399229 1.976345335058783 -2.95271844283273
1.961489959446992 1.678972678041577 -1.111886315529319
-1.828209374316295 -1.450377919964223 -2.528240035077943
1.353603488722229 2.249445425429387 -0.5312057766421562
-0.9117109210638401 2.404718095135848 -1.207518362932486
-0.2701935699612167 1.626991895796042 -4.231683646323444
-0.3757112885449673 1.799197824474551 -3.889314561223071
2.151471722121467 -1.265107400958591 -1.755746707475495
1.174795332591934 -2.013849823533455 -2.536756019693357
1.954606764746955 -1.670344029109322 -1.213362620451857
0.891766078648854 -2.331637505092408 -1.752793319013976
0.1335932244877075 2.018114255313701 -3.481011554940812
-1.147526169324553 -2.374020685430029 -0.1625344631334503
2.401086836057373 -0.7059207445196831 -1.714091040826652
2.580887516756525 0.5411551984327421 -0.1484220518238698
0.627090068864266 2.537101609147218 -0.7379732327031322
1.263179954111163 -2.310316662120212 -0.330503842379466
0.7336981883103066 2.441029259727935 -1.397191879404937
1.662390928841125 -0.3581053216453093 -4.145106965157781
-1.977145975088709 -1.158595614464942 -2.685820791787382
0.7709611495626102 0.8617088793782486 -4.873430815744979
-0.313023517934132 -0.9381034527020291 -5.026578031609338
-2.044195667652409 1.566840253948759 -1.172303057198808
-2.42201343737914 -0.5047104319419266 -1.881693048560603
1.548068623063816 -0.34793940991871 -4.331595347421856
2.3417288535511 0.5281067304959663 -2.248187818358209
2.04071618353418 -0.356636662352217 -3.356782784756146
-2.185001458247333 1.161616626828887 -1.87865662014674
1.713099137999749 1.869637608582748 -1.494605469159426
-1.727871566073869 0.2501838452142014 -4.064655456120307
-2.174507105073955 1.377248568079313 -1.187394025362639
-1.169754724109602 -0.02874513402707934 -4.859442136649238
-1.928942762246818 -1.79254185201273 -0.3250924817329613
-1.560258357819197 -1.277004199255453 -3.496442107327997
-0.8301777089954095 -1.921510326190424 -3.299867076341992
0.6092025153781145 0.3217575550353173 -5.233825407806776
0.02713636599589143 -1.819461265761921 -3.925584213337094
1.677656082782254 -0.55099490524638 -4.028118872097553
1.421982664866191 -0.3391523145875449 -4.513335830719029
2.342523613254678 0.8502286851905168 -1.778483120934837
2.577816305172195 0.3543133075880977 -0.8920509129484764
-0.6224056281395246 2.396172435315715 -1.872522917410564
-1.765538385083487 -1.954977312889601 -0.2905382364858407
1.925471290072075 -0.3451400347061011 -3.637718262433657
0.06211315561485201 -0.4525035210665284 -5.34011154990521
-0.02206783763382033 -0.3226664331705954 -5.381096976297393
0.319218630159889 2.517073128603858 -1.484247024240905
-1.824548642811638 1.838554553062398 -1.02722720612415
2.03736629971336 0.5140527608549267 -3.278215493314303
1.089747992076407 -2.255849287183339 -1.698164398515755
-1.854468511427493 -1.347659094381452 -2.682839739238725
-0.1074551420424813 -2.62393216945505 -0.5137431756002017
-0.281970288401821 -0.4555816271704876 -5.308993082830843
0.601605822849808 -2.562507951256205 -0.3599344694819585
1.470722528166811 -0.8173072888868634 -4.175957224109333
-0.720989146207286 2.469009219960453 -1.204109635600059
2.501140632653294 0.821738579291771 -0.3444481169853447
1.585349826690313 1.624447926436946 -2.76279868475872
-1.629573821245939 0.1909382745051577 -4.245705805680672
0.7396716432981999 -0.1408485371523029 -5.196443567284305
-2.036214164277454 1.668411269288476 -0.3516965717974928
-1.783198394073495 1.937797604419651 -0.3196569038673879
-2.338340121538507 0.5370772708958008 -2.254102992000878
2.240561813986351 0.3206472229764964 -2.785058489170646
-2.164736604921559 1.497571207785725 -0.3574167993786527
-1.493106204664823 -2.17336777450859 -0.1611890877426128
-2.280535109326286 1.31461249673434 -0.3559819408095493
-1.640432900029073 2.048806048238739 -0.5454131061177572
1.920808602984153 0.1313081270249499 -3.706634699191451
-1.431237388169056 2.20995273160735 -0.3359245058328995
-0.6841809671870299 -1.762162424156424 -3.781903976054211
1.424922327998624 2.112213681992909 -1.404860560885034
1.914730889359794 -1.80703937215073 -0.3405820638262736
0.3680483939870366 0.5119898950682101 -5.264833703154221
2.124259174868035 -0.5386004709125912 -3.018263042729385
0.7476668807331225 1.002228851796488 -4.774233013818728
-2.381552065252011 1.121357428071478 -0.3548746903517386
-2.019361816520497 1.62406563172458 -1.014501027839075
1.287601817782447 -0.3372830799811681 -4.681210325978837
0.5626450752309711 -1.942216080571564 -3.482139694404019
2.483392726185536 0.3284831379093242 -1.699738462928568
-0.6386015775627839 1.633418157075842 -4.050217293975336
2.632133083331733 -0.1580596219160137 -0.1583627958617335
2.63208184188439 0.1584933286385551 -0.1601197147765211
-1.90845369374068 1.814107883154789 -0.3305278896284521
-1.496594417340902 1.992549948274911 -1.778786599133436
0.09533619832765469 1.017234169538565 -4.998837956990963
2.34423082568675 -0.9458545721867032 -1.550369146607788
-2.458348697119131 -0.2933218527291237 -1.871975843459049
-1.051300956052432 1.635071067715872 -3.665408467599638
-1.254917934355271 2.315232276232366 -0.3179113418346193
-2.465658563463103 0.9219578341359775 -0.3534093816392398
2.027053882783655 1.643971622285271 -0.7892467406140519
1.973222383791644 1.732645783387741 -0.5174247285729933
-1.918201829587649 1.624389253491449 -1.64543848798418
-2.060559485317113 -1.094594690693193 -2.52982914689427
1.195426782245019 -2.177376445740558 -1.825709398116989
2.399743176810853 -0.3148456724937025 -2.156789419147294
2.428326702752218 0.3497100231842546 -1.992705775440978
1.211062415931566 1.750217899788194 -3.203378342192197
0.8165398211608437 2.483999728135397 -0.7180543188514752
-0.9586740097526097 -2.456870875042226 -0.1262598657834595
-2.535356335007379 0.7093429363107288 -0.3429708333399201
-1.142821673399443 1.021407777045028 -4.412882956398009
-0.8766555086399834 0.2793880434754537 -5.081510043144025
-1.085091700741919 2.390087963173846 -0.5402841989766652
1.437843410134443 -1.874912154236608 -2.411292602261139
1.662322662569028 0.3062877663691622 -4.162728240611932
0.5669302588933047 -2.202114334810917 -2.748578422012435
-1.39888855054076 1.338595890622639 -3.682634390494179
-1.002917522961132 2.259271404828501 -1.893700263181123
2.127224979339437 1.232043294240178 -1.967156484501312
-0.333873423312078 2.463115580011257 -1.815969301350185
-1.577350798876918 -1.343118241169032 -3.356600362034078
2.276671481924666 -1.206732937048763 -1.16196374964932
1.957352089088087 0.3952351784690972 -3.543074888122902
2.27298644026051 1.035809848091627 -1.743623886260949
-0.848622619750556 2.492713287718196 -0.3266906931382801
1.707732581564589 -1.693050809167704 -2.229146817233073
0.45714857655967 -2.098732536968864 -3.14768609584014
-1.531397863910427 -1.51193493954765 -3.13594543844052
-0.1970048759926744 -1.927408688372655 -3.679772900192054
0.5902241786320733 0.9988363953476483 -4.869478438728848
-0.5456712850714454 2.538593251238595 -0.9570740964121627
-2.583313996305063 0.5073885022282978 -0.3444754734810951
2.378152394367791 1.112796904233888 -0.5244885915155303
-2.254088357458848 -0.6594780716274841 -2.469168586299567
-0.8625636009575233 -1.844281127068359 -3.447626074746169
0.4403536837594568 -1.796835607667212 -3.865204169963609
1.155839738214255 -0.3315743203152812 -4.825964392234816
1.526350395526078 2.137887199277516 -0.4981267198645039
1.438245888955507 -2.196242856546455 -0.5320528619924447
-1.765467580351409 1.875209119617206 -1.173094289144421
1.590599815704906 1.554031014497172 -2.916869670352557
-1.544793157776786 0.5000162806955681 -4.273260292803857
-0.642147860994954 2.554082137531769 -0.3141018981453058
0.7536129786678518 -2.527340456035397 -0.1243729581376806
1.55188908091412 -0.8255808295936578 -4.042869580071014
-0.4720039755809487 -0.8199448343911346 -5.061303847251515
-2.149136696701918 -0.9118091986630089 -2.524696132651516
-1.72807316387284 -1.992063206484289 -0.1377437183570808
1.882566094477177 1.741117358486033 -1.272819962582953
0.439971269513775 2.084088019085899 -3.198717986537766
1.436832285459098 -2.080669714330683 -1.545436990563113
-0.04972184395260595 0.1866904208311526 -5.407439712082606
2.599809706598409 0.3480019475200433 -0.5774317233179878
-1.208916129100386 0.1527820456787144 -4.80890261163574
2.508718290696054 0.333612278926998 -1.529927032196537
-0.4383150025335382 2.597065757193764 -0.3060560572171842
2.26502413473417 -1.350915396226763 -0.125649699538948
2.522310546448887 -0.7333550413955914 -0.5000189656531566
2.077704620709153 1.110813743502543 -2.439098166261629
-0.08491746512131158 2.46142670461866 -1.942503901603974
2.125516960484361 1.157753004363309 -2.156476737323699
-2.091365516736416 1.333916442518134 -1.845124277552805
2.604745167118162 -0.3391651584156502 -0.5005666361165833
0.1045124739993383 -2.612905794306825 -0.7144931704259772
2.450428344662829 -0.3426842824455102 -1.880401853765787
-2.477286931402707 -0.09139337855336294 -1.854076903006123
2.440154531635943 0.6315135174737266 -1.599846161265888
2.302067453572259 0.5023423407880969 -2.438146502131631
-1.611184078976597 2.010423309712122 -1.165088709266316
2 5 0 2305
2110
2111
2112
2113
2114
2115
2116
2117
2118
2119
2120
2121
2122
2123
2124
2125
2126
2127
2128
2129
2130
2131
2132
2133
2134
2135
2136
2137
2138
2139
2140
2141
2142
2143
2144
2145
2146
2147
2148
2149
2150
2151
2152
2153
2154
2155
2156
2157
2158
2159
2160
2161
2162
2163
2164
2165
2166
2167
2168
2169
2170
2171
2172
2173
2174
2175
2176
2177
2178
2179
2180
2181
2182
2183
2184
2185
2186
2187
2188
2189
2190
2191
2192
2193
2194
2195
2196
2197
2198
2199
2200
2201
2202
2203
2204
2205
2206
2207
2208
2209
2210
2211
2212
2213
2214
2215
2216
2217
2218
2219
2220
2221
2222
2223
2224
2225
2226
2227
2228
2229
2230
2231
2232
2233
2234
2235
2236
2237
2238
2239
2240
2241
2242
2243
2244
2245
2246
2247
2248
2249
2250
2251
2252
2253
2254
2255
2256
2257
2258
2259
2260
2261
2262
2263
2264
2265
2266
2267
2268
2269
2270
2271
2272
2273
2274
2275
2276
2277
2278
2279
2280
2281
2282
2283
2284
2285
2286
2287
2288
2289
2290
2291
2292
2293
2294
2295
2296
2297
2298
2299
2300
2301
2302
2303
2304
2305
2306
2307
2308
2309
2310
2311
2312
2313
2314
2315
2316
2317
2318
2319
2320
2321
2322
2323
2324
2325
2326
2327
2328
2329
2330
2331
2332
2333
2334
2335
2336
2337
2338
2339
2340
2341
2342
2343
2344
2345
2346
2347
2348
2349
2350
2351
2352
2353
2354
2355
2356
2357
2358
2359
2360
2361
2362
2363
2364
2365
2366
2367
2368
2369
2370
2371
2372
2373
2374
2375
2376
2377
2378
2379
2380
2381
2382
2383
2384
2385
2386
2387
2388
2389
2390
2391
2392
2393
2394
2395
2396
2397
2398
2399
2400
2401
2402
2403
2404
2405
2406
2407
2408
2409
2410
2411
2412
2413
2414
2415
2416
2417
2418
2419
2420
2421
2422
2423
2424
2425
2426
2427
2428
2429
2430
2431
2432
2433
2434
2435
2436
2437
2438
2439
2440
2441
2442
2443
2444
2445
2446
2447
2448
2449
2450
2451
2452
2453
2454
2455
2456
2457
2458
2459
2460
2461
2462
2463
2464
2465
2466
2467
2468
2469
2470
2471
2472
2473
2474
2475
2476
2477
2478
2479
2480
2481
2482
2483
2484
2485
2486
2487
2488
2489
2490
2491
2492
2493
2494
2495
2496
2497
2498
2499
2500
2501
2502
2503
2504
2505
2506
2507
2508
2509
2510
2511
2512
2513
2514
2515
2516
2517
2518
2519
2520
2521
2522
2523
2524
2525
2526
2527
2528
2529
2530
2531
2532
2533
2534
2535
2536
2537
2538
2539
2540
2541
2542
2543
2544
2545
2546
2547
2548
2549
2550
2551
2552
2553
2554
2555
2556
2557
2558
2559
2560
2561
2562
2563
2564
2565
2566
2567
2568
2569
2570
2571
2572
2573
2574
2575
2576
2577
2578
2579
2580
2581
2582
2583
2584
2585
2586
2587
2588
2589
2590
2591
2592
2593
2594
2595
2596
2597
2598
2599
2600
2601
2602
2603
2604
2605
2606
2607
2608
2609
2610
2611
2612
2613
2614
2615
2616
2617
2618
2619
2620
2621
2622
2623
2624
2625
2626
2627
2628
2629
2630
2631
2632
2633
2634
2635
2636
2637
2638
2639
2640
2641
2642
2643
2644
2645
2646
2647
2648
2649
2650
2651
2652
2653
2654
2655
2656
2657
2658
2659
2660
2661
2662
2663
2664
2665
2666
2667
2668
2669
2670
2671
2672
2673
2674
2675
2676
2677
2678
2679
2680
2681
2682
2683
2684
2685
2686
2687
2688
2689
2690
2691
2692
2693
2694
2695
2696
2697
2698
2699
2700
2701
2702
2703
2704
2705
2706
2707
2708
2709
2710
2711
2712
2713
2714
2715
2716
2717
2718
2719
2720
2721
2722
2723
2724
2725
2726
2727
2728
2729
2730
2731
2732
2733
2734
2735
2736
2737
2738
2739
2740
2741
2742
2743
2744
2745
2746
2747
2748
2749
2750
2751
2752
2753
2754
2755
2756
2757
2758
2759
2760
2761
2762
2763
2764
2765
2766
2767
2768
2769
2770
2771
2772
2773
2774
2775
2776
2777
2778
2779
2780
2781
2782
2783
2784
2785
2786
2787
2788
2789
2790
2791
2792
2793
2794
2795
2796
2797
2798
2799
2800
2801
2802
2803
2804
2805
2806
2807
2808
2809
2810
2811
2812
2813
2814
2815
2816
2817
2818
2819
2820
2821
2822
2823
2824
2825
2826
2827
2828
2829
2830
2831
2832
2833
2834
2835
2836
2837
2838
2839
2840
2841
2842
2843
2844
2845
2846
2847
2848
2849
2850
2851
2852
2853
2854
2855
2856
2857
2858
2859
2860
2861
2862
2863
2864
2865
2866
2867
2868
2869
2870
2871
2872
2873
2874
2875
2876
2877
2878
2879
2880
2881
2882
2883
2884
2885
2886
2887
2888
2889
2890
2891
2892
2893
2894
2895
2896
2897
2898
2899
2900
2901
2902
2903
2904
2905
2906
2907
2908
2909
2910
2911
2912
2913
2914
2915
2916
2917
2918
2919
2920
2921
2922
2923
2924
2925
2926
2927
2928
2929
2930
2931
2932
2933
2934
2935
2936
2937
2938
2939
2940
2941
2942
2943
2944
2945
2946
2947
2948
2949
2950
2951
2952
2953
2954
2955
2956
2957
2958
2959
2960
2961
2962
2963
2964
2965
2966
2967
2968
2969
2970
2971
2972
2973
2974
2975
2976
2977
2978
2979
2980
2981
2982
2983
2984
2985
2986
2987
2988
2989
2990
2991
2992
2993
2994
2995
2996
2997
2998
2999
3000
3001
3002
3003
3004
3005
3006
3007
3008
3009
3010
3011
3012
3013
3014
3015
3016
3017
3018
3019
3020
3021
3022
3023
3024
3025
3026
3027
3028
3029
3030
3031
3032
3033
3034
3035
3036
3037
3038
3039
3040
3041
3042
3043
3044
3045
3046
3047
3048
3049
3050
3051
3052
3053
3054
3055
3056
3057
3058
3059
3060
3061
3062
3063
3064
3065
3066
3067
3068
3069
3070
3071
3072
3073
3074
3075
3076
3077
3078
3079
3080
3081
3082
3083
3084
3085
3086
3087
3088
3089
3090
3091
3092
3093
3094
3095
3096
3097
3098
3099
3100
3101
3102
3103
3104
3105
3106
3107
3108
3109
3110
3111
3112
3113
3114
3115
3116
3117
3118
3119
3120
3121
3122
3123
3124
3125
3126
3127
3128
3129
3130
3131
3132
3133
3134
3135
3136
3137
3138
3139
3140
3141
3142
3143
3144
3145
3146
3147
3148
3149
3150
3151
3152
3153
3154
3155
3156
3157
3158
3159
3160
3161
3162
3163
3164
3165
3166
3167
3168
3169
3170
3171
3172
3173
3174
3175
3176
3177
3178
3179
3180
3181
3182
3183
3184
3185
3186
3187
3188
3189
3190
3191
3192
3193
3194
3195
3196
3197
3198
3199
3200
3201
3202
3203
3204
3205
3206
3207
3208
3209
3210
3211
3212
3213
3214
3215
3216
3217
3218
3219
3220
3221
3222
3223
3224
3225
3226
3227
3228
3229
3230
3231
3232
3233
3234
3235
3236
3237
3238
3239
3240
3241
3242
3243
3244
3245
3246
3247
3248
3249
3250
3251
3252
3253
3254
3255
3256
3257
3258
3259
3260
3261
3262
3263
3264
3265
3266
3267
3268
3269
3270
3271
3272
3273
3274
3275
3276
3277
3278
3279
3280
3281
3282
3283
3284
3285
3286
3287
3288
3289
3290
3291
3292
3293
3294
3295
3296
3297
3298
3299
3300
3301
3302
3303
3304
3305
3306
3307
3308
3309
3310
3311
3312
3313
3314
3315
3316
3317
3318
3319
3320
3321
3322
3323
3324
3325
3326
3327
3328
3329
3330
3331
3332
3333
3334
3335
3336
3337
3338
3339
3340
3341
3342
3343
3344
3345
3346
3347
3348
3349
3350
3351
3352
3353
3354
3355
3356
3357
3358
3359
3360
3361
3362
3363
3364
3365
3366
3367
3368
3369
3370
3371
3372
3373
3374
3375
3376
3377
3378
3379
3380
3381
3382
3383
3384
3385
3386
3387
3388
3389
3390
3391
3392
3393
3394
3395
3396
3397
3398
3399
3400
3401
3402
3403
3404
3405
3406
3407
3408
3409
3410
3411
3412
3413
3414
3415
3416
3417
3418
3419
3420
3421
3422
3423
3424
3425
3426
3427
3428
3429
3430
3431
3432
3433
3434
3435
3436
3437
3438
3439
3440
3441
3442
3443
3444
3445
3446
3447
3448
3449
3450
3451
3452
3453
3454
3455
3456
3457
3458
3459
3460
3461
3462
3463
3464
3465
3466
3467
3468
3469
3470
3471
3472
3473
3474
3475
3476
3477
3478
3479
3480
3481
3482
3483
3484
3485
3486
3487
3488
3489
3490
3491
3492
3493
3494
3495
3496
3497
3498
3499
3500
3501
3502
3503
3504
3505
3506
3507
3508
3509
3510
3511
3512
3513
3514
3515
3516
3517
3518
3519
3520
3521
3522
3523
3524
3525
3526
3527
3528
3529
3530
3531
3532
3533
3534
3535
3536
3537
3538
3539
3540
3541
3542
3543
3544
3545
3546
3547
3548
3549
3550
3551
3552
3553
3554
3555
3556
3557
3558
3559
3560
3561
3562
3563
3564
3565
3566
3567
3568
3569
3570
3571
3572
3573
3574
3575
3576
3577
3578
3579
3580
3581
3582
3583
3584
3585
3586
3587
3588
3589
3590
3591
3592
3593
3594
3595
3596
3597
3598
3599
3600
3601
3602
3603
3604
3605
3606
3607
3608
3609
3610
3611
3612
3613
3614
3615
3616
3617
3618
3619
3620
3621
3622
3623
3624
3625
3626
3627
3628
3629
3630
3631
3632
3633
3634
3635
3636
3637
3638
3639
3640
3641
3642
3643
3644
3645
3646
3647
3648
3649
3650
3651
3652
3653
3654
3655
3656
3657
3658
3659
3660
3661
3662
3663
3664
3665
3666
3667
3668
3669
3670
3671
3672
3673
3674
3675
3676
3677
3678
3679
3680
3681
3682
3683
3684
3685
3686
3687
3688
3689
3690
3691
3692
3693
3694
3695
3696
3697
3698
3699
3700
3701
3702
3703
3704
3705
3706
3707
3708
3709
3710
3711
3712
3713
3714
3715
3716
3717
3718
3719
3720
3721
3722
3723
3724
3725
3726
3727
3728
3729
3730
3731
3732
3733
3734
3735
3736
3737
3738
3739
3740
3741
3742
3743
3744
3745
3746
3747
3748
3749
3750
3751
3752
3753
3754
3755
3756
3757
3758
3759
3760
3761
3762
3763
3764
3765
3766
3767
3768
3769
3770
3771
3772
3773
3774
3775
3776
3777
3778
3779
3780
3781
3782
3783
3784
3785
3786
3787
3788
3789
3790
3791
3792
3793
3794
3795
3796
3797
3798
3799
3800
3801
3802
3803
3804
3805
3806
3807
3808
3809
3810
3811
3812
3813
3814
3815
3816
3817
3818
3819
3820
3821
3822
3823
3824
3825
3826
3827
3828
3829
3830
3831
3832
3833
3834
3835
3836
3837
3838
3839
3840
3841
3842
3843
3844
3845
3846
3847
3848
3849
3850
3851
3852
3853
3854
3855
3856
3857
3858
3859
3860
3861
3862
3863
3864
3865
3866
3867
3868
3869
3870
3871
3872
3873
3874
3875
3876
3877
3878
3879
3880
3881
3882
3883
3884
3885
3886
3887
3888
3889
3890
3891
3892
3893
3894
3895
3896
3897
3898
3899
3900
3901
3902
3903
3904
3905
3906
3907
3908
3909
3910
3911
3912
3913
3914
3915
3916
3917
3918
3919
3920
3921
3922
3923
3924
3925
3926
3927
3928
3929
3930
3931
3932
3933
3934
3935
3936
3937
3938
3939
3940
3941
3942
3943
3944
3945
3946
3947
3948
3949
3950
3951
3952
3953
3954
3955
3956
3957
3958
3959
3960
3961
3962
3963
3964
3965
3966
3967
3968
3969
3970
3971
3972
3973
3974
3975
3976
3977
3978
3979
3980
3981
3982
3983
3984
3985
3986
3987
3988
3989
3990
3991
3992
3993
3994
3995
3996
3997
3998
3999
4000
4001
4002
4003
4004
4005
4006
4007
4008
4009
4010
4011
4012
4013
4014
4015
4016
4017
4018
4019
4020
4021
4022
4023
4024
4025
4026
4027
4028
4029
4030
4031
4032
4033
4034
4035
4036
4037
4038
4039
4040
4041
4042
4043
4044
4045
4046
4047
4048
4049
4050
4051
4052
4053
4054
4055
4056
4057
4058
4059
4060
4061
4062
4063
4064
4065
4066
4067
4068
4069
4070
4071
4072
4073
4074
4075
4076
4077
4078
4079
4080
4081
4082
4083
4084
4085
4086
4087
4088
4089
4090
4091
4092
4093
4094
4095
4096
4097
4098
4099
4100
4101
4102
4103
4104
4105
4106
4107
4108
4109
4110
4111
4112
4113
4114
4115
4116
4117
4118
4119
4120
4121
4122
4123
4124
4125
4126
4127
4128
4129
4130
4131
4132
4133
4134
4135
4136
4137
4138
4139
4140
4141
4142
4143
4144
4145
4146
4147
4148
4149
4150
4151
4152
4153
4154
4155
4156
4157
4158
4159
4160
4161
4162
4163
4164
4165
4166
4167
4168
4169
4170
4171
4172
4173
4174
4175
4176
4177
4178
4179
4180
4181
4182
4183
4184
4185
4186
4187
4188
4189
4190
4191
4192
4193
4194
4195
4196
4197
4198
4199
4200
4201
4202
4203
4204
4205
4206
4207
4208
4209
4210
4211
4212
4213
4214
4215
4216
4217
4218
4219
4220
4221
4222
4223
4224
4225
4226
4227
4228
4229
4230
4231
4232
4233
4234
4235
4236
4237
4238
4239
4240
4241
4242
4243
4244
4245
4246
4247
4248
4249
4250
4251
4252
4253
4254
4255
4256
4257
4258
4259
4260
4261
4262
4263
4264
4265
4266
4267
4268
4269
4270
4271
4272
4273
4274
4275
4276
4277
4278
4279
4280
4281
4282
4283
4284
4285
4286
4287
4288
4289
4290
4291
4292
4293
4294
4295
4296
4297
4298
4299
4300
4301
4302
4303
4304
4305
4306
4307
4308
4309
4310
4311
4312
4313
4314
4315
4316
4317
4318
4319
4320
4321
4322
4323
4324
4325
4326
4327
4328
4329
4330
4331
4332
4333
4334
4335
4336
4337
4338
4339
4340
4341
4342
4343
4344
4345
4346
4347
4348
4349
4350
4351
4352
4353
4354
4355
4356
4357
4358
4359
4360
4361
4362
4363
4364
4365
4366
4367
4368
4369
4370
4371
4372
4373
4374
4375
4376
4377
4378
4379
4380
4381
4382
4383
4384
4385
4386
4387
4388
4389
4390
4391
4392
4393
4394
4395
4396
4397
4398
4399
4400
4401
4402
4403
4404
4405
4406
4407
4408
4409
4410
4411
4412
4413
4414
0.3147339232461388 0.1840123359945749 -5.707417640889717
0.7139113900124395 -0.1840497559227671 -5.570624549578012
-2.933034602811642 -0.4368058221267184 -0.1898931226702205
1.666488257443485 0.1841552610842237 -4.744729521960238
1.791742386639373 -0.1908409741119883 -4.568985255324769
-2.046626515352506 -2.145500729752601 -0.2054577425538778
-2.461812907970186 1.653169233309864 -0.1898931199328759
-1.123038575452577 2.744793065822344 -0.1731994566689696
-0.7029904411821307 -2.881079718813113 -0.1763030340595102
2.296893171307509 0.1883922355446176 -3.622058181597622
2.631936112361663 0.1842118209350941 -2.630743878356226
2.376882640436615 -0.1601498873608008 -3.428073805304569
0.1651523062565195 2.961177307442143 -0.1649586747869656
0.59702612963581 -2.903890806666836 -0.2298932977364983
1.615618110816115 -2.486486112299541 -0.196277747924074
1.44422259031845 2.589551326504827 -0.2081692088216152
-2.893109819352557 0.6512656550261609 -0.1824249926767887
2.684116412361525 -0.1842139475915392 -2.424586362250772
2.773990921794637 0.1842174542059084 -2.008878624701795
2.262662041419697 1.917140302625981 -0.1736128790637523
2.261338641867088 -1.918186749840872 -0.1937947359533972
-2.574790333755044 -1.470916927168896 -0.1933190848725785
-1.878278454612658 2.293820088295118 -0.2256163761338423
2.846616516903098 -0.1730994712471806 -1.58646612507431
1.103884323509867 0.1959641562247009 -5.324610698822915
2.621610531317256 -1.385202987949373 -0.2074991471443829
2.874556977235806 0.1842211584649402 -1.378899857007784
2.121388093468944 -0.1576713650917028 -4.009066237537774
2.012734648235511 0.1841801457182972 -4.210249403971599
1.377153249731607 -0.167359608741369 -5.083626064695853
2.620662789223977 1.387248045429295 -0.2010480099355444
0.811711247845416 2.852125166234194 -0.1898752536263836
-0.5031828936976592 2.921460289697012 -0.2371237649840682
-0.05992853142179597 -2.965137650584061 -0.1673736349634502
-1.318366659951177 -2.656492479063216 -0.1738671027051616
0.1055559741359982 -0.1840065005672001 -5.736281916008171
2.921751072738394 -0.1731263903871343 -0.942604232635426
2.866713904282667 0.7585807284505323 -0.1898731083019946
2.866251621216505 -0.760302075462185 -0.190226266539531
2.935504723666385 0.1927429981306959 -0.7475771062482776
2.773990921794121 -0.1842174542097353 -2.008878624703157
2.580494163210623 -0.1966002075438305 -2.812562146083903
2.512233871664515 0.1842066682711988 -3.038802238702303
1.961758934621096 2.223784667512152 -0.1876535016813118
1.942512726955901 -2.240365615564771 -0.1985735842120354
1.229264264938239 -2.698724408722867 -0.1827060349652795
-1.698430113189052 -2.431002719484006 -0.1802735783776249
-2.762281694384997 -1.07908830354398 -0.1782547134459842
-2.333029254640059 -1.830442980019169 -0.189341314726951
-2.965381339384362 -1.775515748989537e-05 -0.1899407918149317
-2.765327274615669 1.071042379210246 -0.1830896929438192
-1.510237628796828 2.552031141557004 -0.188010765426419
-2.203208112981451 1.985204536026752 -0.172564631217462
1.390878151070786 0.1841300610990357 -5.067383131869693
1.10264394899129 -0.2047918900340753 -5.324328149377915
0.7139113900156256 0.1840497559205926 -5.570624549576746
2.948836077014838 -0.1773689326203687 -0.5343409784233912
2.946422444025548 0.3354638741675322 -0.1853887818588231
2.946107754563827 -0.3348564123399659 -0.2070403395439401
2.914674566023893 0.5461422590114892 -0.188822834820826
2.888326564561789 0.6500896400663259 -0.3780577592068027
2.832752634164762 0.8603708998899328 -0.3796509808469198
2.855109887703451 0.7522665714365884 -0.5668771524841054
2.7920089901188 0.9601466818562756 -0.5680742219636249
2.815052101102772 0.8525671900278587 -0.7549503720767485
2.744899685127095 1.056600147824084 -0.7562208051112348
2.768366429762368 0.9501094904101718 -0.9426866265544901
2.690526156577353 1.152166869500869 -0.9429680391312004
2.714891578067358 1.045456824667149 -1.129349278360335
2.629788520671377 1.244173742269251 -1.12911686011189
2.654829997710755 1.137655775684523 -1.315642106860843
2.56243834800263 1.333210120358882 -1.313989710543343
2.588089516229422 1.226942464901945 -1.500783979686605
2.489587361958645 1.417517792689859 -1.496011422973132
2.514804502064158 1.313234209239637 -1.68339986887736
2.40803758769931 1.500681151086495 -1.681319429469085
2.434760053341019 1.395388988646321 -1.867160148244231
2.320484288180774 1.577990311727473 -1.867629123339077
2.348154914067558 1.473510440952308 -2.049516776874536
2.227325071239207 1.652842488275816 -2.042354258834004
2.255015346624281 1.547520927262422 -2.229637510568405
2.127550301162864 1.721602799159083 -2.220797605041619
2.155344260919694 1.616837404930061 -2.408060811976
2.021092333679537 1.785472591333466 -2.39785526417218
2.049176316324847 1.68106484928535 -2.584580350680878
1.908317609483011 1.84401649655135 -2.572216263364298
1.936561637875028 1.739775172250613 -2.758961128965546
1.789249813160389 1.89665081931973 -2.744207270751245
1.755720123095436 1.99559542734418 -2.555450901602713
1.630482798281469 2.041580771216169 -2.725091756043036
1.664165981073202 1.942884807254809 -2.913187786390314
1.49952236813171 2.080444867317263 -2.892110075324733
1.461521131990009 2.173690348681883 -2.701240922046143
1.325278346190464 2.205019752150988 -2.864924604120922
1.363122101329321 2.111506091756803 -3.056487329066381
1.183697939496729 2.227798370977768 -3.027049262454894
1.221567945695758 2.134228490370168 -3.217806120972239
1.037470739624022 2.241987733105978 -3.185125578135609
0.9966087451980667 2.329570446473759 -2.992156729446199
0.8462955526072435 2.334712744791077 -3.147006483161579
0.8870184276326604 2.246651784659158 -3.339792168687413
0.6923503057450605 2.32991202939948 -3.298138245147342
0.6496581027803653 2.412032226795026 -3.103212153291198
0.4928782413520417 2.397374752745895 -3.250811014372151
0.4490356677610731 2.473965572918061 -3.053056592279469
0.2900034161113993 2.448882382768824 -3.197914570357197
0.3362793656553087 2.37399675289309 -3.387432260242272
0.1337410043171201 2.421269769650615 -3.313710783989844
0.08681310025387513 2.487660996809756 -3.129711246554896
-0.07501071617822662 2.43954088779077 -3.27002521171381
-0.02121722242676791 2.356434266480081 -3.494281633281004
-0.1204106061493644 2.503827505936138 -3.076646985570446
-0.2801251811889854 2.446399149228071 -3.208346722394431
-0.3252621211543648 2.508060769485026 -3.007163737839276
-0.4833183352125504 2.440086068435435 -3.134735405838034
-0.5266368973243858 2.498032309462043 -2.930378808071632
-0.6836647000428836 2.418434631127334 -3.056694046820931
-0.7261029869211464 2.472126577941421 -2.851674583648587
-0.880045940264382 2.38214694882647 -2.973908347121434
-0.8370009368868133 2.326748139822433 -3.178351783971299
-0.9210902109263994 2.432494341071332 -2.766883964980635
-1.071417851176099 2.331805590501268 -2.886625769535537
-0.3588612694064711 2.573503743313438 -2.776192154631714
-1.111294652350926 2.378559409020557 -2.679212180219806
-1.256806649730433 2.268310409968729 -2.794340374612413
-1.295330757147461 2.311937933254357 -2.586152601101289
-1.435386536424522 2.191591754926027 -2.699546875882915
-1.472185221197815 2.232773321174887 -2.490183465615144
-1.606323120994688 2.10314846930098 -2.600228935915107
-1.568647920141508 2.060079631369897 -2.80789449632672
-1.732247108101378 1.962789856219239 -2.706624982738763
-1.692753578225775 1.917711731399044 -2.913972340651811
-1.849098469742742 1.812104527226838 -2.809029208249231
-1.807354172439063 1.765029416320109 -3.016087516160771
-1.954836356737067 1.652388091073038 -2.908333371996579
-1.91216691437132 1.60251148577449 -3.112598965002622
-2.049739899484713 1.482610468849476 -3.005037048866036
-2.005285160732897 1.430654208062815 -3.205651548560562
-2.136163161124582 1.303561545653392 -3.08955517136455
-2.086440493691304 1.250355097892608 -3.293131964178847
-2.207977209457268 1.117565925865214 -3.172560495159297
-2.154529691620027 1.062403050996722 -3.37534671138864
-2.265867986457013 0.9246461799353581 -3.251508067652411
-2.208713044992533 0.8677571242174191 -3.451994074219746
-2.310060479549756 0.7259640339718929 -3.323351508484862
-2.254606236204015 0.6662564306598625 -3.50827742727293
-2.341276979660651 0.5217436616243242 -3.384741588277107
-2.278388586084914 0.4603502496695086 -3.574147234991368
-2.354922464933242 0.3148551499354554 -3.444706277204134
-2.282119174139212 0.2549221096396442 -3.641793997555042
-2.350960248403185 0.1063951455975063 -3.502282047848885
-2.272852457799943 0.04542011751044166 -3.695626288540692
-2.33199063376298 -0.1034184401049519 -3.549941205429329
-2.24726245972642 -0.1643465074395662 -3.741458000163756
-2.296294296280882 -0.3126273845375578 -3.59106989729493
-2.205880292614906 -0.3730378493392725 -3.77750169429218
-2.244459012195402 -0.5196120557137063 -3.623933581044488
-2.146593161834591 -0.5783541593606218 -3.808559282363293
-2.175671771556473 -0.7226558241537178 -3.650693620427696
-2.073710009214716 -0.776757032047982 -3.827615426231581
-2.14517683759911 0.7883322970682617 -3.667393233353053
-2.272352202785426 -0.6636222954214724 -3.466892713877039
-2.194834872214142 -0.864048645988443 -3.488552751770929
-2.419116043298337 0.1650352434012902 -3.314320084593056
-2.291092785583468 -0.8048037520233817 -3.304411175811038
-2.204689819401537 -1.002098760156644 -3.322528434688666
-2.157821188359033 -0.2276140961170789 -3.922450480167339
-2.300715973165294 -0.9426864876392232 -3.138128319247146
-2.20577360193421 -1.136473181981813 -3.153024529121844
-2.312677548855479 0.9804776585525193 -3.060630646528665
-2.301726679974446 -1.07694959783482 -2.968432235261881
-2.198589087233275 -1.266893160770244 -2.98040289460439
-2.09565055724934 -1.322613562880788 -3.162513471544867
-2.081783548138469 -1.447950369141339 -2.985711111296459
-1.971176810940583 -1.499649265742516 -3.166414831485278
-1.949532299363804 -1.620443238330794 -2.988145378117006
-1.833193176001099 -1.666343733657706 -3.164745684179391
-1.805289001206657 -1.781669497611405 -2.983803106930519
-1.682656553113146 -1.821571218016249 -3.157521751075637
-1.649175506834798 -1.931108369460397 -2.97400028976244
-1.520628537869385 -1.964313088560572 -3.144774784046795
-1.482270911662963 -2.067816384892044 -2.958781220730009
-1.348283623551636 -2.093656630476417 -3.126544594208282
-1.305742155838044 -2.190965274966628 -2.938202376945522
-1.166852490470514 -2.208823896332513 -3.102913925365301
-1.209292960877101 -2.111368193216385 -3.291053007171422
-1.023405919629282 -2.21806880817266 -3.264158839965898
-0.9773673561502444 -2.309750201825891 -3.072649931271584
-0.8304140804067682 -2.309888181687709 -3.23061745763797
-0.7825074842503172 -2.394325470714424 -3.038887979871376
-0.6319424514344636 -2.385263376095356 -3.193384799545686
-0.5821462764692604 -2.463935038409307 -2.998589581682666
-0.4289345490177904 -2.445316438476047 -3.149120359737232
-0.4733115283002572 -2.369756649519081 -3.336683365034689
-0.2731173226540566 -2.417149354993343 -3.292799794392651
-0.2235012751948806 -2.489196219915745 -3.099519998327871
-0.06785650318947584 -2.448931982662753 -3.244136878878255
-0.0167804482688621 -2.516877640545322 -3.045160727796281
-0.1181452379520953 -2.375535372986722 -3.437973974501385
0.1390771823129318 -2.466236896069768 -3.185825956060738
0.1897836893215237 -2.528705243382281 -2.985720521372557
0.345152674871978 -2.46764420437557 -3.122256798039555
0.3955232116829974 -2.52531184661928 -2.920022348539895
0.5490805583103123 -2.453714074079054 -3.053017502066602
0.5984148931973976 -2.506446622081926 -2.850528330520319
0.7497542590810993 -2.424225676196332 -2.980283562209268
0.697232648428214 -2.372129767644126 -3.179057692024367
0.7979109404517495 -2.472972025540416 -2.775820249213279
0.9459768518570864 -2.38037442724989 -2.902331099070572
0.9927571676004252 -2.425281315877101 -2.696659314297344
-1.99594512399816 1.697006219617586 -2.699395088757294
0.2421048007315252 -2.584398384918711 -2.78563123608191
-1.922329969314946 -1.734274435716191 -2.808913939105705
1.136745761440751 -2.322542986045709 -2.820036120677953
1.181956165490692 -2.363973062255329 -2.613285886314473
1.321074680654793 -2.251420387365136 -2.733622311031135
1.365130973885744 -2.289794413410998 -2.524546025353804
-1.147848975618409 2.418350052690051 -2.480078241860626
1.026659845929757 -2.475999078760197 -2.465928303840144
-1.641482818137519 2.142014874087953 -2.390034114945246
1.498162371618736 -2.167868985193065 -2.642766590606042
1.453537646245282 -2.127864155185492 -2.850394877723084
1.539826653784035 -2.203219593472875 -2.434771273169761
-1.863469170567648 1.549760768716634 -3.317200014729066
2.194368824408801 1.751221559125858 -1.860240931466618
1.667074197628718 -2.072367605412054 -2.548907655146611
1.706943977161859 -2.105221015409751 -2.340057277950578
1.578554032709246 -2.234872875535006 -2.224091483202412
1.743954112274049 -2.13422104903203 -2.129344417391644
1.865596144843999 -1.996094192355781 -2.242302095142771
1.900943273636029 -2.023034760269782 -2.03000112804946
-2.294602128762686 -1.207319346407234 -2.79566855249917
-2.390876010981689 -1.013782251751084 -2.781370812330475
-2.383827728019256 -1.144288741762181 -2.608506705455341
-2.473257136664916 -0.9474800500230388 -2.592116232300287
-2.466520487205553 -1.078149430242019 -2.418602392107901
-2.549122968580274 -0.8783744763784633 -2.400327243184806
-2.542327545131991 -1.009246773290472 -2.22787325235569
-2.618280663704129 -0.8067070207197198 -2.207406273918808
-1.439679937705431 -2.165094828832009 -2.770359277072107
-1.065636847958868 -2.120329977456707 -3.452012923170988
1.614166775253001 -2.262388622534758 -2.013572170113937
2.014867636828078 -1.876865539657751 -2.141624399019737
2.048101843263236 -1.901891880809476 -1.929749850013593
-2.611795057145718 -0.9378430381530961 -2.034837001954859
-2.527432712645798 -1.137288296489636 -2.052927037919119
-2.680849609060004 -0.7329101516545471 -2.013408656983463
-1.711231830805197 -1.706079533647079 -3.337104813654588
2.154209370603071 -1.74833492853283 -2.038277553197361
2.119245071634044 -1.721919943532725 -2.249523011219089
2.185555086620534 -1.771726718134064 -1.825958970214589
-2.597329461166574 -1.0659829237884 -1.859828429856074
-2.504670446982929 -1.26203333418048 -1.876258018193714
-2.678359032308619 -0.5992114250506364 -2.184745104755326
-2.734254571344418 -0.5236648920913761 -1.988755699323925
-2.722629914119058 -0.3880591420785126 -2.158236780161687
-2.771775541524506 -0.3113770690659512 -1.960862694438427
2.077723638283445 -1.924111892805255 -1.716204936079279
-2.783724872716005 -0.4470529233527508 -1.791357834745837
-2.814389464699648 -0.2336493409062681 -1.763456051474865
-2.793215504100869 -0.09706172826489584 -1.930178181121249
-2.828902001659265 -0.01647658038969535 -1.733829413609477
-2.798521653439467 0.1178600364446131 -1.896659823303746
-2.828322223170938 0.1958253693293774 -1.695709914754427
-2.787750495410414 0.3321530651972045 -1.86039543386447
-2.810456112345126 0.4095493108709858 -1.663679342891767
-2.761058934042387 0.5446020970563823 -1.821456247957302
-2.775871074747287 0.6261304323122149 -1.628177928119301
-2.718443883843427 0.7546523366345412 -1.780358304117043
-2.729104833594699 0.8327361469407355 -1.576638788815447
-0.7325996499019379 -2.472601168147248 -2.843875221958124
2.213513880817966 -1.792082343412062 -1.61228995163797
2.312944508814402 -1.632776463079833 -1.71999986745407
-2.661004504711735 0.9592395533093562 -1.735857037525433
-2.665253305917923 1.032647116034096 -1.542341032279748
2.071524591898701 1.571875407557809 -2.769211382854755
-2.589770264676776 1.156496280857449 -1.688338508892208
-2.575054599766102 -1.190875445326393 -1.683104406555385
-2.474340478786052 -1.383211569969774 -1.698055901461824
-2.583131693080125 1.237312513001507 -1.500888565827246
-2.502653736480399 1.352314232911817 -1.634476911000368
-2.494366016187739 1.426182731769963 -1.433873265727306
2.462923732508418 1.509331421975596 -1.313224423187337
-2.826322595769543 -0.3670988669990981 -1.598648835638047
2.339056821376534 -1.651734371580773 -1.50600941602487
2.103923945700618 -1.943105615604901 -1.502585051749517
2.429529051041217 -1.486222740380568 -1.611979274440984
-2.399319135192623 1.541967729135163 -1.585035352579385
-2.391428774499439 1.605283997923734 -1.380461525049649
-2.84884588797376 0.2802042406289459 -1.512203494884691
-2.286551281021449 1.716608240154273 -1.536085746077599
-2.273442622049338 1.779120280335646 -1.327826188030902
-2.160064026431885 1.885113929039307 -1.480702429021726
-2.758551300406764 0.2534237828220464 -2.059789380919723
-2.545259798454882 -1.3122488131797 -1.504847493480991
-2.436730294012606 -1.50056912166039 -1.518494979080509
-2.359897629581237 -1.567554580128811 -1.70830339139434
-2.314398963840608 -1.680403629436172 -1.529788979382777
-2.231385977176991 -1.743265476019884 -1.717391276854086
-2.179210153031654 -1.850590023593085 -1.537821691936071
-2.08970365734567 -1.908435006896114 -1.727286435146851
-2.03170858379912 -2.010124431079221 -1.544161151151135
-1.936141316757162 -2.062811731866025 -1.732878490658749
-1.87189908841975 -2.158834310701357 -1.548859874693298
-1.77121127656762 -2.205357885571813 -1.736173774136289
-1.7028980695066 -2.294378436324512 -1.549511689399485
-1.596380700390441 -2.335009330459349 -1.736274263101516
-1.522478013331285 -2.417937725987653 -1.549114105547675
-1.41681722525233 -2.451865150592197 -1.716345395737261
-1.334253007405906 -2.527984479624949 -1.541120902833787
-1.218684341340919 -2.557751860604485 -1.707267289183229
-1.136857231986153 -2.624065137338242 -1.532287971548845
-1.02104932590153 -2.640405623489864 -1.721514811494512
-0.9363913860653094 -2.701004044136943 -1.539517082675671
-0.8155030209744537 -2.711730631915042 -1.716876770402121
-0.7220396312501433 -2.766080396919143 -1.539162792149352
-0.6040968948880913 -2.76888358268477 -1.702459537639453
-0.5111534411686889 -2.817013111396041 -1.509214901124973
-0.3931971629945887 -2.809499637877783 -1.684441314385414
-0.3033768877428702 -2.84725655629833 -1.506640219795925
-0.1799449948284984 -2.835436171234163 -1.657248497969005
-0.08543585870711842 -2.868245666336343 -1.462060544771969
0.0561184960347786 -2.839056998717954 -1.667063658380677
0.1394931757247484 -2.86683068230017 -1.456855275256868
0.2547567785527982 -2.834561611399163 -1.625705823104068
0.3461923165531106 -2.853081688819576 -1.428537392955444
2.366513871869523 1.367121486645213 -2.238471812280331
2.453822440946602 -1.503897905669029 -1.397925659616365
0.4694803267583237 -2.810700945890912 -1.601477588761402
0.5588300569983201 -2.822603590165271 -1.402716759407151
-2.142784987697239 1.94383692867025 -1.275556211494626
-2.021867299169823 2.043509750993379 -1.423326704829396
-2.730185356361935 0.910797497904396 -1.397239234785663
-2.586799843652054 1.082591035201681 -1.878824793682887
2.534963275927369 -1.332842289003773 -1.502144945059944
2.502897199915246 -1.316069087199213 -1.740777602310835
2.557362558491292 -1.349696774790518 -1.287641397227608
-1.049481181819541 -2.683513180239752 -1.371196741245552
-1.80321526626549 -2.24836139941431 -1.36562245509179
-2.392314613846944 -1.613593706864751 -1.337631658596282
-2.000779753687209 2.099094675248219 -1.216319424149086
-1.872775710836175 2.191019303391622 -1.364053136926584
-0.4238299546932207 -2.857872107010921 -1.308940065670179
0.6816328832697536 -2.771014241631719 -1.574635064124779
0.7691657776211288 -2.776342040810223 -1.375249551388606
-0.2650625681103403 -2.800069264419146 -1.831116823262274
0.2239591910752966 -2.890049488413902 -1.226737400706311
-2.485973998924516 1.488986909948274 -1.23497135225662
-1.847462015920108 2.242334636926654 -1.166071547083695
-1.713722494602529 2.326631674871028 -1.30463476823336
2.474231364228438 -1.519421169767322 -1.183213871085736
2.628897956494795 -1.17361518750514 -1.390483195443686
2.649646695632298 -1.189206412985097 -1.176242593034439
0.3779755037697524 -2.791315444101854 -1.80667955927048
-1.107250131494348 -2.564525401961975 -1.938608008379844
2.603136826066378 1.125209932337461 -1.690534520549009
-1.685265763279844 2.375161852226276 -1.09917441568343
-1.54530515543718 2.450502227092288 -1.241373224531617
-1.572396266807072 2.402138734564851 -1.451010050841427
-1.398597352719365 2.516944932281766 -1.386953583107487
-1.369121875993847 2.561396871104639 -1.175588987789412
-1.217326952418999 2.618513268871002 -1.321179569645125
-1.185830345576307 2.658829364435538 -1.109292122436696
-1.029591493996987 2.706416479299402 -1.253691320216833
-1.060956863588675 2.665677103099126 -1.465485319987654
-0.8695159134542481 2.743684453271932 -1.396703844423648
-0.9006830338579086 2.702483056249448 -1.608274803864487
-0.7061042014593758 2.770353701901943 -1.53806299209702
-0.6737103762551987 2.807351626680941 -1.325987860645763
-0.5077362749835648 2.82370664967482 -1.465932000239562
-0.4744632034337014 2.85655519891941 -1.25328049050007
-0.3065245705592064 2.862472636410843 -1.391523303980585
-0.3397628420582136 2.828916692571587 -1.604106653212017
-0.1375504905919253 2.856949201899139 -1.528708029524662
-0.1041343272568148 2.886400821031867 -1.315969505842261
0.06529099884687452 2.870190412558004 -1.451585538003614
0.03183385367361219 2.839890883365797 -1.664131589717125
0.2344655852141466 2.842413027885764 -1.585166733863362
0.2007845294651425 2.811102674890323 -1.798023169848091
0.4024964158890437 2.80302434180914 -1.716416472256081
0.4357624924975423 2.830385123899684 -1.50406769714775
0.6021743738069948 2.780183574581951 -1.634470962554587
0.6347342647717347 2.8040273139654 -1.421243434747078
0.7989404821589349 2.743257005631367 -1.549838202030091
0.7658930916027785 2.718453985835322 -1.762172765221641
0.959679137584982 2.670868616116082 -1.677029911020496
0.9915113177396029 2.692600115383208 -1.463270914958076
1.148535433915345 2.610026868042299 -1.588613974477933
1.179095469518149 2.628760768284587 -1.373940083093809
1.331755030157342 2.536186965527954 -1.498001819953365
1.360956437194299 2.5519439787169 -1.283497489021621
1.508509694152626 2.449764146537496 -1.405975564740768
1.536182216092313 2.462882014457041 -1.190838533637755
0.9251337515706614 2.64593818000007 -1.88548745666848
1.478534513766745 2.43272235673976 -1.620425938413782
1.67802690206805 2.351410543810958 -1.312034901193892
1.208217772275599 2.642917628392012 -1.160219793676792
-0.6403646515601156 2.839578889678946 -1.113166840290211
-2.296602035676071 1.653183919377666 -1.729012166289425
-1.843378939903663 -2.104255399031405 -1.916050496443407
0.8898426121936051 -2.715722010574841 -1.545953404925978
0.9754429605509969 -2.714668967375692 -1.345944052327923
0.8547085149827193 -2.775701541398217 -1.175913249425576
1.059129521079741 -2.707770462827177 -1.145600139143533
1.176533894284044 -2.637927894011781 -1.314909988331832
1.257796730568223 -2.625081552661428 -1.11345265089912
1.371233382196734 -2.546631027001887 -1.282047572414515
1.440116290275249 -2.532902822664587 -1.085386265949262
1.704051811363676 2.362051471508978 -1.096496124232384
-2.256289235027727 1.838239394914336 -1.118738700675951
1.836822615397772 2.244912358927306 -1.209767607515043
2.711206012692323 -1.008970356655025 -1.277572672250399
2.687393705058468 -0.9975414814910032 -1.483689947702323
-2.369098201685047 -1.271036011884106 -2.432520294117035
1.98740163866064 1.885209174286385 -2.209440078903134
-2.471827164661511 -0.8135226124245204 -2.76259471839447
2.600999672713062 1.341510294605941 -0.9460912118244561
-1.6493990207986 1.868684663055608 -3.119788276636566
0.641909260725316 -2.55320182902882 -2.6521749241926
1.283386130014858 2.292327494877469 -2.672666160744863
1.397307730565026 2.012000231110112 -3.244865563561821
2.730116524163198 -1.024110749378434 -1.062988568655351
-0.4376455939929557 2.378614583435193 -3.331290769016881
-0.4401450076590271 2.884703861073604 -1.03993254763179
-0.001891383903863789 2.804667183340267 -1.876198542772979
0.167002066266892 2.774952538403922 -2.009542847600202
0.04438023704775106 2.546774396010744 -2.949218208613787
-0.6932938573385283 -2.714886043383761 -1.891057325105987
-2.148116866156737 -1.793978453393692 -1.909344353655838
-2.095590932365645 -1.072024726729849 -3.500992169024438
0.09879697371352955 2.895737034379317 -1.238153896374008
-2.395807049514238 0.5809168740401455 -3.200129038209058
-0.1729071070517029 -2.555771309218493 -2.901807271569098
-2.121427231455533 -1.952595529369344 -1.356833660253429
-1.444603108055631 -2.49425307109 -1.36360951469806
-2.361637313741207 -0.6019566364141868 -3.279950710618811
-2.702217325984515 0.6767318713257345 -1.979693955359833
-0.7370804053064204 2.728598445892892 -1.749384312546482
-0.7718371868007178 2.523593347325584 -2.62843331270992
-2.639416711386613 -1.116523600553775 -1.488781699118919
-2.610187918332757 -1.238184819816966 -1.310205547307272
-2.697687572420014 -1.039366752743934 -1.293439383489708
-2.668991321541485 -1.161366533910046 -1.114833344348311
-2.749864381094013 -0.9596389661411753 -1.097213166139649
-2.206133375480768 0.1896411560101116 -3.827927775427846
1.087464336449718 -2.2823480130705 -3.009956763629719
1.959095655304893 1.630645850556802 -2.943459371872799
2.087746226006848 1.458070118794261 -2.951368231281513
1.975671435153756 1.517002665605105 -3.124556457025572
2.097517884502239 1.339661399649911 -3.13074335590609
1.985302138112621 1.398254102704949 -3.304568143034682
2.10061641089763 1.217299695629095 -3.305779477024006
1.988417901840315 1.275486048696082 -3.479499658828005
2.205319974850018 1.153833709703702 -3.130446638419618
2.095934397031182 1.08943850575486 -3.479960239516664
1.983374668376227 1.14761830261929 -3.653253364676443
1.868261835633957 1.328815281139188 -3.65050155639952
1.863065431638066 1.200947320289485 -3.822870213145339
1.740703547121583 1.377209309199036 -3.816246812827829
1.734870604520382 1.248894874300537 -3.988222953120072
1.605351345979635 1.419686394049566 -3.977304774692338
1.598705562410095 1.29075022733213 -4.14872963224585
1.46215010305449 1.45553497391721 -4.133046981751637
1.454514349029595 1.325731947977896 -4.303733755694835
1.311737629261181 1.484544205520844 -4.281261258283119
1.30230419371377 1.352968695941502 -4.45247624739918
1.152315691057726 1.504022356110597 -4.425648767783966
1.142190843885317 1.371503493774906 -4.594053998374171
0.9876992083971464 1.516168777380241 -4.557641304908735
0.9754941177876497 1.38156587687624 -4.725203315191139
0.8126669047736115 1.515131572987985 -4.686987256396058
0.799515684798692 1.378147090035742 -4.85145047586439
0.6331937159866032 1.505214340207164 -4.801596288209601
0.618084275186509 1.363942956604022 -4.96479804759994
0.4472934132660352 1.480394981858606 -4.907992535965215
0.4599329152450121 1.614861317006461 -4.741474283669764
0.2713785676353121 1.581073252954334 -4.837908457752314
0.2577781223893892 1.442318200365007 -5.000853656122532
0.08008891397873086 1.532653347144865 -4.921828734645891
0.06592653217706909 1.388947635333391 -5.08031344402407
-0.1122372860223582 1.468971640359402 -4.991926549463826
-0.121891609439569 1.317395723608379 -5.147584978589833
-0.3035657863218851 1.389645681503025 -5.047019205905786
-0.3166319744437834 1.234066469130158 -5.193802325863176
-0.4916284344547944 1.294701012349672 -5.086068462159709
-0.5025539560099143 1.132480255824447 -5.225571425544419
-0.6740478097189102 1.184626532048978 -5.108280295306098
-0.6815000766749928 1.015600547638491 -5.239639204424615
-0.8688317438181778 1.096620142815828 -5.071459919231063
-0.8592350875839432 0.8954655468980275 -5.223747959222542
-0.6491974946296626 1.331552958508464 -4.982880815352286
-1.017069463459772 0.9261365355940901 -5.095585144157518
-1.013182176971721 0.7447856021584868 -5.208946672990133
-0.09726815349722362 1.609238914390786 -4.82792979957282
-1.164914325130081 0.7756792908779971 -5.070993393144224
-1.156629658649657 0.5900431932015591 -5.171050208381314
-1.165644950437814 0.9551844775662438 -4.953912820715345
-1.310718812604309 0.6189635769977828 -5.017965670575234
-1.283360359321115 0.4274181683479163 -5.118559596779042
-1.128668916418176 0.394974860059414 -5.2632444830513
-1.249463082111949 0.2309572872848343 -5.196939614148604
-1.407844135507547 0.247482477926467 -5.039567525488461
-1.355034066333226 0.06357422642752408 -5.11471967077854
-1.200040119575761 0.03200651583467735 -5.259237612027913
-1.295977275808414 -0.1356687273136665 -5.166681735839034
-1.134631239477131 -0.1669563109393574 -5.304002362951362
-1.221442154399091 -0.3334435203357548 -5.201056496546164
-1.058770093268082 -0.3594154185063155 -5.327005347137067
-1.131769105210856 -0.5271712245342843 -5.217030564437562
-0.9494706035390142 -0.5269833596567791 -5.351973271641747
-1.030288564238012 -0.7141343892035332 -5.212465769543667
-0.8456666321969638 -0.736723946364948 -5.324274933006311
-0.9110673884442161 -0.8923237514759649 -5.19267749127206
-0.7224385038644696 -0.9087992164173461 -5.292453974271176
-0.7832273159784759 -1.059332457862357 -5.152968188634656
-0.5889343761832343 -1.068429281117632 -5.242328173587291
-0.6463560833925703 -1.213757803217586 -5.096018297151321
-0.4535885421335513 -1.22362686285954 -5.164848139180059
-0.5023806294509511 -1.358311705321654 -5.019351647496068
-0.3080297807188903 -1.353844003527321 -5.082437662322225
-0.8285348367576626 -1.206346992591736 -5.002727138129655
-0.3541845575396567 -1.485309999179125 -4.930922557490577
-0.1509348669244387 -1.469746008987637 -4.987235523720186
-0.2018269729484547 -1.59707140350038 -4.830940406541258
0.004913528220034375 -1.569403203662975 -4.88058371922989
0.05135283961479837 -1.405226165997548 -5.06410059764888
0.2097394992399234 -1.519706736062577 -4.922569625283547
0.2650381957462377 -1.37654822371246 -5.068612138799411
0.4143531216673396 -1.459976621850147 -4.941719778634114
0.360844261805887 -1.601334385322588 -4.790677888156792
0.5624584972564621 -1.530511235719924 -4.804639233140794
0.5075581693952514 -1.66773804158213 -4.653636541857723
0.706904878459336 -1.58959068114449 -4.658660533700934
-0.4059637744084915 -1.606984295481899 -4.769958396088085
-1.199495921050917 -0.6853012102896207 -5.089583845220392
-0.2531084016244874 -1.717340246031972 -4.663976867059811
0.6517795494059189 -1.726207451878141 -4.503618347946689
0.8472312572521772 -1.638350416822261 -4.504709339434819
0.8976097585441825 -1.492423356012285 -4.656031608283245
1.03386932168797 -1.534061354656263 -4.496262173639726
0.9818353751547575 -1.677066982388498 -4.345704190962246
1.164845376107003 -1.567045798607304 -4.330139042162092
-0.4561921502409703 -1.724522113322951 -4.595498835506267
1.211357565761646 -1.416320996234985 -4.47485222368362
1.337956640167298 -1.444158773752818 -4.302622589464181
1.289938710938134 -1.592682606679813 -4.158370255033278
1.457897896137119 -1.463426540879838 -4.128217844192222
-0.9619370188473402 -0.1957290668979096 -5.427112111254205
-0.6876553009944057 0.8428590387951765 -5.350542653819069
0.4641892968487523 -1.305404388561962 -5.085476323815258
-1.444337788248618 -0.1061804102194257 -5.019355786660121
0.9906186588315988 1.6380230629305 -4.393899223300285
1.409613400925015 -1.612148169892149 -3.980435347956374
1.57246495698721 -1.47722908412914 -3.947822444083353
1.614164069020817 -1.322681184622773 -4.088010576316429
1.723426519480246 -1.331434809193054 -3.905692107398503
-0.3035912616664884 -1.827176242212978 -4.492704999768682
0.05190122570012198 1.234712812409732 -5.228397173612543
1.68130974368525 -1.486134193373978 -3.76238730882023
1.827119711895101 -1.33587504260899 -3.71842646102057
0.3122117744316843 -1.218688072778075 -5.208429818929407
0.957150447335543 1.24085128118542 -4.883354870777319
-0.5060927874001306 -1.831808150887706 -4.416412767014549
-0.3799073329635325 -1.071491525525464 -5.312085132842906
1.783942221174077 -1.489882951619842 -3.574554989332841
1.925313648265778 -1.336170204365041 -3.526949299004127
1.880817507058008 -1.488766581748547 -3.384682709690001
2.017507704638144 -1.331527016079946 -3.334694741809314
0.5115931033819888 -1.141785933245802 -5.214656448121918
1.960014675688543 -1.176209681505158 -3.666432540548756
1.584894962974826 1.155745334071272 -4.314866431316807
-0.6555201273784261 -1.715107858034598 -4.51749003111757
-0.7028210192700594 -1.819226741606508 -4.334021800990159
-0.8469456338269727 -1.700894719474072 -4.416961976361302
1.972449334664743 -1.484009854917847 -3.191025592582847
2.104531266643204 -1.323428785180276 -3.138987939869926
-0.5520457355432692 -1.927798358993837 -4.238647857767835
0.3583432908219124 -1.051202575554274 -5.33290423508465
-0.8950968730292436 -1.795020137916402 -4.237701664725331
-1.034861979492732 -1.674142985736777 -4.303508142857047
2.140847201281941 -1.165347223889635 -3.279046638435448
2.223214129983451 -1.154535969442444 -3.081537841400482
1.850250642210604 1.067982768370458 -3.990812640044326
-1.080568555390027 -1.75178212141157 -4.142170900370415
-1.216687833519496 -1.605637175034184 -4.22211147615374
1.756919406792119 -1.170689205649723 -4.040742614651353
1.629778592967577 -1.632788599669625 -3.616365781600995
1.377478659269607 -1.285333201340476 -4.442758167257213
1.235941361282743 -1.734347813498637 -4.004206199041
1.419863349645669 2.261127650783591 -2.508145238970473
0.2944083984802275 -2.404569583766861 -3.320395039182777
1.256015446775355 2.034762918350412 -3.404640709887611
-2.031473087648021 1.194196574824278 -3.494412945059206
-2.181097698528681 1.353556589036708 -2.88398951961646
0.6143606570717873 2.48473846511679 -2.908596460726743
1.287032985198859 1.214818184078312 -4.61583178063106
0.7330864955992283 2.241583340717379 -3.489504936141704
-2.04194077155733 -0.6350624720088126 -3.986662602180457
-1.958544699750363 -0.8331589024764822 -4.006767974062626
-1.928420716124392 -0.6885487508564149 -4.161835508511121
-1.841732950805197 -0.8792035721471336 -4.174421849250531
-1.806594769420846 -0.7386277882722105 -4.331501755129462
-1.707884912072652 -0.9301232105496854 -4.343349508955592
-1.861600755969274 -1.026457076201997 -4.01186555297265
-1.886398717665298 -0.5398097666928529 -4.313884401969458
-1.425797536727001 2.468126652139095 -1.596665483149621
1.249850947426066 -1.256764773020512 -4.612025790908254
1.408650095170418 -1.118882054856529 -4.573328615916372
1.279160037258265 -1.088593080799295 -4.740693741650739
0.2828335428465915 1.710397338214194 -4.667144650154823
-1.16606235479674 -1.513175265166868 -4.400326393125181
1.318313548310518 1.604155240816884 -4.108064028514098
0.5546442223258099 -0.9669661259482275 -5.329656530177609
0.4498466635811541 -1.796772818598485 -4.492699184329666
0.5930588849468434 -1.852173630119587 -4.343234486642623
0.389713262355245 -1.91711579819083 -4.323751766671977
0.5321658003937052 -1.970039212412167 -4.174747756746187
0.3264274770207848 -2.026613190091725 -4.152431751523285
-0.3261829612738398 1.067720075110319 -5.328328334119793
0.9385337636987734 -2.769321330782691 -0.9751563333561377
-0.653805516064777 -0.7497815081239468 -5.418104535569524
-2.040851533492931 1.98346984749983 -1.626182901334449
-1.47229528518364 -2.380364975338306 -1.908334577089122
1.42998892786505 -0.9443306267093748 -4.694765349484599
1.298084535861626 -0.912193070367024 -4.85972786681592
1.86309596922226 2.250879504054689 -0.9987602451450016
2.250243071051302 -0.9916225468861731 -3.217952265804493
2.328014228077122 -0.9786390890247055 -3.018872346357793
2.300045614068919 -1.141016000586842 -2.882148986922301
2.400422292590407 -0.9630788529077914 -2.817936183719693
2.371551266052574 -1.125123287334465 -2.680868392470578
2.467626218646171 -0.9452076352571358 -2.6152924073361
2.083589112137675 0.957911445668931 -3.649067813438176
2.1890638562085 0.8969895225992306 -3.470893783165435
-1.974044053844591 2.1549686898187 -0.992808630621159
-1.264275363012492 -1.69666509752889 -4.031533763139096
0.8025349124033488 -2.710860144833708 -1.74477363593662
-0.03561464629556066 2.764530040448132 -2.086911012682416
-1.763810803583682 -0.5896399049304675 -4.480997471909274
-1.834319793928868 -0.3879790521643082 -4.457225964561571
0.4691347602955293 -2.079040029136261 -4.000929546433633
2.66627106170209 -1.203400084155627 -0.961211799352283
1.561920446768455 2.47175040864363 -0.9767745072828533
0.399626794280943 -0.8722958384867223 -5.441986546045397
2.732818245191277 0.9381837797711668 -1.306901181332244
0.1331077908387211 2.733804924334852 -2.219934152834803
2.438332600390126 -1.107168024123971 -2.47605087963172
2.529105221410609 -0.9284920654695574 -2.40899780382595
2.057326087955046 -1.482478227615484 -2.985743001202559
1.818512334895576 2.223321872944596 -1.441336907689916
-1.337563240799895 2.601320383833617 -0.9636126030116041
-1.152094993635079 2.694758328809297 -0.8967616362010405
1.989469868314343 2.125699022592297 -1.10756430158799
2.013954869730661 2.128715715604293 -0.9001081559521935
1.556647804524454 -2.442898436643243 -1.244432378103603
1.599476757808686 -2.441019203857533 -1.03693562378162
1.007959776300358 -2.646899041729407 -1.713010838197715
-0.6060895863249189 2.867112245526421 -0.8996230015308209
-0.4045894901145731 2.908243243629568 -0.8258195657009098
1.827572133520315 -1.63511389616374 -3.237328694731308
-0.9302234600103305 2.656550430243764 -1.818836824898802
1.238102071742782 2.374050049684088 -2.47777744558798
1.739355492253572 1.500215247523186 -3.640271925187762
-0.7665672197854051 2.682264716936339 -1.958491136263562
1.336369768979335 -2.606921199086071 -0.9115609084066885
-2.721735802207607 -1.081972210114424 -0.9185667919655438
-2.632521063081798 -1.280564013585822 -0.9357851423005177
-2.795991101083608 -0.8774769137269234 -0.8999262405070926
-1.505470820702968 2.281390832383469 -2.236979657373102
-0.9498593600979659 -1.868198922290177 -4.070793184173966
2.745073904283474 -1.037526311136059 -0.8475529268781681
2.831095401806804 0.7431950498584172 -0.9409327179259412
2.345520709399256 -0.8119455861647041 -3.150810650574784
2.266392929069526 -0.8241665802573362 -3.35015848517964
0.2617896094863696 -2.128295744137858 -3.974699488731828
1.142014981503688 -1.052269975975416 -4.900396826465351
1.158239365889815 -0.8737446587406771 -5.016524745938792
2.781663653985873 -0.839758867425116 -1.163382718981907
-1.389268120865008 -1.546062735836759 -4.103895501326701
1.374739416014344 2.342875552646761 -2.313120743850717
2.193107962515906 1.394293468457972 -2.774788480256077
1.440335712430657 -0.7622365249799409 -4.805910831566589
1.568020001066232 -0.7924278600232785 -4.634356291831481
0.3349769989824521 2.733399251400851 -2.140426558175736
-2.667135730742725 -0.4636608368726078 -2.353680003922771
-2.701928938371589 -0.2511789838572224 -2.325645102831846
-2.646509756094679 -0.3267642844641251 -2.521532242937555
-2.671906857464995 -0.1133967349016688 -2.490682026951049
-2.616581728842232 -0.1889325620868382 -2.686442006309681
-2.632294119193401 0.02483099216728941 -2.653094263868703
1.959964897032753 -2.067672443168206 -1.60583507785421
1.442139115830372 -2.354090937280361 -2.10696498787014
-1.593516285266984 2.352374900514674 -1.656246898716609
0.7310293294421634 -2.828434960135567 -1.004643095636679
-1.215930967596371 2.219733835704054 -3.001196933234608
-1.247983822955858 -2.007309132676866 -3.476213871430589
-1.259152121489173 -2.282161136601402 -2.747611275535935
-2.815633554748897 -0.7523251759163263 -1.077998729612317
-2.853965753706169 -0.6682680480020153 -0.891177539454643
2.249899196691137 -1.586657967883246 -2.144066723726168
-2.865762361904861 -0.5403497684091284 -1.059035480456847
-2.897719927771624 -0.4547341150392981 -0.8658139823045592
-2.900181970028366 -0.3259034733721457 -1.036268944926398
-2.924894309985113 -0.236762292328452 -0.8493872102493398
0.4708847275450703 1.741179395374363 -4.566239148401063
0.2923096564567665 1.830933233068931 -4.489768431278318
0.4794371066388045 1.857147994010272 -4.38773252399154
0.3000240440316651 1.943232656927471 -4.306792304453111
0.1110516137054619 1.906020950736305 -4.402098770106831
0.1189909855341882 2.015731189634605 -4.213680055287075
-0.07121265950354952 1.966598275343798 -4.303994407690658
0.4873886700522487 1.967064245445012 -4.200481652270049
-0.06415624820103204 2.070363823465579 -4.117538174402092
-0.2535929420300104 2.010773827921986 -4.200199309286795
-0.2461059327807793 2.112186704287894 -4.010587362010201
-0.4342962166479561 2.041490892033884 -4.087419074467013
-0.4409488174598742 1.935324804497189 -4.274502677311391
-0.6192597807255296 1.955256872872641 -4.155689449150668
-0.6245099043817691 1.843973250507417 -4.339779867811624
-0.799408265247357 1.853562012342563 -4.214832511169923
-0.793382083549766 1.962676573805661 -4.029441131773781
-0.9694792540246071 1.851010275092691 -4.082898418968393
-0.9733979968178227 1.737165313237631 -4.263356622884117
-1.137900655743376 1.724553728698359 -4.127389593282696
-1.133670742258253 1.837698870889124 -3.944254536025938
-1.296619154899029 1.702445753323506 -3.983496565836535
-1.296856010566097 1.583692732099527 -4.163183842227234
-1.450212112461658 1.554186667189998 -4.012127826710699
-1.444740888104045 1.429410392647839 -4.1899135565045
-1.291263061538387 1.458310728041859 -4.338143105581898
-1.433831094972275 1.298605764664539 -4.360508571907978
-1.581599032636827 1.263772347114969 -4.204197945680522
-1.564199550900315 1.127710860803162 -4.370748297861825
-1.702322917237413 1.085940537308047 -4.213751795399792
-1.679176709822811 0.9454649736526953 -4.37285964245979
-1.291589215603108 1.814493971716667 -3.799554183043381
-1.12488284098877 1.944340249825718 -3.757179482638537
-1.810645079690031 0.8997499447005372 -4.208927386952679
-1.777566928935603 0.7543686976648338 -4.366291455915395
0.1364157173764927 2.120834083934284 -4.013094534662581
-1.902471369336877 0.7055545403292039 -4.195866001394182
-1.860680201618595 0.5566749753996005 -4.347664781812467
-1.734928260352297 0.6051949277024885 -4.515437250298527
-1.808773985003543 0.40463481552353 -4.490759431737015
-1.393198929915973 -2.256297379103351 -2.579648829382269
-1.208930908538009 -2.367300184427762 -2.55495844272628
-1.568884182349833 -2.131331054759638 -2.599895003822353
0.6727239679516316 -2.013167346873324 -4.018308706339218
0.6093529310194072 -2.121122903659875 -3.843851241241036
1.476912799738309 -2.380315772164638 -1.895113933812697
2.134439322902355 1.993169707607383 -1.015599645095943
0.3010700819553137 2.691206126678732 -2.349974371017093
0.5014586034681981 2.67989259812157 -2.268584839558015
2.103068417038708 1.989834892812411 -1.257296015299199
-1.673796039918198 2.176779735945995 -2.178457661896732
-1.802664395261367 2.040006877711851 -2.286777513173512
0.8096232891151144 -2.048617890566576 -3.852710334878157
0.5922176206483327 -0.7812404282210031 -5.428003135828545
0.8116548490754493 -2.823633476414609 -0.8024730681406985
0.5904688571002269 -2.875867205114967 -0.8310480912596694
-2.918481287390315 -0.1091097252902354 -1.01396829400609
-2.937022169531402 -0.02276862473897632 -0.8142597063581332
0.1176135565961628 -2.066056238489916 -4.121232463563549
-1.74196343842585 1.226287875749679 -4.002936877778136
-1.428571459150136 -1.636715783037221 -3.916864909526366
0.2056886957570962 -0.9703777710914299 -5.420078068328584
1.885692615833079 2.254502271971964 -0.7860888366369382
2.155862229601999 1.995940892627435 -0.8028653222830949
-0.4263630405399219 2.140242245142747 -3.8962995201428
0.4401989787656092 -0.6931207341754557 -5.526391465223123
-2.9210076280991 0.1071244272509611 -0.9870754575957955
-2.932704031620107 0.1937942791079189 -0.7868244740069581
-2.90735593251439 0.3235068457668697 -0.9608168209364729
-2.91205031038858 0.4095481197177991 -0.7639110040746233
-1.28224713383904 1.920089758844482 -3.611830407910057
2.549629630657106 -0.7597954997237516 -2.545916197979572
2.607650691222053 -0.7393909881199034 -2.339312265498288
2.586142554160998 -0.90769639105096 -2.202399839446803
2.660633622087306 -0.7170992449872918 -2.132053602007964
2.268122682361235 1.853512671004634 -0.9157400578055155
1.986729163190488 -2.083627248510918 -1.390323491649496
2.12722818251034 -1.958823920752436 -1.287194525190734
-1.280600044742426 1.327251511746687 -4.504901097583889
2.168192295081516 0.7613005978124626 -3.637880244213364
2.266153655066529 0.6972667125333261 -3.457313518996033
-1.928054372851423 0.3543984339233025 -4.316889278800986
0.9247020676234653 -2.641551916413199 -1.909240376442172
0.05230696670516437 -2.160778906533262 -3.9397964703475
-2.877759737252368 0.5382186076318504 -0.933435409820874
-2.875712391030755 0.6238300632146117 -0.7360603354090044
-0.06931897530645888 2.719412334861967 -2.295974737781935
-2.836256434974215 -0.7862957698382358 -0.7264890077949145
-1.301855715248417 2.637842410855218 -0.7508290876296073
-1.865427640852039 0.2001291803907246 -4.45528044832989
-1.436216073744711 1.7871730626288 -3.650217574902517
-1.708599243928429 -0.4368303972308291 -4.624819275775406
-1.629534466990933 -0.6357498854686036 -4.645315456691966
2.008710251350194 -2.097683120945844 -1.175680535955199
2.147388712794528 -1.971338097878014 -1.071590013201621
2.024931898636789 -2.111284885508789 -0.9598429257876309
2.164281622329288 -1.980927710057148 -0.8557189443816374
2.21305326889383 -1.558820429047211 -2.354532634104586
2.080600134138548 -1.692441414345407 -2.459327624496219
2.67891986569539 -1.215989076412088 -0.7453039615503517
-2.832425166410871 0.7500281339297885 -0.9048338951239825
-2.824355054109283 0.8333384040539307 -0.7033053063159047
-2.771674932227683 0.9576835560263706 -0.8749311098875566
-2.685936618503994 -1.201383673548692 -0.7393896403380841
-2.588958031354455 -1.395661673837427 -0.7569730154647922
-1.543681157781079 0.9900096780543294 -4.520911467969869
2.287568158507504 1.854304254492788 -0.7033641179208243
2.040333959935509 -2.119715525995598 -0.7429928564346678
-0.2371869599901321 2.739509931168404 -2.160091021959652
-2.786788153821856 -0.5805709715111153 -1.6215286357142
-2.757217646807213 1.039393408733402 -0.6728550080378584
-1.744766470556686 0.250234872977859 -4.626161387074393
-2.695729105014267 1.160375158705079 -0.8441453348283929
-2.675271428597693 1.239551815403092 -0.6414733909363474
-0.4455044226009063 1.821405102125001 -4.456916650085795
-0.6273816419103685 1.724745266930666 -4.518715607057381
0.7465883397257367 -2.153518435234853 -3.681817753521684
0.9416704876403416 -2.072292775615715 -3.688900552308009
-0.8137702110932237 -1.588565102846905 -4.593997043214919
1.427522224655399 1.90660925988573 -3.429301354446469
1.285479919512211 1.928276855919877 -3.591066298335056
0.2438695439746561 -1.851443924880786 -4.468986013693669
-1.550864324327158 -1.473183671289207 -3.985426044980351
-1.112062715301366 2.044621595412269 -3.566684412872174
0.6603906716077454 -1.220659405158413 -5.083047752564768
-1.116270807456632 2.726285037071679 -0.6836490041088267
-1.977785665563934 0.1488773408293594 -4.277190269496547
-2.576936156736011 -0.05064704354237526 -2.84868906453203
-2.582821090745017 0.1630049837599881 -2.812606466026816
-2.631693323759596 0.2382540304179665 -2.615308134569071
-2.572292467123979 0.3756655142672461 -2.772054536394307
-2.615006935274497 0.4501966076545477 -2.573044812106533
-2.545627119510443 0.5860343350258725 -2.727071217294858
-2.582651006749037 0.6593882172487346 -2.525931173001358
-2.554525802020702 -0.2639360122511487 -2.880103639287988
-1.511298460669634 -1.383408053412853 -4.159607362859259
2.756398384523694 -1.048445595755783 -0.6314252465802822
2.812675269987206 -0.8653317817439606 -0.7333614191067215
1.56794783647229 -0.6044040785763175 -4.739711149278828
1.693695449207334 -0.6285365262623041 -4.562030934082881
1.68533707233066 -0.8165781776178008 -4.460636755693891
1.803259789174534 -0.6544973653751376 -4.387195584211967
2.639042164558963 -0.8801324306343083 -1.999303600435421
2.708784772105315 -0.6907151501936264 -1.927130936188949
-1.447233494501081 2.417622086563834 -1.801396052221373
-0.5698675697623239 2.890203545320083 -0.6854739751036867
-0.3682396404748435 2.927110764329675 -0.6114510191543141
-0.2013899405011267 2.934667619599475 -0.751351670957399
-1.522444340670344 -2.222740443097116 -2.409043725077589
-1.693011901022772 -2.090208671160106 -2.427028902862142
-0.9579279787195788 2.605969385762402 -2.027734985685893
0.2067482835219042 -2.217396566719215 -3.800047914506066
1.198180256099777 2.445138596983716 -2.284219877975407
1.022542549178642 2.482949429336506 -2.446018832998942
1.332947006870852 2.414275799510919 -2.121212551634732
1.50808899368321 2.303014170048792 -2.145225764448927
0.7433080083773724 -0.8699587503197977 -5.306101297743506
0.7756505323752716 -0.6778676629407021 -5.39325582904342
-2.503190405862381 0.7928442107470209 -2.677778996260261
-2.534601141915907 0.8646590046513949 -2.475632626862478
-2.445447809396173 0.9948867412212573 -2.624314412084437
-2.471938282725982 1.064764817812823 -2.420098268488045
-0.09234811154524594 -2.088346410466458 -4.081246395561233
-0.1576440854684705 -2.168742451766386 -3.912718688723111
-2.605166066727516 1.356702063358163 -0.8121504233560343
-1.595802214388922 -1.555046197329471 -3.79749573040756
-1.573228526262632 -0.4827123702272489 -4.785350324064278
-2.93822648954395 0.2801333825995763 -0.5861279982889215
-0.7952370561800944 2.630997265308944 -2.16584375719501
-1.252785282324943 2.031583446462935 -3.416225990237791
2.351321576965663 -0.640799531273475 -3.280148525418324
2.271007031645582 -0.6528175636109956 -3.4778940370017
2.425838388068344 -0.6269507212542292 -3.080242312727426
-2.578907992010343 1.433038287621667 -0.6090273972745105
-2.500542236491597 1.545595839189912 -0.7789810779896402
-1.833349931371586 2.072792382319925 -2.074501036647107
-1.95494832522886 1.9276198832015 -2.180545076937463
2.555361887731556 -1.065075665194351 -2.06849738094694
-1.770562490546714 -0.2334506872121785 -4.59251256613373
-2.944789029347119 -0.1529575792517449 -0.6367336140900343
2.170762858884931 -1.534239962618727 -2.554605828769302
-0.2711469183754829 2.689959038722939 -2.368949876252207
0.4707736337349393 2.63698092788129 -2.473007190478326
-0.1645873495304877 2.949469018292602 -0.5365773784657527
0.002669550679423065 2.946467320909193 -0.6753936702876657
-0.1029485980375968 2.66887816701967 -2.504548390607825
-1.705272106561074 -1.395740390348188 -3.850896527987454
-1.104118645592899 -2.015804439361684 -3.636894284652231
-0.9195774565743248 -2.120766043383316 -3.60539148545328
2.178197433405253 -1.987467261716498 -0.6385256709177517
2.292812812060753 -1.842746892505529 -0.7516647450843633
1.833366163730143 -2.201335501462541 -1.496378601946369
0.8808247164554205 -2.177097811874461 -3.514451131989875
1.071852556097558 -2.088389340171724 -3.517319867264738
2.176863351546002 1.992376459233088 -0.5967732646628106
2.712058384797269 1.165787213880062 -0.5775043182761398
-1.93257048273601 0.8498284628599558 -4.040855087117879
-2.017116721093359 0.6524922203855863 -4.023398548141271
0.4255137487236595 2.537397854787336 -2.864285206315466
1.284499354327312 -2.564658694132439 -1.470669058878188
1.563352327957708 1.876527933903676 -3.265172337528105
-2.429885263601977 -1.327870696274525 -2.065477848721536
0.7135360484310661 -2.699890522961396 -1.942722801944266
0.8316394390260854 -2.631560045869469 -2.111219754324374
0.6221892222979631 -2.682159664756479 -2.142690717105972
1.035527227317932 -2.564899327483712 -2.080482594429337
-0.5707400276137286 2.743745818440865 -1.888450186761368
-1.489678142919874 2.531460010451609 -0.8123816259967469
-2.528870767935997 -1.472039767743834 -0.9515570872980156
-2.477444290260586 -1.583204576383338 -0.7724693043837201
1.447068225266092 -0.581326177544543 -4.892541049784522
-1.98990745960729 -1.375505609981878 -3.329933513829124
1.856317721004511 1.57009528485971 -3.296271966918918
2.285889925275963 0.8314743525973428 -3.293120244419881
2.355775648597119 0.6298401064839967 -3.276114073577406
2.376021493858588 0.7646676570337501 -3.109115015599027
1.108738081052373 2.048175094406146 -3.562911090187618
1.138203721350319 1.941473043803786 -3.747665222533235
2.06267563177505 0.8227052051924167 -3.813922542047163
2.138680998800975 0.6231152146228294 -3.798744294332061
2.033681627662649 0.6848104141208617 -3.971555429868165
1.549191677677369 -0.3894590025633694 -4.8463526783816
2.589848570242312 -1.378304462739802 -0.8582413923016826
2.600353025864263 -1.389836956139214 -0.6417172755671543
0.4679526761514166 2.853197026719064 -1.290660210190859
0.6665618597281217 2.823338893322975 -1.206660472514662
0.4993512635234784 2.871505932833828 -1.076058277385533
0.6973697772216326 2.8381210815333 -0.9918319907304944
0.5308417729218577 2.885052201373429 -0.8619971236561076
0.7287078353132487 2.847861159493737 -0.779582963001421
0.5640649544787849 2.892337428903734 -0.6695040157120381
1.02343976291549 -2.756364090790654 -0.7707529111879723
0.8940252998469462 -2.812164815108961 -0.5991163926842111
-0.9495375136592843 2.059753243290334 -3.707662094372391
2.18164230854718 -0.8346053301254081 -3.546100731077899
2.184662966572152 -0.662768686890036 -3.673144571986599
0.3320148844869441 2.90764759135267 -0.9464897718661571
-2.411355387380796 -1.655356048904854 -0.9657638129795195
-2.35273440030957 -1.76175726108285 -0.7848196514298174
-0.5304799980515553 -2.536239611021821 -2.801641532571769
-0.6807037948223983 -2.544884227080265 -2.645859034234146
-0.4771774339053763 -2.602600303834334 -2.601876192487749
-0.6267165816182479 -2.609930134982835 -2.450716140967231
-0.4206775466769586 -2.66235756808585 -2.4038091092628
-0.2703679719609439 -2.644373730399493 -2.554820827664074
-0.2150679825505897 -2.698805527476353 -2.352713161321871
1.353578462406218 -1.751644090396252 -3.829182197315107
0.8923417253133867 2.790702681561636 -0.9066576187605275
0.9269394012218691 2.794713486244418 -0.7080815555419399
-1.955364239030849 -0.3303317240996512 -4.277731438762626
-2.378785292881199 -0.251558530816361 -3.402396387656794
-1.131241926461385 1.479250773690436 -4.477144238103332
-1.118091791627759 1.345893455770304 -4.644507423065823
-1.486666171228196 -0.6788115691659466 -4.799891397264528
-1.536443205663697 -0.8293032248077662 -4.649825890536634
-1.385802494052803 -0.8682829725361132 -4.798559598387488
-1.424096388203131 -1.012410434373473 -4.647957465264786
-1.266017014450073 -1.046546964745851 -4.789274174358736
0.5423581796830814 -2.223707114020729 -3.659304284895901
1.083186923974984 2.729422309996391 -0.8224719726712643
1.115683075005838 2.730789873519788 -0.6163952174531242
0.8708090840909242 -1.930772237141749 -4.027279492351727
1.645795492486473 -1.159366939262736 -4.22461369842522
-0.07867802422057642 1.853330161243661 -4.488403602135766
0.9567000593201064 2.052745784352278 -3.715337559799972
0.991194944333739 1.949004090096212 -3.887291465748314
0.801543204887736 2.061425252507948 -3.833343099188879
2.039477141207766 -1.660126002889802 -2.663061677238495
-2.893965145434885 -0.195483374046202 -1.210234615253643
-2.651004910065862 0.5236621948050382 -2.374772087119548
-2.374460259941094 1.190206277673418 -2.563012664704179
-2.395049318149359 1.258589146903488 -2.360284451765317
-2.288263072399211 1.379566038363506 -2.500163295637436
-2.304793025495486 1.445055811042288 -2.295771310145375
2.091052604958812 -0.8432374928653033 -3.738267305242778
2.091982531746493 -0.6705232734685439 -3.86552861558035
-0.8279418818010772 -2.54354706070461 -2.488286698737852
-2.281132839101845 -1.828868803629891 -0.9783453439538464
-2.214613589682116 -1.931140675176096 -0.7974758474327722
-0.06219396656742898 -2.670917297792855 -2.501427561254361
-0.006223557469400693 -2.719484107244575 -2.299552373483033
-1.465798063456244 -1.72551898771365 -3.716884694112649
-0.9625233775183062 1.490007802403523 -4.609993080429786
1.268598864983475 2.655350848157402 -0.7326183451644017
-2.137992807136157 -1.992970378330825 -0.9886291669699543
-2.065047674768452 -2.089304025247043 -0.8073191597373472
-2.152190728073077 -2.021992985426753 -0.5574433357637095
-1.98922103984642 -2.178231280218214 -0.6172181431606141
-1.903061561303032 -2.236677358568087 -0.8194312184442333
-1.820781261576455 -2.319636534561976 -0.6344293837547904
-1.731636473035493 -2.371046831050052 -0.8284166069461105
-1.64289436397532 -2.448164432001661 -0.6442638561458471
-1.550227650943786 -2.492738149838667 -0.8362678107657341
-1.456739261941425 -2.562778401527358 -0.6520560534524711
-1.359888205704504 -2.600789403478684 -0.8441997732410722
-1.252161532154706 -2.67107390519582 -0.6146181652111782
-1.161746203804547 -2.695780009497102 -0.8364141512125126
-1.062036057710149 -2.749135377749467 -0.6642056536530609
-0.9581009729826067 -2.773379772573454 -0.8526327294585069
-0.8554543637140984 -2.819981788168749 -0.6686213267951684
-0.7497790489204371 -2.836280175122615 -0.8590835800081714
-0.644216937210826 -2.875396726806578 -0.6719218972286886
-0.5366731925607008 -2.883987896169767 -0.861811627602824
-0.421393900182305 -2.916172701037478 -0.6755070262253596
-0.3206353201440151 -2.91579507636862 -0.8634152368402831
-0.2108209418539696 -2.938938981588403 -0.6750291871151344
-0.1028597253480037 -2.931530261705816 -0.8638897114358722
0.006519914671207026 -2.94650314890681 -0.6747076600479687
0.115759893545775 -2.931289456781762 -0.860821595744051
0.2245115100256197 -2.938009426327897 -0.6736446603407038
1.994103977608796 -0.8486539238840444 -3.927875924621219
0.6633824229810278 1.869160429855676 -4.27717430445969
-0.7816369178893551 -2.6093597939738 -2.279794262102189
-0.9736397747316378 -2.532478056074302 -2.327333786162798
2.333380177693433 -1.419886895278494 -2.245733636940999
-2.419099446728811 -1.690717074570551 -0.5895896224835996
0.1456180787718176 -2.681783053985116 -2.444072066359174
0.2018669506194803 -2.725042779757346 -2.240820907847934
-0.3010399823482968 -2.940356520082299 -0.5008506724652431
-0.2372753439759067 2.206916790824026 -3.816233526907959
1.793627776189716 -0.8382298634074893 -4.283365672684898
-0.4479742064529753 1.701551697108149 -4.630572639424183
1.452691972499186 1.794241181792188 -3.612499730670365
2.392434427559836 1.703044733381775 -0.8200386393353379
2.408880067469716 1.70391829785028 -0.6038369519496041
-2.559857987337588 0.9348243245611915 -2.273973835623375
-2.468698718542407 1.618469210655697 -0.5788188083998027
-2.382832748472016 1.725638474296724 -0.7440957331197254
-2.34508600300679 1.795789053028019 -0.544120778522567
-2.251642783080863 1.897252293640002 -0.7085553180135205
-1.739013057892393 -1.479203909792133 -3.673044324575514
0.3497110371033673 -2.677204926840418 -2.38450182883851
0.04918184926499453 -2.762753692065258 -2.094698969357912
-1.847836419728118 -1.303469596276501 -3.723170359441638
-0.9486852427495205 -2.798930958157115 -0.5094165726414788
1.096134514997456 -2.74167833385134 -0.5643746572555447
-2.515596563987367 -0.1260894265472564 -3.039498549445802
-2.873239092385232 0.454408776371012 -1.132050772901987
2.100341168477586 0.4830695008914384 -3.952607785079982
1.993556029039982 0.5425682446491911 -4.127506801630322
1.917987142410899 0.7425282159001246 -4.145047999349803
1.876673924110328 0.6006673985184847 -4.299572345697341
1.795510543558937 0.7980762236608865 -4.309139987721215
1.757962899136149 0.6528760061619221 -4.456625855772107
1.82626772822373 0.433101760159388 -4.454032636453803
1.663462194060679 0.8494123596669351 -4.468443363071415
1.617545888625383 0.7061273800366521 -4.622812920138184
1.000147963602309 -1.009259444166005 -5.048644280557627
0.9737477563087387 -1.181195122759986 -4.926419649660586
-1.264881119917593 2.669149082415985 -0.5441401559985501
-1.640712280421509 -2.415865406348579 -1.015995878377412
-0.02493791594574302 -1.994179177780305 -4.258010458900935
2.177627614117492 -0.4905064835606853 -3.788628006154243
-1.29976129756378 -1.18659329848103 -4.629994902875109
-1.454941617163861 -1.152464826089684 -4.486726073312408
1.52217120496546 0.8961046896829512 -4.620805771761185
1.475091570437961 0.7532648706882451 -4.771494869285406
0.6656657679857241 2.614344411824272 -2.393792868563028
0.2621462829451358 2.643853781109264 -2.560056476505062
-1.138586716750383 -1.216441308641834 -4.758561541724274
-1.260749567433432 1.167559857032656 -4.688336031397293
-2.411271563838742 1.323688310776708 -2.155556217800098
2.438244831280761 0.5640178169193499 -3.089136695621146
2.458239119263678 0.6955704517020689 -2.924445584415301
2.386553041188497 0.896086137275279 -2.942473742171562
2.469127902332252 0.8270356103676146 -2.756582528033322
2.533423864841032 0.6233398251380829 -2.738663810014361
2.544651389454671 0.7553903935891891 -2.569445097112501
2.471561434012876 0.9559771245203803 -2.586465358887566
2.547364598673698 0.8843561356262057 -2.399088392581267
2.613460634380655 0.6811041526626345 -2.381068168721288
2.616541111111328 0.8104434375171243 -2.210012173282551
2.67576882636702 0.6052651542587568 -2.190392772878044
2.67916083838788 0.7346666536516904 -2.019440002585118
2.613623283797755 0.9310166436001709 -2.037793061421345
2.40959602104798 0.4241057877358105 -3.253304122073882
2.664112276879076 0.4763550690240131 -2.357018614618169
-2.645139854127517 -1.312411508618604 -0.5614450772720071
0.9221574999799799 -0.7619243793611542 -5.262885928553501
0.9477905679713591 -0.5642096739722172 -5.338817881746113
-0.4154305310614018 2.23166006553103 -3.70325946324091
2.671916751344989 -0.5530593398370937 -2.258851792834406
1.561572069490838 0.5582952566490358 -4.768778415108591
1.422957409061156 0.6029057177473823 -4.909269846487279
1.321436741138321 0.7947332510879074 -4.913288767943707
1.259649381086121 0.6429849364657996 -5.055617764759853
1.154893825694122 0.8290624102182809 -5.047816815498344
1.092095564445037 0.6767233171447031 -5.183863958330932
0.9800410072150022 0.8579104780046487 -5.167217033348927
0.9139565456930347 0.7031297188916724 -5.298883654211512
0.7951585074707097 0.8787470900342845 -5.272311364349518
0.7257127673501211 0.7208520392796974 -5.398426378794648
0.6010346475061119 0.8902768133531962 -5.360870910875786
0.5283841913656001 0.728487312098875 -5.480072540682429
0.4057221833902633 0.8948107199896684 -5.426536095791109
0.3237095927503354 0.7247505351930296 -5.54137542058789
0.1921111052216039 0.8772283890975866 -5.481254130850528
0.1142021797190121 0.7086372834481085 -5.580171543741879
0.468793463456768 1.047924849751801 -5.303063240417067
0.450158881996584 0.5571445617892448 -5.580897257773486
-0.01827984309699161 0.864307211207758 -5.501463239029034
-0.0969525189161571 0.6796703758930922 -5.594916478134043
0.03669943137970226 0.5260924035683482 -5.659423890984464
-0.1740067379383552 0.4920192722071293 -5.661335085091359
-0.3172138621936488 0.6805029844636994 -5.563820229010651
-0.3813265887075339 0.4477153626933119 -5.636894307004854
-0.2467203421043468 0.2956850250616998 -5.702352355642392
-0.4644183342235991 0.2536291879011683 -5.658795810890969
-0.5822825196330242 0.3971277128865827 -5.586377733831113
-0.3134034974242267 0.0936420756679586 -5.715945038356388
-0.5139995609827901 0.04434066817231454 -5.663391885557515
-0.3726514329672529 -0.1105710876100083 -5.701431681509279
-0.5738794446588619 -0.1618670855446232 -5.633667584916124
-0.423595482069544 -0.3133058645112713 -5.659598606854141
-0.616482571549605 -0.3605162484610049 -5.581917190422287
0.8554767064303773 0.5512328393793754 -5.402109760333091
-0.4659782408912818 -0.5112880878776886 -5.592498616719746
-0.269237036021121 -0.4604689354959106 -5.657299073800673
-0.308476224539573 -0.6543049241766475 -5.577456308021955
-0.1091521224003778 -0.5984761419909845 -5.628814030709325
-0.1467645408454856 -0.7874854424292993 -5.53743415052551
-0.7065139919607187 -0.004181811110890143 -5.585565188139364
2.902687059787774 0.540844155758297 -0.5650612289078087
1.994347885758041 -0.6773450123327303 -4.050521254406746
-0.9336496326650807 2.158083287326575 -3.507271580585123
-0.8492259106609029 -2.791450071854683 -1.043297581662381
-1.260351794649466 -2.632969001497713 -1.029459686498569
1.033883768480176 2.536576974851313 -2.209984594754976
-2.524629971882319 0.2997156123797969 -2.964746941913029
0.05777828854536152 -0.7252750747679156 -5.575404839785669
1.210078876392793 0.9741116381224377 -4.899739708896793
-2.709290435284292 1.083135217615693 -1.043192401773303
2.423105977183273 -0.4575144938071852 -3.198128867138078
-2.650460424280043 1.317531421528483 -0.3984629633585637
-2.735666817764309 -1.112420053789244 -0.5541623175622116
1.895704760222632 -2.240704934745668 -0.8418517989206075
1.907706586780721 -2.249157365641872 -0.6281947991936092
1.756608566115512 -2.361725388085462 -0.7243944476375498
-0.6279518408652569 1.601986475466922 -4.685129981143771
0.9693308925230851 -2.796931595856501 -0.3908507453619933
-1.646154650362153 -2.181047820440107 -2.240664712741923
-1.811147044038545 -2.040822379900185 -2.258688917525471
-1.854289851339565 -1.944007427008948 -2.440694942051405
-1.965556713156091 -1.888037917121171 -2.272874074444916
-2.003210066064307 -1.786226023010888 -2.451524702741888
-2.109249967408526 -1.72509242478217 -2.275534752458314
-2.138337092265767 -1.620461789422286 -2.455408212871683
0.0915193125031994 -0.5313085497904972 -5.655258436096252
-2.314199693960864 1.507989631285678 -2.09978117873253
-2.200789140854778 1.622777303427842 -2.232194158660176
-2.036807024682133 0.3025073030710532 -4.140481422258524
2.305238998796852 -1.846812291941832 -0.5421985203007476
1.766884533739994 -2.368775885779919 -0.5132302368986131
1.605510910176375 -2.474749008803034 -0.6161334249242341
1.18966040937469 0.4866767711691133 -5.183313469251025
-0.380719948621222 -2.713016350520831 -2.208056742909041
2.365379424686997 -1.451659448839209 -2.033625419482635
0.5348181555056941 2.718530247328346 -2.057409237611577
1.937775615341615 -1.81738246722331 -2.560665539687426
1.893940246696338 -1.786708255319923 -2.757430461411178
-1.272894154233426 2.525055135428567 -1.741176052108666
-1.297375615256466 2.47129317541011 -1.950509717335826
-2.720639633012606 -0.0373556461878109 -2.293300241295645
-0.07037762483482479 2.911132633435262 -1.102362807395014
-2.604797188755876 -0.5380851920483896 -2.54842104411345
2.731359378717422 0.5327156709961325 -1.994662792757881
2.73532715836836 0.658894425466499 -1.825454864296028
2.78058861070846 0.4554127491699196 -1.801716742055952
2.78518887998085 0.5785559908760576 -1.634506077744306
-0.2978577419686174 -2.094867691920684 -4.031475408126773
-0.368524629028786 -2.172381558552981 -3.851380491589092
2.73708007556116 0.7645951700447882 -1.652555112158947
-0.8033361305067075 2.811886903392098 -0.9711592572526152
-1.922519741621058 1.893062400507811 -2.392332939899911
0.519251432877888 -2.872161329022129 -1.033247652611446
1.806551976658353 -2.182618518896227 -1.707082932085425
1.665409455344519 -2.313977058613308 -1.592506051745946
2.259510661014583 -1.8235891045484 -1.18257209913953
-1.07042992456102 -2.384821521480342 -2.720491478191899
-2.718725148579102 -0.9142779612532063 -1.470722942126448
-2.827125081247029 -0.6262883480874766 -1.253504730107394
-0.4387688948407055 2.698976750994762 -2.232097690507103
-0.4610184656212349 2.649515483825347 -2.429188406936864
-0.6043683608059507 2.154837860252614 -3.775749695393638
-2.812797002577152 0.9065675426888821 -0.5106192088868209
-2.468282227497552 0.7184226128144111 -2.871426145606828
0.741893664488493 -2.616285250651662 -2.299779318409269
-0.2045241061644133 -2.909948252974539 -1.050026642382159
-0.5948478636692781 2.244546354868115 -3.579999952147821
-2.238499729038972 -1.557141998225599 -2.266690112429345
-2.486157368826304 -0.3375062008420365 -3.069777593697093
-2.515694576886516 -0.4753378083607817 -2.906463709387298
0.8601411335228654 1.024698001320166 -5.133164465343979
2.502673110843475 -1.545509222934796 -0.7535000090779781
2.510584559042894 -1.556695699859868 -0.5369978751155082
-0.09990058865252599 -1.810167980965274 -4.552539533490529
-0.9509629868248718 1.354183257831622 -4.773526019337
1.079722067838777 -0.6467840987414579 -5.20790587632755
-1.427769851989231 -0.5249082742908986 -4.937599167766903
1.295349768645258 2.655480077551961 -0.5257946271942443
1.44735543158836 2.568591332959989 -0.6445897491757028
1.126045175834217 2.737328460219818 -0.3979188721827896
-1.710853239968511 2.202527317943265 -1.962347002658607
2.607684905337448 -1.032617728648079 -1.876039985610361
-2.072888813045606 0.1164948154753492 -4.108441532056471
2.466048187505466 1.082453687795139 -2.413182562346475
2.384299406499565 1.149968734741608 -2.597479052597156
-0.5019237808122672 -2.088865748649169 -3.966604135029208
-0.5715414145081006 -2.160034293162139 -3.783790945515844
2.822940092337638 -0.8721043932912529 -0.5256110534752346
2.867937483613708 -0.6901537430025011 -0.6181738644304764
2.855879784607129 -0.6797730207788657 -0.8335871065044721
2.763877072975864 -1.059600088349064 -0.3940097006638084
2.898988298095283 -0.5092062206970829 -0.7243849447913762
2.910343623060305 -0.5079132095110288 -0.5308778101695145
0.1168609420307046 -2.953565826354208 -0.4975163167932998
0.332127085901619 -2.937754005155315 -0.4841227397645149
1.173364932813891 -1.865939832399232 -3.849690189384547
1.293934437125879 -1.878671763643122 -3.677407750120323
-1.968632556683146 1.965453537383732 -1.999918841132588
1.003499860094964 -2.183926331342475 -3.37209057969096
1.198426077130564 -2.095705142605091 -3.343188247312186
2.884617386272681 -0.4966181055228893 -0.9405194541287879
1.727516435346383 -2.336266266702156 -1.16401961248373
-0.4048149003157492 -2.251105132721195 -3.66324288160255
-0.4505581048856536 1.573639928574373 -4.796609094761148
-1.106338201684661 -1.066025707824293 -4.919937352533698
2.366897313855364 1.709845658362338 -1.02073184513804
-2.20917153843014 1.962323845499564 -0.5198722873118652
-2.109564413942403 2.0574505468848 -0.6706823054986797
-2.06059856500588 2.120424268986241 -0.4780369094302634
-1.953967577191246 2.208950681476501 -0.6299890725058793
1.463752200418556 2.375537663058582 -1.955053893008512
1.635063959504831 2.255887954150379 -1.977301158831958
1.678833929074808 2.174528731285652 -2.17233051499415
1.800002627288449 2.120643081290204 -2.00121956484801
1.274920513881214 2.486870589785499 -1.931662968418548
1.762193369228342 2.19689697336167 -1.809407548272298
1.916671719117655 2.058587224140319 -1.830331032034566
-0.6238256397351726 -2.22891507740214 -3.598115906223522
-1.902474417276055 0.003490660654899127 -4.413106482781667
2.502493115031467 1.551010635260879 -0.7121405422039604
2.515568457431681 1.551934529971206 -0.4998598307938282
2.42197849229641 1.702129389672077 -0.387008229644192
-1.545205587278896 -2.521104125784549 -0.4726591403972111
-2.34612806591269 1.120828007365521 -2.770184065397666
0.7957531855677245 -0.4829092842321314 -5.460656170401401
-2.203531959034046 1.68443604593775 -2.042342647948595
-1.470654998247187 -2.306092798208812 -2.228815986405897
2.491579307093053 -0.4468462564555622 -2.999987012472645
2.495011336192537 -0.613098713527601 -2.876378643216875
1.163094506185943 1.82946706431667 -3.926405280798182
1.001163274194123 1.850110419485153 -4.055611870345682
-0.6898184553566813 -2.046779511596494 -3.94291627554276
0.6302120911180886 2.575268441347726 -2.581618849362727
-2.415286275168667 1.392474366090154 -1.96765543706511
-1.899100541390204 -2.267415998920467 -0.4559417696541481
-0.9842697242820897 2.554094834385157 -2.219273781505613
-2.410748107879942 1.657487451916514 -0.9576915163188436
2.266931154629432 -1.289014783984149 -2.742949637425269
1.487929742260784 0.3933035220519492 -4.916794880402866
2.824177692416677 0.3690959112197578 -1.611114357274918
2.828584042207908 0.5058640007731131 -1.432658186354992
-0.1690936329800221 -0.0611832748978113 -5.740427818394627
0.7577020557100087 -2.860663584563433 -0.4138234804317544
1.305790060069348 -2.458966269211945 -1.987593698257476
1.275911067156391 -2.427004842123772 -2.197057703058763
1.337015281373874 -2.483233131683534 -1.786026673632491
1.797278487115628 -0.4653955737282183 -4.485983794480799
1.902042864719682 -0.4910442527371807 -4.309964825949906
-1.075487563555955 2.753999584087062 -0.4822557675331712
-0.922697728178538 2.801933502276829 -0.6156621566672067
-0.8702399486759841 2.829532473287406 -0.3853186957289045
0.2296628576433538 -2.953423554288658 -0.3222122490588764
0.035204293528199 2.956877483057491 -0.4697189731190469
0.207973265253485 2.943417931913392 -0.6009640782587655
-0.1266185568063214 2.958980285632019 -0.3439764989717871
-0.9630393700874443 -2.021857471206195 -3.772382338754195
-1.137152596958752 -1.91146474889168 -3.806359879057547
2.212752355023966 0.3920281837325602 -3.755109627333888
-0.9378172037816097 -2.595449494195586 -2.111996619006451
-1.126160259234548 -2.510068816549452 -2.15354990367108
-0.3446129604103985 -0.8384723030471239 -5.475988226856261
-0.1760641797194796 -0.9820440248004541 -5.416101844358508
-0.1610427206705787 -1.15607652371859 -5.287264122675167
-0.5314244089708738 2.908792126198668 -0.47322628397649
1.107146510987502 -0.4424821029760173 -5.266218500106787
1.237742099274408 -0.5159232235100131 -5.130113806271137
-1.468647530545849 2.361263329787953 -2.005576450225565
-1.321431289713683 2.411868610909474 -2.158247831941071
2.149890074888573 0.2762598311666878 -3.927071087591939
-0.8262547604912144 2.566903060031223 -2.398668595450766
-2.130419841119761 2.016389526493224 -0.863746999853523
0.6632574144935417 1.971878269992801 -4.100305921895747
0.4914754996404826 2.067603397671002 -4.013101314073205
0.05700340682713005 1.024491807107396 -5.396147961507047
0.2603673285109506 -2.771397894110426 -1.990583144759225
2.478983351921438 -0.2922502975009414 -3.108768224145519
2.187230765422942 -1.994244010337665 -0.3977169691619507
-1.284315003810758 -2.463602509104175 -2.018356493608688
-0.227341640443422 2.296853904267086 -3.613744065710339
-0.0405535883647605 2.266916315988689 -3.709511335829926
0.1673926778342202 2.295142422598058 -3.630093806890854
2.547555169082742 -0.4188409396867209 -2.833945358652729
0.3553277356341377 -2.909393951039024 -0.8930132320067048
-2.702383711769491 -1.210104200229637 -0.3670502359545909
-1.513927252631487 -0.2981748141046606 -4.91210798226735
0.07450167000692152 -2.803806514238637 -1.875477622397183
2.140545710550828 -1.478781537097166 -2.764646039450747
1.469430241289862 2.567988882520923 -0.4303635418431386
1.617390146111666 2.470909795894761 -0.5541799775567133
1.629751696960844 2.47319990656069 -0.3372937263436981
1.77123255678897 2.369128917260585 -0.4464556793352948
-1.166033503675913 -1.358249867511055 -4.586337527000446
-1.003871000963899 -1.368593852159816 -4.717049082145083
2.610276948307436 1.378151821652576 -0.5822738854784298
2.811157492452513 0.2384835126436635 -1.780312368219202
-1.902243958020553 2.265999385804812 -0.4325702614998617
-1.788644761054949 2.347005425981926 -0.5987012094504339
-1.744409416087665 2.391541867184201 -0.3908123780204467
-1.613918333816129 2.472303918582214 -0.5686585670835961
-1.838654539517447 2.290240470475426 -0.816024323884879
0.1494639172983753 2.216265751344423 -3.812593054213303
0.3547866556842606 2.234419898813371 -3.720660141559846
0.003948296842874899 -1.063068267410762 -5.369171394352643
0.008606497227277098 -1.22943752200252 -5.234005937214677
2.447173374821931 -1.273708804048285 -2.116321693166034
1.905625721067183 -0.2896864240439778 -4.372090960259455
1.985651471093174 -0.345456833895867 -4.220441693452075
0.8144377643141059 2.541216531242804 -2.513845862556946
0.7692464771782179 2.493923286618852 -2.735503609131483
1.687038444399994 -0.3920616655862451 -4.669415350334707
-2.202186106045147 -1.673083824611041 -2.082460954342686
-2.047526005347624 0.800490973946037 -3.862049340163387
-1.953754245784329 0.9886422553770778 -3.880769424094438
-2.124698630777681 0.6105778870464299 -3.835692655275408
2.607320997524427 -1.398943266301841 -0.4243284398034964
2.516493835667571 -1.562762621423764 -0.3250419240577058
0.8347562504038417 -2.845317579129943 -0.19803989939195
0.5396608551196347 -2.907633410604742 -0.4648865742740709
2.522014558746674 -1.212506543226724 -1.911345685319216
1.876537244977738 2.136677721183385 -1.640494953362369
2.025643706508812 1.99244320461434 -1.656132877121428
1.989049118006215 2.068437942860271 -1.461264447742362
2.134801543292892 1.914409218304932 -1.477134189204805
2.243034692600792 1.820128915944908 -1.313225496974029
2.266126364001573 1.749394596163561 -1.510621472093196
-2.288267918371882 1.879813303531946 -0.3532900220984875
0.4512832661256106 -2.912602741170889 -0.6606739482422943
1.919005390473822 -2.252883780686291 -0.4112805072934525
1.77805048262451 -2.369777601778391 -0.3112174235523557
1.259743723012637 -0.314639490837995 -5.171046895345669
1.14374290149669 -2.557326203776247 -1.894230970035694
0.4859358093304669 -2.743121120424954 -1.978837296549161
2.803112730921022 0.9674587215881887 -0.1906232534301486
1.664273812984504 -0.1916099236804235 -4.746540357528384
-1.795516355722077 -1.222248890062661 -3.917768204983919
-1.929664732229685 -1.12332045514147 -3.787241296722711
-1.732142932093238 -1.17004792519169 -4.081424807868081
1.604825633573967 -2.459118928429457 -0.8231770687559656
1.42927166584951 -2.573243456294587 -0.7218513950634219
1.451832662014403 -2.574591573681035 -0.5007819787734371
0.6742809403803642 -2.871020024834511 -0.6301132144334417
-2.192678482856957 0.4064173726774347 -3.793407162601424
-1.007118352687625 -1.48358283370609 -4.581900043491227
-1.321099972972806 -1.341007204835652 -4.44526208525786
2.722878001021558 1.174428137880354 -0.1913246143566735
2.674404261165455 1.269157089222579 -0.3871363888261009
2.517875192195032 1.561731730570983 -0.3026980512730214
2.911899671179613 -0.5606992734621908 -0.189377384097413
2.839600874277984 -0.668415428373986 -1.04916152395954
2.866099333558958 -0.4834375498710424 -1.154647166746984
2.798866436185803 -0.8542926163812158 -0.948827296185305
-0.8932349709054721 -2.652506593517824 -1.908463410360564
1.220406708728151 -2.677225776529183 -0.741033801892367
2.760180459446123 -0.8252193538932467 -1.375397027303721
2.733541624548485 -0.8136541572905309 -1.585170325744824
2.796162515467579 -0.6377952304150112 -1.473355712983583
2.760483357103954 -0.6285231093412292 -1.720394770351147
2.815925622405376 -0.4608175107253321 -1.576248878861872
2.789981677895847 -0.4324562689653657 -1.768098628309853
2.819529478089338 -0.6549388163707455 -1.262735284873216
2.870232906116521 0.6432841994971251 -0.7533004386169344
2.87844342224963 0.5322450322358018 -0.9383712462122876
2.840644448886896 0.635045341474621 -1.114400928010695
2.880188578304941 0.4248620133475011 -1.108569151862601
2.90975072061141 0.3218313790214994 -0.9353567496939688
2.903117153224345 0.206831124864515 -1.117221161037136
2.785325041811341 0.8419631882411055 -1.123811014122411
2.495688831589097 -1.094911997229236 -2.273539598499152
2.928024305145223 0.4384960284888823 -0.3752737742839098
2.934627925584743 0.3266549257345565 -0.5629297483662267
2.9099739278429 0.4303209528260353 -0.7506201564775383
2.602654381402182 -1.162391130288195 -1.596176928954187
2.800218912472933 0.7095899043895687 -1.312266885478088
2.670986011518692 1.034324597413605 -1.500285102716942
-0.2415054491989414 2.37839723987614 -3.406150335251867
2.80247246645921 -0.9696372869447127 -0.1842996899927158
2.724825914878271 -1.17002222857572 -0.1885332159485404
2.116382193764891 2.077223357979098 -0.1854977860983996
2.029608354491254 2.155669554799533 -0.372176400501242
2.727792322561582 0.3767164634370673 -2.141229289302796
2.698697617519733 0.2643653318099921 -2.334234235780879
2.491444117405554 1.536851366650874 -0.9374006054343538
2.116283429283462 -2.077237369944327 -0.1891066450189039
1.978665397248425 -1.848038365998625 -2.352268342258665
1.827150975021409 -1.965819698395189 -2.451927885646252
1.416925650642138 -2.605173530783903 -0.178510627277812
0.3682934257738723 2.7706220066347 -1.929679307071882
0.5674119154761632 2.752012524500276 -1.846560080531813
0.5899753783761439 -2.76011908013967 -1.77307237250952
2.601994093039909 0.5497583307574918 -2.549818711810343
2.580941841441886 0.3920573575241602 -2.733046591242412
2.292487449191984 -1.399353596420805 -2.44366911167432
2.451627181201602 1.290660716575587 -2.057551893516672
2.529835686195401 1.211303219420235 -1.875034225620363
-1.246006057939437 2.574156299808851 -1.531491443717455
-1.08999378779979 2.620625435106265 -1.675639306508333
-1.73655296919882 2.275514632482884 -1.513264323728802
-1.758821404605879 2.218244553945221 -1.721756987837317
-1.897619852629254 2.135820058802659 -1.551142426131066
1.783449305768211 2.368707224550081 -0.2089763960471334
2.716581967354426 -0.5345751091569595 -2.067291359804508
2.722093211241709 -0.357394702937576 -2.180561397226632
-0.5400685273413801 2.786136094107948 -1.677360172330999
-2.584495540610749 -0.4008327160258534 -2.715591194827652
1.637834608150797 2.343605063901319 -1.536175888641768
1.491660710540271 -2.449732056723121 -1.472167871896443
2.405446394618345 -1.733728137012034 -0.2042460233883418
1.224390484363653 2.700833061988731 -0.1885032699712554
1.021590792299047 2.783788357498226 -0.1934793852210905
0.9023880057984196 2.819765952217161 -0.3763782315951053
0.7013035929382885 2.876484736549184 -0.3733361805764249
0.5985038893660175 2.90437587833078 -0.1887536257054801
0.4903086837127673 2.920049832039833 -0.3677470189395894
0.3826524774483232 2.940692886145134 -0.1837977651069593
0.2489576763123793 2.950125298727533 -0.3772005445616847
-0.1709381623429169 2.822628277979788 -1.740866073070144
2.237917785085316 -1.809596652493841 -1.397975950565883
-1.511215620687889 -2.551697978832247 -0.1750270283301802
1.62416489038918 -2.03516078801658 -2.757120483662074
1.578231298394176 -1.994466143475412 -2.961498908159067
1.407591198407682 -2.083882746908327 -3.051984799331724
1.53106059689288 -1.948559726233759 -3.16252911564164
1.69378575630738 -1.857587506772183 -3.054654202264891
1.665294210751369 -1.789675130242715 -3.259002275222061
1.481933615130866 -1.903644909444642 -3.347800489873566
1.275471200144686 -2.210039595757088 -2.934485145927464
1.227300016530878 -2.161785897095717 -3.139545654775175
1.090227365617293 -2.647033046584264 -1.511032402444464
-1.873618431316564 -2.298884731682242 -0.1708799935410038
2.201883638230231 1.276301715718537 -2.956084204505883
0.09788608060209217 2.687690557246243 -2.428575942406938
-2.190648186848089 -1.998658345700457 -0.1890667345396939
-2.259227894653737 -1.913297185319358 -0.3791993103445115
-2.461312540551829 -1.65393436819946 -0.1892290647924952
-2.510910525947131 -1.568101573830611 -0.3851108079294283
-2.957285167956655 -0.2189568651028179 -0.1900279525276005
-2.941349524149029 -0.3374135363553438 -0.3763743413264806
-2.910103064818605 -0.5441183970333314 -0.3794574311579629
-2.918520946408359 -0.453229751527204 -0.5479223160236771
-2.892798549275752 -0.6520950413053108 -0.1896943540295895
-2.86074988917088 -0.7631618529804947 -0.3717489374412793
-2.83626364589056 -0.8656828889635988 -0.1868311395187558
-1.057775518743942 -2.720957069006938 -1.026748111890104
0.9467945688294036 -2.554591710972168 -2.277614603624305
-2.836939290983504 0.8638923093700658 -0.1792767943491537
-1.456668676877871 -2.531012410940357 -1.016799843786921
-2.052307518592146 2.140679570413647 -0.179896977718172
-1.322454259403713 2.654340469738855 -0.1805908544170067
-1.397361181820544 2.609913685377237 -0.3819097625652775
2.394447138290103 -1.476214385961889 -1.829125532123761
2.281540068340474 -1.613872499772979 -1.931602787227693
-0.273611959728027 -2.952743169205386 -0.1892547629372021
-0.4922925002719709 -2.924478397126201 -0.1751281705748624
-0.6019009323114448 -2.900050839025517 -0.3385654568270079
-0.7217646527765738 2.876091116855641 -0.1961891037539862
-0.4824041698549271 -2.764975705526899 -1.864504689561176
-0.5440677018461914 -2.716351762804109 -2.059107384145956
-1.671283022466323 2.42099891980941 -0.7473638234909227
1.53309894603743 1.981692597503842 -3.080401583637379
-0.9206571398806331 -2.819176956596999 -0.1703156951119786
-1.129178080403241 -2.742091239901046 -0.1836961831270079
-1.23787471001745 -2.689279052511516 -0.3804909872863719
-1.673874554429289 -2.242446900463463 -1.911645846876539
2.176809701301594 1.509335275378737 -2.590757659191711
2.274136390722894 1.441396630654924 -2.416122600365142
1.116157615841639 2.5870643775856 -1.802096095421877
1.073280293731657 2.565011919975014 -2.006768786540978
-2.173389965487404 1.825529382820151 -1.675171363610319
-2.003232086858822 -1.952913612486295 -1.915193735155209
0.02795948046828085 -2.913095884458075 -1.089915348396596
-0.104746321464754 -2.894835790967398 -1.244219678878095
-2.868666260462015 -0.4120774905630327 -1.232069850505263
0.2675376817638102 2.868959404478191 -1.371401218029783
-0.2043502769599694 2.783442128814676 -1.951630762835653
-2.628998561854053 1.274138926867438 -1.003492023487347
-2.645612169575556 1.199777907506512 -1.170011438661493
-2.530148431819843 1.467047653622298 -0.9676265257805422
-0.4225109096214119 -2.882888869699225 -1.085330767292968
-0.6431575242208588 -2.845512296818045 -1.048302578005229
-0.7410626606529207 -2.80615723467625 -1.193912777055045
-2.616106826196026 -0.6726735393457758 -2.379153987064125
-1.817397280946762 -2.287143391865862 -1.005559719130832
-2.957309052871899 0.2188771161783323 -0.1889736640063384
-2.957631334509605 0.1229937686792592 -0.3894937494324818
-2.933085128062297 0.4366930522946064 -0.1879253423342652
-2.90737363704012 0.5605416246809488 -0.3680801742714316
-2.678479570928598 1.272509651271722 -0.1894740338859644
-2.57680453524604 1.467524723688184 -0.1893073664187372
-2.540656354470448 1.518622687274846 -0.3969511300461229
-2.835978638245457 0.6622461296555504 -1.099464479129162
-2.83392484285783 0.5799330383596244 -1.279346039903955
-2.781647015565291 0.8754342890809305 -1.060146153206211
-2.651918235151129 0.8822267734391411 -1.930644725661593
2.619868596021222 -0.5718754027333181 -2.461237963620064
-2.903389597188825 0.018589063599989 -1.183919898337456
-2.880434113708137 -0.06697989333218786 -1.372931097106525
-2.896919189122122 0.2367712383508411 -1.154705486038772
-1.120643442727522 -2.299820019162509 -2.912695047267955
0.8885036589801676 -2.336158168179958 -3.098899861271633
-1.526602712438295 2.012814708588666 -3.016037098178917
-1.48776330215909 1.955408813143763 -3.22369487747718
-1.605802535305999 1.812696325433973 -3.322748578141059
-1.393893313600352 2.147498425270775 -2.906448960012451
-1.761601559206832 1.71504558038567 -3.219287514182769
-2.738836401558959 0.4653962223033326 -2.01927200680781
-2.39972097019043 -1.448517388440867 -1.885485415500665
-2.770184334113826 -0.8350159504291901 -1.273871222076933
2.880334960324469 -0.6825841430339462 -0.3917059801214449
-1.983437031533294 -2.145685519563652 -0.9980006940186008
1.551760199057225 2.221818593173418 -2.341000903930618
-2.573261403169458 -1.356791000407876 -1.131111401975418
2.843065590138351 -0.4743118094655739 -1.36386143186685
2.876973486488181 -0.3151482425242403 -1.266295451359923
-2.110546946912545 -1.194651069295411 -3.31304991654098
1.588606348347743 1.76470386165493 -3.448490911206884
2.513668104668229 0.4897080002134676 -2.90408679592899
0.8613394447343095 2.779686007690612 -1.121095853072065
2.34685034762798 -0.4715993609554967 -3.397859679939753
-2.416544540967993 0.9219610275358865 -2.817835122757735
0.08834819604110487 -2.397552973294969 -3.38348076195555
0.2432056631207955 -2.334089314283665 -3.518983689132405
0.4637783354236787 -2.321380177564929 -3.466937585105058
0.4963743403036344 -2.394665413310651 -3.256310420475312
2.236674358827865 0.5593008783012431 -3.619817073811325
2.327738950295784 0.4962838946090035 -3.433851721148133
2.367195947657519 0.2882077497862957 -3.421787386245779
0.6943199322038306 2.655912811386502 -2.181913005553697
-2.681023577644385 0.09999442831658358 -2.455787365963309
-1.953765175633563 1.376183701271975 -3.408365809469684
-1.8100880805916 1.493663943695003 -3.518808099715578
1.076784267373937 2.146883678148598 -3.376528919500234
2.052955072744782 -1.172922061755096 -3.474258632253976
-2.50653861062744 0.5099023454788418 -2.914163641486974
-0.8825562688566201 -2.216761241886429 -3.418351360828122
-2.546964861759882 -0.7458852817459477 -2.571265265503531
2.26420106067881 -0.481743792044952 -3.597352176096498
2.24604695625648 -0.3189366351431843 -3.706525674840153
-1.861200288292599 -1.542850017188237 -3.334046194111353
2.81428595587256 -0.1719565512548652 -1.790524981933334
-2.529656881025427 0.08660656615664827 -3.000597096681633
2.63309767911502 -0.1824979224924123 -2.62682270123434
2.277413535686086 -1.834987638324206 -0.9677970811416667
-2.660987803904841 -0.9916726789237653 -1.666075260063016
-1.029508699657873 2.280045052529664 -3.091969418270398
-1.183884736504082 2.154166454644422 -3.220807370522585
-1.768195924715196 2.003866979472832 -2.498171857893308
-0.6368592394175995 2.366189653739772 -3.242647889076576
-0.7888046447723547 2.278510734589344 -3.351259318424301
-1.282607770840818 -1.896415459683029 -3.658047070153284
-1.426483023731147 -1.872577983804566 -3.500635998176867
-1.591176517462526 -1.735483231619852 -3.499378645139014
2.575263102040961 0.1829028360017475 -2.833966292181286
1.310347981474445 1.819158751786306 -3.766901681178334
1.468596613343246 1.681370076974523 -3.788071281996266
0.3004206557371433 2.890605502527684 -1.158520137864774
-1.553916540562771 -1.854886801384091 -3.327950381030025
-2.507994439869008 -1.430206109244804 -1.325397245054036
1.817561816775763 1.792634956863727 -2.930661369567915
-2.762763017664223 0.03955446765644403 -2.095418776830431
1.144172159288405 2.3148371252848 -2.832529258161359
1.097107778511964 2.396582735640596 -2.640556522777588
2.44429793941775 0.1842035598263345 -3.240283267420001
1.298843549610941 2.518273577739258 -1.705714826148777
-0.6740595790779128 -2.292096417912393 -3.410028595538845
-2.76832580617963 -0.9979156694454104 -0.7345843470656944
-1.388748302568566 -1.989752547116269 -3.30956806540318
0.8298891363080287 2.76393928529848 -1.335913714549185
1.02147233587861 2.710100980671369 -1.248730372704588
-0.9964219850807468 2.742611875804291 -1.040776377456388
-2.73696894958126 -0.6578653275077333 -1.817586729334754
2.167314481837309 -1.001397633008891 -3.414440023258722
-2.750783652482478 -0.1750098752221191 -2.128317508991092
-2.100624643500657 1.001981425966984 -3.56698476247753
-1.965121897443349 1.124892389915992 -3.716325053100103
-2.956756283425379 -0.1141580465232374 -0.4231104220503645
1.840806774101775 1.682832397774416 -3.114970482707021
1.692285376343445 1.839359250864482 -3.098900764535077
1.141089247696663 -2.695295674926479 -0.9424021907761466
2.937398272872902 -0.1741620221619599 -0.7366845343874936
-2.19114050573293 1.558739172760657 -2.430507181965885
-2.163565771712717 1.500675098948132 -2.650647720116621
-2.070857069724191 1.742038865812743 -2.358022591531118
-1.343402207830319 -2.340638436559499 -2.389543433580148
-0.3044646823662442 2.635000854347106 -2.57669995778898
-0.1400041668771365 2.615330129906728 -2.702228886285341
1.875118401206245 1.942712795742514 -2.384125227287521
-1.117879762363708 2.570496239841034 -1.885243570669079
-1.144228177109576 2.516483421104349 -2.088663616184204
1.721514101827028 1.115508399903503 -4.155030465519764
-1.885952864193438 1.85571297383934 -2.602408825246535
2.20137365200019 1.029398904288096 -3.299351763394302
-2.390115113526718 -0.8802652235442965 -2.94954451343149
-2.280068320422926 -1.332607152503336 -2.621063454142204
1.883253728357323 -2.227060056706848 -1.055714433755183
-2.184183239475058 -1.391937764138258 -2.805509904450373
2.087683049726962 -0.5019770718946792 -3.968917470336428
1.860961716203058 -1.175569276888195 -3.856211349925975
0.9481289030135795 -0.3623585874860211 -5.404003193029181
-2.394757809231427 -1.740726786748847 -0.3783169132182479
-0.8365813171437101 2.780309572866198 -1.183962874065509
1.971151238647356 1.016214458102341 -3.820490247319472
0.5401520161032859 2.318181946540468 -3.433268819932441
0.5571938253355233 2.238074860217781 -3.617785092025019
-0.2727607434698261 2.891232946573765 -1.178178456803626
-0.981693648166581 2.226396869242231 -3.290881575707065
2.419352046831933 -0.7967979824304001 -2.949140547884698
2.049664048549114 -2.127757006899816 -0.5294719893388368
-1.51300789320253 2.495645852286444 -1.035956060249295
-2.03862419171402 -2.145603229016192 -0.4042094728445996
1.867168527864443 1.451355663650939 -3.472971042450469
-1.735036510702868 -1.992983269019005 -2.615481041867092
-1.889585278240719 -1.841984546780159 -2.62901675259914
-2.03302890786661 -1.67975291534618 -2.635199708064673
1.894115414028535 0.1903937486924174 -4.41118972930154
1.946210465943679 0.3687325896608354 -4.281624645562631
1.75450737933512 0.2834273990985819 -4.605079043961018
1.702044418442394 0.4721187945324785 -4.620869774467879
-1.611378673303721 -2.034260005203069 -2.787636594705321
-2.870250412583779 0.6980987834726223 -0.5392912755033473
-2.949588603062614 0.06096368365113113 -0.6108004613548695
-1.321196600504652 2.357411238356721 -2.374060773077319
-2.300723690703187 -1.849614441727675 -0.577235655381912
0.2502791062353399 2.519076015953329 -2.999520728864998
1.38866263541099 2.563167783112789 -1.070255431743869
2.389732056139829 1.024783117930201 -2.769894207136117
-2.197775139362046 -0.02470909536401105 -3.863178836192562
-1.7228438481277 -2.403151513502042 -0.4738428223748208
1.595998563002571 2.331255617357771 -1.75642825439037
-2.000983354172711 -0.4879821887052239 -4.139588678002906
-2.10768495761884 -0.4337130489317647 -3.959420230682715
-2.451158783332566 -1.205815343191638 -2.244538658496381
1.728363110366637 2.368102271626667 -0.8838865011308608
-2.262925836484643 -1.788020483273831 -1.350216487194078
-2.095103372733035 -0.9133005806481966 -3.667226950890911
-0.9639877088113209 2.474613342448043 -2.564235665594734
-1.137936288273995 1.604121974160244 -4.305946587472574
0.6457586858650168 -2.828407386238555 -1.204564109279654
-1.96823856818932 -2.105781637435242 -1.363467827469889
-0.1620608587363853 -2.745638843040733 -2.15693701738574
2.038722543357144 2.12471230893878 -0.7050189848300243
-1.628633160514069 -2.377428245862677 -1.368512610221496
2.095277341931609 1.819890084507448 -2.03376205373259
-1.250397639824303 -2.59622323036519 -1.369530379028327
-2.673456908338106 0.3132564239924104 -2.419090176857794
-2.723219138328315 0.1753514033682391 -2.257473490425893
-0.09381134649191199 -2.954124026533038 -0.5033655973864944
1.406720328850156 -2.322698784007343 -2.317325838832977
1.439548065646691 1.189705691380202 -4.468825729112187
0.7329278916365213 -1.896607321994357 -4.188203954663482
1.732401434623147 -1.638731205478934 -3.421801477360519
2.544212284835439 1.005156946291827 -2.226736123977339
-1.448409358265721 1.671092878853528 -3.834080315605439
-1.601605313744839 1.534056980847716 -3.820322390592839
-0.3240172897962709 -2.337611426503854 -3.485571371803263
-0.1737017249509362 -2.305073405327329 -3.605253728877032
1.495532465149811 -1.308741757641418 -4.270323677273324
1.528154480471083 -1.144407511496123 -4.402236884854819
2.186232166880283 -1.312407672775045 -2.940290031234218
2.677495299350558 0.8501092327173884 -1.850485242916539
1.593038422247309 2.134753338862276 -2.533309699050394
-0.3310063350111241 2.941314060556703 -0.3981607012747657
1.933103654783296 -2.045933512176945 -1.818673834890822
0.4461841733949898 -2.575584119045068 -2.720822934980752
-2.739895443023346 1.110965042820562 -0.48193173648278
2.361648638573017 -1.667915438674913 -1.291223039269673
0.03626061701714736 -2.577876790297611 -2.846315073730833
0.9139673169549783 -0.1729965798222261 -5.46105536269786
-2.377604773161373 1.6682429858555 -1.174325160995743
2.533615296601342 1.429161758748603 -1.132516001638152
0.8077854694264682 2.417182815768447 -2.944589773885414
-0.9268985713907244 -2.394308675333585 -2.882326492824446
-0.8776311664469975 -2.472831394112488 -2.684388090002094
0.4055517138543282 -2.179588167790743 -3.821990755368924
-0.9627534818438525 1.958830891909201 -3.895580869301397
-0.2336858091004228 -2.00573860769578 -4.213561761261875
0.1848740068460168 -1.963723693011937 -4.296214308268103
-1.831867738039508 1.04019977563429 -4.049809186002104
-0.260656829685363 1.902018027075916 -4.384839107363407
-0.2635005899400676 1.785197067281382 -4.565036464643721
-0.6128080113625386 2.057636498216826 -3.969390699215698
-0.3766521322093024 -2.518458613036073 -2.951465080294577
0.7303828500092242 2.690015204894403 -1.970471485977475
-2.489788066878909 1.136561135718996 -2.220434392520362
-2.612603251295765 0.7318410874577168 -2.327440644012157
-1.420466210723232 1.167496804756971 -4.513549724383966
1.551805226919598 -0.9732331559102358 -4.524146591320063
-0.8030210636122285 1.738092364734256 -4.393316448179305
-2.25856989239862 1.175022473862692 -2.953173430697108
-1.435304524708744 1.905918829904711 -3.418521884563637
1.920754749798591 -1.621838159697132 -3.054582684688152
2.575751073908682 -1.364618754175674 -1.072946433788848
-2.333506289182046 -0.4589503103274247 -3.438651247335547
2.760940652499175 1.068326270254411 -0.3826636207387009
-0.8027831075872596 1.615758929370952 -4.565539913530418
-1.977217176131397 0.5070019344370897 -4.173764985325643
-2.357720706007463 0.7834984441595596 -3.143651748642888
0.3161371583409937 2.054638660034324 -4.103388821476236
0.6547045563503334 1.755451795417435 -4.459336050995415
-0.9716006765835981 1.61647058230367 -4.439604352282865
-0.5855309737659254 2.548872437246165 -2.716066285818163
-2.674932668300431 -0.8640247241588046 -1.840166043439272
1.157863819102308 1.626977341205722 -4.253450019209172
0.833276447152794 -2.517081949643739 -2.580981081472609
-1.660992978879823 0.8031299508820762 -4.503907549872571
-1.591944969902275 0.6658490279321275 -4.678324961060464
1.55116036014174 0.1931771583738908 -4.888135300055665
1.346476021862999 0.4019814884401956 -5.065106114293238
1.241704154062458 0.287991635581575 -5.193226291774854
2.567967172670038 -0.5610429455506567 -2.667474417720512
-1.876632355380689 2.080235625029677 -1.893175371996499
0.05953162542872675 2.639048698936838 -2.625668805668547
-2.414730605686447 0.3735331970045014 -3.262280977941184
-1.793345833576491 0.05430571608314905 -4.580369289933635
-1.673290271607314 0.1007608285670912 -4.745142528263165
-1.619323948885792 0.2958387761457834 -4.78469414963391
-1.547213080141849 0.15013317141292 -4.898503514240661
-1.647858890176044 -0.2760215514241519 -4.752431665304709
1.125729141497897 1.234177253609884 -4.752893024764258
-2.003385282048671 -0.08578760842428171 -4.238758169638255
-1.674129883997436 -0.7848432886937025 -4.49774101379866
-1.888031655598068 -1.39480011065684 -3.517377044220025
-0.404290322272743 2.747306900797976 -2.025470074509093
-2.40712356146521 -0.04534297371756618 -3.361068086751839
2.3058747083979 1.849107697641449 -0.5010909897205575
2.187323398039603 1.994730899952534 -0.3864703484982004
2.685962259940368 -1.229960386691762 -0.5339827306200424
1.524381833020668 -1.625308976418838 -3.797191065355691
0.683584310145064 -2.250364579984494 -3.505984187732934
0.8294900233376403 -2.27770768879823 -3.316220036099223
1.07883841793353 -1.382282705934052 -4.63923044696938
1.110959168033996 -1.708531547760306 -4.179669692632676
0.1026524116212639 1.790213058917318 -4.581861129638437
-0.0480423687624564 -1.692335621971016 -4.72281939752672
-0.05103029941833604 2.174335282648551 -3.911737920132293
-0.6444914709861754 -0.5441382310828866 -5.51370997999608
-0.797041553089073 -0.4032827991541084 -5.484174737201098
-1.896935932969841 1.318645824809157 -3.608557257262937
-1.826408320761576 1.267800230271777 -3.808199670555319
-2.379197200640109 -0.7424969190943917 -3.12016068040543
-1.586131583341331 1.39560986862934 -4.037830687024261
-0.606396672647019 -1.606280449150959 -4.690271615039606
-0.7438942162079094 -1.479338899490174 -4.772077875091184
-1.772603972380242 -1.89069847307696 -2.799666055378645
0.3045230047677262 -1.730426307994221 -4.634161382069676
-1.685600826411832 0.4537638266214432 -4.650330789147681
0.7569698906042698 -1.44126759134752 -4.807988234140477
-1.081682068786504 1.20186614938561 -4.821931075738911
-0.9248834767416979 1.209803258727708 -4.935704917460984
-1.362868346161744 2.094752022172446 -3.099916636399165
-0.7526164177088344 -1.923354889693482 -4.128835761286674
1.402205941557066 -0.3858188308399566 -5.012745086814852
0.09145498625830752 1.66383995946127 -4.758317465412714
0.03283180964807911 -2.330164683531505 -3.559522408109567
0.9262252342475843 2.151464264024194 -3.529873160475214
-0.0346763070593728 2.931115214537316 -0.8892020269787592
1.115269451450511 -1.221609794082207 -4.774307694961174
-1.229669703358664 -0.8901914384864699 -4.941222480840922
2.687972698060712 -0.847761802565951 -1.796680515071135
1.315104963483575 -0.7383647388937207 -4.952555835719405
0.6439990575391754 1.638739682783102 -4.628850816559652
0.7912290240558858 -1.771358443587633 -4.351233923943541
-0.372566392193264 2.790669230644785 -1.814633939813965
-1.566664973699637 -0.9766139369814162 -4.502114309991763
1.368719567669634 0.9378852616839761 -4.767666982421463
0.2429535830746024 1.293415962573634 -5.154309211454692
0.2395765588522773 1.149994037004026 -5.281065712094197
-0.1242910529450264 1.139353534293037 -5.30460007663593
0.4331674563388961 1.33892198027621 -5.062969648663831
0.590451870330964 1.206409732467108 -5.127961836037796
0.6612040983165723 1.038562184066978 -5.232494135063874
-0.2374473937025946 2.915279477581626 -0.9649908081250455
0.7794749858261873 1.236628192872231 -5.004571463176035
0.6129443582597864 -1.381641661239169 -4.948779932822168
0.1570387027865526 -1.655122693977175 -4.76330310399675
-0.1186211934789494 -2.61589469231475 -2.704019660292156
0.4337899304518428 -2.8654767216793 -1.231953091919012
-1.715361627505807 1.65879407876345 -3.417731779514376
-1.666221300200914 1.597145919656527 -3.613771912619291
2.078422071111628 -1.009003214312337 -3.608175626926364
-1.751987191651711 1.433438986354408 -3.717780823212581
1.719193704779316 2.087751233192961 -2.36503569288019
0.9073915722360923 0.1868912779235318 -5.46345459449748
0.9719686620531399 0.3595100848544915 -5.388784321234702
1.950414813499409 0.8756982689782088 -3.987539448715104
1.777895593520918 -2.159338950984495 -1.918283833846485
-0.5169944381307627 -0.9177572245659793 -5.376362886767272
-2.463798692040422 -1.543970399381524 -1.144989371681245
1.22524669076779 -2.399933972865064 -2.407092933462846
2.298479441848042 0.9600981810218877 -3.124423251136579
2.640809496755826 -0.3638575346685333 -2.524898656170607
2.487742237957973 -0.7778187886648196 -2.747515561129095
-2.791116204483209 -0.9880522018505362 -0.3703775888587774
-0.3263166619623296 -2.584352266255239 -2.753324031420223
-2.340267976759894 -1.723129746353977 -1.158232148586981
-0.5094516216799124 0.9595699598570495 -5.351583796339327
-0.33640201974617 0.8969191833258913 -5.443012114228442
1.03970826291862 1.002975448100721 -5.023258890262676
-0.8496885218806313 0.7035876459041528 -5.338688871297943
-0.6965136411166782 0.6766195416595128 -5.434268161200712
-0.8401648046632637 0.5134236095252411 -5.425087499866086
1.784987542254359 -1.933137339848242 -2.657613778737796
0.5172248793268831 -0.183389833920254 -5.651773211267472
0.6237784903259049 -0.3777835026930125 -5.574576689704283
0.4028500632440181 -0.3629435284656153 -5.654144996794541
2.490521271977896 -1.533147698952985 -0.9688717739990708
0.7039695149409887 -1.049467802293473 -5.20327722965649
-1.002460240825735 0.5565781035762641 -5.304199542529942
-1.038494909162947 0.0003745293164543451 -5.387214949505209
-1.090335010605299 0.199613045883607 -5.334581048051428
-0.9268798904270199 0.1677504122882644 -5.453488387185835
-0.9611744746551681 2.774243683589659 -0.828742091520002
-0.767011618173175 2.839325791859402 -0.7582064379559352
-1.427707299488395 0.4570637980910047 -4.962948636840983
-1.459621821233585 0.6479200463189996 -4.846886371834526
-1.322820778895936 0.8017867683204994 -4.907580625560125
-1.31068937181752 0.9830313994726714 -4.79468492057419
-1.447431124531346 0.8347600995190712 -4.752331079010519
-2.536320774559531 -0.6097620416026321 -2.740073864863831
-2.731513628532451 -0.7885422522524801 -1.644861316278343
0.5171948051033745 0.1834073185930636 -5.65178141976998
0.6043677847406834 0.3660750445057412 -5.585534297247469
0.6586696371157896 0.5626130336724167 -5.500432604773766
1.740276533387158 -1.899074937176555 -2.854036768160483
0.6230576618099248 -0.5855045848704067 -5.507041497661566
-0.7969177711653213 -0.2239113959451252 -5.522643311240024
-0.9250224614733119 2.817528169075149 -0.1834502526764614
0.1055559741359825 0.184006500567163 -5.736281916008176
0.1708278516482349 0.3375096329575946 -5.704067014028444
-0.03995263692745837 0.334566633504328 -5.713795113692141
0.2326957779924339 0.551808012531891 -5.632633516477724
0.2471922513900726 -0.7962291531880233 -5.519284764175635
1.467293634744939 -1.758869035136347 -3.655428834819269
-0.5519898894509873 -1.487116851970516 -4.860079730087209
-0.7869196078109906 2.063322093142801 -3.840884987592869
-2.061503462237927 -0.2813477640529629 -4.09996743784411
-2.089071338908594 0.4598083209561498 -3.985335322862447
1.052290626318461 2.722265185672766 -1.034863490908964
0.3205660162293233 -0.1856647024651857 -5.705996901259544
0.2069593803921321 -0.3682936427237711 -5.692404069576367
1.643792562312518 -2.288406804798392 -1.801939959867858
0.1320878365729792 2.916545598844278 -1.024570386782878
1.715176444023388 1.73004588868102 -3.282695018966928
1.82844025737166 0.932306601233544 -4.153031833041287
-0.06846849758256468 -0.4005285072719643 -5.696811737624135
2.952102246577972 0.2246160230516657 -0.3764985292170254
0.7599820179977084 2.157016718703643 -3.663784178353942
-0.2233985536920114 -0.2623578699986643 -5.71208276173101
-2.940995241366505 0.3392354821895089 -0.3805990851933284
2.30151253518712 1.090162297303477 -2.950883809756278
-0.5092761936308022 0.7827064863402473 -5.458740644862533
1.983528650889431 -1.013479010717186 -3.79909210774462
0.3341571609904133 2.147101307381012 -3.915881566586433
-0.6405573594276739 0.1705174178554333 -5.605637640482664
-0.7516193402521968 0.314262526922968 -5.529959135060522
2.380627073310726 -1.681406680335261 -1.076729000562552
0.9266485947803547 -1.809769449186267 -4.188365221727836
-0.1426851702689453 0.9908138566019495 -5.41379064042438
-2.45972206231881 -0.6808028542777836 -2.93280529479974
-2.78212789500535 -0.7100962740647215 -1.448714350670723
0.8248708825614103 1.643240452326781 -4.513600453984114
-0.6032872592488101 2.6962898913628 -2.095857435732558
1.838800804500092 2.034784408253743 -2.194290431614463
1.237989775072707 2.651753313879133 -0.946954244445967
0.9425319978139701 -1.340906394130823 -4.793846728768975
-1.693387654021013 2.434244817195061 -0.1936326284165611
0.2077656053638294 2.584946757516644 -2.794124423624129
-0.1274206863768195 0.16996972215576 -5.736240887962055
-1.973363085085845 -1.207764779112262 -3.600393186980126
1.506466558054562 -2.403420356413266 -1.686694056076821
-2.709974660252817 0.3875506306507575 -2.217604902410653
1.619439929566807 -2.476933507543963 -0.4125653245913793
-0.08575251950448146 1.733114377331754 -4.664896093723415
1.667194906188319 -0.9939831685221542 -4.349598541100402
-2.205585244885447 -1.89064028510921 -1.169375165985079
0.08815172855769647 -2.632804579160848 -2.646116541107776
-1.022347236801707 -2.462093824013856 -2.524278994579362
1.735353937756534 1.611299025660238 -3.464855423775957
-0.6933859505269254 -1.349488937554196 -4.942219932677888
-2.28312080250788 1.835840189611818 -0.9094409647022815
-0.7269889227816779 2.862484545150278 -0.5508324276037705
0.7988118194782909 0.3705204174373756 -5.491885544633065
0.1010726162083508 -1.777347508692396 -4.600772316444365
-0.7695791500749537 2.15300719301979 -3.665117940707116
-2.863640760409647 -0.2793930712360518 -1.403899015217007
2.297172794700175 1.213328998688259 -2.777905490147881
1.698469002172378 0.9812714529573179 -4.314844099241454
-2.058548578493602 -1.568131977267987 -2.813190995357249
0.2200027049731316 -2.909898072189258 -1.038732422213003
0.167722741001277 2.932395236233633 -0.8132090750511398
-2.44183746962712 -0.5410092922491099 -3.093932612209141
-2.830505217965074 -0.4994403710336119 -1.426858146947885
-0.6322504703992919 2.64473249515038 -2.300599353461041
1.953225095378531 1.975274224095129 -2.020222506528014
-2.056051547242165 -2.050756523008167 -1.179255959667517
-2.281004176698754 -1.625736155376905 -1.896279781511705
0.3940931880605137 0.3642328715887979 -5.656151766124409
1.884619916250695 -1.013490810835134 -3.983773338759158
1.417426681366054 2.568771076465633 -0.8568296796443509
2.3960168164441 -1.692565904897221 -0.8612193432287442
-2.67983736097895 0.5983449525405309 -2.178818290881085
-0.5204517163309799 0.5850046274314726 -5.547118835313731
0.4090939164720261 -2.715756432907575 -2.176104275956233
-0.9699730466026155 0.3586835183088146 -5.390342003206697
1.057512035928909 -1.838562223176982 -4.021466595855332
-2.539602721916301 -1.504615009695088 -0.5803345280608754
0.5598997420485579 2.149897713470479 -3.811915721064789
-1.339147434770843 -0.70414092802728 -4.947073031162926
0.8251642736030039 1.760627183124302 -4.343909964855796
0.7921832708015517 -1.289019366623211 -4.947074943669104
2.410201890654197 1.727533578380143 -0.1903465487583635
-1.163172392258054 -2.444433648773946 -2.353974097242934
0.2941414055381095 -2.632873450386084 -2.589344554708233
-1.286477200340359 -0.4906291752892694 -5.094264649899956
-0.7905545239639936 1.484306299967792 -4.73797606808376
-1.579739909731928 -0.05128640402517248 -4.867032562080313
-2.880085077718148 -0.6518154156098894 -0.5595528707964902
-1.595613123177797 -1.097230050770433 -4.357213155310304
-0.01016080698219604 -2.252607821496108 -3.742890235341047
-2.413203787044081 -0.3967529910185543 -3.256220697104386
0.3655640803728252 2.919533922684574 -0.7400570961102454
-2.161916887640075 -1.512452415777779 -2.630475912434056
-2.850505265410598 -0.1510602821121176 -1.568591446884832
1.777815454505191 -1.009496192962748 -4.167787354991244
-2.268608574516322 1.306023159826408 -2.707279192184836
1.604558076120142 1.652980246949052 -3.624266686743918
1.589188762522383 2.474109929629503 -0.7664294273930915
-1.290923441821337 -1.783278771289404 -3.855517162683775
-0.2669301652841005 1.661755951776345 -4.736174521946679
2.286219567119814 1.33287484900492 -2.600338877164169
-1.078849838875329 -0.8613805484391612 -5.09051933993896
2.061811602496207 1.910062098845779 -1.842613652435936
2.408006116799945 -1.701012805330622 -0.6462230795543963
1.559851390925746 1.0243117352994 -4.471073021009367
-1.367408216551313 -0.2950199774378294 -5.071683022328258
0.04509999799382981 -1.890175579266872 -4.432060788796213
-1.89792991774929 -2.197504491803778 -1.182098123803877
-0.265482561683029 2.953444837858355 -0.1916057964760554
0.9620021339086134 2.404831201137831 -2.805165680716539
1.462513370487065 1.575483620280632 -3.963853327028816
0.881481365651224 2.61951703275095 -2.09142119906535
2.663793162709928 1.246049601347229 -0.7622691324390953
2.05293243265711 0.3417968056218063 -4.098866022877155
2.957114930746617 -0.1713208404082233 -0.3312741555645038
-2.636071892970435 0.8054394729026008 -2.128168681099189
2.644457332683448 0.3467230104480295 -2.519607435009207
0.9945379542446942 -1.961576081030635 -3.860230743681406
-1.440915393342342 2.575288062084867 -0.5966228833529706
0.3657500675913828 -2.943021753794084 -0.1727048269398735
-2.260563726950612 -1.4508391539717 -2.442597698306527
0.8329870199644457 1.865293748374296 -4.17072607247454
0.492066227387037 -2.620602030497604 -2.522355046480373
2.84961686589399 0.1909707379701753 -1.558274170065537
-2.351797941187849 -1.386707977982348 -2.251439045974021
-2.858308325918224 0.06450128651519886 -1.537276075322881
1.896689387499667 -0.8460556232714165 -4.107160292521765
2.376503883794818 1.261971501150836 -2.423092815482355
1.751863562382708 2.368922856328288 -0.6777685975806367
-1.726869915644421 -2.33294108371328 -1.192335919424877
-0.2795538428434058 1.534596959655822 -4.892083497962175
-2.065578647316507 -1.837131362554194 -2.08891555766719
2.417232751044018 -1.706015859126754 -0.4316181858176678
-2.450942509661854 -0.1938559778779992 -3.219242039723645
0.0185472008159676 -0.9089232480562324 -5.474378539424943
0.7691345247547362 2.850868048889815 -0.5620211700591381
1.613551663406101 1.536283008503017 -3.798009633815889
0.273803623497491 -0.5722369454078252 -5.618012047577535
0.8362639987125999 -1.126904100414923 -5.067084915361287
1.370626477367726 -2.034353587532324 -3.235242449682277
-0.959078945928921 -1.043414941548554 -5.052495202233471
1.019086992451132 0.5269515604858114 -5.303664545036994
-0.7492784532853768 -2.859404863002385 -0.4959779212119069
1.991640206726724 -1.630943846557827 -2.859586296242693
-2.418891630184619 1.707415618787305 -0.3717546393974712
0.5476873981889915 -2.65538791133535 -2.335691570469308
1.333169980744239 -2.644433858808529 -0.3505971400507523
-2.098597918280986 1.775038326605842 -2.165561244563142
2.163919831052135 1.836986667544425 -1.674175728651295
-2.576455918721313 1.010456476111371 -2.073135792486659
-1.296709610513597 -2.41502826711565 -2.200888487155593
-2.122242223145178 1.99806581859786 -1.073819514098423
1.571599570618736 -1.770907299006875 -3.465776974733727
1.69217437340433 -2.331766155224646 -1.374024564645101
-2.910586277894716 0.4943847582257399 -0.5722489500267206
-2.864069011969379 0.3706319305644061 -1.318670879569143
-0.1053558238758204 -2.787935267605874 -1.95703879102544
2.382207271134116 1.590213346642581 -1.500665295072171
-1.345715174027619 -1.45723446598338 -4.276891155886341
-0.6266773814465346 2.594101198080118 -2.513102033392149
-0.4751481826047825 1.440467470853526 -4.942673045704918
-1.718626589740853 -0.08592078712352498 -4.684979396714594
-0.568416042132699 -2.66720359130789 -2.265446998390822
1.922299405270671 2.24209927957226 -0.5511272851164216
-0.7720947982794403 -2.116476821587618 -3.742258155998535
1.240371269648863 -1.98771463022273 -3.528362137714835
-0.4826469596686364 -0.6809170643039886 -5.518770366473835
1.413415578101172 1.056930204017901 -4.622904564923907
-0.4162955245357644 2.313826580544128 -3.508305005081796
-2.880584320594452 0.1488897044898798 -1.347314497786754
1.121880939567089 -1.980018329875336 -3.689944976029365
-1.737186090241194 -1.589169552303111 -3.49963060920239
-0.159730035095381 -1.916343699601897 -4.379578273496874
2.460543552721435 1.188257234182996 -2.241138266540733
1.03859476378234 -2.777514039671752 -0.1921352467525015
-1.88982004439126 -0.2006105100878292 -4.416407081785122
-2.32289397320405 -1.504049800835909 -2.074173220323637
-1.386417001536246 -2.611385178630412 -0.4810957267600721
-1.549021866721703 -2.454689117629348 -1.191904776702668
2.290719452366901 0.3861537532525807 -3.57754440209773
2.242898750853011 1.854563351086327 -1.11868018927555
-2.472357991267337 0.01594502947912569 -3.1792495671485
2.398059783107611 -1.25948449332586 -2.346968100556603
2.161201859307964 -0.3284043877418488 -3.888471121036567
2.729824600457886 -0.1776291621749127 -2.226619841889517
-1.107548194188326 2.126225060382379 -3.388235385834431
1.320057820039297 1.711012238283193 -3.940552610355921
-2.678819231493394 -1.272671020163559 -0.1658935949524538
-1.470091629632021 -1.275342927786045 -4.340896946464466
0.4336302566939403 2.591629279623908 -2.670745066300079
2.480467289229103 0.369138101859127 -3.073390849839424
-2.406327273198466 1.474332833220919 -1.775465232867797
-1.915878910693857 -1.99306256411607 -2.087814899865484
-2.112468017621765 -0.06868653597241338 -4.036109569235655
1.198529215031537 -2.573759998431886 -1.670082167611672
0.1776023707621695 -1.141126734954235 -5.297463672946373
-0.8730207170812948 -0.0288215521345088 -5.496121961476247
-2.503079657482582 1.205032095510993 -2.019558851902773
0.4098974858472697 1.205694216211636 -5.194330859950581
0.8803276525002404 -0.9366094357370297 -5.18328888191171
-1.553143137634533 0.4730721464920322 -4.813535048684975
-1.358293233079452 -2.564899452546048 -1.193948311063946
2.877889361336226 -0.1642417947693612 -1.362167726055397
-0.9840511190998178 -1.225019612948353 -4.878281810870296
1.901575214229462 -0.6746516750169976 -4.216437848310157
-0.1599167508378267 2.560634163191172 -2.888468723180957
-1.160095505977842 2.462483402984559 -2.288075816424521
1.860371434092611 -2.215707621961072 -1.275095709882816
-2.077118381965243 1.531968599757493 -2.836672767866883
-2.82507288398515 0.4973168553048601 -1.469457582648721
-1.70845233021082 1.368664043358655 -3.881988367099184
2.287282934112064 1.675997248121558 -1.692521015507065
0.4058363767035243 2.925595715866856 -0.5457521220092647
-1.568030544425202 1.750807091818265 -3.509937846853459
1.258675981271619 1.087718478442878 -4.761999729769569
-1.207873298089462 2.703943321380173 -0.3511605860254297
2.537928094510414 1.111653495195983 -2.057029969792219
0.3532298877865372 -2.262984678524169 -3.655788491640891
-0.1394577580239966 -1.325536174312021 -5.13804925711365
-1.989837379139649 -0.9519874380823529 -3.846167288545778
2.746946592224989 0.8259061246169794 -1.470127751917492
2.939587063024985 -0.3357346594648847 -0.4299367460320971
-2.00147652568779 2.150873923698134 -0.8013549201930608
-0.3603950391035525 -1.922794695180174 -4.323832311000682
-2.78522311799476 0.7070693012351476 -1.431833522434474
-0.9469442988749577 -2.742693907829698 -1.201158358540083
-2.476538653150691 0.2270132099533956 -3.136435627981772
-0.7499474574003859 -2.663481642823973 -2.075482936131138
-2.508329582015801 1.272925827513626 -1.829668289270282
1.162760323257192 1.733167728163144 -4.087610408609294
-1.652934272502273 -1.315748587091988 -4.037902449748025
-2.858814560949054 0.7725191442505228 -0.3546782986403194
-1.758316158085153 -2.13280761794768 -2.089924989058677
-0.6282940040347197 1.47509675461058 -4.838985926784968
2.929540204460962 -0.3375517277902775 -0.6338697344795383
-1.157774134189091 -2.660886117450569 -1.198524135304919
2.404285995995677 -0.3059850144592112 -3.317232752795724
2.216799649221656 -0.161915727492673 -3.809515239203847
-2.722636731591161 0.9995380375273424 -1.212438232848864
2.60933018687224 1.032166817460054 -1.868361629467332
-1.599557341790823 2.308300004288059 -1.855386242384574
1.607696226206356 2.492407778260005 -0.1539143389039986
-2.816054162867379 -0.8899516756959378 -0.551362934933818
-1.574623739015388 2.507301519645357 -0.3732875663084856
1.750384158183058 -2.346964763662102 -0.9316064062870285
0.8388231800683579 2.585675652837724 -2.304684759029783
-2.338185781257556 1.824340838935729 -0.1707127185799857
2.653352778136196 -1.005506205303984 -1.68061006749353
1.995903205836159 -0.506422696955541 -4.140481408260464
-0.786977825166096 -0.598379108741073 -5.422347481928789
-0.3301840066352458 -2.758487311708885 -2.018848440664296
1.524363047994999 -0.1801872955996155 -4.921557871805056
1.15697893507395 -2.725324653892032 -0.3733182858931984
2.297448859660441 -0.1614164975146031 -3.625626394188264
1.843454590125837 -1.75946019648886 -2.945396765942567
-2.048443190577588 1.929279083662486 -1.823312331023642
-2.188109736796445 1.759273021802631 -1.85939823250081
2.915475481016824 -0.3360649579742095 -0.8452328016673244
2.742041609373115 0.1693625941638114 -2.171969610824444
0.9925932243046384 1.754819874506364 -4.219336834093019
-2.310534697535446 1.577693816885316 -1.914332345813626
1.274234443706041 -2.664860672190057 -0.5411118202149251
0.4892500336760816 -0.5175314041285094 -5.582865609772972
-1.03717400432068 1.075637432608783 -4.968445266721591
1.035119276947751 -0.8340645400520116 -5.141469919409776
2.230204815982755 0.1730680988981216 -3.778147636673542
-0.05480831363680068 2.965486625759377 -0.1498176000563111
1.093671796489843 1.109584014067905 -4.894326868641281
-1.131275542208805 -1.818008867685361 -3.980950237597753
-2.125132212047292 0.2728881176508647 -3.97825286373754
-2.609485559539255 -1.397619112453223 -0.3892839342778714
-2.465083700681782 0.4370733377610719 -3.086388747811156
-2.787040505736659 0.7878132805716314 -1.248442272902474
2.319526088499591 -1.841119090033082 -0.3530099210738556
-0.4182068393954154 -2.01151932165106 -4.149086732503196
1.626578909865758 0.363542668565522 -4.757845745981347
0.6408815990536093 -2.327396002235894 -3.343583652484799
-1.417887948680034 1.011005534711066 -4.656230240282582
1.11501979898156 -2.49079449980597 -2.256927701815775
-0.8367171623214126 -2.758556743850364 -1.361466452438403
2.767029197510659 0.3605410536439771 -1.954390073136052
2.356168882581173 1.667179329552918 -1.33176976515439
-2.050413746643605 0.9373871750662846 -3.738598559063593
2.684429017262869 -1.250654260293532 -0.3510116339212546
2.086922379003484 0.1681602882442532 -4.074887640847369
0.683332481011941 -2.590602585843011 -2.470827025286547
2.950158285653012 0.1485579761449379 -0.5399038585528015
2.833107480409028 -0.8640453080141969 -0.3358206261581778
-2.077327514831935 1.666675597118404 -2.53467826964312
-1.58334769482608 -2.269137603515006 -2.076008073908332
-0.6185346751324524 -2.817037574811567 -1.349610788493651
-1.60617536123253 -1.227018769016031 -4.210092674405886
2.342173296132524 -1.262656908483346 -2.544308793311857
-2.203300432817253 0.5937682678045971 -3.67566047148186
1.240455804078862 -0.140180218609679 -5.217185292551251
1.316600178342285 2.652878732828199 -0.3461269148093953
2.676495740380311 0.9442748052400478 -1.676177089121623
2.046483106869827 -2.140748795835824 -0.3477679785211172
-1.808601704117441 2.295180241984391 -0.9962982743288638
2.899009878903485 -0.3275115023168237 -1.046634290248742
-0.6846283399406182 2.880610321143056 -0.3700986997334075
1.402345700328206 -1.882619415192777 -3.517004002306504
2.013324752890716 -0.1712523658035082 -4.211239439481291
-0.1887917059135819 0.8103583788779016 -5.520224712575152
2.922533340345788 0.1431000765661471 -0.9523655287827599
2.84729538880738 0.5220617006630049 -1.261323998548737
2.868371268342821 0.358700708750928 -1.295734339486957
1.899930210480654 2.271439260515593 -0.3569769527194623
2.325865338467034 -0.3196708684747832 -3.516464641684016
-0.2687485627427755 -2.888519744884834 -1.206310314347351
1.953017095263673 2.131756878335425 -1.292187307649789
2.681229194366876 -0.3775629637036728 -2.351324812596548
0.8281801766602721 1.963495088199644 -4.001539650339604
2.752510581575183 -0.3760767179422527 -2.019337386667948
1.10652564709675 0.3669454464702879 -5.288471891907555
-2.57396842889088 1.312916895118987 -1.306067392659982
-2.659102815654549 1.116006994911157 -1.352372927507343
2.521842847220638 -1.561458987838603 -0.1403575447433455
-2.885765165441827 -0.5776422380021362 -0.7298439658046956
-0.5972610625906921 2.309111778427562 -3.420668559248044
-2.794780992971722 0.9805002671427979 -0.3407667800450234
0.3701714600671461 2.305619291445418 -3.547807169547376
-2.436655574251174 0.6443244731161312 -3.034352187737006
0.8188631368671416 -0.3095351223894225 -5.494975813125683
2.90218079870669 -0.16255264143837 -1.153280547159638
0.9373302083430829 2.466214106849888 -2.630902222467551
-0.498114640221852 -2.302001518426964 -3.497453913852357
-0.04670074210657998 -0.2036142473440893 -5.73672751870745
0.9162707592923348 1.129986903761451 -5.012226088076309
-0.5958597382599566 -2.000860573581698 -4.086410790639444
2.593545713645399 1.426622197016424 -0.3941935025868867
2.520913672367218 -0.1581276932176706 -3.0172382049327
2.453362712599289 -0.1535980741195068 -3.220477941601279
2.432352256936106 1.591820344716045 -1.15140131545609
2.671237663766371 0.1647536018682922 -2.482591596326905
-0.8098166359825522 1.337484692738067 -4.88765396634465
0.1664063221602125 -1.277030111100142 -5.181011290556751
1.027472772891701 -2.246932114588826 -3.184211456851927
2.78620203916475 0.6697321937282525 -1.490903182455362
0.6532259015414875 2.057605362181887 -3.945160584343658
-0.8495491650596545 -1.358856873361381 -4.839932293341592
1.430787374455581 2.430232905948306 -1.786943778106615
2.536525631498691 0.3321596832730874 -2.913160349778841
-1.743866357011702 -1.031217125036565 -4.201559689235561
0.2734235402545901 0.998633531000056 -5.389460993270025
2.070592095149292 -0.3396007457244259 -4.066046388150572
-0.1645360013346645 -2.957713670812909 -0.3240346426331221
-0.3839418165196464 -2.93713833909749 -0.3294921904084172
-1.011627890734506 2.501174219212961 -2.392728622751683
1.744385802773571 2.246675893497015 -1.636309183717002
1.196571957091755 -0.7033899490258999 -5.082893769979315
-1.509642019814059 0.315088674393198 -4.913096103397752
-0.8235983061179964 -2.845035743634299 -0.3387709616317555
-0.8664199262376847 -1.981618576988919 -3.937032766121676
2.961685411159373 -0.1577003556688332 -0.1579360177810887
-2.147492383989514 2.039683781636866 -0.3415822582680176
0.02869731001422095 -2.962256737290841 -0.3202661334513707
0.1551768889230082 -2.961799156395626 -0.1593070413883406
-0.5003302627400883 -2.912787392493228 -0.5070414784903903
1.373455145528069 -2.494126607583167 -1.617125323760336
1.908912956213052 -0.1269182706658664 -4.395774828988083
2.961238652410834 0.1654000659646702 -0.1598082531195829
-0.5518265679497915 -2.849647564310434 -1.191847415090264
-1.647123952885294 2.420778025347526 -0.9293952341988104
-1.423723526076849 -2.372295091551273 -2.077096097723929
2.580355831291988 1.407589461072386 -0.7838700101572418
-0.4670507038324834 2.605585764717484 -2.597550081434242
2.850254651347178 -0.3189457877255759 -1.472883342233176
-1.03865760548861 -2.773432150028058 -0.348647354219546
-1.867385094499707 1.127915423922247 -3.897794825725262
2.326201159671997 1.834008640214946 -0.3260154972730918
-0.06982842128013872 -2.817731519819647 -1.796063916479777
-1.344910414063132 2.040137139198815 -3.261997295572906
-1.637744764275249 -1.610064558755134 -3.641039472511674
0.05598585886877509 -2.889618905355278 -1.300348202153943
2.85169926182949 0.3308466496724913 -1.452371813025744
1.79738851325711 -1.735432220898263 -3.101773891467363
-2.393165888602176 0.8470710847965391 -2.976643854733538
-2.923004168728667 -0.3600886716496179 -0.6974504801089008
1.786727280341398 -2.367700426157893 -0.1327335310104776
1.487561197857746 -2.561251261261738 -0.3370821923274274
2.374093518883893 0.1231179501235686 -3.441059011818287
-1.11483343989038 -2.737165807792232 -0.5060420474057746
2.751329459324275 -0.5202507359770949 -1.901743731299482
2.572854277715944 -1.164898719486737 -1.762189970845375
-2.080985617241497 1.842282335563417 -2.013041549956351
2.921530155729352 -0.484886772675148 -0.3501628518977684
-1.417089349303892 -2.601614307199807 -0.3158320684697686
-1.026074716858453 2.779121024966499 -0.3169970889334403
-0.6823609266020636 0.4972748148269763 -5.513218319967497
0.03542632366585299 2.962885439071988 -0.2948788533959527
0.9719061341734694 2.789799674178063 -0.5326162099267484
-0.7765444022359325 0.1278727358915108 -5.544994318546138
-2.026157325457826 -1.071955943322316 -3.651401626591036
-2.720991572311983 1.171771970003358 -0.3140099658044948
-0.2929779118097482 -1.231880448163466 -5.200962595616746
0.850885861899086 -2.554556970882985 -2.415774644569981
0.009535340896040093 2.595176375720718 -2.78745036300151
0.5804537501800713 2.540254612703668 -2.75027878446341
-1.185584133513751 1.072743835869019 -4.844524352043497
2.24837692276057 -1.392890366389909 -2.606121162372832
-2.560350326451705 1.380873763772841 -1.131692402104015
1.257688918038129 0.130255688536872 -5.202630144713654
0.7378818939596367 1.126842468122523 -5.124229081741912
-0.2268689001530048 -2.233772897394907 -3.759483500558296
-1.30527807556573 -2.487242034370126 -1.852050971304068
1.187824903946978 2.490792006017332 -2.112784861724175
2.52188283563469 1.561605903975946 -0.1312197010857505
-1.930577592297135 2.07118966779021 -1.718595627027016
2.60166658819747 -0.3480686580030951 -2.681104520270949
-0.2168992152829858 -2.875378516282467 -1.354389075110855
-1.592224724712729 2.264251303411037 -2.070537040945609
-1.828378063633796 -0.09949554770062942 -4.525149887366168
-1.013499062864513 -1.921030860208645 -3.917879166226751
-1.602491744816893 -2.491971143668762 -0.307632005354245
2.820239997466399 -0.3131366150787614 -1.680068430305407
2.52935979173459 -0.3019826516905177 -2.948692635864619
-0.7887244561791633 -2.194377862419707 -3.556019001383704
2.070194153424378 2.107677911083146 -0.5311106778039931
-2.941057851640981 -0.2781659737061217 -0.5339764651439312
-0.7846093315351474 1.242212979852792 -4.996353832737191
-1.988621934394888 1.781714774449059 -2.507834730508233
0.2148402565603395 -2.811183123118071 -1.791435010780844
-0.877933456238606 -1.471009162800779 -4.695562975382313
0.1973055227856882 2.357309886482573 -3.47130043811494
0.4064601559802422 -2.933712194571822 -0.3424411381265596
2.329556279151523 1.73273776827116 -1.185195050702816
0.173139144460332 -2.285240642274622 -3.652482422174876
-1.539250187104658 1.672265784341508 -3.69672271047454
-1.787315719367766 -2.362844412125536 -0.3098757448625634
1.478420718091597 -2.528417650530444 -0.9183336337324399
-2.340687459363687 1.03858356564178 -2.904647998947993
1.179193958152984 -2.50147706301353 -2.083315266724314
-0.9337551295654457 -0.3411425736606885 -5.418575031776954
-2.462959864378714 1.555607680887031 -1.091332604689976
1.791391251169089 0.1197016392645797 -4.578575561732932
-2.148407316776902 -2.038303536524754 -0.3507970772977292
0.3667530250137108 -2.890507722547325 -1.085367163562816
-1.999438197652891 2.185101755450529 -0.3394344273362621
1.348996957255439 -1.979898112465845 -3.392505524822913
0.5965992741820882 2.895285640517868 -0.4921938695226667
-2.14734816985351 0.1115089836964438 -3.962694701035285
-2.015368554642875 -1.259590314828907 -3.442805456747678
2.441801961786378 -1.359875515309639 -1.929998699434477
1.328645487536256 -0.581956084446916 -5.016890382094935
-0.7372857135492265 2.229895861105413 -3.514227315265069
-1.94627888779278 -2.23387399846911 -0.3058278898815873
2.787890381516339 -0.3146804230812714 -1.870989853650874
-0.9740960175040672 -1.605090863008197 -4.453041898271081
-1.540036876203102 0.8628727668831253 -4.622328340809888
-1.464018364239731 0.05458560381906925 -5.001004660280897
2 6 0 76
4415
4416
4417
4418
4419
4420
4421
4422
4423
4424
4425
4426
4427
4428
4429
4430
4431
4432
4433
4434
4435
4436
4437
4438
4439
4440
4441
4442
4443
4444
4445
4446
4447
4448
4449
4450
4451
4452
4453
4454
4455
4456
4457
4458
4459
4460
4461
4462
4463
4464
4465
4466
4467
4468
4469
4470
4471
4472
4473
4474
4475
4476
4477
4478
4479
4480
4481
4482
4483
4484
4485
4486
4487
4488
4489
4490
2.133027127045334 -1.805939545625185 0
2.133027126862706 1.805939545562402 0
-1.429385722397118 -2.401691243768465 0
-1.429385718420165 2.401691249546263 0
-2.60457385583412 -1.013677327230318 0
-2.604573856769243 1.013677324016646 0
0.5701983080182838 2.736118574029119 0
0.5701983108234967 -2.736118573199296 0
2.792721771411727 0.1110929991677776 0
2.792451762810768 -0.1118399753037038 0
0.3504161373242902 -2.772518235735921 0
0.3504161346131434 2.772518235922652 0
-2.67659690201362 0.8030303958495355 0
-2.6765969013484 -0.8030303984250664 0
-1.233599821195784 -2.507322639904968 0
-1.233599829611141 2.507322652881885 0
2.26933977058005 -1.630326245173959 0
2.269339770339172 1.630326245913085 0
1.974981539568271 -1.97498155129053 0
1.974981537181603 1.974981550907978 0
-1.62258783532382 2.272575682760887 0
-1.622587847198599 -2.272575688877118 0
-2.508074314840296 -1.226122816541131 0
-2.508074315021112 1.226122814898984 0
0.7964086955513063 -2.675089596742164 0
0.796408691606953 2.675089599559066 0
2.769101293363259 0.3451680923165816 0
2.769101292193182 -0.3451680953211778 0
0.1152951078418867 -2.787578878930556 0
0.115295103336424 2.787578878202428 0
-2.730049741841961 -0.5724312459965142 0
-2.730049742026082 0.5724312427992841 0
-1.013786109159177 -2.598111037381094 0
-1.013786111340391 2.598111039675668 0
2.395385417232949 -1.427339891411565 0
2.395385417310714 1.427339894051368 0
1.801834448561862 -2.127421918480025 0
1.801834444213397 2.127421921295177 0
-1.801543968076384 2.12707895732342 0
-1.801543969752314 -2.127078959451117 0
-2.394227066016781 1.426649665459692 0
-2.39422706224911 -1.426649667165204 0
1.012969098232608 2.596017346961152 0
1.012969103049688 -2.596017345073271 0
2.726970184948801 -0.5717854945927527 0
2.726970186079539 0.5717854941477341 0
-0.1151279363112869 2.783536507602493 0
-0.1151279300575152 -2.783536508944324 0
-2.764193963938678 -0.344556417969033 0
-2.764193963832228 0.3445564141386286 0
-0.7947408721512876 2.669487552607761 0
-0.7947408652311183 -2.66948755496386 0
2.502014602564279 1.22316041176495 0
2.502014603045282 -1.223160410006863 0
1.618145273166884 -2.266353459441455 0
1.618145269484044 2.266353461728901 0
-1.968938467855875 1.968938479819677 0
-1.968938467126472 -1.968938484973757 0
-2.265988462648759 1.617884676222593 0
-2.265988459233869 -1.617884681925387 0
1.22276645486612 -2.501208862864726 0
1.222766451254397 2.501208864959 0
2.668198085261308 -0.794356990640821 0
2.668198082633782 0.7943569922379594 0
-0.3443345198418375 -2.762413673706833 0
-0.3443345226223853 2.762413674508701 0
-2.781295803015881 -0.1150353271021936 0
-2.781295803139033 0.1150353227338798 0
-0.5712331952961418 -2.724335945958375 0
-0.5712331962743202 2.724335944547857 0
2.593091746906563 -1.011827549236471 0
2.593091746397631 1.01182755406821 0
1.424812311710762 -2.391143542357939 0
1.424812308145667 2.391143544386412 0
-2.123997031519059 1.798933703579044 0
-2.123997025409965 -1.798933709009334 0
3 1 0 14
4491
4492
4493
4494
4495
4496
4497
4498
4499
4500
4501
4502
4503
4504
-2.665469884872437 0.6047800183296204 -1.148783087730408
2.517707586288452 -0.02731496840715408 -2.412972688674927
-0.2635098099708557 -2.808532238006592 -0.5166882872581482
2.770545244216919 -0.02731496840715408 -0.8959452509880066
2.770545244216919 -0.02731496840715408 -0.5166882872581482
2.770545244216919 -0.4065718650817871 -0.5166882872581482
0.1157471016049385 -2.682113170623779 -1.654459118843079
0.4950039982795715 2.753902196884155 -0.6431072354316711
0.3685850501060486 2.753902196884155 -0.6431072354316711
2.770545244216919 0.09910411387681961 -1.022364258766174
2.770545244216919 0.09910411387681961 -0.8959452509880066
-0.1370908319950104 -2.682113170623779 -1.27520215511322
-0.1370908319950104 0.09910411387681961 -5.573446750640869
2.644126176834106 0.2255230844020844 -1.654459118843079
$EndNodes
$Elements
4 22353 1 22353
2 3 2 3904
1 409 1631 1050 
2 1168 1337 1272 
3 365 1867 1358 
4 1104 1409 940 
5 1101 1993 1992 
6 1256 1289 1012 
7 61 1870 60 
8 652 1346 654 
9 1307 1924 1100 
10 1270 1582 387 
11 1665 1707 1287 
12 419 1356 1153 
13 888 1307 1100 
14 82 1689 81 
15 805 1561 1311 
16 1631 1935 1050 
17 1151 1974 1379 
18 940 1409 1018 
19 1557 1559 422 
20 779 1329 932 
21 897 1500 1336 
22 1301 1303 947 
23 1219 1685 1672 
24 786 1472 849 
25 81 1689 245 
26 1265 1421 274 
27 274 1422 1265 
28 1356 1916 1153 
29 235 1326 62 
30 1379 1846 1151 
31 665 1350 1281 
32 1336 1811 897 
33 1381 2004 1852 
34 1559 1860 422 
35 1852 2004 1223 
36 1136 1863 1499 
37 974 1391 1084 
38 440 1697 1395 
39 750 1581 1328 
40 1499 1863 1188 
41 1358 1955 365 
42 1326 1870 61 
43 1536 1670 1254 
44 1672 1685 256 
45 1475 1984 882 
46 1408 1409 1104 
47 1536 1830 1670 
48 1296 1326 235 
49 1622 1697 440 
50 1630 1674 1261 
51 62 1326 61 
52 1724 1791 1725 
53 943 1340 1216 
54 882 1984 1117 
55 228 1287 1286 
56 1311 1561 1312 
57 1256 1976 1289 
58 947 1304 1301 
59 1325 1477 231 
60 1075 1422 1077 
61 387 1648 1270 
62 1272 1953 1168 
63 258 1884 1652 
64 558 1791 1724 
65 241 1564 1275 
66 663 1830 1536 
67 1536 1899 663 
68 1327 1918 1058 
69 252 2013 1274 
70 1401 1862 1493 
71 1277 1419 225 
72 754 1319 752 
73 1520 1871 1135 
74 1287 1932 1665 
75 1515 1516 1386 
76 1274 1882 252 
77 1291 1867 365 
78 1608 1935 1175 
79 355 1298 1278 
80 705 1329 779 
81 1098 1913 1097 
82 1328 1965 750 
83 1913 1983 1097 
84 1346 1349 654 
85 1004 1472 1376 
86 44 1423 43 
87 254 1317 1283 
88 667 1346 652 
89 1318 1352 265 
90 1355 1356 1143 
91 1286 1288 228 
92 752 1319 865 
93 1303 1308 947 
94 1048 1786 1749 
95 924 1867 1489 
96 42 1421 41 
97 1135 1871 1342 
98 849 1472 1004 
99 225 1420 1277 
100 1283 1315 254 
101 1580 1906 1269 
102 917 1472 786 
103 1477 1749 231 
104 1761 1968 1043 
105 235 1330 1296 
106 1687 1688 1686 
107 1043 1919 1761 
108 1120 1340 943 
109 1376 1471 1004 
110 1175 1954 1608 
111 1329 1354 932 
112 1270 1640 1582 
113 998 1391 974 
114 475 1674 1630 
115 1874 1957 1447 
116 1275 1872 241 
117 447 1957 1874 
118 1356 1948 1143 
119 1703 1913 1098 
120 1098 1919 1703 
121 1493 1862 1384 
122 665 1994 1350 
123 1058 1918 926 
124 1084 1391 1320 
125 1278 1599 355 
126 1966 1985 1263 
127 1177 1933 1559 
128 1479 1826 359 
129 365 1904 1291 
130 656 1487 1486 
131 260 1936 1835 
132 1425 2015 1233 
133 1233 2009 1425 
134 1447 1697 1622 
135 1376 1472 1377 
136 1654 2079 966 
137 1266 1342 800 
138 1071 1420 1073 
139 1418 1419 1277 
140 1321 1323 271 
141 639 1339 636 
142 1083 1317 1275 
143 1622 1874 1447 
144 1531 1758 1141 
145 1265 1422 1075 
146 701 1345 1028 
147 1101 1992 1772 
148 1077 1422 1224 
149 1479 2054 1826 
150 1104 1410 1408 
151 1386 1827 1515 
152 1732 1810 1731 
153 899 1906 1580 
154 260 2093 1936 
155 691 1390 1320 
156 1252 1374 1349 
157 233 1974 1590 
158 1736 1985 1966 
159 1665 1941 1707 
160 1685 1687 1686 
161 1289 1812 1012 
162 1652 1988 258 
163 1689 1690 245 
164 304 1929 1285 
165 1590 1991 233 
166 244 1423 44 
167 994 1359 896 
168 269 1361 65 
169 1311 1809 805 
170 946 1308 1173 
171 1244 2038 1444 
172 226 1745 1313 
173 636 1339 634 
174 1444 2053 1244 
175 1257 1778 1585 
176 274 1421 42 
177 1472 2022 1377 
178 1480 1654 966 
179 60 1870 250 
180 1434 2104 1497 
181 1749 1786 1440 
182 1283 1317 1083 
183 248 1900 1736 
184 1285 2044 304 
185 1324 2079 1403 
186 1403 1964 1324 
187 1756 1774 1112 
188 1220 1345 701 
189 1337 1954 1272 
190 64 1853 63 
191 771 1328 1305 
192 1335 1361 269 
193 265 1353 1318 
194 1532 1952 1282 
195 1359 1867 924 
196 1349 1374 715 
197 947 1308 946 
198 1305 1350 771 
199 1559 1933 1860 
200 43 1423 274 
201 681 1358 1314 
202 1532 2003 1952 
203 1313 1744 226 
204 1563 1990 1980 
205 1652 1884 1260 
206 473 1897 1290 
207 340 1998 1967 
208 1320 1391 691 
209 250 1870 1293 
210 1117 1793 1182 
211 1403 2079 1654 
212 1266 1858 1342 
213 1903 1982 363 
214 41 1421 225 
215 937 1758 1531 
216 897 1811 1496 
217 269 1646 1335 
218 1590 1974 1151 
219 1736 1900 1157 
220 1352 2016 265 
221 663 1899 1282 
222 1434 1497 909 
223 1855 1892 1066 
224 273 1419 1418 
225 1377 2022 1379 
226 1290 2094 473 
227 273 1418 1306 
228 1306 1417 273 
229 795 1693 1692 
230 228 1932 1287 
231 838 2035 1357 
232 1379 2022 1846 
233 1980 1990 230 
234 1967 1998 1280 
235 1312 1561 1558 
236 1282 1952 663 
237 1281 1893 665 
238 1257 2067 1778 
239 252 1882 1292 
240 1335 1646 1336 
241 1357 1961 838 
242 1435 2104 1434 
243 1291 1904 1218 
244 355 1299 1298 
245 1277 1420 1071 
246 1977 2006 1641 
247 1073 1420 1265 
248 1856 1884 103 
249 954 1924 1307 
250 82 2007 1689 
251 1293 2096 250 
252 1252 1349 1346 
253 1314 1357 681 
254 1369 1834 279 
255 1317 1872 1275 
256 271 1360 1321 
257 1435 1999 1594 
258 1226 1938 1578 
259 1540 1995 673 
260 1594 2104 1435 
261 936 2002 1943 
262 1793 2076 1182 
263 1829 1904 299 
264 1731 1810 1687 
265 292 2062 1392 
266 1936 1962 280 
267 1484 1553 649 
268 1958 1997 1178 
269 1314 1359 994 
270 1392 1944 292 
271 1811 1951 1496 
272 896 1359 924 
273 1063 2040 1383 
274 1516 2011 1386 
275 65 1361 64 
276 631 1978 1970 
277 1048 1749 1477 
278 1292 1960 252 
279 673 2025 1540 
280 1340 2075 1216 
281 1578 2056 1226 
282 1489 1867 1291 
283 1320 1390 1389 
284 1383 2041 1063 
285 1323 1822 271 
286 1344 1947 451 
287 1422 1423 1224 
288 1361 1853 64 
289 754 1821 1319 
290 1638 2006 1977 
291 1687 1810 1688 
292 1279 1599 1278 
293 1820 1891 661 
294 1655 1981 1921 
295 1674 2082 1261 
296 1350 1800 1281 
297 1050 1935 1608 
298 656 1888 1487 
299 1305 1800 1350 
300 1934 1942 1192 
301 1559 1808 1177 
302 1279 1982 1903 
303 1646 1811 1336 
304 364 1997 1958 
305 1325 1960 1292 
306 1943 2002 1271 
307 1270 1648 1268 
308 1286 1347 1288 
309 1204 1950 1928 
310 1067 1418 1069 
311 888 1925 1307 
312 715 1374 1362 
313 80 1745 226 
314 1351 1962 1936 
315 1688 1690 1689 
316 451 2064 1344 
317 1290 1897 1190 
318 1688 1689 1686 
319 1970 1978 1276 
320 1486 2033 656 
321 1279 1903 1599 
322 1013 1949 1382 
323 1296 1330 1297 
324 1315 1765 254 
325 474 1722 473 
326 1369 2103 1834 
327 1558 1895 1312 
328 1043 1968 1108 
329 1416 1892 1855 
330 1325 2049 1960 
331 657 1349 715 
332 1896 1905 625 
333 1774 1925 1112 
334 1409 2073 1018 
335 1260 1884 1856 
336 237 1471 1375 
337 1921 1981 1619 
338 1613 2054 694 
339 639 1878 1339 
340 1690 1691 245 
341 1755 1973 1119 
342 654 1349 657 
343 1330 1331 1297 
344 998 1392 1391 
345 1823 1839 866 
346 667 2003 1532 
347 932 1354 1127 
348 1113 1866 1859 
349 1360 2084 236 
350 1153 1916 1644 
351 1358 1359 1314 
352 1069 1418 1277 
353 1141 1937 1531 
354 2 1745 80 
355 1299 2068 1618 
356 1306 1418 1067 
357 1532 2071 667 
358 1571 1644 1643 
359 1745 1746 1313 
360 714 1752 1682 
361 1058 2018 1327 
362 1218 1904 1829 
363 1688 1692 1690 
364 714 1682 480 
365 1375 1471 1376 
366 1119 2046 1755 
367 1806 1819 760 
368 274 1423 1422 
369 73 1410 72 
370 790 1732 1731 
371 688 1971 1912 
372 1692 1810 795 
373 549 1656 547 
374 1683 1737 722 
375 1131 1663 1502 
376 231 2049 1325 
377 1420 1421 1265 
378 1169 1919 1043 
379 63 1853 235 
380 795 1810 1732 
381 477 1722 474 
382 1818 1832 618 
383 1571 1643 1109 
384 409 1959 1631 
385 1074 1797 1787 
386 1656 1668 547 
387 1762 1836 1735 
388 664 1942 1934 
389 772 1734 1629 
390 834 1596 1149 
391 1333 1891 1820 
392 1167 1816 1716 
393 536 1642 537 
394 1804 1815 1207 
395 1147 1771 1711 
396 1528 1733 1611 
397 1688 1810 1692 
398 854 1712 1597 
399 72 1410 242 
400 1338 1864 683 
401 1516 1837 1373 
402 1094 1664 716 
403 1106 1626 1020 
404 649 1989 1484 
405 332 1595 710 
406 480 1682 496 
407 1342 1871 800 
408 584 1551 581 
409 792 1803 1789 
410 1036 1673 1155 
411 1382 2040 1013 
412 1611 1733 399 
413 1639 1730 437 
414 225 1421 1420 
415 722 1737 724 
416 1606 1780 1152 
417 1408 1410 73 
418 725 1732 790 
419 464 1680 714 
420 572 1656 549 
421 1680 1776 714 
422 1331 1333 1297 
423 1681 1751 734 
424 730 1693 795 
425 1330 1332 1331 
426 1031 1620 1506 
427 998 1393 1392 
428 1167 1716 1669 
429 1693 1869 1692 
430 1551 1573 581 
431 238 1380 1373 
432 1379 1451 1378 
433 842 1653 906 
434 1596 1704 1149 
435 1728 2063 1065 
436 354 1628 677 
437 389 1605 390 
438 1584 1699 417 
439 1579 1580 1024 
440 772 1629 568 
441 366 1596 834 
442 1428 2008 229 
443 536 1738 1642 
444 817 1655 934 
445 1897 2052 1190 
446 1506 1620 958 
447 421 1584 417 
448 419 1948 1356 
449 1321 1360 1322 
450 1704 1748 1149 
451 766 1658 1491 
452 537 1642 551 
453 1511 1729 1512 
454 336 1614 357 
455 1537 1769 597 
456 750 1937 1581 
457 420 1639 437 
458 854 1597 784 
459 1659 1742 1467 
460 1845 1898 1635 
461 312 1519 361 
462 325 1740 1627 
463 1312 1710 1310 
464 95 1378 94 
465 520 1679 1678 
466 1220 1890 1345 
467 396 1611 399 
468 1678 1679 1111 
469 315 1512 827 
470 1673 1801 1155 
471 587 1551 584 
472 1681 1752 1751 
473 1609 1767 1694 
474 1703 1919 1169 
475 1511 1512 317 
476 2008 2012 229 
477 1020 1626 454 
478 520 1678 517 
479 328 1587 358 
480 370 1715 368 
481 347 1621 1044 
482 1054 1768 1046 
483 1449 2014 1448 
484 97 1380 238 
485 1492 1606 1152 
486 1264 1985 1647 
487 1609 1694 565 
488 317 1512 315 
489 679 1586 949 
490 745 1579 1024 
491 1928 1950 357 
492 266 1368 7 
493 739 1527 1014 
494 1711 1771 538 
495 716 1664 514 
496 947 2074 1304 
497 596 1569 615 
498 439 1547 1466 
499 620 1560 805 
500 52 1424 276 
501 975 1487 1031 
502 1491 1658 1179 
503 263 1378 95 
504 243 1416 1415 
505 1031 1506 903 
506 99 1371 262 
507 996 1563 1128 
508 881 1503 1048 
509 1272 1954 1175 
510 1437 1476 58 
511 75 1381 255 
512 272 1414 34 
513 50 1428 229 
514 677 1628 680 
515 1345 2037 1028 
516 1644 2090 1153 
517 1333 1362 1297 
518 425 1584 421 
519 1650 1651 686 
520 1332 1334 1331 
521 1507 2060 1203 
522 1485 1486 977 
523 839 1464 1459 
524 319 1511 317 
525 1189 1652 1510 
526 471 1674 475 
527 434 1547 439 
528 1387 1827 1386 
529 1189 1510 900 
530 1048 1477 1047 
531 101 1367 247 
532 243 1415 36 
533 310 1519 312 
534 766 1491 799 
535 649 1553 646 
536 1362 1374 1295 
537 547 1668 543 
538 1297 1362 1295 
539 1572 1715 370 
540 1106 1839 1823 
541 582 1517 580 
542 2014 2024 1448 
543 1627 1628 354 
544 249 1441 1436 
545 1198 1540 1197 
546 1137 1364 283 
547 581 1573 579 
548 1029 1453 824 
549 349 1621 347 
550 1137 1365 1364 
551 229 2012 1449 
552 273 1417 38 
553 1051 1733 1528 
554 458 1795 825 
555 586 1533 1430 
556 1509 1697 930 
557 676 1729 1511 
558 48 1449 1448 
559 978 1485 977 
560 738 1503 881 
561 759 1497 758 
562 1332 1335 1334 
563 1430 1533 1139 
564 236 2001 1360 
565 1382 1949 1255 
566 283 1364 257 
567 45 1427 244 
568 70 1397 268 
569 270 1399 14 
570 79 280 78 
571 6 279 5 
572 77 267 76 
573 8 266 7 
574 1010 1189 900 
575 757 1535 760 
576 255 1409 1408 
577 382 1539 385 
578 1002 1581 1141 
579 1010 1388 1189 
580 1295 1374 1253 
581 1084 1320 1284 
582 1502 1662 1501 
583 838 1502 1501 
584 1017 1260 1259 
585 1320 1389 1284 
586 838 1501 287 
587 819 848 776 
588 1017 1259 1016 
589 977 1487 975 
590 848 1016 1015 
591 775 776 453 
592 952 954 951 
593 972 998 974 
594 1335 1336 1334 
595 888 1100 889 
596 255 1408 74 
597 848 1017 1016 
598 1255 1256 1012 
599 1100 1923 1101 
600 887 951 886 
601 10 254 9 
602 75 255 74 
603 868 888 867 
604 755 867 754 
605 448 451 444 
606 874 875 733 
607 1229 1772 1000 
608 930 1447 1446 
609 848 1015 776 
610 753 754 752 
611 876 886 875 
612 928 1012 859 
613 971 1564 1118 
614 751 752 735 
615 775 819 776 
616 887 952 951 
617 734 735 729 
618 1000 1001 748 
619 874 876 875 
620 931 1172 1005 
621 767 1215 720 
622 876 887 886 
623 481 874 733 
624 888 889 867 
625 1016 1348 1015 
626 1171 1225 938 
627 1170 1285 1200 
628 813 930 890 
629 928 1255 1012 
630 1100 1924 1923 
631 808 905 809 
632 506 729 507 
633 266 1739 1368 
634 708 750 669 
635 662 771 660 
636 1011 1630 1261 
637 232 1444 1443 
638 506 734 729 
639 907 1170 905 
640 751 753 752 
641 870 1011 1006 
642 461 463 462 
643 886 1774 1756 
644 734 751 735 
645 481 733 477 
646 780 870 869 
647 438 441 435 
648 356 1499 1498 
649 680 801 679 
650 732 780 749 
651 753 755 754 
652 504 506 505 
653 1252 1346 1250 
654 289 838 287 
655 704 732 731 
656 459 461 460 
657 856 882 801 
658 849 1004 885 
659 434 435 431 
660 1100 1101 889 
661 882 1117 945 
662 465 466 463 
663 13 241 12 
664 72 242 71 
665 1284 1316 1315 
666 512 1171 938 
667 930 1446 890 
668 457 459 458 
669 1247 1532 1245 
670 70 268 69 
671 15 270 14 
672 658 665 655 
673 1027 1080 1026 
674 1245 1282 1242 
675 653 692 651 
676 68 240 67 
677 1025 1026 802 
678 651 1507 648 
679 724 726 725 
680 17 239 16 
681 467 468 466 
682 730 795 726 
683 677 679 678 
684 799 808 804 
685 455 457 456 
686 1009 1685 1219 
687 464 714 480 
688 755 868 867 
689 999 1000 748 
690 441 892 826 
691 469 470 468 
692 293 681 291 
693 383 704 436 
694 1103 1199 1011 
695 736 1337 1220 
696 470 472 468 
697 504 1681 506 
698 1011 1261 1006 
699 777 917 786 
700 471 473 470 
701 1238 1254 1236 
702 747 748 730 
703 700 736 701 
704 642 656 640 
705 648 649 646 
706 1170 1200 905 
707 780 869 749 
708 644 1529 642 
709 1234 1235 1232 
710 870 1006 869 
711 704 731 436 
712 722 724 723 
713 557 1634 457 
714 354 677 676 
715 732 749 731 
716 979 1152 1060 
717 638 639 636 
718 724 725 723 
719 708 1530 750 
720 512 938 513 
721 695 1619 1618 
722 496 504 503 
723 347 1044 346 
724 491 1723 489 
725 397 700 699 
726 1197 1276 1194 
727 442 1473 438 
728 976 1492 979 
729 1433 1434 1432 
730 449 450 353 
731 761 796 763 
732 892 1135 1052 
733 315 827 313 
734 757 760 759 
735 66 269 65 
736 1125 1221 1115 
737 323 354 322 
738 489 554 487 
739 589 802 587 
740 728 730 726 
741 463 464 462 
742 632 683 630 
743 285 1137 283 
744 630 1544 628 
745 1092 1186 1076 
746 920 1604 577 
747 297 365 295 
748 1070 1474 1068 
749 461 462 460 
750 626 1554 624 
751 736 1220 701 
752 628 815 626 
753 1140 1456 814 
754 700 701 699 
755 1041 1169 1043 
756 595 672 593 
757 454 455 450 
758 624 895 622 
759 441 826 435 
760 1209 1280 1206 
761 19 271 18 
762 325 1627 323 
763 560 777 567 
764 459 460 458 
765 739 1014 742 
766 601 707 599 
767 428 918 833 
768 620 805 617 
769 722 723 712 
770 613 782 611 
771 1228 1229 1000 
772 752 865 735 
773 808 809 804 
774 609 688 607 
775 1084 1284 1283 
776 457 458 456 
777 321 322 319 
778 680 856 801 
779 509 512 511 
780 893 1455 892 
781 307 694 305 
782 384 1582 383 
783 1148 1490 835 
784 1040 1041 1039 
785 962 1313 960 
786 1090 1157 1089 
787 970 1273 1272 
788 841 1154 861 
789 677 680 679 
790 329 363 327 
791 912 1516 1515 
792 694 1479 305 
793 857 1009 1008 
794 1234 1236 1235 
795 1025 1027 1026 
796 455 456 450 
797 1027 1121 1080 
798 918 1269 1105 
799 335 355 333 
800 519 1683 522 
801 638 640 639 
802 448 1523 451 
803 808 907 905 
804 341 695 339 
805 522 722 712 
806 907 1178 1170 
807 954 1307 951 
808 311 356 309 
809 916 1059 968 
810 450 1602 353 
811 351 353 349 
812 1038 1040 1039 
813 882 945 801 
814 1183 1211 1119 
815 250 1437 59 
816 589 1025 802 
817 789 1647 788 
818 706 788 573 
819 912 1515 852 
820 918 1105 833 
821 851 1051 843 
822 729 1700 507 
823 379 792 377 
824 380 381 379 
825 378 379 377 
826 345 346 343 
827 356 1498 309 
828 843 1528 698 
829 933 1481 851 
830 679 949 678 
831 321 323 322 
832 426 428 425 
833 303 359 301 
834 1117 1182 945 
835 412 414 408 
836 497 558 493 
837 461 465 463 
838 424 425 421 
839 394 395 392 
840 376 377 374 
841 1009 1687 1685 
842 1090 1736 1157 
843 677 678 676 
844 892 1052 826 
845 21 236 20 
846 1038 1039 1036 
847 434 438 435 
848 1433 1435 1434 
849 491 1724 1723 
850 63 235 62 
851 1085 1106 1020 
852 478 481 477 
853 382 383 381 
854 1035 1038 1036 
855 428 833 425 
856 429 1504 426 
857 476 477 474 
858 1254 1545 1236 
859 1044 1102 346 
860 232 1443 56 
861 499 1701 497 
862 386 387 384 
863 555 1600 560 
864 415 419 414 
865 390 391 388 
866 706 789 788 
867 760 761 759 
868 395 1591 392 
869 515 518 517 
870 827 1578 313 
871 465 467 466 
872 852 854 784 
873 396 397 395 
874 695 1618 339 
875 554 1726 487 
876 506 507 505 
877 383 436 381 
878 551 573 552 
879 397 699 395 
880 1135 1342 1052 
881 391 1648 388 
882 1009 1219 1008 
883 504 505 503 
884 864 1089 941 
885 1080 1081 1026 
886 1033 1035 1034 
887 1035 1036 1034 
888 1091 1318 1164 
889 419 1153 414 
890 551 706 573 
891 688 1541 607 
892 400 401 398 
893 864 1090 1089 
894 1021 1022 772 
895 1065 1091 1022 
896 782 1549 611 
897 345 347 346 
898 1174 1759 876 
899 402 409 401 
900 467 469 468 
901 707 1537 599 
902 60 250 59 
903 970 1661 1273 
904 409 1050 401 
905 777 786 567 
906 672 1521 593 
907 24 249 23 
908 984 1783 1262 
909 355 1599 333 
910 519 522 521 
911 406 682 404 
912 870 1103 1011 
913 1555 1559 1557 
914 1166 1609 884 
915 537 551 539 
916 1041 1043 1042 
917 469 471 470 
918 788 864 821 
919 1286 1287 1040 
920 354 676 322 
921 522 712 523 
922 225 1419 40 
923 1154 1645 861 
924 780 1660 870 
925 974 1084 1083 
926 927 1147 832 
927 455 557 457 
928 732 781 780 
929 531 536 534 
930 702 772 568 
931 1037 1347 1035 
932 1049 1271 789 
933 972 974 973 
934 472 1677 1676 
935 404 1570 402 
936 1557 1558 1556 
937 57 232 56 
938 351 449 353 
939 1033 1034 572 
940 725 790 727 
941 449 454 450 
942 1103 1329 1199 
943 886 1756 875 
944 380 382 381 
945 471 474 473 
946 1091 1352 1318 
947 979 1060 980 
948 382 384 383 
949 512 513 511 
950 1222 1258 1010 
951 436 1592 1550 
952 27 231 26 
953 30 252 29 
954 33 230 32 
955 1021 1065 1022 
956 1032 1033 572 
957 853 912 852 
958 1022 1734 772 
959 35 272 34 
960 875 1062 733 
961 54 251 53 
962 378 380 379 
963 37 243 36 
964 749 1623 866 
965 911 972 971 
966 386 388 387 
967 39 273 38 
968 1105 1143 1142 
969 41 225 40 
970 790 857 791 
971 561 572 549 
972 390 392 391 
973 43 274 42 
974 441 893 892 
975 394 396 395 
976 396 398 397 
977 52 276 51 
978 45 244 44 
979 702 1021 772 
980 47 275 46 
981 525 532 527 
982 1091 1164 1022 
983 484 485 482 
984 424 426 425 
985 50 229 49 
986 1096 1097 964 
987 376 378 377 
988 400 402 401 
989 412 415 414 
990 486 487 485 
991 728 747 730 
992 428 1023 918 
993 855 1669 501 
994 724 728 726 
995 318 319 317 
996 982 1160 1159 
997 976 979 978 
998 1555 1557 1556 
999 320 321 319 
1000 1005 1131 1130 
1001 793 859 767 
1002 939 1167 855 
1003 551 552 539 
1004 1033 1037 1035 
1005 747 999 748 
1006 860 928 859 
1007 744 767 720 
1008 984 1262 985 
1009 864 941 821 
1010 785 852 784 
1011 518 519 517 
1012 316 317 315 
1013 84 1702 253 
1014 324 325 323 
1015 464 480 479 
1016 788 821 573 
1017 326 327 325 
1018 1251 1252 1250 
1019 1296 1297 1295 
1020 857 1008 858 
1021 919 926 856 
1022 1237 1238 1236 
1023 810 1482 1396 
1024 1122 1123 1121 
1025 588 589 587 
1026 561 1032 572 
1027 991 1119 989 
1028 666 669 662 
1029 1041 1707 1169 
1030 488 489 487 
1031 328 329 327 
1032 1248 1250 1247 
1033 1243 1245 1242 
1034 476 478 477 
1035 890 911 910 
1036 1241 1242 1240 
1037 1246 1247 1245 
1038 594 595 593 
1039 1239 1240 1238 
1040 641 642 640 
1041 983 1010 900 
1042 596 597 595 
1043 813 890 863 
1044 598 599 597 
1045 661 662 660 
1046 719 720 708 
1047 330 331 329 
1048 953 960 952 
1049 1124 1204 1123 
1050 811 813 812 
1051 600 601 599 
1052 1233 1234 1232 
1053 652 653 651 
1054 1071 1072 1070 
1055 314 315 313 
1056 1069 1070 1068 
1057 602 603 601 
1058 1073 1074 1072 
1059 1075 1076 1074 
1060 1057 1058 926 
1061 1077 1092 1076 
1062 670 708 669 
1063 1179 1180 1178 
1064 612 613 611 
1065 643 644 642 
1066 1195 1197 1194 
1067 1114 1115 1113 
1068 1093 1113 1092 
1069 1193 1194 1192 
1070 650 651 648 
1071 610 611 609 
1072 1116 1125 1115 
1073 654 655 653 
1074 1205 1206 1204 
1075 809 811 810 
1076 637 638 636 
1077 1126 1192 1125 
1078 478 482 481 
1079 872 984 936 
1080 332 333 331 
1081 614 617 613 
1082 916 968 967 
1083 999 1228 1000 
1084 1322 1406 992 
1085 522 523 521 
1086 536 537 534 
1087 834 1149 847 
1088 1078 1340 1058 
1089 1038 1286 1040 
1090 608 609 607 
1091 618 620 617 
1092 1207 1209 1206 
1093 490 491 489 
1094 657 658 655 
1095 621 622 620 
1096 480 496 495 
1097 645 646 644 
1098 1142 1699 1584 
1099 968 970 969 
1100 1210 1300 1209 
1101 635 636 634 
1102 766 799 798 
1103 586 587 584 
1104 623 624 622 
1105 334 335 333 
1106 659 660 658 
1107 625 626 624 
1108 633 634 632 
1109 631 632 630 
1110 647 648 646 
1111 627 628 626 
1112 1301 1304 1300 
1113 312 313 311 
1114 799 804 803 
1115 629 630 628 
1116 970 1272 1175 
1117 579 920 577 
1118 1041 1042 1039 
1119 563 1610 840 
1120 996 1029 824 
1121 592 593 590 
1122 492 493 491 
1123 987 988 913 
1124 336 337 335 
1125 931 1005 994 
1126 706 1049 789 
1127 545 1650 686 
1128 858 1714 872 
1129 725 727 723 
1130 874 1174 876 
1131 1105 1142 833 
1132 761 763 762 
1133 338 339 337 
1134 763 766 765 
1135 1153 1576 414 
1136 1294 1295 1253 
1137 783 916 915 
1138 496 503 502 
1139 746 784 703 
1140 1067 1068 922 
1141 853 913 912 
1142 340 341 339 
1143 1036 1155 1034 
1144 742 757 756 
1145 1231 1232 1198 
1146 606 607 604 
1147 310 311 309 
1148 757 759 758 
1149 885 931 896 
1150 348 349 347 
1151 84 253 85 
1152 925 1632 570 
1153 1043 1108 1042 
1154 342 343 341 
1155 308 309 307 
1156 739 742 741 
1157 701 1028 699 
1158 749 866 731 
1159 494 497 493 
1160 507 509 508 
1161 1061 1156 925 
1162 1050 1607 401 
1163 436 1550 381 
1164 790 791 727 
1165 369 370 368 
1166 569 702 568 
1167 344 345 343 
1168 841 861 842 
1169 298 299 297 
1170 371 372 370 
1171 306 307 305 
1172 227 1672 85 
1173 1006 1007 869 
1174 861 942 862 
1175 300 301 299 
1176 1060 1488 980 
1177 1261 1637 1006 
1178 393 394 392 
1179 1377 1378 263 
1180 472 1676 468 
1181 373 374 372 
1182 509 511 510 
1183 1262 1263 985 
1184 942 1120 943 
1185 857 858 791 
1186 84 256 83 
1187 1311 1312 1310 
1188 979 980 978 
1189 304 305 303 
1190 785 853 852 
1191 1160 1162 1159 
1192 1019 1020 454 
1193 830 1056 923 
1194 502 1657 571 
1195 385 386 384 
1196 443 444 442 
1197 548 549 547 
1198 375 376 374 
1199 350 351 349 
1200 302 303 301 
1201 550 561 549 
1202 939 1168 1167 
1203 571 841 818 
1204 389 390 388 
1205 1460 1463 1462 
1206 1377 1379 1378 
1207 498 499 497 
1208 993 1324 1323 
1209 1332 1361 1335 
1210 984 985 936 
1211 965 1166 884 
1212 820 900 819 
1213 987 989 988 
1214 484 486 485 
1215 564 568 562 
1216 849 885 850 
1217 458 825 456 
1218 941 1151 1150 
1219 1030 1085 1020 
1220 445 448 444 
1221 786 849 787 
1222 684 1139 844 
1223 690 739 738 
1224 367 368 352 
1225 452 453 448 
1226 82 278 83 
1227 321 324 323 
1228 1309 1310 959 
1229 513 515 514 
1230 773 775 453 
1231 1096 1098 1097 
1232 410 1577 376 
1233 296 297 295 
1234 464 479 462 
1235 680 919 856 
1236 399 400 398 
1237 887 953 952 
1238 1027 1122 1121 
1239 546 547 543 
1240 82 1743 278 
1241 316 318 317 
1242 318 320 319 
1243 541 542 500 
1244 432 434 431 
1245 1439 1441 249 
1246 560 567 566 
1247 486 488 487 
1248 515 517 516 
1249 403 404 402 
1250 1431 1433 1432 
1251 746 785 784 
1252 891 1112 868 
1253 277 1633 87 
1254 1234 1237 1236 
1255 411 412 408 
1256 407 408 406 
1257 430 431 429 
1258 320 1598 321 
1259 845 851 843 
1260 423 424 421 
1261 405 406 404 
1262 324 326 325 
1263 475 476 474 
1264 638 641 640 
1265 1219 1227 1008 
1266 901 933 851 
1267 552 555 553 
1268 588 590 589 
1269 961 962 960 
1270 420 421 417 
1271 439 442 438 
1272 326 328 327 
1273 537 539 538 
1274 907 1179 1178 
1275 1184 1675 871 
1276 314 316 315 
1277 88 277 87 
1278 586 588 587 
1279 1182 1214 945 
1280 957 1201 933 
1281 594 596 595 
1282 86 227 85 
1283 1438 1440 1439 
1284 991 1183 1119 
1285 916 967 915 
1286 555 560 556 
1287 312 314 313 
1288 596 598 597 
1289 416 417 415 
1290 751 944 753 
1291 1122 1124 1123 
1292 294 295 293 
1293 996 1079 1029 
1294 598 600 599 
1295 328 330 329 
1296 968 969 967 
1297 592 594 593 
1298 427 429 426 
1299 519 521 520 
1300 345 348 347 
1301 919 1057 926 
1302 600 602 601 
1303 949 1045 678 
1304 602 604 603 
1305 1124 1205 1204 
1306 488 490 489 
1307 1069 1071 1070 
1308 610 612 611 
1309 1071 1073 1072 
1310 330 332 331 
1311 1073 1075 1074 
1312 778 843 698 
1313 1075 1077 1076 
1314 612 614 613 
1315 1205 1207 1206 
1316 608 610 609 
1317 1057 1078 1058 
1318 1077 1093 1092 
1319 490 492 491 
1320 970 1175 969 
1321 1093 1114 1113 
1322 1207 1210 1209 
1323 1114 1116 1115 
1324 1067 1069 1068 
1325 480 495 479 
1326 614 618 617 
1327 1702 1703 253 
1328 1237 1239 1238 
1329 332 334 333 
1330 1193 1195 1194 
1331 1116 1126 1125 
1332 606 608 607 
1333 1210 1301 1300 
1334 618 621 620 
1335 1195 1198 1197 
1336 1126 1193 1192 
1337 310 312 311 
1338 809 810 804 
1339 1239 1241 1240 
1340 621 623 622 
1341 1241 1243 1242 
1342 1248 1251 1250 
1343 529 531 530 
1344 761 762 759 
1345 717 1111 1110 
1346 1243 1246 1245 
1347 334 336 335 
1348 623 625 624 
1349 625 627 626 
1350 770 1145 894 
1351 1246 1248 1247 
1352 569 703 702 
1353 308 310 309 
1354 1231 1233 1232 
1355 1251 1253 1252 
1356 641 643 642 
1357 627 629 628 
1358 531 534 533 
1359 629 631 630 
1360 631 633 632 
1361 633 635 634 
1362 336 338 337 
1363 492 494 493 
1364 527 529 528 
1365 248 1588 89 
1366 635 637 636 
1367 564 569 568 
1368 523 525 524 
1369 306 308 307 
1370 449 1019 454 
1371 1146 1291 1218 
1372 950 1257 797 
1373 643 645 644 
1374 496 502 495 
1375 837 1148 835 
1376 338 340 339 
1377 382 385 384 
1378 941 1150 821 
1379 965 1355 1166 
1380 768 816 535 
1381 292 293 291 
1382 1097 1983 1744 
1383 650 652 651 
1384 498 500 499 
1385 1003 1187 927 
1386 1294 1296 1295 
1387 298 300 299 
1388 378 674 380 
1389 645 647 646 
1390 340 342 341 
1391 304 306 305 
1392 963 964 962 
1393 652 654 653 
1394 90 248 89 
1395 908 927 832 
1396 647 650 648 
1397 548 550 549 
1398 525 527 526 
1399 507 508 505 
1400 342 344 343 
1401 386 389 388 
1402 661 666 662 
1403 550 562 561 
1404 654 657 655 
1405 494 498 497 
1406 1284 1315 1283 
1407 302 304 303 
1408 546 548 547 
1409 390 393 392 
1410 483 484 482 
1411 799 803 798 
1412 757 758 756 
1413 467 559 469 
1414 841 842 818 
1415 861 862 842 
1416 766 798 765 
1417 742 756 741 
1418 300 302 301 
1419 709 1053 769 
1420 657 659 658 
1421 1002 1140 814 
1422 666 670 669 
1423 942 943 862 
1424 763 765 762 
1425 659 661 660 
1426 369 371 370 
1427 1095 1096 964 
1428 348 350 349 
1429 1309 1311 1310 
1430 367 369 368 
1431 980 982 981 
1432 739 741 738 
1433 371 373 372 
1434 744 793 767 
1435 396 399 398 
1436 972 973 971 
1437 1019 1030 1020 
1438 858 872 871 
1439 1162 1177 1176 
1440 670 719 708 
1441 429 1505 1504 
1442 719 744 720 
1443 296 298 297 
1444 813 863 812 
1445 350 352 351 
1446 87 228 88 
1447 513 514 511 
1448 373 375 374 
1449 509 510 508 
1450 898 1163 1107 
1451 872 936 873 
1452 811 812 810 
1453 982 1159 1158 
1454 541 543 542 
1455 976 978 977 
1456 400 403 402 
1457 786 787 567 
1458 914 939 855 
1459 793 860 859 
1460 904 976 975 
1461 375 410 376 
1462 413 1082 836 
1463 563 840 721 
1464 290 291 289 
1465 755 891 868 
1466 552 553 539 
1467 831 832 574 
1468 471 475 474 
1469 860 929 928 
1470 911 971 910 
1471 745 1024 800 
1472 779 855 501 
1473 764 904 903 
1474 545 686 565 
1475 574 1565 556 
1476 686 783 740 
1477 718 1094 716 
1478 890 910 863 
1479 697 1524 764 
1480 986 987 913 
1481 783 915 883 
1482 953 961 960 
1483 519 520 517 
1484 1084 1283 1083 
1485 1263 1264 985 
1486 931 994 896 
1487 393 696 394 
1488 974 1083 973 
1489 412 416 415 
1490 294 296 295 
1491 834 847 846 
1492 745 746 703 
1493 774 1013 878 
1494 853 986 913 
1495 1005 1130 994 
1496 847 947 946 
1497 537 538 534 
1498 1278 1298 1088 
1499 360 575 320 
1500 990 991 989 
1501 612 1575 619 
1502 1108 1181 1042 
1503 366 834 418 
1504 515 516 514 
1505 591 592 590 
1506 728 1064 747 
1507 424 427 426 
1508 585 586 584 
1509 523 524 521 
1510 778 845 843 
1511 845 901 851 
1512 883 884 740 
1513 1055 1087 1054 
1514 1128 1129 1079 
1515 935 965 884 
1516 583 584 581 
1517 858 871 791 
1518 1047 1054 1046 
1519 901 957 933 
1520 605 606 604 
1521 823 824 822 
1522 576 577 575 
1523 580 581 579 
1524 563 564 562 
1525 995 996 824 
1526 578 579 577 
1527 90 265 91 
1528 478 483 482 
1529 881 1046 737 
1530 743 822 616 
1531 957 1202 1201 
1532 940 1018 877 
1533 540 541 500 
1534 288 289 287 
1535 885 896 850 
1536 1302 1303 1301 
1537 1066 1067 922 
1538 987 990 989 
1539 921 922 829 
1540 980 981 978 
1541 569 745 703 
1542 849 850 787 
1543 1162 1176 1159 
1544 1024 1266 800 
1545 403 405 404 
1546 967 1109 915 
1547 292 294 293 
1548 840 899 721 
1549 965 1356 1355 
1550 555 556 553 
1551 233 1468 92 
1552 1230 1231 1198 
1553 434 439 438 
1554 817 925 570 
1555 934 1061 925 
1556 550 563 562 
1557 545 546 543 
1558 924 1513 850 
1559 622 1560 620 
1560 1145 1146 894 
1561 605 828 671 
1562 239 1403 1402 
1563 498 540 500 
1564 560 566 556 
1565 407 411 408 
1566 872 873 871 
1567 745 800 746 
1568 93 233 92 
1569 529 530 528 
1570 783 883 740 
1571 828 830 829 
1572 405 407 406 
1573 873 1184 871 
1574 686 740 565 
1575 531 533 530 
1576 830 923 921 
1577 1003 1188 1187 
1578 502 571 570 
1579 312 361 314 
1580 492 713 494 
1581 571 818 817 
1582 1321 1322 992 
1583 541 545 543 
1584 946 959 846 
1585 883 935 884 
1586 908 1003 927 
1587 318 360 320 
1588 360 839 576 
1589 563 721 564 
1590 591 684 616 
1591 1173 1309 959 
1592 578 582 580 
1593 943 1216 1088 
1594 961 963 962 
1595 596 615 598 
1596 324 1138 326 
1597 583 685 585 
1598 588 591 590 
1599 608 687 610 
1600 919 1144 1057 
1601 743 1407 823 
1602 602 605 604 
1603 525 526 524 
1604 488 544 490 
1605 1124 1208 1205 
1606 823 997 995 
1607 1210 1302 1301 
1608 420 423 421 
1609 982 1158 981 
1610 612 619 614 
1611 684 844 743 
1612 996 1128 1079 
1613 1216 1279 1278 
1614 1069 1277 1071 
1615 366 367 352 
1616 1460 1462 1461 
1617 328 358 330 
1618 685 690 689 
1619 545 565 546 
1620 1073 1265 1075 
1621 881 1048 1047 
1622 976 977 975 
1623 621 668 623 
1624 332 710 334 
1625 1077 1224 1093 
1626 997 1274 1165 
1627 527 528 526 
1628 416 420 417 
1629 483 501 484 
1630 963 1095 964 
1631 1293 1294 1253 
1632 690 738 737 
1633 1114 1213 1116 
1634 831 908 832 
1635 1002 1141 1140 
1636 1126 1196 1193 
1637 1095 1099 1096 
1638 627 664 629 
1639 779 914 855 
1640 904 975 903 
1641 1055 1325 1292 
1642 336 357 338 
1643 873 1185 1184 
1644 342 362 344 
1645 290 292 291 
1646 847 946 846 
1647 943 1088 862 
1648 1195 1230 1198 
1649 842 906 818 
1650 834 846 418 
1651 92 234 93 
1652 633 673 635 
1653 430 432 431 
1654 891 1190 1112 
1655 1163 1305 1107 
1656 369 693 371 
1657 350 366 352 
1658 1158 1161 981 
1659 975 1031 903 
1660 306 364 308 
1661 591 616 592 
1662 502 570 495 
1663 990 1343 1133 
1664 605 671 606 
1665 583 585 584 
1666 373 422 375 
1667 1239 1244 1241 
1668 286 287 285 
1669 823 995 824 
1670 245 1760 80 
1671 360 576 575 
1672 580 583 581 
1673 743 823 822 
1674 921 1066 922 
1675 576 578 577 
1676 779 932 914 
1677 578 580 579 
1678 427 430 429 
1679 1055 1292 1087 
1680 516 717 716 
1681 1066 1306 1067 
1682 756 879 741 
1683 1047 1055 1054 
1684 1338 1339 1161 
1685 946 1173 959 
1686 817 934 925 
1687 881 1047 1046 
1688 803 993 992 
1689 828 829 671 
1690 1216 1278 1088 
1691 533 535 530 
1692 96 263 95 
1693 643 663 645 
1694 94 1385 95 
1695 830 921 829 
1696 1246 1249 1248 
1697 709 768 535 
1698 1267 1270 1268 
1699 1127 1267 1212 
1700 764 778 698 
1701 717 1110 718 
1702 697 698 696 
1703 932 1127 956 
1704 845 958 901 
1705 366 418 367 
1706 533 709 535 
1707 685 689 585 
1708 1267 1268 1212 
1709 684 743 616 
1710 993 1323 1321 
1711 571 817 570 
1712 957 1203 1202 
1713 775 820 819 
1714 1127 1212 956 
1715 997 1165 995 
1716 1251 1293 1253 
1717 1158 1338 1161 
1718 765 909 762 
1719 932 956 914 
1720 516 716 514 
1721 908 1134 1003 
1722 690 737 689 
1723 95 264 96 
1724 300 440 302 
1725 1136 1226 950 
1726 769 797 768 
1727 650 667 652 
1728 1459 1460 1458 
1729 738 881 737 
1730 1274 1341 1165 
1731 902 950 797 
1732 483 705 501 
1733 526 711 524 
1734 764 903 778 
1735 288 290 289 
1736 1110 1327 718 
1737 717 718 716 
1738 1460 1461 1458 
1739 709 769 768 
1740 697 764 698 
1741 1146 1218 1217 
1742 393 697 696 
1743 836 837 835 
1744 81 245 80 
1745 80 226 81 
1746 803 992 798 
1747 1294 1326 1296 
1748 880 948 837 
1749 439 443 442 
1750 810 1396 804 
1751 705 779 501 
1752 902 1136 950 
1753 413 835 411 
1754 657 715 659 
1755 1146 1217 894 
1756 769 902 797 
1757 1086 1281 948 
1758 836 880 837 
1759 880 1086 948 
1760 770 894 831 
1761 1305 1328 1107 
1762 403 675 405 
1763 990 1133 991 
1764 566 770 574 
1765 566 574 556 
1766 413 836 835 
1767 98 237 97 
1768 1132 1725 963 
1769 94 1452 1385 
1770 97 238 98 
1771 961 1132 963 
1772 443 445 444 
1773 770 831 574 
1774 407 413 411 
1775 1343 1344 1133 
1776 437 814 423 
1777 666 794 670 
1778 863 966 812 
1779 284 285 283 
1780 898 1107 1002 
1781 993 1321 992 
1782 898 1002 814 
1783 437 898 814 
1784 719 897 744 
1785 420 437 423 
1786 896 924 850 
1787 891 1191 1190 
1788 100 261 99 
1789 433 807 432 
1790 99 262 100 
1791 1191 1290 1190 
1792 294 447 296 
1793 793 955 860 
1794 286 288 287 
1795 445 452 448 
1796 971 1118 910 
1797 433 937 807 
1798 937 1289 807 
1799 1130 1314 994 
1800 430 433 432 
1801 1555 1556 895 
1802 452 773 453 
1803 102 246 101 
1804 101 247 102 
1805 983 1222 1010 
1806 284 286 285 
1807 863 1480 966 
1808 820 983 900 
1809 1083 1275 973 
1810 1195 1562 1230 
1811 1217 1508 894 
1812 443 446 445 
1813 878 1063 940 
1814 288 691 290 
1815 1222 1351 1258 
1816 74 1408 73 
1817 774 878 877 
1818 367 1495 369 
1819 105 257 104 
1820 104 258 105 
1821 1063 1104 940 
1822 774 877 773 
1823 1126 1552 1196 
1824 452 774 773 
1825 878 940 877 
1826 1018 1429 877 
1827 665 1542 655 
1828 1376 1377 263 
1829 695 1720 1619 
1830 59 1437 58 
1831 240 1405 1404 
1832 257 1364 104 
1833 56 1443 55 
1834 1431 1432 236 
1835 1385 1387 1386 
1836 1438 1439 249 
1837 1258 1388 1010 
1838 839 1459 1458 
1839 284 806 286 
1840 361 1589 314 
1841 68 1400 240 
1842 239 1402 16 
1843 1004 1471 1470 
1844 806 1390 286 
1845 1114 1548 1213 
1846 1284 1389 1316 
1847 282 284 283 
1848 268 1401 1400 
1849 66 1404 269 
1850 372 1572 370 
1851 983 1223 1222 
1852 958 1620 1484 
1853 446 1525 445 
1854 1947 2059 1473 
1855 686 1651 783 
1856 107 259 106 
1857 106 260 107 
1858 282 283 257 
1859 240 1404 67 
1860 938 1698 513 
1861 104 1364 103 
1862 1245 1532 1282 
1863 67 1404 66 
1864 1566 1572 372 
1865 1004 1470 885 
1866 287 1501 285 
1867 890 1446 911 
1868 582 1526 1517 
1869 692 1507 651 
1870 648 1507 649 
1871 720 1530 708 
1872 453 1523 448 
1873 683 1544 630 
1874 628 1544 815 
1875 642 1529 656 
1876 815 1554 626 
1877 624 1554 895 
1878 1236 1545 1235 
1879 413 1538 1082 
1880 268 1400 69 
1881 15 1402 270 
1882 240 1603 1405 
1883 69 1400 68 
1884 16 1402 15 
1885 607 1541 604 
1886 438 1473 441 
1887 611 1549 609 
1888 1274 2013 1341 
1889 593 1521 590 
1890 599 1537 597 
1891 93 1452 94 
1892 106 1363 260 
1893 992 1406 798 
1894 892 1455 1135 
1895 1200 1395 1394 
1896 305 1479 303 
1897 979 1492 1152 
1898 577 1604 575 
1899 92 1468 91 
1900 814 1456 423 
1901 851 1481 1051 
1902 804 1396 803 
1903 1510 1652 1017 
1904 426 1504 428 
1905 309 1498 307 
1906 431 1505 429 
1907 1051 1528 843 
1908 904 1492 976 
1909 929 1384 1383 
1910 95 1385 264 
1911 823 1407 997 
1912 313 1578 311 
1913 844 1407 743 
1914 1844 1857 944 
1915 835 1490 411 
1916 1400 1603 240 
1917 1582 1640 704 
1918 2012 2014 1449 
1919 1253 1374 1252 
1920 1068 1474 1411 
1921 323 1627 354 
1922 376 1577 378 
1923 852 1515 854 
1924 1554 1555 895 
1925 368 1715 1593 
1926 980 1488 982 
1927 698 1528 696 
1928 1753 1754 920 
1929 1375 1376 263 
1930 830 1467 1056 
1931 321 1598 324 
1932 560 1600 777 
1933 575 1598 320 
1934 21 1431 236 
1935 286 1390 288 
1936 414 1576 408 
1937 333 1599 331 
1938 339 1618 337 
1939 764 1524 904 
1940 850 1513 787 
1941 1200 1394 905 
1942 682 1570 404 
1943 1385 1386 264 
1944 1618 2061 1299 
1945 314 1589 316 
1946 387 1582 384 
1947 877 1429 773 
1948 383 1582 704 
1949 360 1464 839 
1950 89 1588 88 
1951 885 1470 931 
1952 894 1508 831 
1953 246 1663 1366 
1954 388 1648 387 
1955 1025 1522 1027 
1956 392 1591 391 
1957 1405 1646 1404 
1958 671 1412 606 
1959 832 1565 574 
1960 381 1550 379 
1961 402 1570 409 
1962 281 282 257 
1963 731 1592 436 
1964 828 1467 830 
1965 699 1591 395 
1966 369 1495 693 
1967 1081 1454 1026 
1968 40 1419 39 
1969 47 1448 275 
1970 905 1394 809 
1971 602 1450 605 
1972 1007 1625 1624 
1973 456 1602 450 
1974 556 1565 553 
1975 249 1436 23 
1976 418 1495 367 
1977 606 1412 608 
1978 401 1607 398 
1979 1496 1951 955 
1980 1103 1354 1329 
1981 684 1430 1139 
1982 615 1742 1659 
1983 1403 1654 1402 
1984 374 1566 372 
1985 839 1458 1457 
1986 592 1426 594 
1987 884 1609 740 
1988 71 1397 70 
1989 14 1399 13 
1990 1164 1734 1022 
1991 600 1450 602 
1992 1026 1454 802 
1993 605 1450 828 
1994 758 1594 756 
1995 352 1593 351 
1996 809 1394 811 
1997 550 1610 563 
1998 1102 1574 346 
1999 958 1484 1483 
2000 869 1623 749 
2001 457 1634 459 
2002 87 1633 86 
2003 242 1398 1397 
2004 788 1647 864 
2005 1513 1514 787 
2006 756 1594 879 
2007 1068 1411 922 
2008 591 1430 684 
2009 46 1427 45 
2010 22 1431 21 
2011 616 1426 592 
2012 682 1571 1570 
2013 781 1660 780 
2014 1636 1738 536 
2015 521 1649 520 
2016 829 1411 671 
2017 1238 1536 1254 
2018 1156 1632 925 
2019 776 1523 453 
2020 346 1574 343 
2021 588 1430 591 
2022 39 1419 273 
2023 1215 1531 1530 
2024 1523 1666 451 
2025 822 1426 616 
2026 586 1430 588 
2027 861 1645 942 
2028 24 1438 249 
2029 105 1363 106 
2030 608 1412 687 
2031 368 1593 352 
2032 238 1373 1372 
2033 1215 1530 720 
2034 1150 1601 821 
2035 351 1593 449 
2036 285 1501 1137 
2037 922 1411 829 
2038 968 1661 970 
2039 870 1660 1103 
2040 1411 1412 671 
2041 571 1657 841 
2042 700 1608 736 
2043 48 1448 47 
2044 1385 1452 1387 
2045 770 1514 1145 
2046 570 1632 495 
2047 38 1417 37 
2048 541 1650 545 
2049 609 1549 688 
2050 1505 1696 1504 
2051 231 1442 26 
2052 931 1470 1172 
2053 1431 1436 1433 
2054 1006 1637 1007 
2055 1199 1630 1011 
2056 604 1541 603 
2057 23 1436 22 
2058 22 1436 1431 
2059 590 1521 589 
2060 85 1672 84 
2061 1164 1750 1734 
2062 1521 1522 1025 
2063 13 1399 241 
2064 242 1397 71 
2065 1109 1643 915 
2066 234 1452 93 
2067 928 1382 1255 
2068 803 1396 993 
2069 503 1657 502 
2070 723 1671 712 
2071 1035 1347 1038 
2072 435 1505 431 
2073 1005 1413 1131 
2074 773 1429 775 
2075 1027 1522 1122 
2076 463 1680 464 
2077 1240 1536 1238 
2078 798 1406 765 
2079 1486 1487 977 
2080 1015 1523 776 
2081 1130 1357 1314 
2082 655 1542 653 
2083 813 1509 930 
2084 1558 1561 1556 
2085 303 1479 359 
2086 1542 1543 692 
2087 441 1473 893 
2088 787 1514 567 
2089 821 1601 573 
2090 307 1498 694 
2091 1146 1489 1291 
2092 1167 1669 855 
2093 281 1695 282 
2094 1401 1603 1400 
2095 1450 1467 828 
2096 343 1574 341 
2097 721 1580 1579 
2098 311 1578 356 
2099 1137 1662 1365 
2100 533 1583 709 
2101 275 1427 46 
2102 1569 1741 615 
2103 929 1383 1382 
2104 983 1469 1223 
2105 1404 1646 269 
2106 1156 1709 1632 
2107 377 1566 374 
2108 982 1488 1160 
2109 83 1702 84 
2110 709 1583 1053 
2111 423 1456 424 
2112 1310 1494 959 
2113 428 1504 1023 
2114 1093 1548 1114 
2115 518 1683 519 
2116 993 1396 1324 
2117 288 1390 691 
2118 1574 1720 695 
2119 1116 1552 1126 
2120 846 1494 418 
2121 742 1535 757 
2122 534 1583 533 
2123 522 1683 722 
2124 36 1415 35 
2125 955 1493 860 
2126 49 1449 48 
2127 341 1574 695 
2128 258 1363 105 
2129 1193 1562 1195 
2130 1452 1728 1387 
2131 1629 1734 1032 
2132 1438 1442 1440 
2133 555 1601 1600 
2134 361 1718 1589 
2135 501 1669 484 
2136 318 1464 360 
2137 1014 1527 1526 
2138 589 1521 1025 
2139 526 1616 711 
2140 1787 1797 619 
2141 826 1505 435 
2142 411 1490 412 
2143 929 1493 1384 
2144 449 1593 1019 
2145 872 1714 984 
2146 1402 1654 270 
2147 775 1429 820 
2148 105 281 257 
2149 1145 1489 1146 
2150 1172 1413 1005 
2151 713 1705 494 
2152 910 1480 863 
2153 1395 1509 1394 
2154 443 1466 446 
2155 1310 1710 1494 
2156 408 1576 406 
2157 774 1525 1013 
2158 378 1577 674 
2159 831 1508 908 
2160 820 1469 983 
2161 1396 1482 1324 
2162 324 1598 1138 
2163 259 281 106 
2164 792 1566 377 
2165 1436 1441 1433 
2166 1257 1585 797 
2167 531 1636 536 
2168 871 1675 791 
2169 610 1575 612 
2170 25 1438 24 
2171 507 1700 509 
2172 1147 1565 832 
2173 468 1676 466 
2174 506 1681 734 
2175 765 1406 909 
2176 1494 1495 418 
2177 445 1525 452 
2178 653 1542 692 
2179 812 1482 810 
2180 920 1754 1604 
2181 1464 1589 1459 
2182 768 1585 816 
2183 694 1956 1613 
2184 929 1382 928 
2185 379 1550 792 
2186 76 1381 75 
2187 579 1573 920 
2188 37 1417 243 
2189 497 1701 558 
2190 897 1496 744 
2191 793 1496 955 
2192 513 1698 515 
2193 930 1697 1447 
2194 1518 1519 310 
2195 816 1615 535 
2196 538 1583 534 
2197 973 1564 971 
2198 102 1365 246 
2199 1008 1714 858 
2200 1232 1540 1198 
2201 1450 1659 1467 
2202 1526 1527 1517 
2203 532 1635 527 
2204 1040 1707 1041 
2205 573 1601 552 
2206 88 1588 277 
2207 530 1615 528 
2208 762 1497 759 
2209 959 1494 846 
2210 690 1527 739 
2211 34 1414 33 
2212 51 1428 50 
2213 1607 1608 700 
2214 316 1464 318 
2215 25 1442 1438 
2216 389 1606 1605 
2217 26 1442 25 
2218 1107 1581 1002 
2219 430 1478 433 
2220 741 1503 738 
2221 824 1453 822 
2222 1501 1662 1137 
2223 1395 1697 1509 
2224 797 1585 768 
2225 407 1538 413 
2226 398 1607 397 
2227 527 1635 529 
2228 54 1445 251 
2229 493 1724 491 
2230 424 1456 427 
2231 637 1670 638 
2232 535 1615 530 
2233 1148 1730 1639 
2234 675 1538 405 
2235 489 1723 554 
2236 1429 1469 820 
2237 1597 1712 1021 
2238 860 1493 929 
2239 1560 1561 805 
2240 1224 1548 1093 
2241 719 1500 897 
2242 100 1367 101 
2243 848 1510 1017 
2244 794 1500 670 
2245 1028 1591 699 
2246 866 1592 731 
2247 552 1601 555 
2248 100 1366 261 
2249 246 1366 101 
2250 487 1726 485 
2251 900 1510 819 
2252 81 1743 82 
2253 406 1576 682 
2254 763 1658 766 
2255 799 1491 808 
2256 1213 1552 1116 
2257 7 1368 6 
2258 1627 1740 1144 
2259 646 1553 644 
2260 578 1457 582 
2261 950 1779 1257 
2262 1672 2077 1219 
2263 839 1457 576 
2264 1221 1905 1896 
2265 907 1491 1179 
2266 439 1466 443 
2267 1196 1562 1193 
2268 908 1508 1134 
2269 412 1490 416 
2270 615 1659 598 
2271 1573 1753 920 
2272 1014 1535 742 
2273 825 1602 456 
2274 915 1643 883 
2275 528 1616 526 
2276 1364 1365 103 
2277 981 1485 978 
2278 106 281 105 
2279 58 1476 57 
2280 1467 1742 1056 
2281 675 1782 1763 
2282 575 1604 1598 
2283 694 2054 1479 
2284 1046 1534 737 
2285 1443 1445 55 
2286 1118 1480 910 
2287 529 1636 531 
2288 1462 1854 1819 
2289 1017 1652 1260 
2290 316 1589 1464 
2291 53 1424 52 
2292 740 1609 565 
2293 1367 2046 1211 
2294 1249 1546 1248 
2295 1251 1546 1293 
2296 904 1524 1492 
2297 714 1776 1752 
2298 548 1610 550 
2299 580 1517 583 
2300 261 1370 99 
2301 380 1539 382 
2302 98 1370 237 
2303 1677 1857 1844 
2304 864 1647 1090 
2305 727 1671 723 
2306 452 1525 774 
2307 687 1575 610 
2308 672 1522 1521 
2309 525 1667 532 
2310 1458 1465 1457 
2311 1140 1478 1456 
2312 1047 1477 1055 
2313 898 1730 1163 
2314 1694 1767 1610 
2315 585 1533 586 
2316 895 1560 622 
2317 966 1482 812 
2318 35 1415 272 
2319 397 1607 700 
2320 229 1449 49 
2321 1007 1623 869 
2322 1716 1816 544 
2323 86 1633 227 
2324 1448 2024 275 
2325 566 1514 770 
2326 744 1496 793 
2327 1018 1469 1429 
2328 567 1514 566 
2329 98 1371 99 
2330 1007 1624 1623 
2331 1411 1474 1412 
2332 523 1667 525 
2333 712 1667 523 
2334 600 1659 1450 
2335 284 1612 806 
2336 405 1538 407 
2337 1275 1564 973 
2338 1368 1369 279 
2339 1378 1451 94 
2340 883 1643 935 
2341 1015 1666 1523 
2342 1556 1561 1560 
2343 432 1547 434 
2344 308 1518 310 
2345 237 1375 97 
2346 427 1478 430 
2347 96 1375 263 
2348 80 1760 2 
2349 103 1365 102 
2350 841 1657 1154 
2351 1059 1661 968 
2352 353 1621 349 
2353 1394 1509 811 
2354 957 1483 1203 
2355 344 1748 1704 
2356 909 1497 762 
2357 1328 1581 1107 
2358 958 1483 901 
2359 995 1563 996 
2360 1235 1540 1232 
2361 1456 1478 427 
2362 267 1381 76 
2363 1685 1686 256 
2364 879 1503 741 
2365 1226 1779 950 
2366 811 1509 813 
2367 322 1511 319 
2368 259 1695 281 
2369 853 1520 986 
2370 875 1756 1062 
2371 833 1584 425 
2372 670 1500 719 
2373 1533 1534 1139 
2374 638 1670 641 
2375 461 1641 465 
2376 495 1632 479 
2377 300 1622 440 
2378 251 1425 1424 
2379 783 1651 916 
2380 1462 1819 1806 
2381 1504 1696 1023 
2382 540 1650 541 
2383 1457 1465 582 
2384 1643 1644 935 
2385 1389 1390 806 
2386 576 1457 578 
2387 876 1759 887 
2388 96 1380 97 
2389 594 1569 596 
2390 554 1851 1726 
2391 433 1758 937 
2392 540 1770 1650 
2393 1658 1713 1179 
2394 101 1366 100 
2395 33 1414 230 
2396 276 1428 51 
2397 941 1590 1151 
2398 712 1671 1667 
2399 1103 1660 1354 
2400 1460 1718 1463 
2401 598 1659 600 
2402 1147 1711 1565 
2403 1512 1766 827 
2404 1161 1485 981 
2405 819 1510 848 
2406 808 1491 907 
2407 707 1815 1804 
2408 845 1506 958 
2409 796 1658 763 
2410 903 1506 778 
2411 1615 1616 528 
2412 644 1553 1529 
2413 1635 1636 529 
2414 822 1453 1426 
2415 1348 1666 1015 
2416 963 1725 1095 
2417 234 1728 1452 
2418 1556 1560 895 
2419 1179 1713 1180 
2420 238 1372 1371 
2421 1859 1866 668 
2422 262 1367 100 
2423 1112 2052 1756 
2424 1365 1662 246 
2425 826 1696 1505 
2426 704 1640 732 
2427 1038 1347 1286 
2428 55 1445 54 
2429 672 1617 1522 
2430 1000 1772 1001 
2431 674 1539 380 
2432 539 1711 538 
2433 1798 1824 1645 
2434 84 1672 256 
2435 1726 1727 485 
2436 93 1451 233 
2437 951 1774 886 
2438 737 1534 689 
2439 417 1699 415 
2440 6 1368 279 
2441 1171 1831 1225 
2442 282 1695 1612 
2443 1263 1985 1264 
2444 1288 1946 228 
2445 1248 1546 1251 
2446 524 1649 521 
2447 1662 1663 246 
2448 1124 1617 1208 
2449 583 1517 685 
2450 1145 1514 1513 
2451 874 1727 1174 
2452 1368 1739 1369 
2453 680 1628 919 
2454 1007 1637 1625 
2455 99 1370 98 
2456 399 1568 400 
2457 437 1730 898 
2458 403 1568 675 
2459 689 1533 585 
2460 373 1567 422 
2461 802 1551 587 
2462 57 1476 232 
2463 693 1567 371 
2464 1789 1803 1085 
2465 1055 1477 1325 
2466 543 1668 542 
2467 1461 1465 1458 
2468 1050 1608 1607 
2469 1698 1775 518 
2470 1454 1753 1573 
2471 459 1641 461 
2472 1650 1770 1651 
2473 326 1587 328 
2474 282 1612 284 
2475 689 1534 1533 
2476 251 1424 53 
2477 1637 1638 1625 
2478 241 2020 1564 
2479 1714 1783 984 
2480 1203 1989 1507 
2481 685 1527 690 
2482 515 1698 518 
2483 569 1579 745 
2484 1009 1731 1687 
2485 1003 1613 1188 
2486 1186 1832 1818 
2487 1602 1621 353 
2488 494 1705 498 
2489 235 1853 1330 
2490 721 1579 564 
2491 278 1702 83 
2492 801 1586 679 
2493 344 1704 345 
2494 484 1669 486 
2495 1214 1586 945 
2496 275 2039 1427 
2497 807 1547 432 
2498 8 1765 266 
2499 1700 1708 1171 
2500 364 1518 308 
2501 509 1700 512 
2502 916 1651 1059 
2503 857 1731 1009 
2504 1634 1641 459 
2505 1433 1441 1435 
2506 1052 1696 826 
2507 238 1371 98 
2508 254 1765 9 
2509 790 1731 857 
2510 1708 1831 1171 
2511 327 1740 325 
2512 265 1881 1353 
2513 1522 1617 1122 
2514 394 1611 396 
2515 1478 1758 433 
2516 485 1727 482 
2517 1102 1720 1574 
2518 901 1483 957 
2519 97 1375 96 
2520 891 1747 1191 
2521 1454 1573 1551 
2522 1565 1711 553 
2523 597 1769 595 
2524 454 1626 455 
2525 791 1675 727 
2526 755 1747 891 
2527 678 1729 676 
2528 784 1597 703 
2529 702 1597 1021 
2530 1465 1526 582 
2531 676 1511 322 
2532 785 1520 853 
2533 1287 1707 1040 
2534 1165 1563 995 
2535 1589 1718 1459 
2536 1517 1527 685 
2537 334 1614 336 
2538 1463 1854 1462 
2539 2024 2039 275 
2540 1682 1752 1681 
2541 416 1639 420 
2542 1142 1584 833 
2543 948 1773 837 
2544 1154 1798 1645 
2545 2039 2050 1427 
2546 1089 1590 941 
2547 1502 1663 1662 
2548 1568 1782 675 
2549 711 1649 524 
2550 1046 1768 1534 
2551 1721 1798 1154 
2552 298 1622 300 
2553 1519 1719 361 
2554 1729 1766 1512 
2555 231 1749 1442 
2556 1227 1714 1008 
2557 558 1724 493 
2558 350 1596 366 
2559 1718 1719 1463 
2560 1237 1757 1239 
2561 777 1777 917 
2562 1621 1735 1044 
2563 1600 1601 1150 
2564 1225 1841 938 
2565 1598 1604 1138 
2566 732 1640 781 
2567 1657 1721 1154 
2568 1528 1611 696 
2569 778 1506 845 
2570 1243 1796 1246 
2571 697 1605 1524 
2572 816 1781 1615 
2573 553 1711 539 
2574 1705 1770 540 
2575 390 1605 393 
2576 825 1735 1602 
2577 796 1713 1658 
2578 498 1705 540 
2579 264 1380 96 
2580 389 1780 1606 
2581 551 1642 706 
2582 1212 1345 956 
2583 361 1719 1718 
2584 1459 1718 1460 
2585 512 1700 1171 
2586 1442 1749 1440 
2587 568 1629 562 
2588 1426 1569 594 
2589 518 1775 1683 
2590 1182 1781 1214 
2591 561 1629 1032 
2592 1029 1741 1453 
2593 1493 2078 1401 
2594 1412 1474 687 
2595 1683 1775 1737 
2596 1453 1569 1426 
2597 899 1580 721 
2598 687 1717 1575 
2599 1610 1767 840 
2600 1617 1769 1208 
2601 919 1628 1144 
2602 415 1699 419 
2603 94 1451 93 
2604 1353 1847 1318 
2605 844 1764 1407 
2606 226 1743 81 
2607 1122 1617 1124 
2608 717 1678 1111 
2609 1371 1755 262 
2610 818 1655 817 
2611 753 1747 755 
2612 1453 1741 1569 
2613 1503 1786 1048 
2614 1593 1715 1019 
2615 400 1568 403 
2616 517 1678 516 
2617 1764 1768 1054 
2618 508 1721 505 
2619 469 1674 471 
2620 1298 1653 1088 
2621 862 1653 842 
2622 514 1664 511 
2623 1740 1784 1144 
2624 371 1567 373 
2625 1632 1709 479 
2626 1061 1836 1762 
2627 1602 1735 1621 
2628 1187 1794 927 
2629 1072 1717 1070 
2630 1140 1758 1478 
2631 1148 1639 1490 
2632 1494 1710 1495 
2633 1145 1513 1489 
2634 330 1595 332 
2635 1138 1587 326 
2636 854 1827 1712 
2637 564 1579 569 
2638 672 1769 1617 
2639 565 1694 546 
2640 500 1850 499 
2641 1076 1797 1074 
2642 945 1586 801 
2643 385 1780 386 
2644 1454 1551 802 
2645 1141 1758 1140 
2646 1081 1753 1454 
2647 1134 1613 1003 
2648 948 1800 1773 
2649 944 1747 753 
2650 938 1841 1698 
2651 481 1727 874 
2652 1741 1742 615 
2653 345 1704 348 
2654 1615 1781 1616 
2655 792 1789 1566 
2656 1502 1961 1131 
2657 1757 2017 1244 
2658 399 1733 1568 
2659 1070 1717 1474 
2660 267 2004 1381 
2661 953 1788 961 
2662 1014 1785 1535 
2663 1555 1808 1559 
2664 967 1631 1109 
2665 1034 1656 572 
2666 466 1680 463 
2667 1074 1787 1072 
2668 455 1626 557 
2669 363 1740 327 
2670 1144 1628 1627 
2671 696 1611 394 
2672 1059 1814 1661 
2673 1156 1795 1709 
2674 1785 1806 1535 
2675 1184 1799 1675 
2676 1166 1767 1609 
2677 1045 1729 678 
2678 482 1727 481 
2679 1147 1794 1771 
2680 703 1597 702 
2681 503 1721 1657 
2682 613 1809 782 
2683 805 1809 617 
2684 1566 1789 1572 
2685 961 1788 1132 
2686 595 1769 672 
2687 2017 2038 1244 
2688 837 1773 1148 
2689 1539 1805 385 
2690 675 1763 1538 
2691 710 1614 334 
2692 9 1765 8 
2693 1021 1712 1065 
2694 1012 1812 859 
2695 767 1812 1215 
2696 1538 1763 1082 
2697 1001 1869 1693 
2698 815 1808 1554 
2699 1061 1762 1156 
2700 363 1784 1740 
2701 348 1704 1596 
2702 997 1813 1274 
2703 1717 1787 1575 
2704 1474 1717 687 
2705 1129 1907 1817 
2706 1600 1777 777 
2707 462 1709 460 
2708 1489 1513 924 
2709 1072 1787 1717 
2710 548 1694 1610 
2711 727 1675 1671 
2712 844 1768 1764 
2713 729 1708 1700 
2714 1587 1790 358 
2715 1039 1673 1036 
2716 1151 1777 1150 
2717 1019 1715 1030 
2718 496 1682 504 
2719 1427 2050 244 
2720 1207 1815 1210 
2721 348 1596 350 
2722 1490 1639 416 
2723 1642 1738 1049 
2724 1604 1754 1138 
2725 1181 1673 1042 
2726 1168 2029 1337 
2727 1208 1769 1537 
2728 887 1759 953 
2729 483 1684 705 
2730 1111 1475 1110 
2731 760 1819 761 
2732 476 1684 478 
2733 1730 1773 1163 
2734 706 1642 1049 
2735 1188 1956 1499 
2736 1239 1757 1244 
2737 1649 1679 520 
2738 1698 1841 1775 
2739 1734 1750 1032 
2740 393 1605 697 
2741 362 1748 344 
2742 1381 1852 255 
2743 1741 1792 1742 
2744 562 1629 561 
2745 1495 1710 693 
2746 1372 1755 1371 
2747 1524 1606 1492 
2748 559 1674 469 
2749 1773 1800 1163 
2750 505 1721 503 
2751 1246 1796 1249 
2752 1317 2097 1872 
2753 460 1795 458 
2754 516 1678 717 
2755 511 1664 510 
2756 1605 1606 1524 
2757 301 1829 299 
2758 1415 1807 272 
2759 479 1709 462 
2760 1362 1820 715 
2761 1155 1668 1656 
2762 1307 1774 951 
2763 906 1655 818 
2764 1341 2013 31 
2765 1347 1910 1288 
2766 1534 1768 1139 
2767 1065 1996 1728 
2768 912 1837 1516 
2769 988 1837 913 
2770 1228 1319 1229 
2771 1144 1784 1057 
2772 1575 1787 619 
2773 17 1822 239 
2774 271 1822 18 
2775 771 1965 1328 
2776 1461 1785 1465 
2777 643 1830 663 
2778 1535 1806 760 
2779 879 1786 1503 
2780 1139 1768 844 
2781 1166 1802 1767 
2782 1499 1938 1136 
2783 1148 1773 1730 
2784 1709 1795 460 
2785 1912 1971 1308 
2786 618 1832 621 
2787 1088 1653 862 
2788 385 1805 1780 
2789 724 1737 728 
2790 1676 1680 466 
2791 1373 2011 1516 
2792 726 1732 725 
2793 865 1708 735 
2794 108 1834 107 
2795 107 1835 108 
2796 542 1850 500 
2797 1753 1790 1754 
2798 1313 2021 1744 
2799 1079 1792 1029 
2800 1045 1766 1729 
2801 1767 1802 840 
2802 1155 1801 1668 
2803 1668 1801 542 
2804 1814 1861 1661 
2805 659 1820 661 
2806 1586 1778 949 
2807 1764 1813 1407 
2808 538 1771 1583 
2809 1029 1792 1741 
2810 1030 1715 1572 
2811 1208 1804 1205 
2812 1665 1932 86 
2813 546 1694 548 
2814 683 2042 1338 
2815 2050 2072 244 
2816 1676 1776 1680 
2817 1465 1785 1526 
2818 927 1794 1147 
2819 1481 1782 1051 
2820 1780 1805 1152 
2821 1763 1782 1481 
2822 1550 1803 792 
2823 1187 1825 1794 
2824 1670 1830 641 
2825 1539 1833 1805 
2826 1391 2062 691 
2827 358 1595 330 
2828 1461 1806 1785 
2829 1746 2092 954 
2830 1030 1789 1085 
2831 1733 1782 1568 
2832 1087 1764 1054 
2833 1150 1777 1600 
2834 866 1839 1592 
2835 769 1825 902 
2836 1163 1800 1305 
2837 386 1780 389 
2838 1281 1800 948 
2839 734 1751 751 
2840 707 1804 1537 
2841 619 1818 614 
2842 1355 1802 1166 
2843 1155 1656 1034 
2844 85 1665 86 
2845 1742 1792 1056 
2846 748 1693 730 
2847 1186 1797 1076 
2848 1181 1801 1673 
2849 1057 1784 1078 
2850 990 1848 1343 
2851 986 1848 987 
2852 921 1855 1066 
2853 1330 1853 1332 
2854 1651 1770 1059 
2855 1201 1840 933 
2856 1744 2021 1097 
2857 1342 1858 1052 
2858 1529 1888 656 
2859 508 1798 1721 
2860 1630 1939 475 
2861 969 1631 967 
2862 1087 1813 1764 
2863 1299 1877 1298 
2864 492 1706 713 
2865 1384 1862 1398 
2866 544 1706 490 
2867 1184 1845 1799 
2868 1174 1727 1726 
2869 1152 1805 1060 
2870 1885 2095 2028 
2871 986 2099 1848 
2872 1217 1826 1508 
2873 1225 1842 1841 
2874 1138 1754 1587 
2875 1735 1836 1044 
2876 1066 1892 1306 
2877 1205 1804 1207 
2878 1032 1750 1033 
2879 1201 1876 1840 
2880 1033 1750 1037 
2881 268 1862 1401 
2882 1526 1785 1014 
2883 733 1722 477 
2884 1293 1870 1294 
2885 102 1856 103 
2886 1951 2078 955 
2887 1129 1817 1079 
2888 1554 1808 1555 
2889 1416 1807 1415 
2890 1115 1866 1113 
2891 1825 1863 902 
2892 1440 1927 1439 
2893 422 1860 375 
2894 254 2097 1317 
2895 1515 1827 854 
2896 1176 1864 1159 
2897 1158 1864 1338 
2898 488 1716 544 
2899 1227 1783 1714 
2900 1340 2018 1058 
2901 1042 1673 1039 
2902 825 1795 1762 
2903 1759 1788 953 
2904 1623 1823 866 
2905 1583 1771 1053 
2906 1572 1789 1030 
2907 617 1809 613 
2908 1051 1782 1733 
2909 1259 2095 1885 
2910 504 1682 1681 
2911 1398 1862 1397 
2912 1807 1920 272 
2913 478 1684 483 
2914 840 1802 899 
2915 1106 1879 1626 
2916 241 1872 12 
2917 1762 1795 1156 
2918 1081 1790 1753 
2919 1348 1987 1666 
2920 1416 1907 1807 
2921 1754 1790 1587 
2922 1344 2059 1947 
2923 447 1874 296 
2924 614 1818 618 
2925 1407 1813 997 
2926 1801 1850 542 
2927 859 1812 767 
2928 681 1955 1358 
2929 1462 1806 1461 
2930 1339 1878 1161 
2931 601 1849 707 
2932 1392 2062 1391 
2933 1183 1987 1348 
2934 836 1876 880 
2935 103 1884 104 
2936 735 1708 729 
2937 1423 2072 1224 
2938 1667 1799 532 
2939 800 1871 746 
2940 1214 1778 1586 
2941 1383 2040 1382 
2942 1056 1817 923 
2943 267 1962 1351 
2944 1168 1816 1167 
2945 1306 1892 1417 
2946 825 1762 1735 
2947 1081 1828 1790 
2948 237 1917 1471 
2949 1210 1815 1302 
2950 880 1908 1086 
2951 1792 1817 1056 
2952 1805 1833 1060 
2953 661 1891 666 
2954 1363 2093 260 
2955 90 1881 265 
2956 715 1820 659 
2957 693 1895 1567 
2958 1738 1898 1838 
2959 1044 1836 1102 
2960 1388 2093 1363 
2961 1405 1811 1646 
2962 1480 1901 1654 
2963 1722 1897 473 
2964 329 1903 363 
2965 1648 1909 1268 
2966 1417 1892 243 
2967 1799 1845 532 
2968 1292 1882 1087 
2969 1771 1794 1053 
2970 1079 1817 1792 
2971 1185 1898 1845 
2972 761 1819 796 
2973 1895 2010 1567 
2974 1094 1824 1664 
2975 795 1732 726 
2976 728 1737 1064 
2977 270 1901 1399 
2978 1677 1776 1676 
2979 1592 1803 1550 
2980 510 1798 508 
2981 298 1874 1622 
2982 2083 2096 1546 
2983 1537 1804 1208 
2984 1485 1878 1486 
2985 1249 2083 1546 
2986 1750 1847 1037 
2987 1096 1761 1098 
2988 1282 1899 1242 
2989 299 1904 297 
2990 1269 1906 1105 
2991 1738 1838 1049 
2992 1797 1818 619 
2993 1354 1922 1127 
2994 266 1940 1739 
2995 1599 1903 331 
2996 1164 1847 1750 
2997 1092 1859 1186 
2998 1080 1828 1081 
2999 603 1849 601 
3000 785 1871 1520 
3001 1675 1799 1671 
3002 1883 1931 1120 
3003 1256 2089 1466 
3004 902 1863 1136 
3005 1647 2085 1264 
3006 1661 1861 1273 
3007 1500 2048 1336 
3008 1240 1899 1536 
3009 1542 1893 1543 
3010 391 1909 1648 
3011 1333 1820 1362 
3012 1669 1716 486 
3013 909 1887 1434 
3014 1696 1858 1023 
3015 1045 1779 1766 
3016 674 1833 1539 
3017 625 1905 627 
3018 234 2016 1352 
3019 942 1883 1120 
3020 998 1911 1393 
3021 90 1900 248 
3022 1770 1814 1059 
3023 1389 1875 1316 
3024 914 1890 939 
3025 359 1829 301 
3026 972 1911 998 
3027 1790 1828 358 
3028 1848 2099 1455 
3029 1635 1898 1636 
3030 1063 1914 1104 
3031 867 1821 754 
3032 1468 1900 91 
3033 1060 1833 1488 
3034 1796 2065 1249 
3035 913 1837 912 
3036 510 1824 1798 
3037 1085 1839 1106 
3038 2065 2083 1249 
3039 475 1939 476 
3040 1446 1911 911 
3041 1786 1927 1440 
3042 1049 1838 1271 
3043 1466 2089 446 
3044 1318 1847 1164 
3045 1471 1917 1470 
3046 1518 1926 1519 
3047 1803 1839 1085 
3048 1001 1693 748 
3049 641 1830 643 
3050 1855 1907 1416 
3051 1031 1888 1620 
3052 1671 1799 1667 
3053 18 1822 17 
3054 1739 1865 1369 
3055 1893 2100 1543 
3056 1595 1843 710 
3057 1319 2086 865 
3058 1218 2066 1217 
3059 1129 1920 1807 
3060 889 1821 867 
3061 621 1832 668 
3062 751 1751 944 
3063 965 1916 1356 
3064 1187 1863 1825 
3065 1351 2004 267 
3066 667 2071 1346 
3067 302 1929 304 
3068 1339 2042 634 
3069 1028 1909 1591 
3070 422 2010 1557 
3071 107 1834 259 
3072 260 1835 107 
3073 1304 2074 1748 
3074 1102 1886 1720 
3075 1794 1825 1053 
3076 1713 1880 1180 
3077 1705 1814 1770 
3078 1110 1918 1327 
3079 1345 1890 956 
3080 1269 2081 1580 
3081 865 1831 1708 
3082 1594 1927 879 
3083 1987 2064 1666 
3084 1649 1793 1679 
3085 1194 1934 1192 
3086 1644 1916 935 
3087 603 1873 1849 
3088 668 1896 623 
3089 1308 1971 1173 
3090 1312 1895 1710 
3091 451 1947 444 
3092 1446 1957 1911 
3093 1726 1851 1174 
3094 442 1947 1473 
3095 1350 1994 771 
3096 1578 1938 356 
3097 1508 1826 1134 
3098 1531 1937 1530 
3099 1819 1854 796 
3100 1858 2005 1023 
3101 1206 1950 1204 
3102 674 1868 1833 
3103 1876 1908 880 
3104 87 1932 228 
3105 1410 1914 242 
3106 1121 1843 1080 
3107 806 1875 1389 
3108 1327 1931 718 
3109 1113 1859 1092 
3110 255 1852 1409 
3111 1053 1825 769 
3112 293 1955 681 
3113 365 1955 295 
3114 1186 1818 1797 
3115 490 1706 492 
3116 253 1665 85 
3117 663 1952 645 
3118 1571 1959 1570 
3119 713 1814 1705 
3120 1777 1846 917 
3121 1185 1845 1184 
3122 1157 1900 1468 
3123 1828 1843 1595 
3124 1660 1922 1354 
3125 1332 1853 1361 
3126 1062 1722 733 
3127 1211 2028 1367 
3128 1131 1961 1130 
3129 280 1962 78 
3130 252 1960 29 
3131 77 1962 267 
3132 358 1828 1595 
3133 1094 1883 1824 
3134 228 1946 88 
3135 1143 1948 1142 
3136 1121 1894 1843 
3137 1095 1791 1099 
3138 1319 1821 1229 
3139 1466 1976 1256 
3140 662 1965 771 
3141 750 1965 669 
3142 1518 1958 1926 
3143 355 2068 1299 
3144 1303 1912 1308 
3145 1237 2015 1757 
3146 1298 1877 1653 
3147 1840 1876 1082 
3148 340 1967 342 
3149 1119 1973 989 
3150 1847 1910 1037 
3151 987 1848 990 
3152 499 1889 1701 
3153 1104 1914 1410 
3154 532 1845 1635 
3155 1406 1887 909 
3156 923 1855 921 
3157 446 1949 1525 
3158 1112 1925 868 
3159 1108 1889 1181 
3160 933 1840 1481 
3161 1080 1843 1828 
3162 873 1943 1185 
3163 1833 1868 1488 
3164 1624 1823 1623 
3165 631 1970 633 
3166 1547 1976 1466 
3167 1816 1915 544 
3168 1498 1956 694 
3169 1757 2015 1425 
3170 1243 2053 1796 
3171 1763 1840 1082 
3172 1886 1921 1720 
3173 707 1849 1815 
3174 559 2006 1638 
3175 711 1793 1649 
3176 1541 1873 603 
3177 1608 1954 736 
3178 1720 1921 1619 
3179 1289 1976 807 
3180 1816 1953 1915 
3181 1577 1868 674 
3182 1592 1839 1803 
3183 1097 2021 964 
3184 1157 1991 1089 
3185 991 1987 1183 
3186 1357 2035 681 
3187 1444 2038 1443 
3188 847 2074 947 
3189 771 1994 660 
3190 658 1994 665 
3191 962 2021 1313 
3192 1225 1969 1842 
3193 1358 1867 1359 
3194 1178 1997 1170 
3195 1353 1910 1847 
3196 1188 1863 1187 
3197 1638 2082 559 
3198 1052 1858 1696 
3199 1109 1959 1571 
3200 1322 1887 1406 
3201 486 1716 488 
3202 1706 1861 713 
3203 796 1854 1713 
3204 1823 1879 1106 
3205 1817 1907 923 
3206 1151 1846 1777 
3207 1637 2082 1638 
3208 1571 2090 1644 
3209 1702 1913 1703 
3210 1425 2017 1757 
3211 1451 1974 233 
3212 5 2030 1 
3213 1 2031 79 
3214 1189 1988 1652 
3215 251 2017 1425 
3216 1691 1760 245 
3217 650 2003 667 
3218 952 1746 954 
3219 1222 2004 1351 
3220 1294 1870 1326 
3221 1380 2011 1373 
3222 1686 2007 256 
3223 271 2084 1360 
3224 1546 2096 1293 
3225 1824 1883 1645 
3226 1186 1859 1832 
3227 31 2013 30 
3228 985 2002 936 
3229 1647 1985 1090 
3230 1690 1869 1691 
3231 1233 2015 1234 
3232 247 1856 102 
3233 1397 1862 268 
3234 1737 1775 1064 
3235 1699 1948 419 
3236 758 2104 1594 
3237 1701 2070 558 
3238 1849 1873 1302 
3239 1689 2007 1686 
3240 262 2046 1367 
3241 1125 1942 1221 
3242 1829 2066 1218 
3243 92 2016 234 
3244 265 2016 91 
3245 656 2033 640 
3246 681 2035 291 
3247 289 2035 838 
3248 1235 1995 1540 
3249 1259 2107 1016 
3250 632 2042 683 
3251 1 2030 108 
3252 108 2031 1 
3253 256 2007 83 
3254 375 1860 410 
3255 1781 2027 1214 
3256 27 2049 231 
3257 1488 1868 1160 
3258 878 2040 1063 
3259 467 2006 559 
3260 1221 1866 1115 
3261 1118 1901 1480 
3262 1209 2043 1280 
3263 1641 2006 465 
3264 1244 2053 1241 
3265 1386 2011 264 
3266 19 2084 271 
3267 236 2084 20 
3268 1843 1894 710 
3269 1159 1864 1158 
3270 1165 1990 1563 
3271 1247 2071 1532 
3272 1346 2071 1250 
3273 1153 2090 1576 
3274 10 2097 254 
3275 335 2068 355 
3276 1725 2034 1724 
3277 1190 2052 1112 
3278 1695 1865 1612 
3279 1677 1844 1776 
3280 447 1944 1393 
3281 906 1981 1655 
3282 276 2032 1428 
3283 1065 2063 1091 
3284 1822 1964 239 
3285 232 2065 1444 
3286 1285 2091 1200 
3287 692 2060 1507 
3288 1577 1902 1868 
3289 559 2082 1674 
3290 1313 1746 960 
3291 1260 2095 1259 
3292 713 1861 1814 
3293 1838 1898 1185 
3294 934 1886 1061 
3295 1211 2046 1119 
3296 1425 2009 1424 
3297 290 2062 292 
3298 1199 1939 1630 
3299 554 1945 1851 
3300 827 2056 1578 
3301 473 2094 470 
3302 1618 2068 337 
3303 918 2005 1269 
3304 1185 1943 1838 
3305 1352 2063 234 
3306 969 1935 1631 
3307 1484 1989 1483 
3308 664 1978 629 
3309 816 2027 1781 
3310 1653 1877 906 
3311 1266 2005 1858 
3312 1078 2075 1340 
3313 296 1874 298 
3314 12 1872 11 
3315 1302 1873 1303 
3316 1366 2105 261 
3317 1626 1879 557 
3318 1778 2067 949 
3319 1636 1898 1738 
3320 1719 1880 1463 
3321 1372 2108 1973 
3322 1174 1851 1759 
3323 1086 2100 1893 
3324 1796 2053 1444 
3325 1807 1907 1129 
3326 1612 1875 806 
3327 1776 1844 1752 
3328 1692 1869 1690 
3329 1212 2037 1345 
3330 688 1912 1541 
3331 261 2105 1413 
3332 1082 1876 836 
3333 1723 1945 554 
3334 1441 1999 1435 
3335 746 1871 785 
3336 1099 1761 1096 
3337 682 2090 1571 
3338 1815 1849 1302 
3339 1181 1850 1801 
3340 1469 2073 1223 
3341 1086 1893 1281 
3342 104 1884 258 
3343 1405 1951 1811 
3344 1868 1902 1160 
3345 1398 2041 1384 
3346 1482 2079 1324 
3347 1161 1878 1485 
3348 1372 1973 1755 
3349 1183 1885 1211 
3350 1748 2074 1149 
3351 244 2072 1423 
3352 939 2029 1168 
3353 1558 2010 1895 
3354 1865 1875 1612 
3355 1111 1984 1475 
3356 623 1896 625 
3357 1835 1936 280 
3358 1169 1941 1703 
3359 89 1881 90 
3360 1384 2041 1383 
3361 1481 1840 1763 
3362 705 2051 1329 
3363 1813 1882 1274 
3364 666 1891 794 
3365 410 1902 1577 
3366 1434 1887 1432 
3367 1123 1894 1121 
3368 1664 1824 510 
3369 1487 1888 1031 
3370 1544 2102 1975 
3371 665 1893 1542 
3372 1821 2000 1229 
3373 1544 1975 815 
3374 331 1903 329 
3375 1094 1931 1883 
3376 1793 1984 1679 
3377 1772 1992 1001 
3378 1580 2081 1024 
3379 292 1944 294 
3380 243 1892 1416 
3381 1866 1896 668 
3382 1128 1920 1129 
3383 1468 1991 1157 
3384 1541 1912 1873 
3385 1444 2065 1796 
3386 1775 1841 1064 
3387 673 2080 635 
3388 1879 1930 557 
3389 364 1958 1518 
3390 1226 2056 1779 
3391 1395 2091 440 
3392 1197 2025 1276 
3393 1160 1902 1162 
3394 1447 1957 1446 
3395 889 2000 1821 
3396 1105 1906 1143 
3397 955 2078 1493 
3398 297 1904 365 
3399 1752 1844 1751 
3400 1242 1899 1240 
3401 1645 1883 942 
3402 1779 2067 1257 
3403 1591 1909 391 
3404 1832 1859 668 
3405 1507 1989 649 
3406 1781 2076 1616 
3407 1363 1988 1388 
3408 1654 1901 270 
3409 1323 1964 1822 
3410 1666 2064 451 
3411 1037 1910 1347 
3412 234 2063 1728 
3413 1880 1926 1180 
3414 956 1890 914 
3415 410 1933 1902 
3416 1117 1984 1793 
3417 944 1857 1747 
3418 1182 2076 1781 
3419 91 1900 90 
3420 627 1905 664 
3421 1861 1915 1273 
3422 1865 2103 1369 
3423 1836 1886 1102 
3424 1751 1844 944 
3425 294 1944 447 
3426 1707 1941 1169 
3427 1470 1917 1172 
3428 1856 2095 1260 
3429 258 1988 1363 
3430 1135 2099 1520 
3431 838 1961 1502 
3432 253 1941 1665 
3433 1202 2060 1543 
3434 911 1911 972 
3435 1201 1908 1876 
3436 781 1922 1660 
3437 1779 2056 1766 
3438 242 1914 1398 
3439 1885 2107 1259 
3440 1061 1886 1836 
3441 1204 1928 1123 
3442 1120 2018 1340 
3443 1087 1882 1813 
3444 1624 1930 1879 
3445 1063 2041 1914 
3446 1463 1880 1854 
3447 1322 2001 1887 
3448 1549 1971 688 
3449 1428 2032 2008 
3450 1850 1889 499 
3451 1202 1908 1201 
3452 226 1744 1743 
3453 1901 2020 1399 
3454 710 1894 1614 
3455 1902 1933 1162 
3456 272 1920 1414 
3457 1841 1842 1064 
3458 304 2044 306 
3459 1123 1928 1894 
3460 1338 2042 1339 
3461 1710 1895 693 
3462 1655 1921 934 
3463 363 1982 1784 
3464 1873 1912 1303 
3465 1334 1963 1331 
3466 1127 1922 1267 
3467 1393 1957 447 
3468 1484 2058 1553 
3469 1331 1963 1333 
3470 1986 2026 1633 
3471 1203 2060 1202 
3472 1588 1972 277 
3473 357 1998 338 
3474 233 1991 1468 
3475 1614 1928 357 
3476 1745 2092 1746 
3477 31 2088 1341 
3478 1192 1942 1125 
3479 1911 1957 1393 
3480 89 1946 1881 
3481 1370 1917 237 
3482 1854 1880 1713 
3483 239 1964 1403 
3484 1826 2054 1134 
3485 1223 2073 1852 
3486 935 1916 965 
3487 472 1979 1677 
3488 557 1930 1634 
3489 1894 1928 1614 
3490 747 1842 999 
3491 1045 2067 1779 
3492 711 2076 1793 
3493 1725 1791 1095 
3494 934 1921 1886 
3495 1972 1986 277 
3496 1940 2098 1739 
3497 440 1929 302 
3498 1136 1938 1226 
3499 1128 1980 1920 
3500 1706 1915 1861 
3501 1316 1940 1315 
3502 1625 1930 1624 
3503 1831 1969 1225 
3504 1162 1933 1177 
3505 356 1938 1499 
3506 1834 2103 259 
3507 1351 1936 1258 
3508 1812 2019 1215 
3509 1842 1969 999 
3510 1307 1925 1774 
3511 1915 1953 1273 
3512 1929 2091 1285 
3513 1530 1937 750 
3514 1581 1937 1141 
3515 815 1975 1808 
3516 277 1986 1633 
3517 1531 2019 937 
3518 1712 1996 1065 
3519 1759 1851 1788 
3520 1276 1934 1194 
3521 1519 1926 1719 
3522 1221 1942 1905 
3523 1887 2001 1432 
3524 1064 1842 747 
3525 1181 1889 1850 
3526 1399 2020 241 
3527 1926 1958 1180 
3528 230 2088 32 
3529 1348 2107 1183 
3530 1191 1979 1290 
3531 1695 2103 1865 
3532 1838 1943 1271 
3533 1273 1953 1272 
3534 544 1915 1706 
3535 1624 1879 1823 
3536 444 1947 442 
3537 1765 1940 266 
3538 1827 1996 1712 
3539 1393 1944 1392 
3540 1872 2097 11 
3541 1620 2058 1484 
3542 1142 1948 1699 
3543 1761 1919 1098 
3544 1315 1940 1765 
3545 1563 1980 1128 
3546 868 1925 888 
3547 1475 1918 1110 
3548 86 1932 87 
3549 718 1931 1094 
3550 1280 1950 1206 
3551 1975 2102 1176 
3552 1968 2070 2023 
3553 879 1927 1786 
3554 558 2070 1791 
3555 1099 2070 1968 
3556 1379 1974 1451 
3557 1413 2105 1131 
3558 1973 2108 988 
3559 1175 1935 969 
3560 278 1913 1702 
3561 1001 1992 1869 
3562 1570 1959 409 
3563 1979 2094 1290 
3564 923 1907 1855 
3565 1613 1956 1188 
3566 1633 2026 227 
3567 1525 1949 1013 
3568 1062 1897 1722 
3569 1168 1953 1816 
3570 295 1955 293 
3571 1334 2048 1963 
3572 1747 1857 1191 
3573 1719 1926 1880 
3574 1262 1972 1263 
3575 1215 2019 1531 
3576 1221 1896 1866 
3577 1499 1956 1498 
3578 645 1952 647 
3579 1748 2087 1304 
3580 1920 1980 1414 
3581 1603 1951 1405 
3582 1329 2051 1199 
3583 1930 1977 1634 
3584 1180 1958 1178 
3585 926 2069 856 
3586 1736 1966 248 
3587 1934 1978 664 
3588 1772 2000 1101 
3589 88 1946 89 
3590 1280 2043 1967 
3591 1625 1977 1930 
3592 1130 1961 1357 
3593 1946 2055 1881 
3594 1594 1999 1927 
3595 964 2021 962 
3596 1299 2061 1877 
3597 999 1969 1228 
3598 1888 2058 1620 
3599 29 1960 28 
3600 1324 1964 1323 
3601 1131 2105 1663 
3602 338 1998 340 
3603 1367 2028 247 
3604 1262 1986 1972 
3605 1878 2033 1486 
3606 669 1965 662 
3607 936 1943 873 
3608 78 1962 77 
3609 736 1954 1337 
3610 342 1967 362 
3611 227 2077 1672 
3612 789 2085 1647 
3613 1289 2019 1812 
3614 629 1978 631 
3615 781 2057 1922 
3616 989 1973 988 
3617 1783 1986 1262 
3618 917 2022 1472 
3619 1783 2026 1986 
3620 476 1939 1684 
3621 1360 2001 1322 
3622 1455 2099 1135 
3623 1922 2057 1267 
3624 1703 1941 253 
3625 882 2069 1475 
3626 1808 1975 1177 
3627 1231 2032 1233 
3628 633 1970 673 
3629 1852 2073 1409 
3630 1199 2051 1939 
3631 1327 2018 1931 
3632 1631 1959 1109 
3633 1936 2093 1258 
3634 1744 1983 1743 
3635 1802 2047 899 
3636 1090 1985 1736 
3637 1177 1975 1176 
3638 1952 2003 647 
3639 1634 1977 1641 
3640 472 2094 1979 
3641 248 1966 1588 
3642 1062 2052 1897 
3643 2005 2081 1269 
3644 960 1746 952 
3645 1638 1977 1625 
3646 1388 1988 1189 
3647 1917 2045 1172 
3648 1370 2045 1917 
3649 1691 1993 1760 
3650 1860 1933 410 
3651 1890 2029 939 
3652 278 1983 1913 
3653 807 1976 1547 
3654 1414 1980 230 
3655 2036 2106 1309 
3656 1133 1987 991 
3657 856 2069 882 
3658 1723 2034 1945 
3659 1143 2047 1355 
3660 1889 2023 1701 
3661 1483 1989 1203 
3662 1089 1991 1590 
3663 1118 2020 1901 
3664 660 1994 658 
3665 1173 2036 1309 
3666 1341 1990 1165 
3667 1336 2048 1334 
3668 1851 1945 1788 
3669 1995 2080 673 
3670 1960 2049 28 
3671 1170 1997 1285 
3672 1333 1963 1891 
3673 2026 2077 227 
3674 1540 2025 1197 
3675 1963 2048 794 
3676 1276 2025 1970 
3677 1028 2037 1909 
3678 1439 1999 1441 
3679 1567 2010 422 
3680 1545 1995 1235 
3681 1432 2001 236 
3682 1603 2078 1951 
3683 1229 2000 1772 
3684 1228 2086 1319 
3685 1424 2009 276 
3686 1728 1996 1387 
3687 1264 2002 985 
3688 1223 2004 1222 
3689 1679 1984 1111 
3690 647 2003 650 
3691 1724 2034 1723 
3692 1788 1945 1132 
3693 782 2106 2036 
3694 1023 2005 918 
3695 1784 1982 1078 
3696 1914 2041 1398 
3697 1271 2085 789 
3698 306 2044 364 
3699 1743 1983 278 
3700 1557 2010 1558 
3701 1387 1996 1827 
3702 1230 2012 2008 
3703 1230 2008 1231 
3704 2059 2101 893 
3705 1778 2027 1585 
3706 1562 2012 1230 
3707 108 2030 1834 
3708 1835 2031 108 
3709 1101 2000 889 
3710 83 2007 82 
3711 1564 2020 1118 
3712 1133 2064 1987 
3713 1343 2101 2059 
3714 1865 2098 1875 
3715 1234 2015 1237 
3716 1337 2029 1220 
3717 1196 2024 2014 
3718 30 2013 252 
3719 465 2006 467 
3720 1552 2024 1196 
3721 1373 2108 1372 
3722 937 2019 1289 
3723 1445 2017 251 
3724 1196 2014 1562 
3725 1543 2100 1202 
3726 79 2031 280 
3727 279 2030 5 
3728 1562 2014 2012 
3729 446 2089 1949 
3730 1132 2034 1725 
3731 91 2016 92 
3732 1585 2027 816 
3733 32 2088 31 
3734 640 2033 639 
3735 1270 2057 1640 
3736 291 2035 289 
3737 1950 1998 357 
3738 1300 2043 1209 
3739 1268 2037 1212 
3740 782 2036 1549 
3741 639 2033 1878 
3742 1443 2038 1445 
3743 1216 2075 1279 
3744 634 2042 632 
3745 899 2047 1906 
3746 1213 2050 2039 
3747 1905 1942 664 
3748 1013 2040 878 
3749 264 2011 1380 
3750 1529 2058 1888 
3751 261 2045 1370 
3752 1677 1979 1857 
3753 1267 2057 1270 
3754 1473 2059 893 
3755 1548 2050 1213 
3756 1413 2045 261 
3757 1213 2039 1552 
3758 1552 2039 2024 
3759 794 2048 1500 
3760 28 2049 27 
3761 1241 2053 1243 
3762 683 2102 1544 
3763 1908 2100 1086 
3764 1543 2060 692 
3765 1343 2059 1344 
3766 1172 2045 1413 
3767 1619 2061 1618 
3768 337 2068 335 
3769 691 2062 290 
3770 1437 2083 1476 
3771 1437 2096 2083 
3772 635 2080 637 
3773 949 2067 1045 
3774 1344 2064 1133 
3775 1445 2038 2017 
3776 1250 2071 1247 
3777 1091 2063 1352 
3778 1992 1993 1691 
3779 470 2094 472 
3780 1149 2074 847 
3781 1553 2058 1529 
3782 1891 1963 794 
3783 1304 2087 1300 
3784 1024 2081 1266 
3785 1219 2077 1227 
3786 1766 2056 827 
3787 1548 2072 2050 
3788 1640 2057 781 
3789 1918 2069 926 
3790 1224 2072 1548 
3791 1755 2046 262 
3792 1309 2106 1311 
3793 1255 2089 1256 
3794 20 2084 19 
3795 1261 2082 1637 
3796 1497 2104 758 
3797 1220 2029 1890 
3798 1214 2027 1778 
3799 1176 2102 1864 
3800 1200 2091 1395 
3801 1616 2076 711 
3802 1401 2078 1603 
3803 1684 2051 705 
3804 2 2092 1745 
3805 1258 2093 1388 
3806 637 2109 1670 
3807 1663 2105 1366 
3808 1476 2065 232 
3809 1756 2052 1062 
3810 1923 1924 2 
3811 1848 2101 1343 
3812 250 2096 1437 
3813 11 2097 10 
3814 1923 1993 1101 
3815 893 2101 1455 
3816 966 2079 1482 
3817 1016 2107 1348 
3818 1217 2066 1826 
3819 1254 2109 1545 
3820 1018 2073 1469 
3821 988 2108 1837 
3822 1809 2106 782 
3823 1910 2055 1288 
3824 1134 2054 1613 
3825 1576 2090 682 
3826 1520 2099 986 
3827 1263 1972 1966 
3828 1476 2083 2065 
3829 1670 2109 1254 
3830 1990 2088 230 
3831 1945 2034 1132 
3832 1300 2087 2043 
3833 1834 2030 279 
3834 280 2031 1835 
3835 1969 2086 1228 
3836 1316 2098 1940 
3837 2080 2109 637 
3838 1846 2022 917 
3839 2043 2087 362 
3840 1760 1923 2 
3841 259 2103 1695 
3842 1831 2086 1969 
3843 1545 2109 2080 
3844 1939 2051 1684 
3845 1739 2098 1865 
3846 1355 2047 1802 
3847 1791 2070 1099 
3848 1227 2026 1783 
3849 1183 2107 1885 
3850 1108 2023 1889 
3851 1877 1981 906 
3852 1927 1999 1439 
3853 1288 2055 1946 
3854 1549 2036 1971 
3855 362 2087 1748 
3856 1099 1968 1761 
3857 1227 2077 2026 
3858 1837 2108 1373 
3859 1971 2036 1173 
3860 1826 2066 359 
3861 1931 2018 1120 
3862 1869 1992 1691 
3863 359 2066 1829 
3864 1877 2061 1981 
3865 1276 1978 1934 
3866 1909 2037 1268 
3867 1966 1972 1588 
3868 1311 2106 1809 
3869 2008 2032 1231 
3870 1881 2055 1353 
3871 1864 2102 683 
3872 1885 2028 1211 
3873 1906 2047 1143 
3874 1280 1998 1950 
3875 1455 2101 1848 
3876 440 2091 1929 
3877 1233 2032 2009 
3878 954 2092 1924 
3879 1760 1993 1923 
3880 2023 2070 1701 
3881 1202 2100 1908 
3882 247 2095 1856 
3883 1353 2055 1910 
3884 1857 1979 1191 
3885 1266 2081 2005 
3886 1875 2098 1316 
3887 2028 2095 247 
3888 865 2086 1831 
3889 1949 2089 1255 
3890 2002 2085 1271 
3891 364 2044 1997 
3892 1970 2025 673 
3893 1475 2069 1918 
3894 1279 2075 1982 
3895 1967 2043 362 
3896 1968 2023 1108 
3897 1997 2044 1285 
3898 1981 2061 1619 
3899 1982 2075 1078 
3900 2009 2032 276 
3901 1545 2080 1995 
3902 1341 2088 1990 
3903 1264 2085 2002 
3904 1924 2092 2 
2 5 2 4759
3905 3974 3979 2145 
3906 2952 3445 2953 
3907 3378 3452 2123 
3908 2164 3465 3400 
3909 2114 3469 202 
3910 3218 3985 3931 
3911 2125 3425 3423 
3912 3382 3445 2114 
3913 3063 3970 3854 
3914 3080 4041 3981 
3915 3622 3623 3247 
3916 3852 4050 3420 
3917 2163 3842 3374 
3918 3359 4059 3823 
3919 3823 4059 2703 
3920 3374 3841 2163 
3921 2125 4205 3425 
3922 3854 4139 3063 
3923 3080 4303 4041 
3924 2114 3441 3382 
3925 3749 3751 3158 
3926 2123 3453 3378 
3927 3710 3755 2993 
3928 3420 4050 2660 
3929 2464 3395 3394 
3930 3287 3717 2990 
3931 3623 3624 3247 
3932 3261 3979 3974 
3933 3717 4111 2990 
3934 3396 3397 2673 
3935 2119 4229 3393 
3936 3402 3403 2778 
3937 3684 3685 3095 
3938 2519 3803 3372 
3939 4014 4115 2519 
3940 3844 4373 3925 
3941 3172 4153 4001 
3942 3443 4209 2967 
3943 3406 4115 4014 
3944 2142 3796 3399 
3945 2157 3927 3419 
3946 3447 3449 2270 
3947 3372 4014 2519 
3948 2220 3415 3414 
3949 3005 4171 4117 
3950 3605 4338 2456 
3951 3844 3925 3629 
3952 3729 4208 3337 
3953 2456 4023 3605 
3954 3619 3755 3710 
3955 3979 4291 2145 
3956 3158 3750 3749 
3957 3393 4143 2119 
3958 2220 3416 3415 
3959 3492 3893 2957 
3960 3419 3927 3248 
3961 2548 3770 3405 
3962 3541 4004 3290 
3963 216 3430 217 
3964 3956 4031 3213 
3965 3337 4208 2765 
3966 4120 4214 3774 
3967 3021 3593 3434 
3968 2123 3452 126 
3969 2136 3501 219 
3970 2869 3418 3288 
3971 3399 4264 2142 
3972 3445 3469 2114 
3973 2953 3445 3382 
3974 3449 4257 2270 
3975 2863 3458 3457 
3976 3213 4031 3965 
3977 3685 3686 3095 
3978 3100 4400 3568 
3979 3886 4215 3035 
3980 3931 4267 3218 
3981 3434 4082 3021 
3982 2113 4239 3751 
3983 3562 4301 3335 
3984 3568 3757 3100 
3985 4082 4207 3584 
3986 223 3980 224 
3987 3434 4207 4082 
3988 3157 3752 3160 
3989 3465 3886 3401 
3990 2967 4209 3241 
3991 4051 4206 3576 
3992 3429 3481 3009 
3993 4148 4275 2127 
3994 3400 3733 2164 
3995 2116 4210 4108 
3996 3904 3905 3212 
3997 2120 3687 3526 
3998 3197 3842 3199 
3999 4108 4210 3461 
4000 3335 4301 3334 
4001 3751 4239 3752 
4002 3394 3487 2464 
4003 4104 4167 3340 
4004 3212 4162 3904 
4005 2128 3430 216 
4006 2849 3987 3832 
4007 3367 4317 3885 
4008 3537 4275 4148 
4009 3035 3445 2952 
4010 2164 4258 3465 
4011 4117 4171 3337 
4012 3115 4322 4106 
4013 3439 4300 2635 
4014 3734 3757 3568 
4015 2630 4167 4104 
4016 2673 3921 3396 
4017 2635 4182 3439 
4018 3290 4117 3541 
4019 3462 3476 3453 
4020 2591 3902 2593 
4021 3939 3973 3937 
4022 2455 4214 4120 
4023 3072 3863 3657 
4024 202 3469 201 
4025 3312 4048 4042 
4026 3597 4141 3109 
4027 3386 3961 3590 
4028 2869 3462 3418 
4029 4126 4191 3126 
4030 3939 4101 3974 
4031 3109 4346 3597 
4032 3409 3902 2667 
4033 3330 3462 3453 
4034 2132 3433 3431 
4035 126 3452 125 
4036 2730 4130 3921 
4037 206 4248 3404 
4038 2667 3901 3409 
4039 3425 3535 3426 
4040 3885 4293 3367 
4041 3404 4229 206 
4042 4042 4048 2644 
4043 3981 4041 3738 
4044 3129 3757 3734 
4045 3980 4325 224 
4046 4106 4322 3589 
4047 3312 4069 4048 
4048 3840 3952 3949 
4049 2130 3518 3412 
4050 3738 4041 3437 
4051 3420 4069 3312 
4052 219 4288 4166 
4053 3444 3805 2704 
4054 3490 3893 3492 
4055 2981 3755 3619 
4056 2703 4059 3716 
4057 4001 4153 3012 
4058 3590 4264 3386 
4059 2778 4375 3402 
4060 3470 3471 2713 
4061 3035 4215 3469 
4062 2464 3413 3395 
4063 3892 4065 3340 
4064 3921 4130 3396 
4065 3422 3793 3373 
4066 2463 4386 3410 
4067 3841 4239 2113 
4068 3405 4123 2548 
4069 3716 4172 2703 
4070 2128 4222 3515 
4071 2901 4206 4051 
4072 2744 4186 3435 
4073 4065 4104 3340 
4074 3636 4336 3824 
4075 3333 4219 3845 
4076 4219 4372 3845 
4077 3153 3750 3155 
4078 3243 4101 3966 
4079 3680 4149 2983 
4080 3016 3524 3467 
4081 2983 4336 3680 
4082 3436 3987 2849 
4083 3410 3467 2463 
4084 3945 4038 3989 
4085 3435 4262 2744 
4086 3441 4266 3442 
4087 3261 4101 3243 
4088 3441 4324 4266 
4089 2875 4098 3966 
4090 2758 3793 3422 
4091 2116 3624 3623 
4092 3989 4038 3935 
4093 2148 3643 3483 
4094 3218 4036 3985 
4095 3636 3824 3637 
4096 3719 3720 2232 
4097 3511 3512 3326 
4098 4151 4234 2131 
4099 3864 4301 3634 
4100 3559 3785 2769 
4101 3974 4101 3261 
4102 3397 3398 2673 
4103 2135 3451 3450 
4104 3360 3959 3938 
4105 3374 3842 3197 
4106 3374 4239 3841 
4107 3403 3756 2778 
4108 4166 4288 3648 
4109 3515 4244 2128 
4110 3391 4317 4128 
4111 3535 4271 3426 
4112 3019 3466 2896 
4113 3963 3964 3216 
4114 3160 3752 3196 
4115 3338 3790 3789 
4116 3471 4183 2713 
4117 3457 4274 2863 
4118 3788 3915 3913 
4119 3172 4001 3846 
4120 2863 3459 3458 
4121 3619 3983 2981 
4122 3158 3752 3157 
4123 2320 4172 3716 
4124 3540 3763 2504 
4125 3592 4191 4126 
4126 4128 4317 3367 
4127 219 3501 220 
4128 4184 4260 3509 
4129 2644 4065 3892 
4130 3167 3479 3168 
4131 2139 3886 3465 
4132 2132 4000 3433 
4133 2116 4108 3624 
4134 3129 3734 3570 
4135 2667 3902 2591 
4136 2849 3869 3436 
4137 3500 3506 2149 
4138 3435 4327 4262 
4139 3873 4174 2873 
4140 3966 4098 3243 
4141 3716 4252 2320 
4142 3687 4306 3526 
4143 3983 4118 2981 
4144 3429 4294 3481 
4145 2873 4333 3873 
4146 3744 4400 3100 
4147 3937 3973 194 
4148 3189 4154 3697 
4149 3593 4327 3435 
4150 3516 4222 214 
4151 3199 3842 3268 
4152 3570 4040 3129 
4153 2720 3479 3427 
4154 3892 4042 2644 
4155 3856 4135 3673 
4156 214 4298 3516 
4157 2149 3506 3505 
4158 3045 3713 3488 
4159 2136 4270 3501 
4160 3508 4269 3376 
4161 3376 4302 3508 
4162 3657 4181 3072 
4163 3046 3476 2868 
4164 2619 4397 3871 
4165 3643 4350 3483 
4166 3417 4373 3844 
4167 3971 4233 3477 
4168 3595 4332 4316 
4169 2744 4115 3406 
4170 3095 4062 3684 
4171 3354 4139 3854 
4172 3542 4096 3451 
4173 3437 4041 3987 
4174 3357 4045 3482 
4175 3419 4234 4151 
4176 2316 3864 3634 
4177 4320 4321 2143 
4178 2593 3902 2728 
4179 4316 4332 3148 
4180 3338 4368 3790 
4181 3621 4118 3983 
4182 3387 4321 4320 
4183 2154 3464 3463 
4184 2119 4143 3661 
4185 2185 4175 4121 
4186 3955 4031 3956 
4187 3871 4213 2619 
4188 3414 3510 2220 
4189 3475 4225 3474 
4190 3852 4125 4050 
4191 3832 3987 3408 
4192 3406 4186 2744 
4193 3427 3479 3167 
4194 2142 4264 3590 
4195 3938 4287 3360 
4196 2142 4072 3796 
4197 3285 4260 4184 
4198 3388 3550 3389 
4199 3686 3691 2357 
4200 3016 3467 3018 
4201 3467 3524 2463 
4202 2896 3466 2766 
4203 3540 4313 3763 
4204 3962 3964 3963 
4205 2660 4069 3420 
4206 3661 4345 2119 
4207 3970 4157 3854 
4208 3653 4272 4200 
4209 3537 4148 2150 
4210 3155 3750 3158 
4211 4155 4192 2390 
4212 3334 4301 3864 
4213 3824 4336 2983 
4214 3449 3971 3477 
4215 3427 3478 2720 
4216 3436 3869 3415 
4217 3153 4077 3750 
4218 3213 3965 3209 
4219 2887 3503 2757 
4220 2769 4340 3559 
4221 2991 3454 3440 
4222 3886 4408 3401 
4223 3526 4080 2120 
4224 3685 3691 3686 
4225 2957 4347 3492 
4226 4202 4236 3627 
4227 2452 4273 3613 
4228 3430 4087 217 
4229 3474 4225 3488 
4230 3212 4308 3901 
4231 4127 4271 3514 
4232 3025 3856 3673 
4233 3315 3545 3544 
4234 3901 4162 3212 
4235 4295 4296 210 
4236 3453 3476 3378 
4237 3189 3697 3661 
4238 2422 3487 2424 
4239 2135 4281 3451 
4240 3393 4229 3404 
4241 3388 4354 3550 
4242 3410 4386 3421 
4243 3440 3503 2991 
4244 2704 4362 3444 
4245 2137 4309 4266 
4246 2389 4280 4279 
4247 3316 3845 3533 
4248 3213 3957 3956 
4249 3336 4263 4221 
4250 3613 4326 2452 
4251 3913 4392 3788 
4252 3578 4199 4189 
4253 2759 3457 3455 
4254 3439 4182 3398 
4255 3751 3752 3158 
4256 4220 4224 2508 
4257 3720 4169 2232 
4258 2657 4160 3960 
4259 3238 3740 3683 
4260 3009 4076 3429 
4261 3411 4296 4295 
4262 4266 4309 3442 
4263 4045 4371 3482 
4264 2993 4383 3710 
4265 2623 3921 2625 
4266 3488 3713 2774 
4267 2730 3921 2623 
4268 3697 4154 2152 
4269 3837 4223 4193 
4270 2868 3476 2869 
4271 3378 3476 3046 
4272 3045 3488 3149 
4273 3444 4073 3805 
4274 3416 3436 3415 
4275 2548 4123 3835 
4276 2219 3510 2222 
4277 3241 4075 3602 
4278 2592 4124 4094 
4279 3863 4240 3657 
4280 4221 4263 2146 
4281 3545 4099 3546 
4282 3965 4031 3963 
4283 4074 4100 2570 
4284 4182 4359 3398 
4285 3514 4382 4127 
4286 3518 4261 3412 
4287 3709 4333 3448 
4288 4279 4280 3611 
4289 3418 4401 3288 
4290 3221 3988 3222 
4291 2425 4254 4243 
4292 4255 4307 4052 
4293 3005 4117 3290 
4294 3941 4163 4102 
4295 3949 3952 3950 
4296 3957 4016 3956 
4297 2604 3950 2606 
4298 2150 4277 3537 
4299 3512 4247 3326 
4300 4200 4272 2121 
4301 3939 3974 3973 
4302 2163 3843 3842 
4303 3419 4151 2157 
4304 2991 3503 2887 
4305 4119 4133 3632 
4306 2424 3487 2537 
4307 4121 4175 3460 
4308 3533 4204 3316 
4309 3477 4233 2554 
4310 3144 4135 3856 
4311 3438 4098 2875 
4312 3418 3462 3123 
4313 2757 3503 2756 
4314 3733 3802 2164 
4315 3416 4285 3437 
4316 3123 3462 3330 
4317 2442 4236 4202 
4318 2154 4343 3464 
4319 3421 4386 2432 
4320 2538 4030 3446 
4321 2222 3510 2532 
4322 3229 4016 3957 
4323 3960 4397 2657 
4324 3412 4237 2130 
4325 3397 3438 3398 
4326 3315 3544 3543 
4327 3369 4192 4155 
4328 4102 4163 3161 
4329 3939 4226 4101 
4330 3606 4338 3605 
4331 3459 3460 3458 
4332 3950 3951 2606 
4333 4123 4330 3835 
4334 3220 4002 3223 
4335 2464 3487 2422 
4336 2538 4095 3604 
4337 207 4217 4201 
4338 3559 4116 3785 
4339 2598 4227 3883 
4340 3592 4126 3269 
4341 2526 3804 3517 
4342 4173 4188 2377 
4343 3949 4164 3840 
4344 3437 4285 3738 
4345 3446 4095 2538 
4346 3472 4307 4255 
4347 4084 4088 2523 
4348 4019 4026 3607 
4349 3350 3602 3601 
4350 3416 4388 4285 
4351 3885 4317 2779 
4352 2607 3950 2604 
4353 3193 3733 3400 
4354 2220 3510 2219 
4355 3361 4224 4220 
4356 3451 4281 3542 
4357 2328 4242 3579 
4358 3163 4082 3584 
4359 2842 3820 2919 
4360 2124 4006 3464 
4361 3870 4130 2730 
4362 2869 3476 3462 
4363 4095 4156 3604 
4364 3480 3828 3481 
4365 3550 4354 2122 
4366 3770 4312 3405 
4367 4193 4223 3366 
4368 3877 3968 3876 
4369 3035 3469 3445 
4370 3481 3828 3009 
4371 3326 4251 3511 
4372 3545 4355 4099 
4373 4189 4199 2447 
4374 3602 4370 3241 
4375 2139 4215 3886 
4376 3226 3960 3235 
4377 3209 3965 3211 
4378 3951 4241 3174 
4379 201 3841 2113 
4380 4197 4299 4049 
4381 4243 4254 3615 
4382 3964 4002 3220 
4383 2232 4330 3719 
4384 3689 4100 4074 
4385 3416 3437 3436 
4386 3467 4037 3018 
4387 3855 3898 2712 
4388 3736 3919 2692 
4389 3579 4360 2328 
4390 2432 4335 3421 
4391 4113 4161 3818 
4392 3873 4333 3709 
4393 3774 4214 3269 
4394 2276 3765 2265 
4395 2713 3472 3470 
4396 3452 4138 125 
4397 3019 4396 3466 
4398 2949 4152 4122 
4399 3413 4369 2732 
4400 3174 4363 3951 
4401 2664 3791 3076 
4402 3391 4128 3002 
4403 2728 3992 3931 
4404 2239 3638 3635 
4405 2875 4159 3438 
4406 2719 3887 3867 
4407 3843 4366 2134 
4408 2169 2170 2147 
4409 3247 4358 3622 
4410 2128 4244 3430 
4411 2313 3658 2316 
4412 3269 4214 3592 
4413 189 3468 188 
4414 3165 3811 2872 
4415 2840 3820 2842 
4416 3876 3968 2643 
4417 2276 3970 3765 
4418 2737 3741 2739 
4419 2156 3553 137 
4420 3833 3995 3895 
4421 2245 3639 2333 
4422 2123 4389 3453 
4423 4057 4089 2371 
4424 187 3480 2140 
4425 2301 3816 3053 
4426 3438 3439 3398 
4427 3576 4206 3927 
4428 3480 3481 2140 
4429 2563 3924 3726 
4430 3204 3905 3306 
4431 3474 3488 2774 
4432 2148 3483 111 
4433 3950 3952 3951 
4434 2582 3895 2580 
4435 190 2169 2147 
4436 3247 3624 2987 
4437 2207 3666 2210 
4438 3840 4413 3952 
4439 3032 3919 3736 
4440 3422 4107 2758 
4441 2474 3530 2471 
4442 2200 3594 2201 
4443 3484 3486 2787 
4444 3468 3480 188 
4445 3325 3486 3484 
4446 3953 3993 2525 
4447 3633 3806 3292 
4448 2743 3726 3027 
4449 3815 3969 3297 
4450 2873 3875 2841 
4451 2865 3681 3287 
4452 2482 3538 2479 
4453 2741 3926 2885 
4454 3108 3581 3240 
4455 3068 3898 3855 
4456 2739 3926 2741 
4457 2878 3815 3297 
4458 2265 3765 2267 
4459 2849 3832 2819 
4460 192 2167 191 
4461 3741 3926 2739 
4462 2339 3520 3519 
4463 3656 4181 3657 
4464 3883 4227 3882 
4465 2796 3539 3278 
4466 2236 3638 2239 
4467 3491 3495 3489 
4468 3559 4340 3558 
4469 2151 4373 3417 
4470 3638 3884 3635 
4471 2656 3791 2664 
4472 2951 3486 3325 
4473 2339 3519 2352 
4474 3468 3828 3480 
4475 2441 3534 2731 
4476 3496 3506 3497 
4477 2135 3512 114 
4478 3791 3792 3076 
4479 3857 3996 3020 
4480 2474 3531 3530 
4481 3969 4018 3297 
4482 3639 3912 2333 
4483 3172 3566 2861 
4484 2686 3885 2682 
4485 2158 3568 3567 
4486 3236 3506 3496 
4487 2954 3821 2792 
4488 2806 3633 3292 
4489 3895 3995 2580 
4490 2210 3889 2706 
4491 3532 3534 2451 
4492 3489 3495 2787 
4493 2117 3583 166 
4494 3666 3889 2210 
4495 3726 3924 3027 
4496 2170 2171 2147 
4497 112 3511 2148 
4498 110 2168 109 
4499 3498 3508 3502 
4500 2787 3495 3484 
4501 2782 3741 2737 
4502 2147 3468 189 
4503 2451 3534 2441 
4504 2311 3658 2313 
4505 2170 2172 2171 
4506 2951 3325 3324 
4507 2115 3564 139 
4508 2131 3570 3569 
4509 3325 3327 3324 
4510 3325 3336 3327 
4511 2170 3236 2172 
4512 3498 3502 2781 
4513 3500 3501 3499 
4514 3236 3496 2172 
4515 188 3480 187 
4516 3504 3505 3236 
4517 3647 3648 3485 
4518 2302 3816 2301 
4519 3305 3993 3953 
4520 2243 3639 2245 
4521 3513 3514 2153 
4522 161 3582 2162 
4523 3277 3906 3890 
4524 3127 4011 3090 
4525 3877 4013 3968 
4526 2115 4400 3744 
4527 3505 3506 3236 
4528 2201 3594 2204 
4529 2471 3530 2469 
4530 2987 3624 3140 
4531 2521 3489 2787 
4532 2399 4133 4119 
4533 2158 3567 141 
4534 2790 3565 2557 
4535 3554 3958 3936 
4536 3936 3958 3273 
4537 2696 3967 3862 
4538 2586 3887 2719 
4539 3112 3578 3239 
4540 3496 3497 2781 
4541 2206 3666 2207 
4542 173 3549 2122 
4543 3380 3923 3782 
4544 2872 3811 2727 
4545 3497 3499 3498 
4546 2225 3835 2232 
4547 2555 3561 2323 
4548 182 3513 2153 
4549 2484 3739 3277 
4550 3640 4035 4005 
4551 2494 3523 2491 
4552 112 2148 111 
4553 2459 3532 2451 
4554 2167 2169 191 
4555 2479 3538 2477 
4556 3497 3500 3499 
4557 2781 3502 2176 
4558 3380 3782 2801 
4559 2662 3862 3060 
4560 2131 3569 143 
4561 3842 3843 3268 
4562 2445 3507 2444 
4563 2461 2522 2521 
4564 3116 3614 3613 
4565 134 3596 3595 
4566 3098 3644 3099 
4567 3667 3706 2690 
4568 2861 3566 2755 
4569 2154 3518 119 
4570 3497 3498 2781 
4571 2393 4026 4019 
4572 3303 4140 4088 
4573 2282 3649 3025 
4574 3484 3485 3336 
4575 2174 2781 2176 
4576 2522 3489 2521 
4577 2307 3801 2542 
4578 3502 3508 2754 
4579 2951 3324 3323 
4580 3492 3493 3491 
4581 3375 3430 3281 
4582 3515 3516 3190 
4583 3497 3506 3500 
4584 3490 3491 3489 
4585 113 3511 112 
4586 2170 3504 3236 
4587 2169 3504 2170 
4588 2522 3490 3489 
4589 190 2147 189 
4590 3490 3492 3491 
4591 2382 3586 3585 
4592 131 3588 3587 
4593 3711 3712 3693 
4594 4094 4124 3339 
4595 2178 2754 2180 
4596 3681 3725 3287 
4597 2329 3681 2865 
4598 2509 3598 2414 
4599 3289 3797 2800 
4600 2396 3585 2445 
4601 2967 4289 3443 
4602 2172 2174 2173 
4603 2754 3509 2180 
4604 3492 3494 3493 
4605 3137 3517 3341 
4606 3186 3515 3190 
4607 187 2140 186 
4608 2396 2445 2444 
4609 2382 3585 2396 
4610 2521 2787 2531 
4611 3279 3515 3186 
4612 115 2135 114 
4613 212 3687 2120 
4614 2563 3984 3924 
4615 3355 3517 3137 
4616 2279 3823 2250 
4617 2992 3852 2905 
4618 2174 3496 2781 
4619 2360 3586 2382 
4620 3325 3484 3336 
4621 3186 3190 3184 
4622 2348 3616 2346 
4623 3547 3549 174 
4624 2498 3703 2506 
4625 2798 3539 2796 
4626 3137 3341 2889 
4627 2130 3542 117 
4628 3393 3404 3152 
4629 3543 3544 177 
4630 2172 2173 2171 
4631 2182 2465 2184 
4632 2822 3869 2849 
4633 2352 2359 2358 
4634 2760 3743 3021 
4635 184 2129 183 
4636 2771 3696 2967 
4637 3549 3550 2122 
4638 2312 3798 2321 
4639 2174 2176 2175 
4640 2465 3529 2184 
4641 2894 3659 2893 
4642 3890 3906 2961 
4643 2461 2521 2462 
4644 2153 3535 181 
4645 2167 3504 2169 
4646 2428 3591 2455 
4647 2178 3502 2754 
4648 2359 2911 2809 
4649 3176 3189 3028 
4650 157 3623 3622 
4651 2182 3509 2465 
4652 2893 3033 3032 
4653 182 2153 181 
4654 2336 3520 2339 
4655 2743 2893 2742 
4656 2385 2557 2556 
4657 2188 3528 2436 
4658 174 3549 173 
4659 2186 3528 2188 
4660 3059 3774 3269 
4661 2172 3496 2174 
4662 154 3580 2126 
4663 3495 3647 3485 
4664 2743 2894 2893 
4665 2746 2896 2766 
4666 3216 3964 3217 
4667 2514 3013 2516 
4668 3246 3411 3363 
4669 2557 2559 2558 
4670 2911 3128 2809 
4671 2860 2863 2762 
4672 2780 2951 2950 
4673 2188 2436 2190 
4674 2538 3604 2410 
4675 2125 3543 178 
4676 2912 2994 2911 
4677 2176 2178 2177 
4678 2825 3815 2878 
4679 3033 3152 3034 
4680 2885 3629 2886 
4681 118 2130 117 
4682 2541 3831 2254 
4683 2359 2809 2358 
4684 122 3521 2124 
4685 2564 2743 2742 
4686 2520 2759 2505 
4687 179 2125 178 
4688 3033 3393 3152 
4689 3190 3525 3184 
4690 2453 2746 2510 
4691 3016 3017 2896 
4692 3544 3545 2141 
4693 3301 3606 3605 
4694 2741 2885 2757 
4695 3081 3422 2994 
4696 2385 2556 2196 
4697 2832 3771 2833 
4698 176 2141 175 
4699 2444 3507 2461 
4700 2461 3507 2522 
4701 2155 3521 123 
4702 2886 3195 2888 
4703 3018 3300 3017 
4704 2325 2331 2330 
4705 3013 3541 2516 
4706 2318 2555 2323 
4707 2994 3527 2911 
4708 2178 2180 2179 
4709 2457 3803 2398 
4710 2559 2561 2560 
4711 2530 2933 2701 
4712 173 2122 172 
4713 2559 2563 2561 
4714 2194 2385 2196 
4715 2561 2564 2562 
4716 2564 2742 2565 
4717 3139 3818 2975 
4718 2715 2958 2802 
4719 3275 3403 3402 
4720 2463 3524 2438 
4721 3196 3374 3197 
4722 120 2154 119 
4723 2434 2463 2438 
4724 2331 3555 3554 
4725 2186 3529 3528 
4726 3211 3216 3215 
4727 2773 2982 2964 
4728 2982 3405 3371 
4729 2547 2773 2770 
4730 2444 2461 2446 
4731 2557 2558 2556 
4732 2192 3599 2194 
4733 2428 2455 2430 
4734 2396 2444 2437 
4735 3118 3301 3120 
4736 2980 3312 3067 
4737 3116 3613 3118 
4738 3557 3559 3558 
4739 3017 3019 2896 
4740 2746 2766 2510 
4741 2424 2537 2426 
4742 3300 3579 3017 
4743 2905 2980 2906 
4744 2420 2464 2422 
4745 3112 3239 3114 
4746 2481 3739 2484 
4747 2999 3720 3719 
4748 3850 3851 3849 
4749 2382 2396 2394 
4750 2705 3853 2577 
4751 2783 2984 2782 
4752 3108 3240 3110 
4753 2535 2755 2747 
4754 2488 2535 2534 
4755 3037 3861 3450 
4756 2933 3136 2934 
4757 2282 3025 2284 
4758 2567 2692 2569 
4759 3216 3217 3215 
4760 2978 3612 3610 
4761 3282 3375 3281 
4762 2707 2709 2708 
4763 3556 3557 3555 
4764 3274 3275 2958 
4765 2416 2732 2418 
4766 2286 2357 2288 
4767 2709 2711 2710 
4768 3217 3220 3219 
4769 2477 2547 2476 
4770 3172 3846 3566 
4771 3104 3164 3106 
4772 2984 3246 2986 
4773 2501 2504 2499 
4774 2495 2503 2494 
4775 2941 3150 2948 
4776 3545 3546 2141 
4777 2412 2509 2414 
4778 3572 3574 3573 
4779 3118 3613 3301 
4780 2613 3943 2615 
4781 2469 2715 2468 
4782 3001 3391 3002 
4783 2982 3371 2964 
4784 2475 2476 2474 
4785 2658 3934 3933 
4786 2352 3519 2359 
4787 2773 2964 2770 
4788 3102 3617 3104 
4789 2359 2912 2911 
4790 2728 3931 3930 
4791 2194 3599 2385 
4792 3310 3883 3882 
4793 3275 3402 2958 
4794 122 2124 121 
4795 3301 3605 3120 
4796 3155 3158 3157 
4797 2313 2316 2315 
4798 2615 2657 2617 
4799 2530 2701 2206 
4800 3223 3377 3225 
4801 2575 2705 2577 
4802 2715 2802 2468 
4803 124 2155 123 
4804 2192 3600 3599 
4805 3014 3650 2933 
4806 2799 2941 2798 
4807 3160 3196 3170 
4808 2476 3531 2474 
4809 2933 2934 2701 
4810 2985 3653 2984 
4811 2487 2488 2486 
4812 127 2123 126 
4813 2793 2861 2755 
4814 2749 2905 2748 
4815 2309 2700 2311 
4816 2736 2782 2737 
4817 2408 2538 2410 
4818 2900 2999 2995 
4819 2797 2798 2796 
4820 2671 3907 2581 
4821 2714 2748 2711 
4822 2893 3032 2742 
4823 2497 3601 2495 
4824 3069 3892 3071 
4825 2293 3633 2806 
4826 2795 2796 2794 
4827 2547 2770 2476 
4828 2385 2790 2557 
4829 3033 3034 3032 
4830 3171 3368 2996 
4831 3557 3558 3555 
4832 3432 3435 3345 
4833 2230 3770 2548 
4834 2862 2996 2861 
4835 2272 3769 2539 
4836 2593 2728 2595 
4837 3343 3406 3143 
4838 2493 2494 2491 
4839 3199 3268 3201 
4840 3061 3652 3041 
4841 2292 2295 2294 
4842 2755 2900 2747 
4843 3135 3339 3252 
4844 3065 3066 2892 
4845 2296 3669 2298 
4846 2473 2474 2471 
4847 3944 3945 3943 
4848 3141 3372 2988 
4849 2839 2892 2840 
4850 2925 3849 3848 
4851 3071 3340 3173 
4852 3096 3310 3066 
4853 2535 2747 2534 
4854 2142 3590 169 
4855 3443 3444 3368 
4856 2597 2658 2599 
4857 2709 2710 2708 
4858 2579 2671 2581 
4859 2589 2667 2591 
4860 2928 3135 2929 
4861 3348 3645 2969 
4862 2999 3719 2995 
4863 2357 3691 2288 
4864 2680 3783 2573 
4865 2980 3067 2906 
4866 2911 3527 3128 
4867 2690 2736 2691 
4868 3184 3525 3181 
4869 2852 3880 2853 
4870 2174 2175 2173 
4871 2441 2731 2402 
4872 2978 3610 2926 
4873 2467 2468 2459 
4874 2300 2303 2302 
4875 2736 2783 2782 
4876 3220 3223 3221 
4877 2504 3698 2499 
4878 2559 2560 2558 
4879 2926 3245 2916 
4880 2400 2508 2397 
4881 2746 3016 2896 
4882 2893 3659 3033 
4883 2331 3554 2330 
4884 2885 2886 2757 
4885 2481 2482 2479 
4886 2239 3635 2241 
4887 2925 3850 3849 
4888 2914 3625 2898 
4889 2241 2527 2243 
4890 2488 2534 2486 
4891 2587 3900 2589 
4892 2905 2906 2748 
4893 2753 2879 2867 
4894 2748 3855 2711 
4895 2711 2712 2710 
4896 2295 2296 2294 
4897 2898 3151 2882 
4898 2303 3789 2304 
4899 2245 2333 2247 
4900 2180 2182 2181 
4901 3365 3366 3079 
4902 3031 3365 3079 
4903 2571 2680 2573 
4904 2880 3630 2870 
4905 2386 2443 2383 
4906 2378 2546 2376 
4907 2383 3628 2378 
4908 2944 3242 2942 
4909 2485 2486 2483 
4910 3104 3617 3164 
4911 2870 3082 2812 
4912 2365 2794 2363 
4913 130 2143 129 
4914 2972 3299 2946 
4915 2810 3294 2807 
4916 2879 3959 2867 
4917 2304 2308 2306 
4918 3084 3359 2974 
4919 2374 2403 2372 
4920 2247 3664 2249 
4921 2912 3081 2994 
4922 170 2142 169 
4923 3016 3018 3017 
4924 3258 3747 3256 
4925 3289 3920 3797 
4926 3260 3748 3258 
4927 2996 3172 2861 
4928 2602 3942 2605 
4929 3001 3002 2350 
4930 3231 3979 3233 
4931 2857 3784 3075 
4932 3027 3028 2894 
4933 3128 3440 3270 
4934 2621 2730 2623 
4935 2267 2707 2269 
4936 2249 2702 2251 
4937 2677 3667 2690 
4938 3280 3281 3279 
4939 3263 3715 3087 
4940 2204 2530 2206 
4941 3024 3035 2952 
4942 3256 3746 2963 
4943 3187 3279 3186 
4944 2257 3477 2259 
4945 2783 2985 2984 
4946 3150 3304 2948 
4947 3029 3176 3028 
4948 3135 3252 2929 
4949 3245 3627 2916 
4950 3484 3495 3485 
4951 2985 3671 3653 
4952 2941 2948 2798 
4953 3185 3186 3184 
4954 2836 2839 2838 
4955 2796 3278 2794 
4956 2842 2919 2844 
4957 2826 2928 2828 
4958 3151 3632 2882 
4959 2605 2609 2608 
4960 2670 2678 2659 
4961 2707 2708 2269 
4962 2753 2867 2722 
4963 2525 3727 2342 
4964 3246 3363 2986 
4965 2253 2270 2255 
4966 2687 2753 2722 
4967 3525 3526 3180 
4968 2403 3694 2372 
4969 2303 2304 2302 
4970 2669 3732 2679 
4971 2516 3541 2764 
4972 2352 2358 2353 
4973 2728 3930 2595 
4974 2687 2722 2678 
4975 2848 2852 2851 
4976 2625 2673 2627 
4977 2493 2495 2494 
4978 2295 2350 2296 
4979 2670 2687 2678 
4980 3203 3229 3205 
4981 2886 3629 3195 
4982 3152 3153 3034 
4983 2853 2925 2903 
4984 2259 2554 2261 
4985 2805 3001 2350 
4986 2716 2717 2697 
4987 2263 2276 2265 
4988 3310 3882 3066 
4989 3089 3166 3049 
4990 2331 3556 3555 
4991 2928 2929 2828 
4992 3618 3619 2159 
4993 176 3544 2141 
4994 2184 3529 2186 
4995 2501 3540 2504 
4996 3913 3915 3665 
4997 2339 2352 2340 
4998 3711 3977 3712 
4999 3237 3731 3089 
5000 3024 3886 3035 
5001 3196 3197 3170 
5002 2664 2695 2665 
5003 3189 3661 3660 
5004 3066 3174 2892 
5005 2980 3420 3312 
5006 175 3547 174 
5007 2875 3966 2753 
5008 2176 3502 2178 
5009 152 3620 3618 
5010 2316 3634 2315 
5011 133 2118 132 
5012 2561 2562 2560 
5013 2941 3675 3150 
5014 3857 3897 3609 
5015 3017 3579 3019 
5016 2487 2489 2488 
5017 2799 2942 2941 
5018 2984 2986 2782 
5019 2653 2716 2697 
5020 2635 2637 2636 
5021 3572 3573 2112 
5022 2926 3610 3245 
5023 3347 3348 2969 
5024 2797 2799 2798 
5025 3229 3957 3205 
5026 2786 3894 2734 
5027 2734 2791 2733 
5028 3294 3642 2807 
5029 2736 2737 2691 
5030 2971 3360 3193 
5031 2718 2733 2717 
5032 3382 3441 3383 
5033 3604 4156 2509 
5034 2656 2664 2663 
5035 3571 3572 2112 
5036 2535 2793 2755 
5037 2475 2477 2476 
5038 2664 3076 2695 
5039 2839 2840 2838 
5040 2715 3274 2958 
5041 2669 2679 2675 
5042 2795 2797 2796 
5043 3293 3678 2549 
5044 3934 3935 3933 
5045 2839 3065 2892 
5046 2547 3020 2773 
5047 3233 3261 3243 
5048 2610 2613 2612 
5049 2898 3625 3151 
5050 3557 3560 3559 
5051 3267 3473 3251 
5052 151 3618 2159 
5053 2180 3509 2182 
5054 2810 3607 3294 
5055 2793 2862 2861 
5056 2862 3171 2996 
5057 3065 3096 3066 
5058 2365 2795 2794 
5059 3171 3443 3368 
5060 2653 2697 2654 
5061 3125 3833 2816 
5062 2290 2292 2291 
5063 3225 3982 3227 
5064 2481 2483 2482 
5065 2716 2718 2717 
5066 2530 3014 2933 
5067 2564 2565 2562 
5068 3207 3213 3209 
5069 2210 2706 2211 
5070 2791 3024 2952 
5071 2944 3668 3242 
5072 2637 2670 2659 
5073 2308 3655 2306 
5074 2749 2992 2905 
5075 2658 3933 2599 
5076 2292 2294 2293 
5077 2709 2714 2711 
5078 2374 3640 2403 
5079 136 2144 135 
5080 2273 3847 2258 
5081 2176 2177 2175 
5082 2485 2487 2486 
5083 2400 3603 2508 
5084 2934 3031 3030 
5085 2706 3738 3737 
5086 2678 3941 2938 
5087 2714 2749 2748 
5088 2972 3654 3299 
5089 2613 2615 2614 
5090 2286 3673 2357 
5091 2637 2659 2638 
5092 2870 3630 3082 
5093 2473 2475 2474 
5094 2919 3839 2844 
5095 2235 3756 2327 
5096 2591 2593 2592 
5097 110 3483 2168 
5098 2857 3075 2866 
5099 2632 2635 2634 
5100 2226 2229 2228 
5101 2467 2469 2468 
5102 3912 3913 3665 
5103 3610 3611 3245 
5104 2677 2690 2685 
5105 2649 2653 2651 
5106 2184 2186 2185 
5107 2791 2952 2792 
5108 2718 2734 2733 
5109 3263 3717 3715 
5110 2642 2648 2647 
5111 2288 2290 2289 
5112 2213 2216 2215 
5113 2770 3531 2476 
5114 2178 2179 2177 
5115 3031 3079 3078 
5116 2239 2241 2240 
5117 2231 2804 2234 
5118 2241 2243 2242 
5119 3001 3392 3391 
5120 3636 3637 2527 
5121 2222 2532 2224 
5122 2640 3881 2642 
5123 138 2156 137 
5124 2360 2382 2381 
5125 2186 2188 2187 
5126 2243 2245 2244 
5127 2443 3628 2383 
5128 2805 3684 3001 
5129 2852 2853 2851 
5130 2182 2184 2183 
5131 2378 3628 2546 
5132 2589 2591 2590 
5133 2207 2210 2209 
5134 2764 3337 2765 
5135 3739 3906 3277 
5136 2245 2247 2246 
5137 2638 3908 2640 
5138 2236 2239 2238 
5139 117 3542 116 
5140 3625 3626 3151 
5141 2867 2971 2970 
5142 2284 2286 2285 
5143 3400 3465 3401 
5144 2247 2249 2248 
5145 2323 2325 2324 
5146 2615 2617 2616 
5147 2593 2595 2594 
5148 3193 3400 3311 
5149 2286 2288 2287 
5150 2188 2190 2189 
5151 2282 2284 2283 
5152 2971 3193 3192 
5153 2298 2300 2299 
5154 2217 2220 2219 
5155 2249 2251 2250 
5156 140 2115 139 
5157 2516 2764 2517 
5158 2865 3287 2990 
5159 142 2158 141 
5160 3249 3729 2909 
5161 152 3618 151 
5162 2309 2311 2310 
5163 144 2131 143 
5164 2925 3848 2903 
5165 3630 3631 3082 
5166 146 2157 145 
5167 2453 2510 2454 
5168 2495 3601 2503 
5169 2953 3382 2955 
5170 3120 3605 3122 
5171 2251 2253 2252 
5172 2613 3944 3943 
5173 2995 3296 3295 
5174 2900 2995 2922 
5175 149 2112 148 
5176 151 2159 150 
5177 3919 3978 2692 
5178 2323 3561 2325 
5179 2253 2255 2254 
5180 2785 2786 2734 
5181 2300 2302 2301 
5182 154 2126 153 
5183 2514 3563 3013 
5184 2325 2330 2326 
5185 2129 3513 183 
5186 2263 3761 2276 
5187 3220 3221 3219 
5188 156 2160 155 
5189 3118 3120 3119 
5190 2438 2453 2439 
5191 3256 3747 3746 
5192 2587 2589 2588 
5193 2419 3778 2544 
5194 2296 2298 2297 
5195 2637 2638 2636 
5196 2432 2434 2433 
5197 3437 3987 3436 
5198 2536 3758 2218 
5199 3120 3122 3121 
5200 2255 2257 2256 
5201 2418 2420 2419 
5202 2306 2309 2307 
5203 2414 2416 2415 
5204 2416 2418 2417 
5205 2318 2323 2319 
5206 2420 2422 2421 
5207 3083 3819 2947 
5208 2430 2432 2431 
5209 3116 3118 3117 
5210 2422 2424 2423 
5211 159 2116 158 
5212 161 2162 160 
5213 163 2132 162 
5214 2587 3903 3900 
5215 165 2161 164 
5216 167 2117 166 
5217 2292 3701 2295 
5218 3441 3442 3383 
5219 2976 3165 2872 
5220 2514 2516 2515 
5221 3211 3215 3214 
5222 2311 2313 2312 
5223 2424 2426 2425 
5224 3122 3418 3123 
5225 2190 2192 2191 
5226 3112 3114 3113 
5227 2412 2414 2413 
5228 2330 2335 2332 
5229 3356 3429 3355 
5230 3347 3349 3348 
5231 3114 3116 3115 
5232 3110 3112 3111 
5233 3619 3710 2159 
5234 3067 3069 3068 
5235 3183 3184 3181 
5236 2410 2412 2411 
5237 3108 3110 3109 
5238 2257 2259 2258 
5239 2197 2200 2199 
5240 2567 2569 2568 
5241 3106 3108 3107 
5242 2426 2428 2427 
5243 3258 3748 3747 
5244 2408 2410 2409 
5245 2192 2194 2193 
5246 2194 2196 2195 
5247 3124 3237 3089 
5248 3104 3106 3105 
5249 2428 2430 2429 
5250 2617 2619 2618 
5251 2690 2691 2685 
5252 2920 3137 2889 
5253 3088 3089 3049 
5254 3283 3810 2976 
5255 3102 3104 3103 
5256 3264 3830 2895 
5257 2434 2438 2435 
5258 2313 2315 2314 
5259 2595 2597 2596 
5260 2259 2261 2260 
5261 3005 3289 2800 
5262 2826 2828 2827 
5263 2406 2408 2407 
5264 2253 3708 2270 
5265 2664 2665 2663 
5266 2648 2649 2647 
5267 2625 3921 2673 
5268 2678 2938 2659 
5269 2569 2571 2570 
5270 2584 2587 2586 
5271 2363 3616 2348 
5272 2635 2636 2634 
5273 2579 2581 2580 
5274 2330 3554 2335 
5275 3091 3098 3092 
5276 2180 2181 2179 
5277 3209 3211 3210 
5278 2261 2263 2262 
5279 3048 3049 2985 
5280 3227 3231 3230 
5281 2581 2583 2582 
5282 2575 2577 2576 
5283 2818 3077 2820 
5284 2791 2792 2733 
5285 2577 2579 2578 
5286 2609 2610 2608 
5287 3051 3091 3052 
5288 2490 3608 3038 
5289 2201 2204 2203 
5290 2358 3586 2360 
5291 2952 2953 2792 
5292 3069 3071 3070 
5293 2499 3698 2497 
5294 2295 2805 2350 
5295 3179 3180 3177 
5296 2263 2265 2264 
5297 3022 3051 3023 
5298 2315 2318 2317 
5299 2210 2211 2209 
5300 2159 3571 150 
5301 2653 2654 2651 
5302 2706 3737 2211 
5303 2683 2932 2681 
5304 2487 3608 2490 
5305 2304 2306 2305 
5306 2265 2267 2266 
5307 2823 2826 2825 
5308 3130 3145 3131 
5309 2571 2573 2572 
5310 2216 2217 2215 
5311 3379 3380 2801 
5312 3138 3355 3137 
5313 2735 2762 2520 
5314 2272 2539 2275 
5315 2204 2206 2205 
5316 2278 2282 2281 
5317 3573 3576 3575 
5318 2565 2567 2566 
5319 2984 3653 3246 
5320 2936 2949 2788 
5321 2867 2970 2722 
5322 3058 3093 3059 
5323 2806 3292 2855 
5324 2619 2621 2620 
5325 2759 3540 2505 
5326 3093 3130 3094 
5327 181 3535 180 
5328 2694 2720 2689 
5329 2267 2269 2268 
5330 3071 3173 3167 
5331 3382 3383 2955 
5332 4201 4217 3672 
5333 123 3521 122 
5334 3197 3199 3198 
5335 2687 2875 2753 
5336 3223 3225 3224 
5337 3099 3102 3101 
5338 3147 3470 3000 
5339 2597 2599 2598 
5340 2836 2838 2837 
5341 2241 3635 2527 
5342 3173 3428 3427 
5343 3656 3657 2700 
5344 2511 3563 2514 
5345 2934 3030 2701 
5346 2995 3719 3296 
5347 2840 2842 2841 
5348 2877 2889 2860 
5349 3157 3160 3159 
5350 2829 2832 2831 
5351 3373 3793 2738 
5352 2336 2339 2338 
5353 3601 3602 2503 
5354 2613 2614 2612 
5355 2388 2406 2405 
5356 2743 3027 2894 
5357 3448 3812 3010 
5358 2933 3650 3136 
5359 2573 2575 2574 
5360 3207 3209 3208 
5361 2355 3015 2362 
5362 2511 2514 2513 
5363 3031 3078 3030 
5364 3193 3311 3192 
5365 2518 2520 2505 
5366 3160 3170 3169 
5367 2894 3660 3659 
5368 3201 3203 3202 
5369 2496 2497 2495 
5370 2776 3022 2918 
5371 3079 3080 3078 
5372 2347 3766 2355 
5373 2229 3679 2228 
5374 149 3571 2112 
5375 2498 2499 2497 
5376 2763 2860 2762 
5377 2532 3682 2224 
5378 2785 3161 2786 
5379 3155 3157 3156 
5380 3199 3201 3200 
5381 3231 3233 3232 
5382 2627 2629 2628 
5383 3217 3219 3218 
5384 2833 2836 2835 
5385 2436 3600 2190 
5386 2842 2844 2843 
5387 2556 3693 2196 
5388 178 3543 177 
5389 2971 3192 2970 
5390 3363 3417 3364 
5391 2916 3627 2914 
5392 2500 2501 2499 
5393 3181 3525 3180 
5394 2943 2944 2942 
5395 2869 3288 2803 
5396 2718 2785 2734 
5397 2891 3291 2908 
5398 3272 3273 3081 
5399 2716 3891 2718 
5400 3203 3205 3204 
5401 3055 3058 3057 
5402 2811 2812 2810 
5403 2813 2870 2812 
5404 2621 2623 2622 
5405 3400 3401 3311 
5406 2882 3632 2880 
5407 2871 2880 2870 
5408 2492 2493 2491 
5409 2881 2882 2880 
5410 2808 2810 2807 
5411 2241 2242 2240 
5412 2883 2898 2882 
5413 2364 2365 2363 
5414 2653 3865 2716 
5415 2239 2240 2238 
5416 2371 2372 2370 
5417 2288 3691 2290 
5418 2899 2914 2898 
5419 2625 2627 2626 
5420 2844 2848 2847 
5421 2915 2916 2914 
5422 2243 2244 2242 
5423 3371 3723 2964 
5424 2924 2926 2916 
5425 2373 2374 2372 
5426 2505 3540 2501 
5427 2987 2988 2978 
5428 3140 3141 2988 
5429 3635 3884 3636 
5430 2206 2207 2205 
5431 2377 2378 2376 
5432 2615 2616 2614 
5433 2478 2479 2477 
5434 2375 2376 2374 
5435 2126 3621 3620 
5436 2964 3722 2770 
5437 3259 3260 3258 
5438 3205 3207 3206 
5439 2927 2978 2926 
5440 2945 2946 2944 
5441 3153 3155 3154 
5442 3142 3143 3141 
5443 2245 2246 2244 
5444 3342 3343 3143 
5445 2379 2383 2378 
5446 2599 2602 2601 
5447 2947 2972 2946 
5448 3344 3345 3343 
5449 3431 3432 3345 
5450 2489 3522 2488 
5451 2333 3664 2247 
5452 2848 2851 2850 
5453 2384 2386 2383 
5454 2969 3645 2789 
5455 2629 2632 2631 
5456 2247 2248 2246 
5457 3433 3434 3432 
5458 2389 2390 2386 
5459 2973 2974 2972 
5460 2484 2485 2483 
5461 2577 2578 2576 
5462 2579 2580 2578 
5463 2333 3912 3665 
5464 2391 2397 2390 
5465 2787 3486 2531 
5466 2398 2400 2397 
5467 3257 3258 3256 
5468 2344 2525 2342 
5469 3267 3474 3473 
5470 3027 3029 3028 
5471 2975 3084 2974 
5472 2480 2481 2479 
5473 2900 2922 2747 
5474 2502 2505 2501 
5475 2581 2582 2580 
5476 3546 3548 3547 
5477 3177 3651 3176 
5478 2623 2625 2624 
5479 2591 2592 2590 
5480 3189 3660 3028 
5481 2188 2189 2187 
5482 2249 2250 2248 
5483 3128 3270 2809 
5484 2493 3702 2496 
5485 2186 2187 2185 
5486 2710 2713 2708 
5487 3085 3086 3084 
5488 3088 3124 3089 
5489 2490 2491 2489 
5490 2747 3609 2534 
5491 3252 3829 2929 
5492 2997 2998 2961 
5493 2401 2402 2400 
5494 2372 3694 2370 
5495 2251 2252 2250 
5496 2510 3563 2511 
5497 2783 3048 2985 
5498 2853 2903 2895 
5499 2929 3822 2828 
5500 2551 3293 2549 
5501 2583 2584 2582 
5502 3388 3389 2998 
5503 2315 3634 2318 
5504 2356 2363 2348 
5505 2569 2570 2568 
5506 2534 3551 2486 
5507 2190 3600 2192 
5508 2777 2807 2553 
5509 2200 2201 2199 
5510 2937 3047 2846 
5511 2196 2197 2195 
5512 2182 2183 2181 
5513 2369 2370 2366 
5514 2587 2588 2586 
5515 3077 3813 2820 
5516 2440 2441 2402 
5517 2190 2191 2189 
5518 169 3590 168 
5519 2249 3664 2702 
5520 2472 2473 2471 
5521 2253 2254 2252 
5522 2194 2195 2193 
5523 191 2169 190 
5524 2589 2590 2588 
5525 2450 2451 2441 
5526 2593 2594 2592 
5527 3067 3068 2906 
5528 3048 3088 3049 
5529 2617 2618 2616 
5530 2335 3520 2336 
5531 2470 2471 2469 
5532 2466 2467 2459 
5533 2192 2193 2191 
5534 3291 3677 2908 
5535 2458 2459 2451 
5536 2306 3655 2309 
5537 2255 2256 2254 
5538 2575 2576 2574 
5539 2812 3607 2810 
5540 2184 2185 2183 
5541 2888 2957 2956 
5542 2567 2568 2566 
5543 3233 3243 3234 
5544 2296 2297 2294 
5545 2290 2291 2289 
5546 2632 2634 2633 
5547 2204 2205 2203 
5548 3062 3073 3061 
5549 3223 3224 3221 
5550 2571 2572 2570 
5551 2953 2955 2954 
5552 3255 3256 2963 
5553 2292 2293 2291 
5554 2903 3354 2940 
5555 2257 2258 2256 
5556 2602 2605 2604 
5557 2995 3295 2922 
5558 2826 2827 2825 
5559 177 3544 176 
5560 2284 2285 2283 
5561 3423 3424 3314 
5562 2141 3547 175 
5563 3064 3858 2262 
5564 2828 2829 2827 
5565 3304 3305 2948 
5566 3211 3214 3210 
5567 2960 2961 2768 
5568 2286 2287 2285 
5569 2497 3698 3601 
5570 2259 2260 2258 
5571 3313 3314 3097 
5572 2645 3309 2666 
5573 2675 2677 2676 
5574 3262 3263 3087 
5575 3029 3177 3176 
5576 2213 2215 2214 
5577 3074 3097 3073 
5578 2304 3789 2308 
5579 3384 3385 2939 
5580 2288 2289 2287 
5581 2737 2739 2738 
5582 2942 3675 2941 
5583 2261 2262 2260 
5584 2633 3868 2645 
5585 3635 3636 2527 
5586 2282 2283 2281 
5587 3217 3218 3215 
5588 2350 3669 2296 
5589 2573 2574 2572 
5590 2211 2213 2212 
5591 2739 2741 2740 
5592 3209 3210 3208 
5593 2410 2411 2409 
5594 2669 2675 2674 
5595 2595 2596 2594 
5596 2840 2841 2838 
5597 2654 2656 2655 
5598 2159 3710 3571 
5599 2376 3640 2374 
5600 2412 2413 2411 
5601 2416 2417 2415 
5602 2414 2415 2413 
5603 2619 2620 2618 
5604 3414 3415 3133 
5605 3069 3070 3068 
5606 2886 2888 2887 
5607 2402 3603 2400 
5608 2408 2409 2407 
5609 2263 2264 2262 
5610 3351 3352 3349 
5611 2560 3026 2558 
5612 2910 3004 3003 
5613 2642 2647 2646 
5614 2638 2640 2639 
5615 2649 2651 2650 
5616 2832 2833 2831 
5617 3041 3652 3039 
5618 2418 2419 2417 
5619 2821 3125 2816 
5620 3043 3061 3041 
5621 3573 3575 2112 
5622 2420 2421 2419 
5623 2207 2209 2208 
5624 3432 3593 3435 
5625 2866 2931 2930 
5626 3104 3105 3103 
5627 2304 2305 2302 
5628 183 3513 182 
5629 2265 2266 2264 
5630 3106 3107 3105 
5631 3098 3099 3092 
5632 2914 3627 3625 
5633 3203 3204 3202 
5634 3108 3109 3107 
5635 3091 3092 3052 
5636 2219 2222 2221 
5637 2222 2224 2223 
5638 2605 2608 2607 
5639 2422 2423 2421 
5640 2298 2299 2297 
5641 3112 3113 3111 
5642 3147 3471 3470 
5643 3051 3052 3023 
5644 2424 2425 2423 
5645 2656 2663 2662 
5646 2931 3007 3006 
5647 2406 2407 2405 
5648 3110 3111 3109 
5649 2857 2866 2858 
5650 3118 3119 3117 
5651 2217 2219 2218 
5652 3015 3641 2362 
5653 3120 3121 3119 
5654 3114 3115 3113 
5655 2665 2669 2668 
5656 3102 3103 3101 
5657 2224 2226 2225 
5658 2741 2757 2756 
5659 118 3518 2130 
5660 3207 3208 3206 
5661 3116 3117 3115 
5662 2267 2268 2266 
5663 3346 3347 2969 
5664 3225 3227 3226 
5665 2640 2642 2641 
5666 3197 3198 3170 
5667 2300 2301 2299 
5668 2426 2427 2425 
5669 3122 3123 3121 
5670 2836 2837 2835 
5671 3071 3167 3070 
5672 3005 3290 3289 
5673 2556 3711 3693 
5674 146 3577 2157 
5675 2226 2228 2227 
5676 3022 3023 2918 
5677 3201 3202 3200 
5678 2432 2433 2431 
5679 2610 2612 2611 
5680 2880 3632 3630 
5681 2290 3701 2292 
5682 3231 3232 3230 
5683 2428 2429 2427 
5684 3455 3456 3352 
5685 2795 3276 2797 
5686 2259 3477 2554 
5687 3205 3206 3204 
5688 2799 2943 2942 
5689 2430 2431 2429 
5690 2228 2231 2230 
5691 3199 3200 3198 
5692 2726 2857 2750 
5693 2453 2454 2439 
5694 3028 3660 2894 
5695 3007 3335 3334 
5696 2621 2622 2620 
5697 2549 3678 2387 
5698 2565 2566 2562 
5699 3576 3577 3575 
5700 2675 3667 2677 
5701 2231 2234 2233 
5702 2968 2969 2789 
5703 3425 3426 3424 
5704 150 3571 149 
5705 2284 3673 2286 
5706 2805 3685 3684 
5707 2309 2310 2307 
5708 3173 3427 3167 
5709 2842 2843 2841 
5710 2434 2435 2433 
5711 2597 2598 2596 
5712 2677 2685 2684 
5713 2793 3271 2862 
5714 3082 3607 2812 
5715 2234 2236 2235 
5716 3363 3364 2986 
5717 2521 2531 2462 
5718 3160 3169 3159 
5719 2510 2511 2454 
5720 2912 3272 3081 
5721 3032 3736 2742 
5722 2333 3665 3664 
5723 2236 2238 2237 
5724 3457 3458 3456 
5725 3327 3328 3324 
5726 2764 2765 2517 
5727 2844 2847 2843 
5728 2493 2496 2495 
5729 2438 2439 2435 
5730 2937 3238 3047 
5731 3157 3159 3156 
5732 2714 3063 2749 
5733 2853 2895 2851 
5734 2974 3654 2972 
5735 2731 3603 2402 
5736 2311 2312 2310 
5737 2963 3746 2856 
5738 2746 3524 3016 
5739 2946 3668 2944 
5740 2953 2954 2792 
5741 2475 2478 2477 
5742 2481 2484 2483 
5743 2355 3766 3015 
5744 3130 3131 3094 
5745 2487 2490 2489 
5746 2396 2437 2394 
5747 2444 2446 2437 
5748 3093 3094 3059 
5749 3058 3059 3057 
5750 3089 3731 3166 
5751 2811 2813 2812 
5752 2808 2811 2810 
5753 2306 2307 2305 
5754 2848 2850 2847 
5755 2364 2366 2365 
5756 2813 2871 2870 
5757 2516 2517 2515 
5758 3259 3303 3260 
5759 2623 2624 2622 
5760 2771 2967 2966 
5761 2627 2628 2626 
5762 2871 2881 2880 
5763 3664 3872 2702 
5764 2881 2883 2882 
5765 2356 2364 2363 
5766 2323 2324 2319 
5767 2777 2808 2807 
5768 2313 2314 2312 
5769 3669 3699 2298 
5770 2371 2373 2372 
5771 3185 3187 3186 
5772 2943 2945 2944 
5773 2725 2935 2723 
5774 2883 2899 2898 
5775 2369 2371 2370 
5776 2766 3563 2510 
5777 3683 3740 2229 
5778 2373 2375 2374 
5779 2514 2515 2513 
5780 3153 3154 3034 
5781 2818 2820 2819 
5782 2897 2976 2872 
5783 130 3587 2143 
5784 2899 2915 2914 
5785 3257 3259 3258 
5786 2820 2823 2822 
5787 2584 2586 2585 
5788 2375 2377 2376 
5789 2945 2947 2946 
5790 2915 2924 2916 
5791 3183 3185 3184 
5792 2629 2631 2628 
5793 3087 3715 3086 
5794 2201 2203 2202 
5795 2599 2601 2598 
5796 3233 3234 3232 
5797 2529 3696 2771 
5798 2382 2394 2381 
5799 2698 3866 2655 
5800 2377 2379 2378 
5801 2352 2353 2340 
5802 2924 2927 2926 
5803 3280 3282 3281 
5804 2342 3727 2280 
5805 2947 2973 2972 
5806 2784 2872 2727 
5807 2625 2626 2624 
5808 2486 3551 2483 
5809 2977 3283 2976 
5810 2987 3140 2988 
5811 2927 2987 2978 
5812 3938 3939 3937 
5813 2785 3162 3161 
5814 2649 2650 2647 
5815 2973 2975 2974 
5816 2638 2639 2636 
5817 2379 2384 2383 
5818 2955 3134 2954 
5819 2112 3575 148 
5820 2467 2470 2469 
5821 3140 3142 3141 
5822 2197 2199 2198 
5823 2384 2389 2386 
5824 2951 3323 2950 
5825 2823 2825 2824 
5826 2325 2326 2324 
5827 156 3622 2160 
5828 2315 2317 2314 
5829 3142 3342 3143 
5830 2438 3524 2453 
5831 3546 3547 2141 
5832 2975 3085 3084 
5833 3255 3257 3256 
5834 3155 3156 3154 
5835 3284 3321 3283 
5836 2389 2391 2390 
5837 2865 2990 2989 
5838 2391 2398 2397 
5839 3342 3344 3343 
5840 3085 3087 3086 
5841 3179 3181 3180 
5842 2719 3867 2815 
5843 2815 2818 2817 
5844 2358 2360 2353 
5845 193 2145 4 
5846 3187 3280 3279 
5847 3344 3431 3345 
5848 2211 2212 2209 
5849 2478 2480 2479 
5850 3322 3367 3321 
5851 2878 3297 3194 
5852 3431 3433 3432 
5853 119 3518 118 
5854 2903 2940 2895 
5855 2398 2401 2400 
5856 3715 3716 3086 
5857 2339 2340 2338 
5858 2318 2319 2317 
5859 2330 2332 2326 
5860 2632 2633 2631 
5861 2821 3407 3125 
5862 148 3575 147 
5863 2329 2865 2864 
5864 2298 3699 2300 
5865 2217 2218 2215 
5866 2769 3785 2676 
5867 2278 3649 2282 
5868 2401 2440 2402 
5869 3264 3971 3830 
5870 3262 3361 3263 
5871 2484 2540 2485 
5872 2654 2655 2651 
5873 2829 2831 2830 
5874 2997 3388 2998 
5875 2546 3640 2376 
5876 2496 2498 2497 
5877 3282 3376 3375 
5878 3789 3790 2308 
5879 2665 3732 2669 
5880 2602 2604 2601 
5881 2335 2336 2332 
5882 2440 2450 2441 
5883 2737 2738 2691 
5884 3227 3230 3228 
5885 2665 2668 2663 
5886 3049 3671 2985 
5887 3001 3684 3392 
5888 2960 2997 2961 
5889 2126 3620 153 
5890 3384 3386 3385 
5891 2450 2458 2451 
5892 2498 2500 2499 
5893 2690 3706 2736 
5894 2111 3937 195 
5895 2458 2466 2459 
5896 3347 3351 3349 
5897 111 3483 110 
5898 2490 2492 2491 
5899 2693 2694 2689 
5900 2833 2835 2834 
5901 2207 2208 2205 
5902 2688 2689 2683 
5903 2297 3806 3633 
5904 3447 3448 3010 
5905 2745 2788 2694 
5906 2470 2472 2471 
5907 2682 2683 2681 
5908 2874 2936 2788 
5909 198 2164 197 
5910 2518 2735 2520 
5911 2268 3769 2272 
5912 2979 3000 2936 
5913 2931 3006 2930 
5914 2845 2904 2884 
5915 3020 3897 3857 
5916 3225 3226 3224 
5917 153 3620 152 
5918 2857 2858 2750 
5919 196 2111 195 
5920 2584 2585 2582 
5921 2251 3708 2253 
5922 2866 2930 2858 
5923 2672 2681 2652 
5924 2213 2214 2212 
5925 3180 3651 3177 
5926 3144 3147 3000 
5927 2461 2462 2446 
5928 2605 2607 2604 
5929 3816 3928 3053 
5930 2590 2603 2588 
5931 2578 2661 2576 
5932 2675 2676 2674 
5933 2640 2641 2639 
5934 2500 2502 2501 
5935 3136 3689 3688 
5936 2652 3876 2643 
5937 3007 3334 3006 
5938 2453 3524 2746 
5939 2293 2806 2349 
5940 3826 3940 2460 
5941 2364 3705 2368 
5942 2884 2937 2846 
5943 2760 3021 2902 
5944 2368 2923 2393 
5945 2845 2846 2834 
5946 2355 2362 2361 
5947 2610 2611 2608 
5948 2656 2662 2655 
5949 2362 2388 2387 
5950 3043 3062 3061 
5951 2642 2646 2641 
5952 3038 3690 3040 
5953 2829 2830 2827 
5954 2968 3346 2969 
5955 2780 3486 2951 
5956 2268 2272 2271 
5957 3208 3212 3206 
5958 2388 2405 2404 
5959 3099 3101 3100 
5960 2347 2355 2354 
5961 2219 2221 2218 
5962 3040 3050 3042 
5963 2404 3692 2550 
5964 2343 2523 2345 
5965 2776 2918 2917 
5966 2278 2281 2280 
5967 2275 2278 2277 
5968 2222 2223 2221 
5969 2550 3646 2552 
5970 3883 4384 2598 
5971 2552 2776 2775 
5972 2272 2275 2274 
5973 2820 2822 2819 
5974 2735 2763 2762 
5975 2385 3599 2790 
5976 2224 2225 2223 
5977 2677 2684 2676 
5978 197 2134 198 
5979 2502 2518 2505 
5980 2295 3701 2805 
5981 2878 3133 2824 
5982 2823 2824 2822 
5983 2341 2342 2280 
5984 3221 3222 3219 
5985 2244 2320 2242 
5986 2614 2660 2612 
5987 200 2139 199 
5988 2586 2719 2585 
5989 2226 2227 2225 
5990 3062 3074 3073 
5991 3297 3302 3194 
5992 2507 3286 2767 
5993 2833 2834 2831 
5994 2806 2855 2854 
5995 3194 3414 3133 
5996 2962 3362 3254 
5997 2669 2674 2668 
5998 2818 2819 2817 
5999 3548 3549 3547 
6000 2248 2703 2246 
6001 2318 3634 2555 
6002 2719 2814 2585 
6003 2967 3241 2966 
6004 2568 2772 2566 
6005 2201 2202 2199 
6006 3011 3449 3447 
6007 2825 2878 2824 
6008 2767 3947 2959 
6009 2560 3745 3026 
6010 2228 2230 2227 
6011 2261 3761 2263 
6012 2343 2344 2342 
6013 2850 3011 3010 
6014 2252 2279 2250 
6015 2822 2849 2819 
6016 2231 2233 2230 
6017 2897 2977 2976 
6018 2784 2897 2872 
6019 3351 3455 3352 
6020 2726 3784 2857 
6021 2483 3551 2482 
6022 3074 3313 3097 
6023 2234 2235 2233 
6024 2404 2549 2387 
6025 2877 2920 2889 
6026 2345 2346 2344 
6027 2300 3699 2303 
6028 2256 2541 2254 
6029 3313 3423 3314 
6030 3214 3409 3210 
6031 2274 2545 2271 
6032 3204 3306 3202 
6033 2977 3284 3283 
6034 2886 2887 2757 
6035 2550 2551 2549 
6036 2763 2877 2860 
6037 2821 3408 3407 
6038 2815 2816 2814 
6039 2236 2237 2235 
6040 2301 3053 2380 
6041 2874 3095 2979 
6042 2347 2348 2346 
6043 2368 2369 2366 
6044 2843 2873 2841 
6045 3284 3322 3321 
6046 2552 2553 2551 
6047 2238 2329 2237 
6048 2354 2356 2348 
6049 3191 3248 2917 
6050 3266 3267 3251 
6051 2775 2777 2553 
6052 2171 3468 2147 
6053 2260 2273 2258 
6054 2574 2721 2572 
6055 3284 3338 3322 
6056 2817 2821 2816 
6057 4 3962 193 
6058 2909 3729 2907 
6059 2264 3064 2262 
6060 2672 2686 2682 
6061 2197 2198 2195 
6062 2537 3592 3591 
6063 2997 3796 3390 
6064 2835 2845 2834 
6065 3200 3244 3198 
6066 199 2163 200 
6067 2878 3194 3133 
6068 2964 3723 3722 
6069 2850 3010 2847 
6070 2688 2779 2693 
6071 2884 2983 2937 
6072 2845 2884 2846 
6073 2203 2529 2202 
6074 2646 2724 2723 
6075 2407 2449 2405 
6076 2411 2543 2409 
6077 2196 3693 2197 
6078 2784 2965 2897 
6079 2711 3855 2712 
6080 3123 3330 3329 
6081 2268 2271 2266 
6082 195 2165 196 
6083 2940 3318 3264 
6084 3167 3168 3070 
6085 2596 2600 2594 
6086 3052 3129 3023 
6087 3053 3055 3054 
6088 2719 2815 2814 
6089 2724 2725 2723 
6090 2930 3072 2858 
6091 2287 2322 2285 
6092 2739 2740 2738 
6093 2111 3938 3937 
6094 2988 3612 2978 
6095 2990 3333 2989 
6096 3099 3100 3092 
6097 3254 3255 2963 
6098 2224 3682 2226 
6099 3055 3057 3056 
6100 3394 3395 3127 
6101 2920 3138 3137 
6102 2228 3679 2231 
6103 2688 2693 2689 
6104 2976 3810 3165 
6105 2534 3609 3551 
6106 3381 3466 3379 
6107 2724 2726 2725 
6108 3175 3262 3087 
6109 2874 2979 2936 
6110 2745 2874 2788 
6111 2415 2448 2413 
6112 2693 2745 2694 
6113 3056 3090 3054 
6114 3103 3370 3101 
6115 3455 3457 3456 
6116 197 3917 2134 
6117 3126 3127 3090 
6118 2815 2817 2816 
6119 2364 2368 2366 
6120 2646 2723 2641 
6121 2940 3264 2895 
6122 3227 3228 3226 
6123 3011 3447 3010 
6124 2645 2666 2652 
6125 2682 2688 2683 
6126 2777 2901 2808 
6127 2419 2544 2417 
6128 3259 3446 3303 
6129 2859 3379 2801 
6130 2865 2989 2864 
6131 2922 3609 2747 
6132 3131 3410 3146 
6133 3107 3358 3105 
6134 2193 2524 2191 
6135 3060 3332 3331 
6136 2672 2682 2681 
6137 2620 2644 2618 
6138 2373 2399 2375 
6139 2813 2993 2871 
6140 3004 3265 3003 
6141 2979 3144 3000 
6142 2293 2349 2291 
6143 3338 3353 3322 
6144 2633 2645 2643 
6145 2945 3083 2947 
6146 2881 2981 2883 
6147 2281 2341 2280 
6148 2962 2963 2856 
6149 2214 3012 2704 
6150 2662 3060 2698 
6151 2726 2750 2727 
6152 3434 3593 3432 
6153 2854 2856 2349 
6154 2973 3139 2975 
6155 2362 2387 2361 
6156 2355 2361 2354 
6157 2341 2343 2342 
6158 3060 3331 2698 
6159 2423 2447 2421 
6160 2388 2404 2387 
6161 2426 3591 2428 
6162 3253 3378 3046 
6163 2379 2442 2384 
6164 3038 3039 2492 
6165 2750 2784 2727 
6166 2507 2533 2480 
6167 2726 2727 2725 
6168 2214 2704 2212 
6169 3085 3175 3087 
6170 2685 2758 2684 
6171 2211 3737 2213 
6172 2776 2917 2775 
6173 2868 2869 2803 
6174 2915 3298 2924 
6175 2278 2280 2277 
6176 2345 3766 2347 
6177 2918 3191 2917 
6178 3359 3654 2974 
6179 2968 3350 3346 
6180 2275 2277 2274 
6181 2272 2274 2271 
6182 2626 2630 2624 
6183 2927 3247 2987 
6184 2343 2345 2344 
6185 203 3749 204 
6186 2404 2550 2549 
6187 2906 3855 2748 
6188 2662 2698 2655 
6189 3040 3041 3039 
6190 3250 3251 3249 
6191 2729 2803 2512 
6192 2189 2334 2187 
6193 2550 2552 2551 
6194 2767 2768 2533 
6195 3113 3148 3111 
6196 2347 2354 2348 
6197 2351 2801 2337 
6198 2345 2347 2346 
6199 2391 2457 2398 
6200 2368 2393 2369 
6201 2959 2960 2768 
6202 2890 3005 2800 
6203 2552 2775 2553 
6204 2221 2536 2218 
6205 2966 2968 2789 
6206 2529 2699 2202 
6207 2511 2513 2512 
6208 2771 2789 2699 
6209 3025 3673 2284 
6210 2760 2761 2472 
6211 3423 3425 3424 
6212 2401 2519 2440 
6213 2429 2452 2427 
6214 2928 3814 3135 
6215 3234 3397 3396 
6216 3234 3396 3232 
6217 2674 2696 2668 
6218 2633 2643 2631 
6219 2771 2966 2789 
6220 3191 3419 3248 
6221 2729 3045 2868 
6222 3142 3461 3342 
6223 2604 2606 2601 
6224 2301 2380 2299 
6225 2307 2542 2305 
6226 2741 2756 2740 
6227 2450 2744 2458 
6228 2989 3316 2864 
6229 2529 2771 2699 
6230 2225 2232 2223 
6231 201 2113 202 
6232 2235 2327 2233 
6233 3119 3132 3117 
6234 2806 2854 2349 
6235 2230 2548 2227 
6236 2478 2507 2480 
6237 3267 3475 3474 
6238 3059 3269 3057 
6239 3131 3146 3094 
6240 2573 3783 2575 
6241 3655 3656 2700 
6242 2329 2778 2237 
6243 3123 3329 3121 
6244 2902 2939 2761 
6245 2484 3277 2540 
6246 3138 3356 3355 
6247 2470 2760 2472 
6248 3790 3888 2308 
6249 2666 2672 2652 
6250 3175 3369 3262 
6251 3242 3675 2942 
6252 203 2114 202 
6253 3163 3384 2939 
6254 3299 3668 2946 
6255 2490 3038 2492 
6256 2853 3880 2925 
6257 2921 3249 2909 
6258 3042 3043 3041 
6259 2435 2456 2433 
6260 2962 3254 2963 
6261 2645 2652 2643 
6262 204 2138 205 
6263 2684 2769 2676 
6264 3045 3149 3046 
6265 2329 2864 2778 
6266 3038 3040 3039 
6267 206 2137 205 
6268 3053 3054 2380 
6269 3178 3179 3177 
6270 3126 3394 3127 
6271 2854 2962 2856 
6272 3033 3659 3393 
6273 3727 3874 2277 
6274 3226 3235 3224 
6275 3055 3056 3054 
6276 3056 3126 3090 
6277 2888 2956 2887 
6278 2809 3586 2358 
6279 3040 3042 3041 
6280 2507 2767 2533 
6281 2760 2902 2761 
6282 2511 2512 2454 
6283 2395 2800 2367 
6284 3182 3320 3319 
6285 2767 2959 2768 
6286 209 3697 210 
6287 2312 2321 2310 
6288 3949 3950 2607 
6289 2959 3399 2960 
6290 2902 3163 2939 
6291 2158 3734 3568 
6292 3410 3421 3146 
6293 2498 2506 2500 
6294 2482 3897 3538 
6295 3031 3688 3365 
6296 2833 3771 2836 
6297 2997 3390 3388 
6298 2395 2891 2890 
6299 3694 3707 2370 
6300 2309 3655 2700 
6301 2742 3736 2565 
6302 3571 3710 3572 
6303 207 2119 208 
6304 2341 3728 2343 
6305 3042 3044 3043 
6306 2317 2528 2314 
6307 195 3955 2165 
6308 3029 3178 3177 
6309 209 2121 208 
6310 3862 3967 3060 
6311 2799 3663 2943 
6312 2517 2774 2515 
6313 2336 2338 2337 
6314 3071 3892 3340 
6315 2179 2526 2177 
6316 2891 2908 2907 
6317 2362 3641 2388 
6318 2324 2328 2319 
6319 2807 3642 2553 
6320 2729 2868 2803 
6321 2365 3707 2795 
6322 114 3512 113 
6323 155 3580 154 
6324 3924 3984 3178 
6325 133 3595 2118 
6326 3330 3387 3329 
6327 3045 3046 2868 
6328 2859 3381 3379 
6329 3182 3183 3181 
6330 3372 3612 2988 
6331 2844 3839 2848 
6332 2777 3700 2901 
6333 2513 2729 2512 
6334 2577 3853 2579 
6335 212 2151 211 
6336 2229 3740 3679 
6337 2502 2752 2518 
6338 210 2152 211 
6339 2351 2859 2801 
6340 2571 3724 2680 
6341 2410 3604 2412 
6342 3136 3688 2934 
6343 2740 3373 2738 
6344 2795 3707 3276 
6345 214 2127 213 
6346 3066 3882 3174 
6347 3348 3916 3645 
6348 2336 2337 2332 
6349 3253 3452 3378 
6350 3679 3680 2804 
6351 2775 3700 2777 
6352 3149 3253 3046 
6353 3288 3772 2803 
6354 3250 3266 3251 
6355 2913 3861 3037 
6356 3645 3916 3795 
6357 2183 2392 2181 
6358 212 2120 213 
6359 3074 3315 3313 
6360 2360 2381 2367 
6361 3548 3550 3549 
6362 3526 3651 3180 
6363 3037 3307 3036 
6364 2197 3693 2200 
6365 3250 3463 3266 
6366 2281 3730 2341 
6367 3040 3690 3050 
6368 2856 3753 2349 
6369 2642 3881 2648 
6370 2891 2907 2890 
6371 2338 2351 2337 
6372 157 3622 156 
6373 2356 3705 2364 
6374 2960 3796 2997 
6375 2395 2890 2800 
6376 3179 3182 3181 
6377 2816 3833 2814 
6378 2735 2876 2763 
6379 3704 3735 2473 
6380 2770 3722 3531 
6381 2552 3646 2776 
6382 2789 3645 2699 
6383 2934 3688 3031 
6384 2908 2910 2909 
6385 3286 3947 2767 
6386 2702 3709 3708 
6387 193 2110 194 
6388 2550 3692 3646 
6389 3955 3956 2165 
6390 216 2150 215 
6391 3682 3683 2229 
6392 2405 3692 2404 
6393 2903 3848 3354 
6394 2368 3705 2923 
6395 2175 3009 2173 
6396 2921 3250 3249 
6397 2908 3677 2910 
6398 3010 3812 2847 
6399 2649 3865 2653 
6400 2537 3591 2426 
6401 2908 2909 2907 
6402 3463 3464 3266 
6403 2488 3522 2535 
6404 3182 3319 3183 
6405 2910 3003 2921 
6406 2567 3736 2692 
6407 3278 3670 3616 
6408 3166 3672 3671 
6409 2360 2367 2353 
6410 113 3512 3511 
6411 2877 3008 2920 
6412 2394 3552 2381 
6413 2692 3724 2569 
6414 2231 3679 2804 
6415 2913 3036 2751 
6416 218 2133 217 
6417 3185 3188 3187 
6418 2956 2991 2887 
6419 2956 3317 2991 
6420 2699 3795 2202 
6421 2640 3908 3881 
6422 2507 3735 3286 
6423 215 2128 216 
6424 2835 3787 2845 
6425 3491 3647 3495 
6426 2370 3707 2366 
6427 2381 2395 2367 
6428 2388 3641 2406 
6429 3373 4364 3422 
6430 2910 2921 2909 
6431 3119 3781 3132 
6432 2702 3708 2251 
6433 3265 3412 3003 
6434 3317 3454 2991 
6435 3280 3285 3282 
6436 2581 3907 2583 
6437 2828 3822 2829 
6438 3058 3928 3910 
6439 2676 3785 2674 
6440 2283 3730 2281 
6441 2551 3642 3293 
6442 3609 3897 3551 
6443 2226 3682 2229 
6444 3357 3482 3356 
6445 2734 3894 2791 
6446 3114 3614 3116 
6447 2160 3580 155 
6448 3539 3953 3278 
6449 2794 3616 2363 
6450 3570 3734 3569 
6451 2446 2460 2437 
6452 2569 3724 2571 
6453 2820 3813 2823 
6454 2679 3667 2675 
6455 3002 3669 2350 
6456 2494 3817 3523 
6457 2343 3728 2523 
6458 3138 3357 3356 
6459 2349 3753 2291 
6460 3037 3450 3308 
6461 2414 3598 2416 
6462 2776 3646 3022 
6463 3397 4098 3438 
6464 3865 3891 2716 
6465 3037 3308 3307 
6466 2392 3804 2181 
6467 2927 3799 3247 
6468 2366 3707 2365 
6469 2512 3772 2454 
6470 2531 2780 2751 
6471 2797 3663 2799 
6472 2412 3604 2509 
6473 2803 3772 2512 
6474 2929 3829 3822 
6475 3665 3872 3664 
6476 2308 3888 3655 
6477 2553 3642 2551 
6478 2910 3677 3004 
6479 2535 3522 2793 
6480 2589 3900 2667 
6481 3166 3671 3049 
6482 2702 3872 3709 
6483 3008 3860 3859 
6484 3667 3914 3706 
6485 3645 3795 2699 
6486 2645 3868 3309 
6487 3561 3562 3556 
6488 2478 3735 2507 
6489 2780 2950 2913 
6490 2655 3866 2651 
6491 2659 3908 2638 
6492 2565 3736 2567 
6493 158 3623 157 
6494 3278 3953 3670 
6495 221 2146 220 
6496 3691 3701 2290 
6497 2394 3800 3552 
6498 131 3587 130 
6499 2793 3522 3271 
6500 2387 3678 2361 
6501 2718 3891 2785 
6502 2213 3737 2216 
6503 2913 3037 3036 
6504 3239 3615 3614 
6505 3575 3577 147 
6506 2341 3730 3728 
6507 2554 3761 2261 
6508 3608 3690 3038 
6509 3272 3936 3273 
6510 2325 3561 2331 
6511 2503 3817 2494 
6512 218 2136 219 
6513 3450 3451 3308 
6514 2524 3777 2191 
6515 3616 3670 2346 
6516 2605 3942 2609 
6517 2891 3552 3291 
6518 3008 3859 2920 
6519 2555 3562 3561 
6520 2815 3867 2818 
6521 2837 3787 2835 
6522 2584 3903 2587 
6523 2496 3703 2498 
6524 143 3569 142 
6525 4183 4357 3769 
6526 2531 2751 2462 
6527 2888 3536 2957 
6528 3110 3578 3112 
6529 2845 3787 2904 
6530 2854 3718 2962 
6531 2515 3713 2513 
6532 3278 3616 2794 
6533 2962 3718 3362 
6534 3323 3326 2950 
6535 2837 3788 3787 
6536 2780 2913 2751 
6537 2695 3732 2665 
6538 2634 3868 2633 
6539 3195 3537 3536 
6540 2855 3718 2854 
6541 2485 3608 2487 
6542 2454 3772 2439 
6543 196 3917 197 
6544 3872 3873 3709 
6545 204 3749 2138 
6546 2714 3764 3063 
6547 3695 3696 2529 
6548 2681 3876 2652 
6549 3887 4007 3867 
6550 2615 3943 2657 
6551 132 3588 131 
6552 3840 3880 2852 
6553 210 3697 2152 
6554 2831 3809 2830 
6555 2381 3552 2395 
6556 2475 3735 2478 
6557 2722 3941 2678 
6558 3099 3644 3102 
6559 3813 3814 2928 
6560 2595 3930 2597 
6561 2729 3713 3045 
6562 2646 3896 2724 
6563 2280 3727 2277 
6564 2917 3700 2775 
6565 2266 3827 2264 
6566 3072 3808 2858 
6567 2531 3486 2780 
6568 3101 3744 3100 
6569 3182 3760 3320 
6570 2513 3713 2729 
6571 2446 3826 2460 
6572 2191 3777 2189 
6573 3746 3753 2856 
6574 2269 3769 2268 
6575 3170 3899 3169 
6576 3520 3936 3272 
6577 2774 3713 2515 
6578 2709 3764 2714 
6579 2317 3838 2528 
6580 2999 3846 3720 
6581 2858 3808 2750 
6582 2755 3566 2900 
6583 2271 3827 2266 
6584 141 3567 140 
6585 3223 4002 3377 
6586 2118 3589 3588 
6587 2599 3933 2602 
6588 3276 3663 2797 
6589 147 3577 146 
6590 2289 3878 2287 
6591 2331 3561 3556 
6592 3009 3828 2173 
6593 195 3937 194 
6594 3948 3949 2607 
6595 2473 3735 2475 
6596 2610 3944 2613 
6597 3324 3643 3323 
6598 3270 3586 2809 
6599 2575 3783 2705 
6600 3678 3836 2361 
6601 2468 3532 2459 
6602 2924 3799 2927 
6603 2915 3754 3298 
6604 3900 3901 2667 
6605 2173 3828 2171 
6606 2805 3701 3685 
6607 2416 3598 2732 
6608 2275 3649 2278 
6609 3839 3840 2852 
6610 223 2166 222 
6611 2492 3702 2493 
6612 2736 3706 2783 
6613 3239 3614 3114 
6614 2523 3766 2345 
6615 3431 4402 2132 
6616 2200 3712 3594 
6617 3047 3809 2846 
6618 2545 3827 2271 
6619 134 3595 133 
6620 162 3582 161 
6621 2291 3753 2289 
6622 221 2149 222 
6623 3412 3742 3003 
6624 3889 3981 2706 
6625 2472 3704 2473 
6626 2264 3827 3064 
6627 2449 3692 2405 
6628 2724 3784 2726 
6629 2862 3662 3171 
6630 2116 3623 158 
6631 194 3955 195 
6632 2848 3839 2852 
6633 2202 3795 2199 
6634 2899 3754 2915 
6635 3286 3735 3704 
6636 2753 3966 2879 
6637 3121 3781 3119 
6638 3585 3586 3270 
6639 3552 3800 3291 
6640 2181 3804 2179 
6641 3370 3744 3101 
6642 2319 3838 2317 
6643 2707 3764 2709 
6644 139 3564 138 
6645 3036 3940 3826 
6646 135 3596 134 
6647 2287 3878 2322 
6648 3399 3796 2960 
6649 2395 3552 2891 
6650 3198 3899 3170 
6651 2867 3959 2971 
6652 3248 3700 2917 
6653 2993 3755 2871 
6654 2881 3755 2981 
6655 3026 4012 3977 
6656 3663 3780 3779 
6657 3205 3957 3207 
6658 2834 3809 2831 
6659 2539 3649 2275 
6660 2198 3721 2195 
6661 3702 3703 2496 
6662 3519 3520 3272 
6663 2193 3721 2524 
6664 2558 3711 2556 
6665 3910 3928 2542 
6666 2189 3777 2334 
6667 2802 3533 3532 
6668 3250 3742 3463 
6669 3003 3742 2921 
6670 2829 3822 2832 
6671 2823 3813 2826 
6672 3319 3786 3183 
6673 2750 3808 2784 
6674 3551 3897 2482 
6675 2836 3771 2839 
6676 142 3569 2158 
6677 3179 3760 3182 
6678 3830 3971 3011 
6679 2344 3670 2525 
6680 2648 3999 3865 
6681 2477 3538 2547 
6682 3298 3799 2924 
6683 3187 3794 3280 
6684 2480 3739 2481 
6685 2579 3853 2671 
6686 2935 3879 2723 
6687 3127 4046 4011 
6688 3183 3786 3185 
6689 2648 3865 2649 
6690 3178 3760 3179 
6691 2203 3695 2529 
6692 3665 3915 3872 
6693 3188 3794 3187 
6694 3185 3786 3188 
6695 3195 3536 2888 
6696 2921 3742 3250 
6697 2826 3813 2928 
6698 3058 3910 3093 
6699 3280 3794 3285 
6700 3533 3534 3532 
6701 166 3583 165 
6702 2925 3880 3850 
6703 2328 3838 2319 
6704 2636 3909 2634 
6705 2783 3706 3048 
6706 3652 3702 3039 
6707 2876 3775 2763 
6708 2195 3721 2193 
6709 2208 3695 2205 
6710 2723 3879 2641 
6711 3579 4242 3019 
6712 2562 3745 2560 
6713 3065 3834 3096 
6714 3022 3922 3051 
6715 2359 3519 2912 
6716 2877 3775 3008 
6717 2118 3588 132 
6718 2752 3767 2518 
6719 3566 3846 2999 
6720 2199 3795 2198 
6721 2724 3896 3784 
6722 2846 3809 2834 
6723 2641 3879 2639 
6724 2144 3597 3596 
6725 3240 3578 3110 
6726 3276 3707 3694 
6727 2735 3767 2876 
6728 2540 3608 2485 
6729 2871 3755 2881 
6730 2557 3565 2559 
6731 2784 3808 2965 
6732 3704 3946 3286 
6733 2469 3530 2715 
6734 2932 3877 3876 
6735 2361 3836 2354 
6736 2294 3633 2293 
6737 2948 3539 2798 
6738 3670 3953 2525 
6739 2435 3911 2456 
6740 2506 3759 2500 
6741 2674 3785 2696 
6742 2772 3745 2566 
6743 2491 3523 2489 
6744 3217 3964 3220 
6745 2818 3867 3077 
6746 3329 3781 3121 
6747 2502 3759 2752 
6748 3782 3923 2326 
6749 3102 3644 3617 
6750 3295 3996 3857 
6751 3679 3740 3680 
6752 3233 3979 3261 
6753 2763 3775 2877 
6754 3797 3920 2340 
6755 2900 3566 2999 
6756 3068 3855 2906 
6757 2847 3812 2843 
6758 3655 3888 3656 
6759 2839 3771 3065 
6760 3052 3757 3129 
6761 3328 3643 3324 
6762 2920 3859 3138 
6763 3100 3757 3092 
6764 2171 3828 3468 
6765 2421 3778 2419 
6766 3200 3932 3244 
6767 140 3567 2115 
6768 2932 3876 2681 
6769 3753 3878 2289 
6770 2885 3844 3629 
6771 2437 3800 2394 
6772 3039 3702 2492 
6773 3577 3927 2157 
6774 3522 3523 3271 
6775 2679 3914 3667 
6776 2466 3743 2467 
6777 2947 3819 2973 
6778 193 3962 2110 
6779 3227 3982 3231 
6780 3103 3762 3370 
6781 3026 3711 2558 
6782 2761 3704 2472 
6783 3966 4101 2879 
6784 3358 3762 3105 
6785 2204 3594 2530 
6786 2961 3906 2768 
6787 3493 3647 3491 
6788 2647 3896 2646 
6789 2218 3758 2215 
6790 2518 3767 2735 
6791 2651 3866 2650 
6792 216 3674 2150 
6793 2335 3936 3520 
6794 3583 3584 2161 
6795 2802 3532 2468 
6796 2800 3797 2367 
6797 3202 3932 3200 
6798 3377 3982 3225 
6799 2237 3756 2235 
6800 2398 3803 2401 
6801 2989 3845 3316 
6802 3106 3581 3108 
6803 3806 3807 3292 
6804 3288 3911 3772 
6805 2133 3674 217 
6806 2353 3797 2340 
6807 2346 3670 2344 
6808 3036 3826 2751 
6809 2462 3826 2446 
6810 2791 3894 3024 
6811 2179 3804 2526 
6812 3692 3922 3646 
6813 3678 3954 3836 
6814 2205 3695 2203 
6815 2262 3858 2260 
6816 2238 3681 2329 
6817 3922 3929 3051 
6818 3347 3763 3351 
6819 222 3714 221 
6820 3530 3531 3274 
6821 2975 3818 3085 
6822 2214 3758 3012 
6823 2132 3582 162 
6824 2489 3523 3522 
6825 2738 3793 2691 
6826 2233 3770 2230 
6827 3271 3662 2862 
6828 2258 3847 2256 
6829 2701 3666 2206 
6830 3977 4012 3650 
6831 3576 3927 3577 
6832 2956 3893 3317 
6833 2338 3920 2351 
6834 3920 3975 2351 
6835 3289 3975 3920 
6836 2470 3743 2760 
6837 2950 3861 2913 
6838 167 3961 2117 
6839 2685 3793 2758 
6840 2801 3782 2337 
6841 3881 4044 3999 
6842 3055 3928 3058 
6843 3244 3899 3198 
6844 212 3676 2151 
6845 2566 3745 2562 
6846 2332 3782 2326 
6847 3703 3972 2506 
6848 2127 3676 213 
6849 3836 3954 3705 
6850 3590 3961 168 
6851 2254 3831 2252 
6852 2356 3836 3705 
6853 2583 3904 3903 
6854 2500 3759 2502 
6855 3349 3997 3348 
6856 2998 3890 2961 
6857 3094 3774 3059 
6858 3569 3734 2158 
6859 221 3714 2146 
6860 2439 3911 2435 
6861 3069 4042 3892 
6862 211 3687 212 
6863 3693 3712 2200 
6864 2250 3823 2248 
6865 3772 3911 2439 
6866 3312 4042 3067 
6867 138 3564 2156 
6868 2354 3836 2356 
6869 3428 3478 3427 
6870 217 3674 216 
6871 3093 4010 3130 
6872 2320 3725 2242 
6873 2144 3596 135 
6874 3538 3897 3020 
6875 3073 3972 3061 
6876 2407 3768 2449 
6877 2583 3903 2584 
6878 2543 3768 2409 
6879 2706 3981 3738 
6880 3448 4246 3709 
6881 3881 3999 2648 
6882 3640 4005 2403 
6883 3531 3722 3274 
6884 2912 3519 3272 
6885 2785 3891 3162 
6886 2527 3639 2243 
6887 2324 3923 2328 
6888 2449 3929 3922 
6889 2533 3739 2480 
6890 3026 3977 3711 
6891 3646 3922 3022 
6892 3962 3963 2110 
6893 2436 4091 3600 
6894 3138 3859 3357 
6895 2547 3538 3020 
6896 2639 3909 2636 
6897 3801 3910 2542 
6898 2411 3773 2543 
6899 2658 3985 3934 
6900 2448 3773 2413 
6901 4009 4029 3098 
6902 2234 3638 2236 
6903 2650 3896 2647 
6904 3946 3947 3286 
6905 3415 3869 3133 
6906 3554 3936 2335 
6907 2314 3798 2312 
6908 3385 3946 2939 
6909 3304 4054 4025 
6910 2986 3741 2782 
6911 3305 3539 2948 
6912 2700 3658 2311 
6913 2938 3908 2659 
6914 2166 3714 222 
6915 3092 3757 3052 
6916 2460 3800 2437 
6917 3523 3817 3271 
6918 2895 3830 2851 
6919 3446 4140 3303 
6920 2297 3633 2294 
6921 3306 3932 3202 
6922 2415 3776 2448 
6923 2544 3776 2417 
6924 3663 3779 2943 
6925 2824 3869 2822 
6926 3091 4009 3098 
6927 2634 3909 3868 
6928 2843 3812 2873 
6929 4025 4054 2545 
6930 2957 3893 2956 
6931 2850 3830 3011 
6932 2559 3565 2563 
6933 3618 3983 3619 
6934 2945 3779 3083 
6935 2827 3815 2825 
6936 3291 3990 3677 
6937 2310 3801 2307 
6938 2227 3835 2225 
6939 3706 3914 3048 
6940 165 3583 2161 
6941 3985 4036 3934 
6942 3962 4002 3964 
6943 2751 3826 2462 
6944 2542 3928 3816 
6945 2165 3917 196 
6946 2447 3778 2421 
6947 3867 4007 3077 
6948 3988 3989 3222 
6949 2449 3922 3692 
6950 2277 3874 2274 
6951 3090 3807 3054 
6952 3077 3814 3813 
6953 4010 4047 3130 
6954 3930 3985 2658 
6955 3105 3762 3103 
6956 2563 3726 2561 
6957 2905 3852 2980 
6958 2564 3726 2743 
6959 2715 3530 3274 
6960 213 3676 212 
6961 2597 3930 2658 
6962 2367 3797 2353 
6963 3333 3845 2989 
6964 2663 3862 2662 
6965 3933 3942 2602 
6966 3771 3834 3065 
6967 3685 3701 3691 
6968 3274 3722 3275 
6969 3680 3884 2804 
6970 3555 3958 3554 
6971 2305 3816 2302 
6972 2215 3758 2214 
6973 2973 3819 3139 
6974 3515 4222 3516 
6975 2299 3806 2297 
6976 3395 4046 3127 
6977 3795 3916 2198 
6978 2165 4016 3917 
6979 3504 3980 3505 
6980 3768 3929 2449 
6981 3705 3954 2923 
6982 2340 3920 2338 
6983 2583 3907 3904 
6984 3048 3914 3088 
6985 3417 3844 3364 
6986 2609 3944 2610 
6987 3051 3929 3091 
6988 3410 4037 3467 
6989 2696 3862 2668 
6990 2684 3825 2769 
6991 2533 3906 3739 
6992 2778 3756 2237 
6993 2661 3837 2576 
6994 2574 3837 2721 
6995 2260 3858 2273 
6996 3307 3940 3036 
6997 2691 3793 2685 
6998 2922 3857 3609 
6999 2240 3681 2238 
7000 3276 3780 3663 
7001 137 3553 136 
7002 2401 3803 2519 
7003 2467 3743 2470 
7004 2267 3765 2707 
7005 3621 3983 3620 
7006 3749 4399 3751 
7007 3326 3861 2950 
7008 3872 3915 3873 
7009 2692 3978 3724 
7010 3229 4105 3918 
7011 3890 3976 3277 
7012 3346 3763 3347 
7013 2932 4412 3478 
7014 3293 3954 3678 
7015 2654 3791 2656 
7016 2530 3594 3014 
7017 2970 3941 2722 
7018 3085 3818 3175 
7019 2337 3782 2332 
7020 3073 3998 3972 
7021 3097 3998 3073 
7022 2167 3980 3504 
7023 2327 3770 2233 
7024 2256 3847 2541 
7025 3238 4149 3740 
7026 2679 3986 3914 
7027 2727 3811 2725 
7028 2863 4144 3459 
7029 2149 4268 3500 
7030 2403 3780 3694 
7031 3746 3878 3753 
7032 3067 4042 3069 
7033 3305 3953 3539 
7034 3652 3703 3702 
7035 3277 3976 2540 
7036 2540 3690 3608 
7037 3135 4063 3339 
7038 3267 4006 3475 
7039 2832 3834 3771 
7040 2761 3946 3704 
7041 2242 3725 2240 
7042 2768 3906 2533 
7043 3030 3666 2701 
7044 2525 3993 3727 
7045 3607 4026 3294 
7046 2252 3831 2279 
7047 2326 3923 2324 
7048 163 4000 2132 
7049 2161 4000 164 
7050 3146 3774 3094 
7051 3865 3999 3891 
7052 2884 3824 2983 
7053 2209 3805 2208 
7054 3879 3909 2639 
7055 3594 3712 3014 
7056 3947 4015 2959 
7057 3960 4160 3235 
7058 2940 3854 3318 
7059 3134 4008 2954 
7060 3765 3970 3764 
7061 3464 4006 3266 
7062 3011 3971 3449 
7063 3601 3698 3350 
7064 3290 3975 3289 
7065 2409 3768 2407 
7066 2240 3725 3681 
7067 2248 3823 2703 
7068 3294 3994 3642 
7069 3956 4016 2165 
7070 3542 4237 4096 
7071 2704 3805 2212 
7072 3406 4014 3143 
7073 3020 3996 2773 
7074 3896 3991 3784 
7075 3029 3924 3178 
7076 2110 3955 194 
7077 3141 4014 3372 
7078 3164 3581 3106 
7079 3918 4016 3229 
7080 3007 4134 4129 
7081 2971 3959 3360 
7082 3271 3817 3662 
7083 3637 3639 2527 
7084 3995 4043 2661 
7085 3207 3957 3213 
7086 3053 3928 3055 
7087 2682 3885 2688 
7088 2792 3821 2733 
7089 3304 4025 3305 
7090 3954 3994 2923 
7091 2851 3830 2850 
7092 2804 3884 3638 
7093 3637 3912 3639 
7094 2413 3773 2411 
7095 3090 4011 3807 
7096 3349 4028 3997 
7097 2152 3687 211 
7098 2528 3798 2314 
7099 4156 4196 2509 
7100 3999 4044 3162 
7101 2930 3863 3072 
7102 3712 3977 3014 
7103 3732 3986 2679 
7104 3784 3991 3075 
7105 2357 4135 3686 
7106 2830 3815 2827 
7107 3657 3658 2700 
7108 3133 3869 2824 
7109 3253 4138 3452 
7110 2885 3926 3844 
7111 2841 3875 2838 
7112 3747 3878 3746 
7113 2417 3776 2415 
7114 2943 3779 2945 
7115 2821 3832 3408 
7116 3082 4019 3607 
7117 2980 3852 3420 
7118 3178 3984 3760 
7119 168 3961 167 
7120 3626 4188 4173 
7121 2819 3832 2817 
7122 3364 3741 2986 
7123 3061 3972 3652 
7124 2408 4030 2538 
7125 2804 3638 2234 
7126 3694 3780 3276 
7127 2274 3874 2545 
7128 2588 3887 2586 
7129 3295 3857 2922 
7130 2321 3801 2310 
7131 3034 3919 3032 
7132 3144 3856 3147 
7133 3605 4023 3122 
7134 2198 3916 3721 
7135 2351 3975 2859 
7136 3293 3994 3954 
7137 3931 3985 3930 
7138 3800 3990 3291 
7139 3030 3889 3666 
7140 2548 3835 2227 
7141 2114 4324 3441 
7142 2745 4062 2874 
7143 3348 3997 3916 
7144 2576 3837 2574 
7145 3147 4003 3471 
7146 3054 3807 2380 
7147 2837 3875 3788 
7148 2939 3946 2761 
7149 3754 4118 3621 
7150 3829 3834 3822 
7151 2668 3862 2663 
7152 2134 4278 3843 
7153 2759 4274 3457 
7154 3914 3986 3088 
7155 3303 4088 4084 
7156 3641 4030 2406 
7157 3314 4033 3097 
7158 3078 3889 3030 
7159 2542 3816 2305 
7160 3136 4060 3689 
7161 2892 3820 2840 
7162 3972 3998 2506 
7163 3792 4008 3076 
7164 3389 4024 2998 
7165 2758 3825 2684 
7166 3479 4152 3168 
7167 4005 4035 3083 
7168 2380 3806 2299 
7169 3526 4306 3651 
7170 3722 3723 3275 
7171 2720 4122 3479 
7172 3513 3860 3514 
7173 3927 4206 3248 
7174 3652 3972 3703 
7175 2380 3807 3806 
7176 3833 4043 3995 
7177 3290 4004 3975 
7178 3403 4170 3756 
7179 3423 4259 2125 
7180 2650 3991 3896 
7181 2725 3811 2935 
7182 2918 4040 3191 
7183 2954 4008 3821 
7184 3129 4040 3023 
7185 3631 4089 4057 
7186 3805 4073 2208 
7187 184 4045 2129 
7188 3047 4018 3969 
7189 2127 3925 3676 
7190 2717 3792 2697 
7191 2695 4032 3732 
7192 3558 3958 3555 
7193 3305 4025 3993 
7194 3364 3926 3741 
7195 3620 3983 3618 
7196 2697 3791 2654 
7197 2443 4161 4113 
7198 3822 3834 2832 
7199 2959 4015 3399 
7200 2585 3895 2582 
7201 3231 3982 3979 
7202 3602 4075 2503 
7203 3978 4021 3724 
7204 3084 4059 3359 
7205 2561 3726 2564 
7206 3573 4051 3576 
7207 3088 3986 3124 
7208 3354 3854 2940 
7209 3014 3977 3650 
7210 3126 4191 3394 
7211 3764 3970 3063 
7212 2436 4137 4091 
7213 3078 3981 3889 
7214 3131 4037 3410 
7215 2322 4022 2285 
7216 3352 4028 3349 
7217 2935 4017 3879 
7218 3080 3981 3078 
7219 3098 4029 3644 
7220 3690 3976 3050 
7221 3642 3994 3293 
7222 3297 4018 3302 
7223 3814 4063 3135 
7224 3732 4032 3986 
7225 3404 4077 3152 
7226 2697 3792 3791 
7227 2460 3990 3800 
7228 2904 3824 2884 
7229 3130 4047 3145 
7230 3716 4059 3086 
7231 3730 4056 3728 
7232 3821 4008 3792 
7233 3266 4006 3267 
7234 3314 4061 4033 
7235 136 3553 2144 
7236 3901 4308 3409 
7237 2707 3765 3764 
7238 2283 4022 3730 
7239 3156 3978 3154 
7240 3935 3942 3933 
7241 3942 4038 2609 
7242 3027 3924 3029 
7243 3975 4004 2859 
7244 3134 4058 4008 
7245 2578 3995 2661 
7246 2506 3998 3759 
7247 3833 3895 2814 
7248 2212 3805 2209 
7249 3516 4080 3190 
7250 3042 4055 3044 
7251 3060 3967 3332 
7252 3070 3898 3068 
7253 3334 3864 3006 
7254 3275 3723 3403 
7255 3565 3984 2563 
7256 2717 3821 3792 
7257 2643 3968 2631 
7258 2733 3821 2717 
7259 3677 4034 3004 
7260 2688 3885 2779 
7261 3866 3991 2650 
7262 3268 4105 3201 
7263 2982 4027 3405 
7264 4227 4363 3882 
7265 3296 4027 3295 
7266 2540 3976 3690 
7267 3641 4140 4030 
7268 3385 3947 3946 
7269 3077 4007 3814 
7270 3796 4072 3390 
7271 3203 4105 3229 
7272 2220 4388 3416 
7273 3749 3750 2138 
7274 3600 4064 3599 
7275 3810 4136 3165 
7276 200 3841 201 
7277 2393 4057 2369 
7278 3910 4010 3093 
7279 3525 4080 3526 
7280 2603 3887 2588 
7281 3006 3863 2930 
7282 3940 3990 2460 
7283 3879 4017 3909 
7284 3331 4039 2698 
7285 3727 3993 3874 
7286 3844 3926 3364 
7287 3006 3864 3863 
7288 164 4000 163 
7289 3165 4070 3811 
7290 2830 3969 3815 
7291 3315 4355 3545 
7292 2536 4001 3758 
7293 2592 4094 2590 
7294 2543 4029 4009 
7295 2790 4020 3565 
7296 3096 4049 3310 
7297 2817 3832 2821 
7298 3760 4020 3320 
7299 2773 3996 2982 
7300 3582 4319 2162 
7301 2626 4013 2630 
7302 2838 3875 2837 
7303 2859 4004 3381 
7304 2168 4185 4078 
7305 3206 3905 3204 
7306 3890 4024 3976 
7307 3990 4034 3677 
7308 3154 3978 3919 
7309 2445 4407 3454 
7310 2322 3878 3747 
7311 3541 4323 4004 
7312 3143 4014 3141 
7313 3991 4039 3075 
7314 3984 4020 3760 
7315 3929 4009 3091 
7316 4083 4389 2123 
7317 171 4072 170 
7318 3745 4012 3026 
7319 3976 4024 3050 
7320 4058 4090 4032 
7321 3916 3997 3721 
7322 3721 3997 2524 
7323 3047 3969 3809 
7324 3750 4077 2138 
7325 3724 4021 2680 
7326 3154 3919 3034 
7327 3768 4009 3929 
7328 4008 4058 3076 
7329 2617 4397 2619 
7330 3631 4019 3082 
7331 128 4083 127 
7332 4071 4093 3617 
7333 3461 4210 2162 
7334 3097 4033 3998 
7335 2546 4035 3640 
7336 2543 4009 3768 
7337 2431 4338 3606 
7338 4056 4084 3728 
7339 3779 4005 3083 
7340 3294 4026 3994 
7341 2509 4196 3598 
7342 3557 4103 3560 
7343 2874 4062 3095 
7344 171 4230 4072 
7345 3425 4205 3535 
7346 3748 4022 2322 
7347 3584 4179 3163 
7348 3562 4103 3556 
7349 224 4078 223 
7350 2570 4100 2568 
7351 2526 4076 2177 
7352 2175 4076 3009 
7353 2695 4058 4032 
7354 3021 4082 2902 
7355 3064 4097 3858 
7356 3528 4137 2436 
7357 3959 4226 3938 
7358 3621 4195 3754 
7359 4034 4067 3004 
7360 2164 3802 197 
7361 3263 4111 3717 
7362 3424 4061 3314 
7363 2990 4349 3333 
7364 3780 4005 3779 
7365 4020 4064 3320 
7366 3156 4021 3978 
7367 3413 4114 3395 
7368 3174 3820 2892 
7369 2406 4030 2408 
7370 3331 4081 4039 
7371 2371 4089 2373 
7372 3917 4016 3918 
7373 3122 4023 3418 
7374 3807 4011 3292 
7375 3565 4020 3984 
7376 3997 4028 2524 
7377 3273 4107 3081 
7378 4081 4134 2931 
7379 3650 4060 3136 
7380 3386 4015 3385 
7381 2523 4088 3766 
7382 3456 4066 3352 
7383 3389 4055 4024 
7384 2935 4070 4017 
7385 3417 4380 2151 
7386 3044 4099 3043 
7387 3295 4027 3996 
7388 3909 4017 3868 
7389 2923 4026 2393 
7390 4022 4056 3730 
7391 3790 4053 3888 
7392 3935 4038 3942 
7393 3917 3918 2134 
7394 2866 4081 2931 
7395 2732 4328 3413 
7396 4037 4109 3018 
7397 3464 4343 2124 
7398 3455 4313 2759 
7399 2572 4074 2570 
7400 4194 4255 2949 
7401 2814 3895 2585 
7402 3259 4095 3446 
7403 3142 4108 3461 
7404 3773 4029 2543 
7405 2949 4122 2788 
7406 3747 3748 2322 
7407 3352 4066 4028 
7408 3385 4015 3947 
7409 2403 4005 3780 
7410 3252 4049 3829 
7411 3096 3834 3829 
7412 3023 4040 2918 
7413 2965 4053 2897 
7414 2694 4122 2720 
7415 3644 4071 3617 
7416 3541 4117 2764 
7417 3994 4026 2923 
7418 3335 4103 3562 
7419 3809 3969 2830 
7420 2545 4054 3827 
7421 3891 3999 3162 
7422 3868 4017 3309 
7423 2790 4064 4020 
7424 3162 4102 3161 
7425 3801 4010 3910 
7426 3159 4021 3156 
7427 3273 4218 4107 
7428 3684 4062 3392 
7429 3238 4018 3047 
7430 3758 4001 3012 
7431 2608 3948 2607 
7432 3459 4245 3460 
7433 3228 3960 3226 
7434 3337 4171 3729 
7435 3115 4106 3113 
7436 3004 4067 3265 
7437 2450 4115 2744 
7438 2644 4048 2618 
7439 2519 4115 2440 
7440 2981 4118 2883 
7441 3759 4033 2752 
7442 3151 4119 3632 
7443 218 4087 2136 
7444 2321 4047 4010 
7445 2129 3860 3513 
7446 4012 4060 3650 
7447 3998 4033 3759 
7448 3856 4003 3147 
7449 3327 4198 3328 
7450 4019 4057 2393 
7451 3216 3965 3963 
7452 3292 4011 2855 
7453 3456 4112 4066 
7454 2285 4022 2283 
7455 2749 4139 2992 
7456 3744 4410 2115 
7457 3695 4073 3696 
7458 3083 4035 3819 
7459 3145 4037 3131 
7460 2111 4287 3938 
7461 2185 4121 2183 
7462 4066 4112 2334 
7463 2998 4024 3890 
7464 3661 4143 3660 
7465 2696 4116 3967 
7466 3945 4160 3943 
7467 2899 4118 3754 
7468 4242 4396 3019 
7469 2524 4028 3777 
7470 3328 4198 4185 
7471 3340 4167 3173 
7472 4122 4152 3479 
7473 3407 4303 4276 
7474 3940 4034 3990 
7475 3829 4049 3096 
7476 2687 4159 2875 
7477 4033 4061 2752 
7478 125 4138 124 
7479 4125 4376 3848 
7480 3360 3733 3193 
7481 3659 4143 3393 
7482 3076 4058 2695 
7483 128 4321 4083 
7484 3128 4146 3440 
7485 2603 4007 3887 
7486 3754 4195 3298 
7487 2168 4350 4185 
7488 2163 4366 3843 
7489 2631 3968 2628 
7490 3866 4039 3991 
7491 3986 4032 3124 
7492 3574 4051 3573 
7493 2772 4012 3745 
7494 3761 4405 4157 
7495 3086 4059 3084 
7496 3944 4038 3945 
7497 3253 4216 4138 
7498 3269 4126 3057 
7499 2580 3995 2578 
7500 4021 4068 2680 
7501 2614 4069 2660 
7502 3426 4092 3424 
7503 3341 4144 2889 
7504 3056 4126 3126 
7505 2620 4065 2644 
7506 4007 4063 3814 
7507 3471 4357 4183 
7508 2860 4144 2863 
7509 2730 4213 3870 
7510 3731 4147 3166 
7511 3168 3898 3070 
7512 3469 4215 201 
7513 3624 4108 3140 
7514 3900 4162 3901 
7515 3686 4337 3095 
7516 3728 4084 2523 
7517 3817 4075 3662 
7518 3798 4047 2321 
7519 2996 4153 3172 
7520 185 4045 184 
7521 3440 4146 3503 
7522 2609 4038 3944 
7523 3353 4128 3322 
7524 3689 4150 3688 
7525 3505 4250 2149 
7526 3152 4077 3153 
7527 3146 4120 3774 
7528 3201 4105 3203 
7529 3871 4397 3960 
7530 3628 4079 2546 
7531 3810 4187 4136 
7532 3050 4055 3042 
7533 2321 4010 3801 
7534 4047 4086 3145 
7535 3748 4056 4022 
7536 3651 4154 3176 
7537 144 4151 2131 
7538 2157 4151 145 
7539 2464 4369 3413 
7540 2397 4155 2390 
7541 3307 4034 3940 
7542 3450 4247 2135 
7543 3109 4141 3107 
7544 3375 4087 3430 
7545 3260 4056 3748 
7546 2632 4182 2635 
7547 4024 4055 3050 
7548 2937 4149 3238 
7549 3465 4258 2139 
7550 3756 4170 2327 
7551 3212 3905 3206 
7552 2931 4134 3007 
7553 4011 4046 2855 
7554 3761 4157 2276 
7555 3125 4043 3833 
7556 3578 4189 3239 
7557 2628 4013 2626 
7558 3582 4402 4319 
7559 4196 4253 3598 
7560 3908 4044 3881 
7561 4067 4096 3265 
7562 4017 4070 3309 
7563 3968 4013 2628 
7564 2590 4094 2603 
7565 3993 4025 3874 
7566 2680 4068 3783 
7567 2594 4124 2592 
7568 4040 4234 3191 
7569 3307 4067 4034 
7570 2698 4039 3866 
7571 3904 4162 3903 
7572 2270 4246 3447 
7573 3996 4027 2982 
7574 2161 4207 4000 
7575 2163 3841 200 
7576 2162 4319 3461 
7577 2369 4057 2371 
7578 2546 4079 4035 
7579 4029 4071 3644 
7580 3424 4092 4061 
7581 214 4148 2127 
7582 219 4166 218 
7583 3222 4036 3219 
7584 2150 4148 215 
7585 3426 4127 4092 
7586 2630 4104 2624 
7587 2448 4093 4071 
7588 3824 4177 3637 
7589 3560 4116 3559 
7590 2890 4171 3005 
7591 3874 4025 2545 
7592 3851 4050 3849 
7593 2752 4061 3767 
7594 3190 4080 3525 
7595 3628 4113 4079 
7596 4030 4140 3446 
7597 3550 4176 3389 
7598 3599 4064 2790 
7599 3159 4068 4021 
7600 4097 4145 3858 
7601 3528 4180 4137 
7602 2754 4184 3509 
7603 3840 4164 3880 
7604 4116 4265 3967 
7605 2503 4075 3817 
7606 4000 4207 3433 
7607 4129 4134 3332 
7608 2399 4173 2375 
7609 2897 4053 2977 
7610 2232 4169 2223 
7611 3517 4329 2526 
7612 4072 4230 3390 
7613 2221 4169 2536 
7614 4068 4131 3783 
7615 3699 4381 3353 
7616 2187 4175 2185 
7617 3729 4171 2907 
7618 3383 4168 2955 
7619 3529 4180 3528 
7620 2244 4172 2320 
7621 3952 4241 3951 
7622 2703 4172 2246 
7623 3948 4164 3949 
7624 3 4325 192 
7625 4028 4066 3777 
7626 3492 4347 3494 
7627 2855 4046 3718 
7628 3350 4370 3602 
7629 3302 4132 3194 
7630 3600 4091 4064 
7631 3849 4125 3848 
7632 4044 4102 3162 
7633 2765 4208 3473 
7634 3435 4186 3345 
7635 3470 4194 3000 
7636 3343 4186 3406 
7637 2621 4213 2730 
7638 2936 4194 2949 
7639 4039 4081 3075 
7640 3818 4161 3175 
7641 2713 4183 2708 
7642 3617 4093 3164 
7643 3260 4084 4056 
7644 3827 4054 3064 
7645 2448 4071 3773 
7646 3811 4070 2935 
7647 3308 4067 3307 
7648 3214 3992 3409 
7649 3501 4270 3499 
7650 3234 4098 3397 
7651 4060 4100 3689 
7652 2126 4195 3621 
7653 3766 4088 3015 
7654 3563 4158 3013 
7655 3125 4085 4043 
7656 2745 4232 4062 
7657 2377 4188 2379 
7658 224 4325 3 
7659 2600 4299 4197 
7660 2992 4125 3852 
7661 3783 4131 2705 
7662 3583 4179 3584 
7663 203 4399 3749 
7664 196 3802 2111 
7665 3777 4066 2334 
7666 3149 4225 4216 
7667 170 4072 2142 
7668 3653 4200 3246 
7669 3478 4387 2932 
7670 3328 4350 3643 
7671 3124 4090 3237 
7672 223 4078 2166 
7673 2177 4076 2175 
7674 2873 4174 3875 
7675 2269 4183 3769 
7676 2522 4211 3490 
7677 3171 4209 3443 
7678 3 4318 224 
7679 179 4205 2125 
7680 3472 4194 3470 
7681 127 4083 2123 
7682 3460 4112 3458 
7683 3245 4202 3627 
7684 3535 4205 180 
7685 3773 4071 4029 
7686 3169 4068 3159 
7687 3402 4204 2958 
7688 109 4318 3 
7689 3473 4208 3251 
7690 3718 4114 3362 
7691 4111 4349 2990 
7692 3395 4114 4046 
7693 3150 4097 3304 
7694 3249 4208 3729 
7695 3631 4057 4019 
7696 2802 4204 3533 
7697 2568 4100 2772 
7698 4035 4079 3819 
7699 208 4217 207 
7700 3402 4375 4204 
7701 2992 4376 4125 
7702 3870 3871 3228 
7703 2208 4073 3695 
7704 3556 4103 3557 
7705 4101 4226 2879 
7706 159 4210 2116 
7707 2162 4210 160 
7708 3632 4133 3630 
7709 2672 4187 2686 
7710 3987 4041 3408 
7711 3407 4085 3125 
7712 2902 4082 3163 
7713 3224 3988 3221 
7714 3430 4244 3281 
7715 206 4229 207 
7716 3279 4244 3515 
7717 4195 4284 3298 
7718 3438 4159 3439 
7719 4142 4165 3581 
7720 214 4222 215 
7721 3898 4052 2712 
7722 3592 4214 3591 
7723 2122 4230 172 
7724 3303 4084 3260 
7725 3603 4220 2508 
7726 3804 4297 3517 
7727 2661 4223 3837 
7728 2443 4113 3628 
7729 3630 4133 3631 
7730 3308 4096 4067 
7731 3454 4407 3440 
7732 206 4201 2137 
7733 3490 4211 3893 
7734 3331 4134 4081 
7735 3485 4263 3336 
7736 3321 4238 3283 
7737 3808 4181 2965 
7738 2373 4089 2399 
7739 3361 4111 3263 
7740 3396 4130 3232 
7741 3134 4090 4058 
7742 4061 4092 3767 
7743 3371 4170 3723 
7744 4083 4321 3387 
7745 3168 4152 4052 
7746 3369 4224 3262 
7747 2772 4060 4012 
7748 3529 4203 4180 
7749 3477 4257 3449 
7750 4276 4303 3080 
7751 2270 4257 2255 
7752 2257 4257 3477 
7753 2153 4271 3535 
7754 3498 4269 3508 
7755 4075 4209 3662 
7756 2611 4414 3851 
7757 3715 4252 3716 
7758 3248 4206 3700 
7759 3043 4099 3062 
7760 2127 4275 3925 
7761 3767 4092 2876 
7762 3776 4093 2448 
7763 2601 4227 2598 
7764 3081 4107 3422 
7765 2779 4232 2693 
7766 3709 4246 3708 
7767 3018 4109 3300 
7768 4157 4405 3318 
7769 3819 4079 3139 
7770 201 4215 200 
7771 2427 4254 2425 
7772 4079 4113 3139 
7773 2423 4243 2447 
7774 2721 4074 2572 
7775 3798 4086 4047 
7776 4088 4140 3015 
7777 2618 4048 2616 
7778 2863 4274 2762 
7779 2520 4274 2759 
7780 3570 4234 4040 
7781 3075 4081 2866 
7782 3992 4267 3931 
7783 3613 4273 3301 
7784 3366 4276 3079 
7785 3669 4381 3699 
7786 3323 4251 3326 
7787 3510 4132 2532 
7788 3788 4174 3915 
7789 3257 4095 3259 
7790 2744 4262 2458 
7791 115 4281 2135 
7792 3458 4112 3456 
7793 3629 4275 3195 
7794 3835 4330 2232 
7795 2611 3948 2608 
7796 2758 4107 3825 
7797 2938 4044 3908 
7798 2740 4256 3373 
7799 3542 4281 116 
7800 3989 4356 3945 
7801 3165 4136 4070 
7802 3140 4108 3142 
7803 3943 4160 2657 
7804 3451 4096 3308 
7805 205 4248 206 
7806 3925 4275 3629 
7807 2167 4325 3980 
7808 3598 4253 2732 
7809 2139 4258 199 
7810 2713 4307 3472 
7811 198 4258 2164 
7812 4310 4311 3132 
7813 3164 4142 3581 
7814 217 4087 218 
7815 2137 4266 205 
7816 3466 4158 2766 
7817 2788 4122 2694 
7818 3781 4310 3132 
7819 2759 4313 3540 
7820 2217 4388 2220 
7821 3482 4371 2140 
7822 3478 4412 2720 
7823 4092 4127 2876 
7824 3858 4145 2273 
7825 2901 4282 2808 
7826 2389 4279 2391 
7827 2155 4110 3521 
7828 2442 4280 2384 
7829 2970 4163 3941 
7830 3320 4091 3319 
7831 4277 4411 4347 
7832 2118 4316 3589 
7833 211 4295 210 
7834 3356 4294 3429 
7835 3682 4283 3683 
7836 3763 4313 3351 
7837 3596 4332 3595 
7838 3466 4396 3379 
7839 3318 4233 3264 
7840 3838 4249 2528 
7841 3321 4293 4238 
7842 3585 4407 2445 
7843 2635 4300 2637 
7844 3311 4228 3192 
7845 3355 4329 3517 
7846 3673 4135 2357 
7847 3912 4177 3913 
7848 3738 4285 3737 
7849 2143 4321 129 
7850 2670 4159 2687 
7851 3714 4221 2146 
7852 2131 4234 3570 
7853 213 4298 214 
7854 3218 4267 3215 
7855 2440 4115 2450 
7856 3473 4394 2765 
7857 3503 4146 2756 
7858 3935 4353 3989 
7859 2528 4086 3798 
7860 3903 4162 3900 
7861 3149 4216 3253 
7862 3139 4113 3818 
7863 3421 4120 3146 
7864 3339 4197 3252 
7865 2710 4307 2713 
7866 2720 4412 2689 
7867 2764 4117 3337 
7868 3113 4106 3148 
7869 2883 4118 2899 
7870 120 4343 2154 
7871 3839 4413 3840 
7872 209 4296 2121 
7873 2124 4343 121 
7874 3168 4052 3898 
7875 3660 4143 3659 
7876 3412 4261 3742 
7877 2603 4063 4007 
7878 3487 4191 2537 
7879 4074 4150 3689 
7880 3461 4319 3342 
7881 3589 4311 3588 
7882 2465 4203 3529 
7883 2772 4100 4060 
7884 2140 4371 186 
7885 3117 4322 3115 
7886 4048 4069 2616 
7887 3589 4322 4311 
7888 3657 4240 3658 
7889 3422 4364 2994 
7890 3871 3960 3228 
7891 2622 4065 2620 
7892 3941 4102 2938 
7893 194 3973 193 
7894 2455 4335 2430 
7895 2732 4369 2418 
7896 2420 4369 2464 
7897 3560 4265 4116 
7898 2432 4386 2434 
7899 223 4250 3980 
7900 3558 4218 3958 
7901 4032 4090 3124 
7902 3063 4139 2749 
7903 3353 4290 3699 
7904 2616 4069 2614 
7905 2433 4338 2431 
7906 3285 4302 3282 
7907 3697 4345 3661 
7908 2813 4342 2993 
7909 203 4324 2114 
7910 2390 4192 2386 
7911 3150 4145 4097 
7912 3517 4297 3341 
7913 4107 4218 3825 
7914 3860 4382 3514 
7915 3626 4119 3151 
7916 3751 4399 2113 
7917 3008 4382 3860 
7918 3230 3870 3228 
7919 3095 4337 2979 
7920 3021 4327 3593 
7921 209 4345 3697 
7922 3383 4212 4168 
7923 2119 4345 208 
7924 3326 4247 3861 
7925 3398 4359 2673 
7926 2968 4370 3350 
7927 3007 4129 3335 
7928 3074 4355 3315 
7929 3241 4370 2966 
7930 2683 4412 2932 
7931 2429 4374 2452 
7932 2183 4121 2392 
7933 3387 4320 3329 
7934 3710 4383 3572 
7935 3015 4140 3641 
7936 4062 4232 3392 
7937 3173 4167 3428 
7938 199 4366 2163 
7939 2144 4351 3597 
7940 3166 4147 3672 
7941 2134 4366 198 
7942 2765 4394 2517 
7943 2555 4301 3562 
7944 3743 4327 3021 
7945 3581 4165 3240 
7946 3414 4132 3510 
7947 3284 4368 3338 
7948 3688 4150 3365 
7949 3444 4362 3368 
7950 2276 4157 3970 
7951 3304 4097 4054 
7952 4093 4142 3164 
7953 3460 4245 4121 
7954 2140 4294 3482 
7955 4027 4123 3405 
7956 3208 4308 3212 
7957 3785 4116 2696 
7958 3169 4131 4068 
7959 3409 4308 3210 
7960 4023 4401 3418 
7961 4145 4190 2273 
7962 3923 4242 2328 
7963 2876 4127 3775 
7964 3880 4164 3850 
7965 3057 4126 3056 
7966 4091 4137 3319 
7967 4064 4091 3320 
7968 3024 4408 3886 
7969 3647 4331 3648 
7970 3696 4289 2967 
7971 3241 4209 4075 
7972 2864 4375 2778 
7973 3211 3965 3216 
7974 124 4138 2155 
7975 3675 4145 3150 
7976 3788 4392 3787 
7977 3952 4413 4241 
7978 3257 4156 4095 
7979 3194 4132 3414 
7980 3567 4400 2115 
7981 2539 4406 3649 
7982 3527 4146 3128 
7983 3860 4334 3859 
7984 4131 4178 2705 
7985 221 4268 2149 
7986 4086 4109 3145 
7987 3296 4123 4027 
7988 4187 4238 2686 
7989 4119 4173 2399 
7990 3481 4294 2140 
7991 3902 3992 2728 
7992 2544 4165 4142 
7993 3442 4212 3383 
7994 3440 4407 3270 
7995 197 3802 196 
7996 3322 4128 3367 
7997 3882 4363 3174 
7998 3174 4241 3820 
7999 3533 4372 3534 
8000 3426 4271 4127 
8001 2705 4178 3853 
8002 3265 4237 3412 
8003 3219 4036 3218 
8004 2766 4158 3563 
8005 4003 4406 2539 
8006 4063 4094 3339 
8007 3948 4315 4164 
8008 3111 4346 3109 
8009 2273 4190 3847 
8010 2889 4144 2860 
8011 2622 4104 4065 
8012 3472 4255 4194 
8013 3332 4134 3331 
8014 2544 4142 3776 
8015 3368 4153 2996 
8016 3145 4109 4037 
8017 4046 4114 3718 
8018 3680 4336 3884 
8019 3699 4290 2303 
8020 3548 4176 3550 
8021 2629 4182 2632 
8022 3676 4373 2151 
8023 3776 4142 4093 
8024 4051 4282 2901 
8025 2603 4094 4063 
8026 3911 4401 2456 
8027 2600 4124 2594 
8028 3319 4137 3786 
8029 3433 4207 3434 
8030 220 4288 219 
8031 3367 4293 3321 
8032 3107 4141 3358 
8033 2983 4149 2937 
8034 3176 4154 3189 
8035 3625 4236 3626 
8036 3394 4191 3487 
8037 2508 4155 2397 
8038 4150 4193 3365 
8039 3409 3992 3902 
8040 3790 4368 4053 
8041 2624 4104 2622 
8042 2328 4360 3838 
8043 3298 4284 3799 
8044 4085 4223 4043 
8045 2465 4260 4203 
8046 145 4151 144 
8047 3631 4133 4089 
8048 2386 4192 2443 
8049 3683 4409 3238 
8050 4159 4300 3439 
8051 4054 4097 3064 
8052 3509 4260 2465 
8053 2629 4359 4182 
8054 2149 4250 222 
8055 4 4002 3962 
8056 2132 4402 3582 
8057 3778 4165 2544 
8058 3381 4158 3466 
8059 3255 4156 3257 
8060 4158 4323 3013 
8061 215 4148 214 
8062 2320 4385 3725 
8063 3175 4161 3369 
8064 3845 4372 3533 
8065 3309 4136 2666 
8066 4053 4368 2977 
8067 2113 4399 202 
8068 3982 4291 3979 
8069 3675 4190 4145 
8070 3589 4316 4106 
8071 3454 4348 2445 
8072 2110 4031 3955 
8073 2612 4414 2611 
8074 3463 4261 2154 
8075 4112 4175 2334 
8076 4087 4339 2136 
8077 2907 4171 2890 
8078 2129 4334 3860 
8079 185 4371 4045 
8080 218 4166 2133 
8081 2965 4391 4053 
8082 3574 4342 4282 
8083 3899 4131 3169 
8084 2117 4179 3583 
8085 2456 4401 4023 
8086 3483 4350 2168 
8087 3350 4305 3346 
8088 4190 4235 3847 
8089 4169 4361 2536 
8090 4085 4276 3366 
8091 3812 4333 2873 
8092 3243 4098 3234 
8093 2137 4201 4147 
8094 2223 4169 2221 
8095 2375 4173 2377 
8096 4253 4328 2732 
8097 2135 4247 3512 
8098 3854 4157 3318 
8099 3315 4259 3313 
8100 3214 4267 3992 
8101 3230 4130 3870 
8102 2955 4168 3134 
8103 2334 4175 2187 
8104 4070 4136 3309 
8105 4055 4176 3044 
8106 4053 4391 3888 
8107 4155 4224 3369 
8108 3574 4282 4051 
8109 2879 4226 3959 
8110 2246 4172 2244 
8111 3606 4374 2431 
8112 4378 4393 3762 
8113 3875 4174 3788 
8114 2619 4213 2621 
8115 3365 4193 3366 
8116 3163 4179 3384 
8117 3240 4199 3578 
8118 4178 4231 3853 
8119 4137 4180 3786 
8120 3893 4211 3317 
8121 3672 4272 3671 
8122 4284 4358 3799 
8123 4165 4199 3240 
8124 4138 4216 2155 
8125 4049 4299 3310 
8126 3401 4314 3311 
8127 2721 4193 4150 
8128 3543 4259 3315 
8129 3311 4314 4228 
8130 2673 4359 2627 
8131 3405 4312 3371 
8132 3723 4170 3403 
8133 3404 4248 4077 
8134 3516 4298 4080 
8135 2130 4237 3542 
8136 2938 4102 4044 
8137 2537 4191 3592 
8138 3615 4326 3614 
8139 4036 4353 3934 
8140 3072 4181 3808 
8141 3597 4351 4141 
8142 3161 4228 2786 
8143 3508 4184 2754 
8144 4120 4335 2455 
8145 3460 4175 4112 
8146 4269 4270 3376 
8147 3255 4196 4156 
8148 3242 4190 3675 
8149 2708 4183 2269 
8150 3000 4194 2936 
8151 4342 4383 2993 
8152 3239 4189 3615 
8153 4090 4168 3237 
8154 4204 4375 3316 
8155 4177 4392 3913 
8156 3366 4223 4085 
8157 3302 4283 4132 
8158 3786 4180 3188 
8159 2904 4177 3824 
8160 4216 4225 4110 
8161 4136 4187 2666 
8162 4089 4133 2399 
8163 3610 4365 3611 
8164 4347 4411 3494 
8165 3222 4353 4036 
8166 3345 4186 3343 
8167 3358 4378 3762 
8168 3637 4177 3912 
8169 2670 4300 4159 
8170 2379 4188 2442 
8171 4168 4212 3237 
8172 3752 4239 3196 
8173 3235 3988 3224 
8174 3820 4241 2919 
8175 4146 4256 2756 
8176 2774 4394 3474 
8177 4099 4355 3062 
8178 3386 4264 4015 
8179 3192 4163 2970 
8180 4013 4304 2630 
8181 4001 4361 3846 
8182 3627 4236 3625 
8183 3296 4330 4123 
8184 3671 4272 3653 
8185 3778 4199 4165 
8186 3698 4305 3350 
8187 3246 4200 3411 
8188 4164 4315 3850 
8189 2447 4243 4189 
8190 3442 4309 4212 
8191 3580 4195 2126 
8192 2154 4261 3518 
8193 2145 4291 4 
8194 3837 4193 2721 
8195 4052 4307 2712 
8196 3377 4291 3982 
8197 4124 4197 3339 
8198 2598 4384 2596 
8199 3313 4259 3423 
8200 3899 4178 4131 
8201 4180 4203 3188 
8202 4106 4316 3148 
8203 3740 4149 3680 
8204 3242 4235 4190 
8205 3237 4212 3731 
8206 3853 4231 2671 
8207 3232 4130 3230 
8208 3474 4394 3473 
8209 3375 4339 4087 
8210 3254 4196 3255 
8211 2316 4240 3864 
8212 3611 4202 3245 
8213 4202 4280 2442 
8214 3134 4168 4090 
8215 3915 4174 3873 
8216 4184 4302 3285 
8217 2958 4204 2802 
8218 2666 4187 2672 
8219 3700 4206 2901 
8220 3389 4176 4055 
8221 3507 4211 2522 
8222 3025 4406 3856 
8223 2121 4296 4200 
8224 3847 4235 2541 
8225 3251 4208 3249 
8226 2121 4217 208 
8227 3648 4331 4166 
8228 2721 4150 4074 
8229 4185 4198 2166 
8230 3244 4178 3899 
8231 180 4205 179 
8232 3591 4214 2455 
8233 4211 4348 3317 
8234 3958 4218 3273 
8235 4050 4125 3849 
8236 2447 4199 3778 
8237 3658 4240 2316 
8238 4050 4414 2660 
8239 4351 4378 3358 
8240 3662 4209 3171 
8241 3527 4256 4146 
8242 3336 4221 3327 
8243 3731 4309 4147 
8244 3401 4408 4314 
8245 3810 4238 4187 
8246 2166 4198 3714 
8247 3851 4315 2611 
8248 4086 4249 4109 
8249 3411 4380 3363 
8250 160 4210 159 
8251 3838 4360 4249 
8252 2731 4219 3603 
8253 4127 4382 3775 
8254 222 4250 223 
8255 3584 4207 2161 
8256 207 4229 2119 
8257 207 4201 206 
8258 4283 4409 3683 
8259 3188 4203 3794 
8260 3488 4225 3149 
8261 3447 4246 3448 
8262 3668 4235 3242 
8263 4235 4286 2541 
8264 3381 4323 4158 
8265 215 4222 2128 
8266 3938 4226 3939 
8267 2148 4251 3643 
8268 3521 4344 2124 
8269 3283 4238 3810 
8270 3252 4197 4049 
8271 4110 4225 3475 
8272 3851 4414 4050 
8273 3799 4358 3247 
8274 2452 4374 4273 
8275 3191 4234 3419 
8276 4 4291 3377 
8277 4270 4339 3376 
8278 3803 4398 3372 
8279 3254 4253 4196 
8280 2606 4227 2601 
8281 2541 4286 3831 
8282 4132 4283 2532 
8283 3262 4224 3361 
8284 3626 4173 4119 
8285 3708 4246 2270 
8286 3196 4239 3374 
8287 3864 4240 3863 
8288 3281 4244 3279 
8289 3762 4393 3370 
8290 172 4230 171 
8291 3268 4278 4105 
8292 3238 4409 4018 
8293 3501 4268 220 
8294 3012 4362 2704 
8295 4179 4352 3384 
8296 3843 4278 3268 
8297 3580 4284 4195 
8298 2693 4232 2745 
8299 2117 4352 4179 
8300 2255 4257 2257 
8301 3511 4251 2148 
8302 3870 4213 3871 
8303 4147 4201 3672 
8304 3244 4231 4178 
8305 3945 4356 4160 
8306 3717 4252 3715 
8307 4256 4364 3373 
8308 3371 4312 4170 
8309 3013 4323 3541 
8310 3861 4247 3450 
8311 4167 4304 3428 
8312 2443 4192 4161 
8313 3453 4389 3330 
8314 200 4215 2139 
8315 3720 4361 4169 
8316 3380 4242 3923 
8317 2425 4243 2423 
8318 2452 4254 2427 
8319 220 4268 221 
8320 4331 4379 2133 
8321 4078 4185 2166 
8322 3500 4268 3501 
8323 4080 4298 2120 
8324 3823 4395 3359 
8325 4393 4410 3370 
8326 3648 4263 3485 
8327 4152 4255 4052 
8328 4203 4260 3794 
8329 3856 4406 4003 
8330 3763 4305 2504 
8331 2303 4290 3789 
8332 3733 4287 3802 
8333 3370 4410 3744 
8334 2125 4259 3543 
8335 3643 4251 3323 
8336 3362 4253 3254 
8337 2458 4262 2466 
8338 4109 4249 3300 
8339 2124 4344 4006 
8340 3264 4233 3971 
8341 3980 4250 3505 
8342 3626 4236 4188 
8343 2904 4392 4177 
8344 2756 4256 2740 
8345 3742 4261 3463 
8346 3918 4278 2134 
8347 3499 4269 3498 
8348 3079 4276 3080 
8349 3668 4286 4235 
8350 3514 4271 2153 
8351 3301 4273 3606 
8352 3353 4381 4128 
8353 199 4258 198 
8354 4286 4341 3831 
8355 3195 4275 3537 
8356 3215 4267 3214 
8357 2762 4274 2520 
8358 3507 4348 4211 
8359 4077 4248 2138 
8360 4304 4387 3428 
8361 3794 4260 3285 
8362 2138 4248 205 
8363 2731 4372 4219 
8364 3428 4387 3478 
8365 2532 4283 3682 
8366 4231 4292 2671 
8367 4238 4293 2686 
8368 205 4266 204 
8369 2671 4292 3907 
8370 4073 4289 3696 
8371 3408 4303 3407 
8372 4252 4385 2320 
8373 3614 4326 3613 
8374 3932 4231 3244 
8375 2146 4288 220 
8376 3537 4277 3536 
8377 4043 4223 2661 
8378 4245 4390 4297 
8379 4015 4264 3399 
8380 4219 4349 4220 
8381 4262 4327 2466 
8382 2808 4282 2811 
8383 4163 4228 3161 
8384 4212 4309 3731 
8385 2630 4304 4167 
8386 2536 4361 4001 
8387 2133 4379 3674 
8388 3737 4285 2216 
8389 2384 4280 2389 
8390 2637 4300 2670 
8391 116 4281 115 
8392 2391 4279 2457 
8393 4141 4351 3358 
8394 4245 4297 2392 
8395 2526 4329 4076 
8396 2686 4293 3885 
8397 3333 4349 4219 
8398 3850 4315 3851 
8399 2160 4284 3580 
8400 2786 4314 3894 
8401 3346 4305 3763 
8402 4228 4314 2786 
8403 3310 4299 3883 
8404 2606 4363 4227 
8405 3482 4294 3356 
8406 3299 4286 3668 
8407 3443 4289 3444 
8408 2151 4295 211 
8409 3651 4306 4154 
8410 3330 4389 3387 
8411 3407 4276 4085 
8412 4045 4334 2129 
8413 3904 4367 3905 
8414 3317 4348 3454 
8415 4241 4413 2919 
8416 2152 4306 3687 
8417 3789 4290 3338 
8418 3634 4301 2555 
8419 2122 4354 4230 
8420 192 4325 2167 
8421 4292 4367 3907 
8422 4379 4411 3674 
8423 3588 4311 3587 
8424 3905 4367 3306 
8425 4266 4324 204 
8426 2392 4297 3804 
8427 2504 4305 3698 
8428 3967 4265 3332 
8429 3338 4290 3353 
8430 193 3973 2145 
8431 3044 4404 4099 
8432 3282 4302 3376 
8433 2120 4298 213 
8434 4161 4192 3369 
8435 3363 4380 3417 
8436 3380 4396 4242 
8437 210 4296 209 
8438 2712 4307 2710 
8439 2155 4216 4110 
8440 2168 4318 109 
8441 3299 4341 4286 
8442 3587 4311 4310 
8443 3587 4310 2143 
8444 4282 4342 2811 
8445 4311 4322 3132 
8446 2156 4378 3553 
8447 3612 4365 3610 
8448 2779 4377 4232 
8449 2160 4358 4284 
8450 2508 4224 4155 
8451 3595 4316 2118 
8452 3342 4319 3344 
8453 3287 4385 3717 
8454 3351 4313 3455 
8455 4096 4237 3265 
8456 3132 4322 3117 
8457 2156 4393 4378 
8458 129 4321 128 
8459 3329 4320 3781 
8460 3444 4289 4073 
8461 3719 4330 3296 
8462 3429 4329 3355 
8463 3884 4336 3636 
8464 3376 4339 3375 
8465 4181 4391 2965 
8466 4277 4347 3536 
8467 3951 4363 2606 
8468 224 4318 4078 
8469 2430 4335 2432 
8470 2466 4327 3743 
8471 3963 4031 2110 
8472 3148 4346 3111 
8473 3448 4333 3812 
8474 204 4324 203 
8475 3493 4331 3647 
8476 3674 4411 2150 
8477 3654 4341 3299 
8478 2456 4338 2433 
8479 3597 4332 3596 
8480 3831 4341 2279 
8481 4114 4328 3362 
8482 3877 4304 4013 
8483 4341 4395 2279 
8484 3377 4002 4 
8485 2279 4395 3823 
8486 3934 4353 3935 
8487 2327 4312 3770 
8488 3961 4352 2117 
8489 4319 4402 3344 
8490 2979 4337 3144 
8491 3932 4292 4231 
8492 3493 4379 4331 
8493 2445 4348 3507 
8494 2627 4359 2629 
8495 3769 4357 2539 
8496 3558 4340 4218 
8497 4285 4388 2216 
8498 3332 4265 4129 
8499 3612 4398 4365 
8500 2811 4342 2813 
8501 4176 4404 3044 
8502 121 4343 120 
8503 3989 4353 3222 
8504 3859 4334 3357 
8505 4254 4326 3615 
8506 4006 4344 3475 
8507 3825 4340 2769 
8508 3536 4347 2957 
8509 3210 4308 3208 
8510 2600 4197 4124 
8511 4170 4312 2327 
8512 208 4345 209 
8513 3386 4352 3961 
8514 4217 4272 3672 
8515 3306 4292 3932 
8516 3361 4349 4111 
8517 3534 4372 2731 
8518 3392 4377 3391 
8519 3360 4287 3733 
8520 3362 4328 4253 
8521 3372 4398 3612 
8522 3384 4352 3386 
8523 3306 4367 4292 
8524 2994 4364 3527 
8525 3300 4360 3579 
8526 3802 4287 2111 
8527 3062 4355 3074 
8528 3622 4358 2160 
8529 2596 4384 2600 
8530 3390 4354 3388 
8531 3357 4334 4045 
8532 3341 4390 4144 
8533 2528 4249 4086 
8534 4314 4408 3894 
8535 3421 4335 4120 
8536 2418 4369 2420 
8537 2115 4410 3564 
8538 3848 4376 3354 
8539 3318 4405 4233 
8540 3494 4379 3493 
8541 3846 4361 3720 
8542 186 4371 185 
8543 2977 4368 3284 
8544 4139 4376 2992 
8545 3611 4365 4279 
8546 3654 4395 4341 
8547 2966 4370 2968 
8548 3548 4404 4176 
8549 2457 4398 3803 
8550 2431 4374 2429 
8551 3316 4375 2864 
8552 198 4366 199 
8553 3572 4383 3574 
8554 2657 4397 2617 
8555 2434 4386 2463 
8556 4121 4245 2392 
8557 3649 4406 3025 
8558 2216 4388 2217 
8559 4153 4362 3012 
8560 4004 4323 3381 
8561 4076 4329 3429 
8562 2932 4387 3877 
8563 3568 4400 3567 
8564 3725 4385 3287 
8565 3475 4344 4110 
8566 4166 4331 2133 
8567 3002 4381 3669 
8568 3379 4396 3380 
8569 4103 4403 3560 
8570 202 4399 203 
8571 4041 4303 3408 
8572 4003 4357 3471 
8573 3775 4382 3008 
8574 3546 4404 3548 
8575 2517 4394 2774 
8576 3907 4367 3904 
8577 2539 4357 4003 
8578 3359 4395 3654 
8579 2919 4413 3839 
8580 4365 4398 2457 
8581 2949 4255 4152 
8582 4147 4309 2137 
8583 4110 4344 3521 
8584 2689 4412 2683 
8585 3344 4402 3431 
8586 2660 4414 2612 
8587 3494 4411 4379 
8588 3787 4392 2904 
8589 3413 4328 4114 
8590 2554 4405 3761 
8591 4135 4337 3686 
8592 3888 4391 3656 
8593 3564 4393 2156 
8594 3270 4407 3585 
8595 3553 4351 2144 
8596 4128 4381 3002 
8597 3925 4373 3676 
8598 3894 4408 3024 
8599 3387 4389 4083 
8600 3327 4221 4198 
8601 3553 4378 4351 
8602 3288 4401 3911 
8603 3564 4410 4393 
8604 4188 4236 2442 
8605 4189 4243 3615 
8606 4198 4221 3714 
8607 4129 4403 3335 
8608 3335 4403 4103 
8609 4219 4220 3603 
8610 4105 4278 3918 
8611 3988 4356 3989 
8612 4154 4306 2152 
8613 4099 4404 3546 
8614 4078 4318 2168 
8615 3877 4387 4304 
8616 4018 4409 3302 
8617 3508 4302 4184 
8618 3192 4228 4163 
8619 3973 3974 2145 
8620 3499 4270 4269 
8621 4295 4380 3411 
8622 4249 4360 3300 
8623 2611 4315 3948 
8624 4220 4349 3361 
8625 4200 4296 3411 
8626 4160 4356 3235 
8627 3656 4391 4181 
8628 3144 4337 4135 
8629 3574 4383 4342 
8630 3611 4280 4202 
8631 2121 4272 4217 
8632 3302 4409 4283 
8633 3527 4364 4256 
8634 4263 4288 2146 
8635 4144 4390 3459 
8636 3368 4362 4153 
8637 4297 4390 3341 
8638 3648 4288 4263 
8639 3354 4376 4139 
8640 4265 4403 4129 
8641 4185 4350 3328 
8642 2452 4326 4254 
8643 3560 4403 4265 
8644 4218 4340 3825 
8645 2136 4339 4270 
8646 4230 4354 3390 
8647 4232 4377 3392 
8648 2150 4411 4277 
8649 3781 4320 4310 
8650 3459 4390 4245 
8651 3235 4356 3988 
8652 4310 4320 2143 
8653 4233 4405 2554 
8654 2600 4384 4299 
8655 4332 4346 3148 
8656 3717 4385 4252 
8657 4273 4374 3606 
8658 4279 4365 2457 
8659 3391 4377 4317 
8660 4299 4384 3883 
8661 3597 4346 4332 
8662 2151 4380 4295 
8663 4317 4377 2779 
2 6 2 313
8664 4481 4482 150 
8665 150 4482 151 
8666 170 4484 4480 
8667 4479 4483 131 
8668 169 4484 170 
8669 131 4483 132 
8670 189 4486 4478 
8671 4477 4485 112 
8672 188 4486 189 
8673 112 4485 113 
8674 123 4487 4475 
8675 4476 4488 178 
8676 122 4487 123 
8677 178 4488 179 
8678 4473 4489 159 
8679 142 4490 4474 
8680 141 4490 142 
8681 159 4489 160 
8682 161 4489 4471 
8683 4472 4490 140 
8684 160 4489 161 
8685 140 4490 141 
8686 180 4488 4470 
8687 4469 4487 121 
8688 114 4485 4468 
8689 4467 4486 187 
8690 179 4488 180 
8691 121 4487 122 
8692 4465 4484 168 
8693 133 4483 4466 
8694 113 4485 114 
8695 187 4486 188 
8696 152 4482 4464 
8697 4463 4481 149 
8698 132 4483 133 
8699 168 4484 169 
8700 171 4480 4461 
8701 4462 4479 130 
8702 151 4482 152 
8703 149 4481 150 
8704 190 4478 4460 
8705 4459 4477 111 
8706 170 4480 171 
8707 130 4479 131 
8708 4457 4476 177 
8709 124 4475 4458 
8710 4455 4473 158 
8711 143 4474 4456 
8712 189 4478 190 
8713 111 4477 112 
8714 162 4471 4453 
8715 4454 4472 139 
8716 177 4476 178 
8717 123 4475 124 
8718 181 4470 4452 
8719 4451 4469 120 
8720 158 4473 159 
8721 142 4474 143 
8722 115 4468 4449 
8723 4450 4467 186 
8724 161 4471 162 
8725 139 4472 140 
8726 134 4466 4447 
8727 4448 4465 167 
8728 153 4464 4446 
8729 4445 4463 148 
8730 180 4470 181 
8731 120 4469 121 
8732 172 4461 4444 
8733 4443 4462 129 
8734 114 4468 115 
8735 186 4467 187 
8736 4442 4459 110 
8737 191 4460 4441 
8738 133 4466 134 
8739 167 4465 168 
8740 125 4458 4439 
8741 4440 4457 176 
8742 144 4456 4437 
8743 4438 4455 157 
8744 152 4464 153 
8745 148 4463 149 
8746 163 4453 4435 
8747 4436 4454 138 
8748 171 4461 172 
8749 129 4462 130 
8750 182 4452 4434 
8751 4433 4451 119 
8752 116 4449 4431 
8753 4432 4450 185 
8754 110 4459 111 
8755 190 4460 191 
8756 135 4447 4429 
8757 4430 4448 166 
8758 124 4458 125 
8759 176 4457 177 
8760 154 4446 4427 
8761 4428 4445 147 
8762 4425 4443 128 
8763 173 4444 4426 
8764 143 4456 144 
8765 157 4455 158 
8766 192 4441 4423 
8767 4424 4442 109 
8768 162 4453 163 
8769 138 4454 139 
8770 4421 4440 175 
8771 126 4439 4422 
8772 145 4437 4419 
8773 4420 4438 156 
8774 181 4452 182 
8775 119 4451 120 
8776 4417 4436 137 
8777 164 4435 4418 
8778 183 4434 4416 
8779 4415 4433 118 
8780 115 4449 116 
8781 185 4450 186 
8782 117 4431 4415 
8783 4416 4432 184 
8784 4418 4430 165 
8785 136 4429 4417 
8786 155 4427 4420 
8787 4419 4428 146 
8788 174 4426 4421 
8789 4422 4425 127 
8790 4423 4424 3 
8791 166 4448 167 
8792 134 4447 135 
8793 153 4446 154 
8794 147 4445 148 
8795 128 4443 129 
8796 172 4444 173 
8797 191 4441 192 
8798 109 4442 110 
8799 175 4440 176 
8800 125 4439 126 
8801 144 4437 145 
8802 156 4438 157 
8803 163 4435 164 
8804 137 4436 138 
8805 182 4434 183 
8806 118 4433 119 
8807 116 4431 117 
8808 184 4432 185 
8809 4415 4431 12 
8810 72 4432 4416 
8811 55 4430 4418 
8812 4417 4429 29 
8813 4420 4427 46 
8814 38 4428 4419 
8815 13 4433 4415 
8816 4416 4434 71 
8817 21 4425 4422 
8818 4421 4426 63 
8819 1 4424 4423 
8820 30 4436 4417 
8821 4418 4435 54 
8822 165 4430 166 
8823 135 4429 136 
8824 4419 4437 37 
8825 47 4438 4420 
8826 154 4427 155 
8827 146 4428 147 
8828 4422 4439 20 
8829 64 4440 4421 
8830 4423 4441 79 
8831 5 4442 4424 
8832 173 4426 174 
8833 127 4425 128 
8834 22 4443 4425 
8835 4426 4444 62 
8836 4427 4446 45 
8837 39 4445 4428 
8838 3 4424 109 
8839 192 4423 3 
8840 4429 4447 28 
8841 56 4448 4430 
8842 4431 4449 11 
8843 73 4450 4432 
8844 126 4422 127 
8845 174 4421 175 
8846 14 4451 4433 
8847 4434 4452 70 
8848 4435 4453 53 
8849 31 4454 4436 
8850 4437 4456 36 
8851 48 4455 4438 
8852 145 4419 146 
8853 155 4420 156 
8854 4439 4458 19 
8855 65 4457 4440 
8856 6 4459 4442 
8857 4441 4460 78 
8858 164 4418 165 
8859 136 4417 137 
8860 4444 4461 61 
8861 23 4462 4443 
8862 40 4463 4445 
8863 4446 4464 44 
8864 4447 4466 27 
8865 57 4465 4448 
8866 117 4415 118 
8867 183 4416 184 
8868 74 4467 4450 
8869 4449 4468 10 
8870 13 4415 12 
8871 72 4416 71 
8872 15 4469 4451 
8873 4452 4470 69 
8874 4453 4471 52 
8875 32 4472 4454 
8876 49 4473 4455 
8877 4456 4474 35 
8878 66 4476 4457 
8879 4458 4475 18 
8880 30 4417 29 
8881 55 4418 54 
8882 7 4477 4459 
8883 4460 4478 77 
8884 24 4479 4462 
8885 4461 4480 60 
8886 41 4481 4463 
8887 4464 4482 43 
8888 58 4484 4465 
8889 4466 4483 26 
8890 4468 4485 9 
8891 75 4486 4467 
8892 38 4419 37 
8893 47 4420 46 
8894 16 4487 4469 
8895 4470 4488 68 
8896 4471 4489 51 
8897 33 4490 4472 
8898 50 4489 4473 
8899 4474 4490 34 
8900 4475 4487 17 
8901 67 4488 4476 
8902 8 4485 4477 
8903 4478 4486 76 
8904 25 4483 4479 
8905 4480 4484 59 
8906 42 4482 4481 
8907 64 4421 63 
8908 21 4422 20 
8909 5 4424 1 
8910 1 4423 79 
8911 22 4425 21 
8912 63 4426 62 
8913 46 4427 45 
8914 39 4428 38 
8915 56 4430 55 
8916 29 4429 28 
8917 12 4431 11 
8918 73 4432 72 
8919 71 4434 70 
8920 14 4433 13 
8921 54 4435 53 
8922 31 4436 30 
8923 48 4438 47 
8924 37 4437 36 
8925 20 4439 19 
8926 65 4440 64 
8927 79 4441 78 
8928 6 4442 5 
8929 62 4444 61 
8930 23 4443 22 
8931 40 4445 39 
8932 45 4446 44 
8933 28 4447 27 
8934 57 4448 56 
8935 11 4449 10 
8936 74 4450 73 
8937 15 4451 14 
8938 70 4452 69 
8939 32 4454 31 
8940 53 4453 52 
8941 36 4456 35 
8942 49 4455 48 
8943 66 4457 65 
8944 19 4458 18 
8945 7 4459 6 
8946 78 4460 77 
8947 24 4462 23 
8948 61 4461 60 
8949 41 4463 40 
8950 44 4464 43 
8951 58 4465 57 
8952 27 4466 26 
8953 75 4467 74 
8954 10 4468 9 
8955 16 4469 15 
8956 69 4470 68 
8957 52 4471 51 
8958 33 4472 32 
8959 50 4473 49 
8960 35 4474 34 
8961 18 4475 17 
8962 67 4476 66 
8963 77 4478 76 
8964 8 4477 7 
8965 25 4479 24 
8966 60 4480 59 
8967 42 4481 41 
8968 43 4482 42 
8969 59 4484 58 
8970 26 4483 25 
8971 9 4485 8 
8972 76 4486 75 
8973 17 4487 16 
8974 68 4488 67 
8975 34 4490 33 
8976 51 4489 50 
3 1 4 13377
8977 3786 4137 1848 990 
8978 1724 4162 3900 3903 
8979 2186 1344 3529 2184 
8980 120 4451 119 2154 
8981 4410 1990 2115 2088 
8982 4091 986 1848 2099 
8983 2188 893 2436 2059 
8984 2831 956 2833 1890 
8985 4083 1431 2123 4389 
8986 524 2724 2723 523 
8987 304 2859 2044 306 
8988 3464 270 2154 3463 
8989 1078 3002 4128 4381 
8990 2004 267 3468 1381 
8991 683 632 2508 630 
8992 640 639 638 3533 
8993 1014 2427 1527 1526 
8994 3114 881 3239 3112 
8995 2960 1251 1293 1546 
8996 3345 3343 4186 1232 
8997 4311 1440 3588 1438 
8998 166 4448 2117 167 
8999 4292 4231 2671 1108 
9000 2466 2458 1254 4262 
9001 4115 1995 2744 3406 
9002 3345 1233 2015 3431 
9003 3336 3325 1612 284 
9004 3569 4456 2131 143 
9005 673 4115 2440 2519 
9006 1234 3345 3432 3435 
9007 4115 1995 2450 2744 
9008 4210 4489 1428 2162 
9009 2779 942 1120 1883 
9010 1536 1830 2467 2470 
9011 694 1479 2332 2054 
9012 3158 1288 1347 1286 
9013 884 3030 965 1166 
9014 3714 106 281 4495 
9015 2691 2738 567 3793 
9016 1775 2633 2632 2634 
9017 1899 1536 2470 663 
9018 3565 3984 784 2563 
9019 1346 667 2533 2480 
9020 3704 1245 2761 1282 
9021 2509 672 2414 1521 
9022 1544 683 4155 630 
9023 650 2003 2475 647 
9024 4454 1341 31 4436 
9025 241 2130 3412 4237 
9026 650 2003 2478 2475 
9027 650 667 2480 2478 
9028 1346 667 2071 2533 
9029 2927 1552 1196 3247 
9030 4071 4093 616 3617 
9031 2394 447 294 296 
9032 1247 3946 1246 3947 
9033 3739 654 652 2481 
9034 494 2586 2584 493 
9035 1830 643 641 2469 
9036 2999 1082 1876 1840 
9037 2829 939 1890 2832 
9038 1745 1313 226 3963 
9039 654 653 652 2481 
9040 2468 1830 641 2469 
9041 2109 2466 1254 1670 
9042 2490 660 3608 1994 
9043 452 445 2392 448 
9044 4478 76 4486 1381 
9045 665 2488 1350 1281 
9046 2494 1305 3523 3817 
9047 1326 1870 4461 4230 
9048 4502 742 757 1535 
9049 3803 2457 2398 1978 
9050 270 1901 2154 3463 
9051 1827 3029 1515 3176 
9052 3334 3007 769 3335 
9053 1038 3169 3170 1039 
9054 1644 3737 2706 3738 
9055 2485 2487 665 2486 
9056 3964 1745 1746 2092 
9057 1531 2501 1215 2019 
9058 3464 270 4343 2154 
9059 2768 1250 2767 2533 
9060 3378 1322 3476 1887 
9061 2963 2856 3746 1894 
9062 3953 1596 3993 3305 
9063 3502 3498 2781 1510 
9064 101 247 102 4504 
9065 859 2520 1812 2518 
9066 1654 3464 3463 270 
9067 3972 719 3998 1500 
9068 1970 2519 2440 2401 
9069 4081 2931 1615 2866 
9070 2201 2204 1142 2203 
9071 3972 1500 3998 3073 
9072 3675 368 352 1593 
9073 2354 1303 1912 1873 
9074 492 491 490 2588 
9075 3541 3013 2516 905 
9076 719 744 720 3759 
9077 4033 744 3998 3759 
9078 2471 645 1952 663 
9079 1278 1599 3701 2805 
9080 3836 2354 1912 1873 
9081 3910 2542 322 3801 
9082 4028 434 3352 432 
9083 2516 3013 2514 905 
9084 1658 2512 2511 1491 
9085 1308 1173 2364 1971 
9086 1179 2454 2510 2511 
9087 794 3041 3061 3652 
9088 2246 1539 2244 4172 
9089 1644 1643 3737 3738 
9090 1060 1833 1488 2320 
9091 1060 980 4385 1488 
9092 1371 4492 3516 214 
9093 782 2036 2366 2106 
9094 4091 4064 3320 2099 
9095 3624 1196 2987 1562 
9096 4049 486 484 4197 
9097 4443 1431 1436 22 
9098 853 4020 3320 3760 
9099 412 3444 2704 4362 
9100 3175 1162 1176 1177 
9101 2922 2900 2747 1908 
9102 1220 736 3815 2830 
9103 1844 3312 1752 1776 
9104 3046 2868 3476 1406 
9105 3653 1379 1846 2984 
9106 859 928 2735 860 
9107 2713 934 3470 817 
9108 587 802 1551 4369 
9109 1651 3125 1650 1770 
9110 224 4423 108 4424 
9111 3609 2922 2747 2100 
9112 2100 2922 2747 1908 
9113 381 382 2247 380 
9114 4012 3745 1579 564 
9115 2383 895 2378 3628 
9116 1299 3686 4135 1877 
9117 382 2246 2247 380 
9118 2248 381 2247 380 
9119 2246 2703 380 674 
9120 3700 1066 2917 922 
9121 4243 2425 685 4254 
9122 2443 2383 3628 1554 
9123 1555 1808 3628 1554 
9124 3961 4465 168 167 
9125 2169 280 1936 3504 
9126 1033 1035 4021 3156 
9127 722 2636 1683 1737 
9128 2563 3565 746 784 
9129 755 3871 3960 867 
9130 1052 3599 1342 2194 
9131 690 4243 685 4254 
9132 2452 2427 4254 1527 
9133 1052 1135 1342 3599 
9134 598 596 2409 597 
9135 2322 338 336 2285 
9136 1511 2321 4010 3801 
9137 392 395 3740 394 
9138 392 3740 3680 394 
9139 1767 3136 3688 2934 
9140 565 546 3365 1694 
9141 3745 4012 2772 564 
9142 4060 1610 3689 4100 
9143 1339 4372 4219 2731 
9144 2322 4022 338 2285 
9145 393 392 3680 394 
9146 562 1629 2566 568 
9147 1611 2229 396 394 
9148 1107 1305 3817 1163 
9149 3777 2191 435 2524 
9150 1530 1937 2499 1531 
9151 723 722 2638 2640 
9152 3571 4481 149 4463 
9153 2870 2812 1787 2813 
9154 4140 4030 1804 707 
9155 1629 568 2565 2566 
9156 1971 2036 2368 1549 
9157 282 3327 1612 3336 
9158 2587 1724 3900 3903 
9159 3334 769 4301 3335 
9160 906 1655 3000 3144 
9161 1723 2589 1724 2034 
9162 3714 221 4494 222 
9163 258 4500 1884 3501 
9164 3367 1327 1931 2018 
9165 2171 1222 2173 2172 
9166 1734 3032 3736 2742 
9167 2018 3367 4317 1931 
9168 2416 2732 589 2418 
9169 3840 1674 3839 2852 
9170 661 3040 3690 1820 
9171 2023 4292 2671 1108 
9172 2457 1934 4398 4365 
9173 1531 2504 3698 2499 
9174 3904 2070 2583 558 
9175 3885 3367 4293 1931 
9176 1309 2366 3707 2365 
9177 3662 1148 3171 1730 
9178 4038 1112 3945 1756 
9179 1976 3455 2759 3457 
9180 1335 3544 1361 269 
9181 2626 2630 1708 2624 
9182 4049 3310 4299 484 
9183 2630 729 1700 1708 
9184 419 1948 2208 1699 
9185 752 2622 735 2620 
9186 494 2584 497 493 
9187 1434 3453 3330 3462 
9188 1030 1019 3847 1020 
9189 3851 2094 4315 470 
9190 2620 753 2618 751 
9191 1434 3123 1435 2104 
9192 1156 2707 2709 2708 
9193 2988 1194 3372 3141 
9194 2589 491 2588 2590 
9195 2025 4014 1197 1540 
9196 1803 1839 2255 2253 
9197 3294 3994 4026 608 
9198 869 870 2847 3812 
9199 3981 935 2706 3738 
9200 3981 1643 935 3738 
9201 2842 2919 1011 2844 
9202 4303 4041 883 3080 
9203 4050 3420 2660 1677 
9204 1609 3365 3031 3688 
9205 2037 2845 2884 2846 
9206 884 3030 3078 3889 
9207 2094 3851 2611 4414 
9208 3316 1486 2033 1878 
9209 2438 1880 1854 2453 
9210 2094 2611 2612 4414 
9211 1979 2094 2612 4414 
9212 2982 2773 1484 1483 
9213 1646 1404 1405 4259 
9214 2366 2036 1309 2106 
9215 3963 1745 2110 226 
9216 950 1226 2315 2318 
9217 3725 2240 979 1152 
9218 265 1352 3404 1318 
9219 1823 1624 1879 3449 
9220 1721 3167 3427 3479 
9221 865 2086 2623 1319 
9222 1375 96 97 212 
9223 1847 1750 3154 1037 
9224 4281 3542 116 4431 
9225 3854 461 3354 1641 
9226 661 3040 1891 3041 
9227 4503 4 3962 2 
9228 752 2622 2620 2621 
9229 865 752 1319 2623 
9230 2292 331 2291 2293 
9231 3436 969 2849 967 
9232 3030 2934 1166 3031 
9233 2630 4104 1708 2624 
9234 1775 1698 2632 2633 
9235 1654 3266 2079 966 
9236 1657 1721 4122 3479 
9237 978 2865 977 2329 
9238 2615 891 1747 2657 
9239 2427 2452 1014 1527 
9240 1123 1121 1122 3255 
9241 874 2658 875 3933 
9242 1775 2636 2635 1737 
9243 3967 538 1583 4116 
9244 2637 2659 724 2638 
9245 2620 751 4065 735 
9246 865 1708 735 2624 
9247 2699 425 2529 2202 
9248 2622 2620 4065 735 
9249 1750 1847 3034 1164 
9250 3862 3060 536 2662 
9251 3645 2699 424 2789 
9252 4487 2124 239 4469 
9253 4110 1822 1323 2155 
9254 1291 1904 2809 365 
9255 2663 3862 536 2662 
9256 3268 1941 1169 1703 
9257 2651 2655 2654 1898 
9258 2510 2454 1713 2453 
9259 3791 2656 1898 2654 
9260 4456 1415 272 3569 
9261 447 3552 3800 3291 
9262 1838 3791 1898 1185 
9263 1456 2969 427 2789 
9264 89 1946 3749 203 
9265 3288 4401 762 761 
9266 571 3472 4194 817 
9267 1497 3418 759 762 
9268 2656 2663 1738 2662 
9269 4129 1583 533 709 
9270 964 3208 963 1095 
9271 1751 2644 4042 4048 
9272 4023 4401 759 762 
9273 1132 3901 3409 2667 
9274 3901 1132 2034 2667 
9275 3418 4023 759 762 
9276 1393 1957 3291 1911 
9277 1517 2425 1527 685 
9278 3324 1875 1612 3325 
9279 4300 4159 728 2670 
9280 2938 725 2659 3908 
9281 4206 3576 3927 1418 
9282 728 730 726 2670 
9283 596 2411 2543 2409 
9284 3418 4401 4023 762 
9285 1223 2004 2173 3828 
9286 4232 942 2693 2745 
9287 3764 3063 462 2714 
9288 1154 2694 1645 861 
9289 514 716 1664 2681 
9290 510 4412 1824 1798 
9291 2476 648 649 2547 
9292 3924 3984 2563 784 
9293 1409 4294 255 3481 
9294 3920 2351 303 2338 
9295 852 3984 3924 784 
9296 1671 2642 2648 1667 
9297 3367 1327 2018 1058 
9298 2061 1618 1619 3673 
9299 3846 1082 3720 4361 
9300 3136 840 1802 1767 
9301 2300 1740 1144 1784 
9302 1144 2303 919 1628 
9303 1701 499 2581 497 
9304 2559 3565 2557 746 
9305 3032 1022 1164 3033 
9306 2472 3704 1282 2473 
9307 1781 2930 2027 3072 
9308 1368 4459 266 2148 
9309 1613 694 2332 2054 
9310 2243 2245 385 2244 
9311 100 216 215 2128 
9312 4132 1607 401 398 
9313 502 4052 4307 2712 
9314 1760 2 2145 1923 
9315 3521 4487 4475 123 
9316 1632 1156 2709 2708 
9317 2749 464 2714 2748 
9318 3282 1259 2095 3375 
9319 1600 3706 2736 2690 
9320 480 2711 479 2748 
9321 2974 3084 376 3359 
9322 2906 480 2748 3855 
9323 3686 1298 355 3691 
9324 507 3340 4167 3173 
9325 2710 1632 2709 2708 
9326 2939 2053 3163 2902 
9327 3598 2509 1522 4196 
9328 551 2674 539 2668 
9329 3764 1709 2709 2714 
9330 2150 2105 4277 4411 
9331 1790 1828 358 2855 
9332 194 81 80 245 
9333 967 915 916 3987 
9334 1731 1732 1810 2970 
9335 1687 2971 2970 1810 
9336 1731 4228 4163 3192 
9337 1731 1687 3192 2970 
9338 1687 1731 1810 2970 
9339 3521 1822 4110 2155 
9340 1732 2722 1810 2970 
9341 2867 1688 1692 1810 
9342 4196 1027 3254 1122 
9343 1731 3161 4163 4228 
9344 254 2135 2097 1317 
9345 3161 791 857 790 
9346 3549 4426 174 173 
9347 3005 4171 2890 1697 
9348 2718 873 872 871 
9349 3894 1008 1714 1227 
9350 4415 117 118 2130 
9351 2084 4138 4439 3452 
9352 2391 2397 630 2390 
9353 337 338 339 2285 
9354 2971 2867 2970 1810 
9355 1638 2851 1637 2082 
9356 3282 1885 3281 3375 
9357 1201 2995 933 3295 
9358 3769 1836 2268 2272 
9359 985 2953 2954 2792 
9360 1504 426 429 3916 
9361 1764 3106 1407 844 
9362 1555 895 3628 2546 
9363 2952 984 2792 2953 
9364 1237 1234 3432 3435 
9365 2722 1732 1810 795 
9366 1715 1019 1593 4190 
9367 1751 4042 1681 1752 
9368 1236 1545 2744 4262 
9369 2007 4287 1686 1689 
9370 3194 1607 700 1608 
9371 3601 1002 3602 3350 
9372 2080 1545 2109 2458 
9373 2894 3659 1065 2893 
9374 2878 3194 3297 1608 
9375 450 455 2261 454 
9376 1545 2458 2744 4262 
9377 3676 1375 2151 4373 
9378 95 211 96 4295 
9379 1093 4118 3754 2899 
9380 837 2861 2755 2793 
9381 1519 3016 3017 1518 
9382 1602 1621 2266 1735 
9383 1261 2848 2844 3839 
9384 4429 2144 1960 3596 
9385 3466 364 4396 3019 
9386 2504 2501 2499 1531 
9387 3601 1002 2503 3602 
9388 806 2780 2951 1389 
9389 3489 838 3490 2522 
9390 518 3909 3868 2634 
9391 3730 2281 1967 340 
9392 2149 3505 3506 1363 
9393 2155 1822 4458 4475 
9394 364 3466 1958 1518 
9395 310 3019 308 1518 
9396 4225 1324 1323 4110 
9397 2729 766 2803 798 
9398 1390 3486 806 2780 
9399 806 3486 3325 2951 
9400 1558 4005 1561 3640 
9401 2138 1881 3749 204 
9402 1533 4165 1139 1430 
9403 738 3114 3116 1503 
9404 743 3104 823 3617 
9405 3143 1198 1540 1232 
9406 518 3909 519 3868 
9407 1134 3554 908 3936 
9408 632 2400 2508 630 
9409 2779 4377 4317 1120 
9410 1896 3627 1221 4202 
9411 343 342 344 2280 
9412 1419 2112 3573 3575 
9413 1695 2103 1865 4496 
9414 1069 3574 4282 4051 
9415 4027 957 933 3295 
9416 1239 4082 1241 3021 
9417 3508 848 1017 1510 
9418 2741 2757 2885 885 
9419 2947 422 2973 3819 
9420 1316 2950 1284 1389 
9421 2760 1242 2902 1240 
9422 2135 2097 4281 4449 
9423 2713 925 817 570 
9424 3593 1237 3432 3435 
9425 4201 233 1468 3672 
9426 2443 815 1808 4192 
9427 3222 4353 1774 886 
9428 2422 585 2423 583 
9429 976 978 977 2329 
9430 2887 994 2956 2888 
9431 4412 510 1824 2683 
9432 1632 925 2710 570 
9433 1684 483 3882 3174 
9434 2 4291 2145 1923 
9435 1492 2240 2238 2239 
9436 3803 1970 1276 1978 
9437 2941 3675 2942 368 
9438 1119 989 3187 3185 
9439 1507 1203 3020 2060 
9440 51 4489 4471 1428 
9441 1567 2947 2946 2945 
9442 2384 624 2442 2379 
9443 1811 3074 3097 897 
9444 1621 2271 2266 1735 
9445 4214 3774 576 839 
9446 2810 1474 1070 2808 
9447 1474 1068 1070 2808 
9448 530 533 3331 531 
9449 1129 3129 3734 1807 
9450 1412 687 608 3294 
9451 3642 1412 3294 2807 
9452 2777 1068 2808 2901 
9453 3186 1119 3187 3185 
9454 125 4138 4458 124 
9455 1460 1462 4497 1463 
9456 320 3093 3058 319 
9457 1541 3836 1912 1873 
9458 687 2807 2810 3294 
9459 3178 912 1515 3177 
9460 3280 1885 2107 1183 
9461 3125 1651 4085 3407 
9462 2817 968 1661 1059 
9463 690 3615 4243 4254 
9464 3186 989 1119 3185 
9465 1770 3833 1705 2816 
9466 486 3252 1716 3339 
9467 1860 2975 1933 410 
9468 2520 1289 1012 1812 
9469 1651 2821 1059 916 
9470 3635 1605 3638 1606 
9471 915 4041 3408 3987 
9472 2455 1465 1458 1457 
9473 1308 2364 2356 1971 
9474 4386 2432 2434 4497 
9475 1881 89 3749 204 
9476 554 2592 2594 487 
9477 1946 89 3749 1881 
9478 3019 3466 1518 2896 
9479 1684 483 478 3882 
9480 2831 956 1890 1345 
9481 1011 1261 2844 3839 
9482 293 1955 2396 295 
9483 780 870 3812 2873 
9484 871 791 2785 3891 
9485 2245 1539 385 2244 
9486 1567 2010 3083 1895 
9487 2842 1011 2843 2844 
9488 2848 1261 2844 1006 
9489 1011 870 2843 1006 
9490 2578 2661 542 2576 
9491 2839 932 1329 779 
9492 3326 3323 2950 1316 
9493 1625 2850 1007 1637 
9494 3508 1017 3498 1510 
9495 3590 3961 1476 4465 
9496 378 1577 3359 376 
9497 397 4283 398 3302 
9498 1547 4066 439 434 
9499 1012 1256 2759 4274 
9500 849 786 2739 787 
9501 1632 2710 2709 2711 
9502 4019 612 1575 610 
9503 381 436 1550 2249 
9504 2980 3312 1752 3067 
9505 1875 806 3325 2951 
9506 4019 612 3082 1575 
9507 2740 849 2739 787 
9508 1077 2981 1422 1224 
9509 3700 1068 2777 2901 
9510 1828 1080 3718 1081 
9511 681 1314 3454 1358 
9512 3673 1299 2357 4135 
9513 1701 2023 2070 3907 
9514 2689 2694 1645 2720 
9515 1653 2874 2979 842 
9516 3685 3701 355 3691 
9517 1332 3546 3548 1853 
9518 2290 2292 333 2291 
9519 3374 1707 1287 3196 
9520 637 638 2451 2459 
9521 1966 3442 3383 3441 
9522 3197 1707 3374 3196 
9523 818 2936 841 842 
9524 981 4349 2990 4111 
9525 2865 981 2990 3287 
9526 4119 618 1832 1818 
9527 981 3717 4111 2990 
9528 3590 1437 4484 1476 
9529 4083 128 4425 4321 
9530 2593 3902 1945 1851 
9531 2763 3775 2876 929 
9532 3692 2449 1659 3922 
9533 2735 928 2763 2876 
9534 1306 1066 1892 3248 
9535 928 2735 860 2876 
9536 2915 1114 3754 2899 
9537 441 826 2191 892 
9538 928 2763 2876 929 
9539 860 928 2876 929 
9540 2886 931 2757 2887 
9541 475 3950 3952 476 
9542 896 994 3503 2887 
9543 2006 3354 465 1641 
9544 1019 2273 449 1593 
9545 217 102 218 4087 
9546 532 2647 1799 2649 
9547 420 2771 423 421 
9548 2757 931 896 2887 
9549 728 4300 2637 2635 
9550 3082 2870 1787 619 
9551 323 321 324 3053 
9552 379 2279 792 377 
9553 3828 2004 3468 1381 
9554 2157 3577 146 4419 
9555 931 994 896 2887 
9556 822 4071 3617 3644 
9557 2898 1859 1092 2882 
9558 1896 1866 4491 668 
9559 2711 2714 479 2748 
9560 2516 1394 905 809 
9561 3627 4236 4491 3625 
9562 4118 1093 3754 1548 
9563 1478 433 3346 1758 
9564 1346 3739 652 2480 
9565 1113 1093 2899 1092 
9566 1113 2914 2899 1114 
9567 4283 4132 2532 398 
9568 78 1962 77 4460 
9569 371 2944 2945 2946 
9570 3637 387 1648 388 
9571 1850 2578 2577 2579 
9572 3250 3266 966 3251 
9573 3249 863 4208 3251 
9574 3855 2711 2712 495 
9575 1694 1610 548 4150 
9576 3502 2754 819 2178 
9577 1382 1013 1949 4144 
9578 3742 910 2921 1480 
9579 1509 3337 4171 3729 
9580 1874 2395 2891 1447 
9581 1063 3137 3138 878 
9582 3029 1827 3028 3176 
9583 811 813 812 4208 
9584 3251 863 4208 812 
9585 3249 813 890 3729 
9586 4416 183 184 2129 
9587 4382 3008 2041 1384 
9588 3655 2306 677 2308 
9589 3356 940 3355 3429 
9590 554 2593 1945 1851 
9591 1852 3481 3828 3009 
9592 769 902 4301 3562 
9593 2081 1266 3693 2005 
9594 1104 1063 3138 940 
9595 266 1739 2148 4251 
9596 3194 700 3297 1608 
9597 3737 2213 2090 2211 
9598 242 3860 4334 1914 
9599 3334 797 3006 3864 
9600 1716 3252 3135 3339 
9601 527 529 528 3991 
9602 4039 530 528 4081 
9603 128 4443 4425 4321 
9604 3041 3652 666 3039 
9605 2325 1499 2324 1956 
9606 1119 3279 3187 1183 
9607 3334 797 3864 4301 
9608 370 1715 368 3242 
9609 813 3337 811 1509 
9610 2326 2325 2324 1956 
9611 574 4107 831 4218 
9612 370 2944 3668 3242 
9613 936 3821 2954 4008 
9614 3652 670 666 669 
9615 3272 1508 894 3273 
9616 3273 908 3958 3936 
9617 1097 3205 3229 3957 
9618 936 2002 2954 985 
9619 2952 984 2953 1262 
9620 2953 3382 1262 1263 
9621 664 2457 4279 4365 
9622 3414 3510 4132 401 
9623 936 4008 2954 2002 
9624 3203 1761 1098 1919 
9625 1525 774 4297 3341 
9626 873 1943 1185 2697 
9627 4218 831 908 3273 
9628 2201 2199 833 918 
9629 1484 1553 649 2770 
9630 1901 4261 2154 3463 
9631 2878 1954 2825 2824 
9632 1187 1794 927 3555 
9633 646 1553 2770 649 
9634 3802 3733 2164 256 
9635 903 975 1031 3756 
9636 2436 4091 2101 1455 
9637 861 2788 2874 842 
9638 2504 937 1531 1758 
9639 698 1528 696 2228 
9640 3139 422 3819 2973 
9641 3013 3563 2514 907 
9642 3480 1852 255 3481 
9643 2183 2392 448 2181 
9644 2023 1108 2671 1889 
9645 3101 995 3099 996 
9646 1860 422 3139 2973 
9647 1860 3139 2975 2973 
9648 375 373 2973 2972 
9649 3569 1415 272 1807 
9650 3013 1170 907 905 
9651 3059 3774 3094 360 
9652 3832 2821 3408 916 
9653 2556 2557 2385 800 
9654 3940 1391 998 974 
9655 3158 1910 3750 3155 
9656 3959 2971 3360 1688 
9657 1814 2817 1059 2816 
9658 1082 3720 1763 1840 
9659 3957 4016 3229 1983 
9660 816 2930 3863 2027 
9661 1404 3543 4259 1646 
9662 4355 4099 1334 3545 
9663 3513 1398 242 1397 
9664 1097 3957 3229 1983 
9665 1046 3110 3240 3578 
9666 1046 1768 3240 3110 
9667 3499 3497 3498 1652 
9668 1462 1463 2434 4497 
9669 2218 404 2219 2217 
9670 4352 232 1444 2065 
9671 1534 1046 3240 3578 
9672 3024 1783 3035 2026 
9673 1134 1508 1826 3936 
9674 1046 1534 3240 1768 
9675 2106 2366 2370 1309 
9676 4432 1410 4416 2129 
9677 1712 2894 1065 1021 
9678 3860 3513 242 2129 
9679 1382 1949 2860 4144 
9680 2026 3024 1227 3886 
9681 3301 3605 3606 757 
9682 4144 1949 2860 2863 
9683 2831 1220 3809 1345 
9684 3472 571 570 817 
9685 1255 2762 2860 2863 
9686 565 4193 545 3366 
9687 3466 2766 1958 2896 
9688 1291 2911 2359 1146 
9689 573 3986 788 821 
9690 3785 4116 3559 1711 
9691 2501 2504 3540 2019 
9692 1621 2545 347 349 
9693 3301 742 4502 4273 
9694 249 23 24 4462 
9695 4396 364 308 3019 
9696 1440 4311 4322 4493 
9697 2766 2746 1180 1958 
9698 2831 2834 1345 3809 
9699 3337 813 4208 3729 
9700 2628 2631 938 3968 
9701 309 4242 307 308 
9702 810 2765 811 812 
9703 708 3972 2506 3703 
9704 3473 3251 4208 812 
9705 4481 274 42 1421 
9706 3030 1355 2701 3666 
9707 266 1765 4485 8 
9708 2238 3681 976 2329 
9709 2680 2573 1155 1656 
9710 3565 1871 2557 746 
9711 4304 509 512 1700 
9712 4493 3132 3119 3781 
9713 1826 2339 3520 2066 
9714 639 3533 4372 3534 
9715 723 2640 3908 3881 
9716 2394 296 2382 2381 
9717 3961 232 4448 2117 
9718 1431 4083 4425 4321 
9719 4456 1415 3569 2131 
9720 320 321 319 3058 
9721 813 3249 4208 3729 
9722 662 666 669 3702 
9723 4426 3549 2122 173 
9724 3896 527 525 526 
9725 2678 2670 726 2687 
9726 3656 1586 949 3657 
9727 1586 1778 949 3657 
9728 661 3041 666 3039 
9729 613 617 2371 4089 
9730 2067 4240 2316 3658 
9731 419 414 3805 2209 
9732 4449 4281 116 4431 
9733 3039 662 2492 3702 
9734 3697 210 2152 1385 
9735 2471 645 643 3530 
9736 396 2229 3683 394 
9737 661 1891 666 3041 
9738 2479 650 2480 2478 
9739 2313 2067 2316 3658 
9740 1792 3051 3052 1817 
9741 1268 2884 1648 1909 
9742 615 3929 3768 4009 
9743 615 1569 4009 2543 
9744 2636 1775 2634 1683 
9745 1079 1792 3052 1817 
9746 3500 3497 1988 3506 
9747 1079 3092 3052 1792 
9748 3931 887 3218 953 
9749 249 23 4462 1436 
9750 4009 3929 3091 1741 
9751 2974 375 374 376 
9752 2749 3063 462 4139 
9753 461 463 4139 465 
9754 1914 3860 4334 3859 
9755 463 461 4139 462 
9756 2707 1709 2709 3764 
9757 461 3063 4139 462 
9758 279 4459 3483 4442 
9759 1170 1200 3541 4323 
9760 2141 4440 1361 3544 
9761 1864 2102 4224 3262 
9762 3593 1239 3434 1237 
9763 1176 2102 1864 3262 
9764 408 3758 406 407 
9765 1162 3175 1176 3262 
9766 243 1415 2131 1416 
9767 1638 2851 2895 3830 
9768 1162 3087 3175 3262 
9769 910 3742 2921 3003 
9770 1445 4418 54 55 
9771 3877 509 512 4304 
9772 1530 708 720 2506 
9773 2375 2377 1560 2376 
9774 362 342 1967 2341 
9775 737 1534 4189 3578 
9776 2145 3979 1923 4291 
9777 1860 3818 1933 2975 
9778 4063 488 1716 3339 
9779 3834 3065 779 3771 
9780 3065 3096 501 3066 
9781 3678 3293 607 3954 
9782 873 2718 2716 871 
9783 4487 2124 4469 121 
9784 1514 566 567 3793 
9785 741 3301 3118 3613 
9786 3370 4393 3762 1165 
9787 90 89 1881 204 
9788 3558 3555 3958 927 
9789 2069 1918 3284 926 
9790 3422 1145 2994 4364 
9791 2144 3596 3597 1960 
9792 3457 1256 4274 2759 
9793 2144 1960 3597 1292 
9794 1882 1292 4351 4141 
9795 4393 3762 1274 4378 
9796 4368 2069 3284 926 
9797 3717 981 4111 982 
9798 2124 122 4487 3521 
9799 3338 926 3284 3322 
9800 1864 4220 3361 4224 
9801 656 1888 1487 3402 
9802 744 719 897 3998 
9803 2427 1517 1527 1526 
9804 926 1918 3284 3322 
9805 1107 2494 2495 2503 
9806 4368 926 3284 3338 
9807 4019 612 610 611 
9808 2824 3869 1175 2822 
9809 4320 249 4310 2143 
9810 859 793 3767 2518 
9811 3098 1453 1029 824 
9812 3117 4322 3132 4493 
9813 1509 1697 4117 1395 
9814 271 1321 1323 4216 
9815 879 3117 3119 4493 
9816 4322 4311 3132 4493 
9817 3158 1288 3752 3751 
9818 815 2443 1808 1554 
9819 1203 3857 3996 3020 
9820 3052 1817 3023 3129 
9821 312 313 4249 4109 
9822 830 1467 3022 3646 
9823 1948 2207 2206 1356 
9824 992 3046 2868 3045 
9825 3183 3786 987 3185 
9826 1467 3646 3922 3022 
9827 830 2776 2918 921 
9828 1323 1321 3149 4216 
9829 3692 1467 3646 3922 
9830 2966 3241 2967 423 
9831 2928 1816 3814 1953 
9832 838 3893 4211 1961 
9833 3499 3497 1652 1988 
9834 695 2284 2282 3025 
9835 804 799 2515 3713 
9836 1184 2653 2697 1185 
9837 3142 1195 3141 1198 
9838 3142 1198 3141 3143 
9839 2988 1195 3141 3140 
9840 804 2515 2774 3713 
9841 2782 917 2986 2022 
9842 1201 2922 2995 3295 
9843 2731 2441 636 3534 
9844 917 2782 1846 2022 
9845 2889 1382 2877 2860 
9846 623 1896 4491 668 
9847 1530 2498 708 2506 
9848 1239 3021 1241 1240 
9849 3626 4173 621 4119 
9850 3151 3632 1186 2882 
9851 3741 917 1472 2986 
9852 2639 722 2640 2638 
9853 637 2080 2450 635 
9854 4121 444 448 445 
9855 2339 359 2340 1829 
9856 3129 1907 3023 4040 
9857 2460 3800 1392 1944 
9858 1965 771 2493 1328 
9859 2237 904 2235 3756 
9860 2754 848 776 1015 
9861 4171 2890 1697 930 
9862 3282 3285 3280 2107 
9863 2916 1116 1125 2926 
9864 1721 2720 3479 3427 
9865 3807 4011 1587 3292 
9866 1987 3794 1348 1183 
9867 4188 2377 2379 622 
9868 1973 2108 3184 3190 
9869 238 4080 1373 1372 
9870 2471 643 663 2469 
9871 1585 1778 4240 1257 
9872 1372 1973 1755 3190 
9873 244 4446 4464 44 
9874 1199 2919 4241 1939 
9875 3186 1973 3184 3190 
9876 3543 3544 269 4457 
9877 1099 3905 3306 3204 
9878 956 2834 1212 1345 
9879 3905 1099 3306 4367 
9880 2127 4148 4492 1370 
9881 276 51 4471 1428 
9882 3211 962 3965 3209 
9883 3208 964 3209 3207 
9884 195 1743 2165 3955 
9885 1401 2078 1603 3426 
9886 3909 2636 2634 1683 
9887 15 4451 4469 270 
9888 4187 2666 2672 516 
9889 755 2619 753 2617 
9890 2628 1225 938 2629 
9891 106 2149 222 4501 
9892 1761 1099 3306 3204 
9893 2180 2179 776 2178 
9894 1790 1828 3718 1081 
9895 3704 1952 1282 2473 
9896 1177 1808 1975 4161 
9897 964 3205 3206 1096 
9898 1970 3803 2519 2401 
9899 954 3217 952 1746 
9900 573 551 2669 552 
9901 3807 3054 1138 3090 
9902 954 3217 1746 3220 
9903 1599 331 333 2292 
9904 3216 1313 3965 960 
9905 4448 4465 57 1476 
9906 4435 54 53 251 
9907 2177 775 819 820 
9908 1099 1761 3306 1968 
9909 3156 1035 1347 1037 
9910 3057 320 1598 575 
9911 3876 513 511 514 
9912 953 4267 3214 3215 
9913 2111 3802 2007 4287 
9914 3395 1753 3127 4046 
9915 3214 3211 960 3215 
9916 3978 3156 3154 1037 
9917 676 1511 322 3801 
9918 888 3227 1100 889 
9919 888 3227 3226 1100 
9920 1008 4314 3894 2786 
9921 1750 3978 3154 1037 
9922 3114 1503 1048 3115 
9923 3557 1794 3555 927 
9924 881 3114 1048 3113 
9925 1326 2122 4354 4230 
9926 879 741 756 3118 
9927 1533 2447 4199 3778 
9928 1871 3565 785 746 
9929 1130 2956 2888 2957 
9930 2529 2202 1584 2203 
9931 2424 1517 583 2425 
9932 3073 3074 897 3097 
9933 3324 1875 3325 2951 
9934 3455 807 1547 1976 
9935 1468 4201 3672 4147 
9936 3114 881 1048 1503 
9937 1770 1814 1059 2816 
9938 2353 299 2340 3797 
9939 2325 2331 3561 1188 
9940 1396 1324 3474 1482 
9941 1654 270 3463 1901 
9942 3417 4380 1375 2151 
9943 3362 4114 1081 1026 
9944 1695 282 3327 1612 
9945 3362 3718 1081 4114 
9946 1935 3415 3869 3133 
9947 1691 3939 3974 245 
9948 3546 1332 1361 1853 
9949 2881 1075 2871 1076 
9950 2753 1693 1692 3966 
9951 1394 2516 2764 809 
9952 2766 1178 4158 1997 
9953 2917 1066 921 922 
9954 2040 1063 2920 1383 
9955 2875 1693 2753 3966 
9956 2881 1077 1075 1076 
9957 1609 884 3031 3078 
9958 3081 894 831 3273 
9959 1922 1354 3875 2838 
9960 620 2399 618 4173 
9961 1980 230 1414 3567 
9962 2843 2842 2841 1103 
9963 1130 1314 2956 3317 
9964 1115 2914 1113 1114 
9965 1357 1314 1130 3317 
9966 1819 760 2456 761 
9967 764 2234 1524 2236 
9968 241 2130 4237 3542 
9969 3748 357 1950 1928 
9970 3109 1055 1054 1087 
9971 1404 4457 269 66 
9972 1662 1365 1137 4331 
9973 3489 3491 3490 1501 
9974 2039 1552 1213 3799 
9975 309 3579 310 311 
9976 2043 3728 2343 2341 
9977 2292 331 333 2291 
9978 4011 1754 1790 3127 
9979 1178 2510 1180 2766 
9980 4456 3569 4474 143 
9981 4297 452 2392 3804 
9982 1721 3167 3479 503 
9983 3165 3810 1678 4136 
9984 2666 4187 4136 516 
9985 4415 12 241 13 
9986 1635 532 1845 2651 
9987 1074 1075 2871 1073 
9988 1344 2186 3529 3528 
9989 1314 3454 3317 4348 
9990 1366 2105 4411 1663 
9991 2149 106 1363 4501 
9992 103 4500 104 219 
9993 3923 694 1498 307 
9994 1314 2991 3317 3454 
9995 3675 2941 352 368 
9996 3296 3719 2995 1840 
9997 2226 2224 399 3682 
9998 3643 4496 3328 1865 
9999 3362 1027 4253 1026 
10000 1096 3205 3204 3203 
10001 4199 1534 1139 3240 
10002 1860 375 422 2973 
10003 348 345 3993 3874 
10004 3324 3643 3328 1865 
10005 452 774 773 3804 
10006 1748 2344 2525 2342 
10007 656 1486 4375 1487 
10008 3521 4110 1964 4344 
10009 656 1487 4375 3402 
10010 1486 656 4375 4204 
10011 362 2043 2343 2341 
10012 2773 3996 1989 1483 
10013 2547 2773 3020 1989 
10014 4181 1214 945 1586 
10015 3895 2582 498 2585 
10016 3557 3558 3559 1147 
10017 2367 2353 297 2360 
10018 1712 2743 1597 3027 
10019 810 4394 3473 1482 
10020 2597 2658 1174 874 
10021 1394 3541 2764 2516 
10022 1507 2547 3020 1989 
10023 4368 4053 856 3790 
10024 3643 4350 3328 4496 
10025 1292 4141 1087 3597 
10026 848 1016 1015 4184 
10027 3126 920 3127 3394 
10028 3321 1918 3322 3284 
10029 2938 1732 2678 726 
10030 1147 2769 3559 1711 
10031 3763 433 3346 3347 
10032 527 532 2650 525 
10033 584 2421 2422 585 
10034 4116 3560 3559 1771 
10035 3223 4503 3377 4002 
10036 807 1547 432 3352 
10037 832 4218 4340 3825 
10038 431 430 432 3349 
10039 3465 1672 1219 2077 
10040 2769 3785 3559 1711 
10041 3557 3558 1147 927 
10042 3027 1597 3924 3726 
10043 1794 3557 1147 927 
10044 210 95 2152 1385 
10045 433 4313 937 807 
10046 1635 2655 1636 3866 
10047 3134 1264 985 2002 
10048 1209 2523 2043 3728 
10049 4236 1896 3627 4491 
10050 488 486 1716 3339 
10051 1222 1223 2004 2173 
10052 4225 3488 3149 993 
10053 2185 444 1947 451 
10054 2988 1192 1193 2978 
10055 488 4124 486 3339 
10056 4314 4228 1009 3311 
10057 4349 1338 1158 1161 
10058 1687 3192 3311 1009 
10059 981 4349 1158 1161 
10060 3481 2073 3429 3009 
10061 4027 2982 3405 901 
10062 843 698 3770 2230 
10063 2344 1748 2087 2342 
10064 697 2234 698 2231 
10065 2790 1871 4020 1520 
10066 2820 970 2819 2822 
10067 2804 3679 2231 696 
10068 279 2168 4185 1834 
10069 3927 3577 1417 273 
10070 3445 2952 2953 1262 
10071 277 3469 3445 1986 
10072 903 764 2327 778 
10073 3197 1041 1169 1707 
10074 2952 1783 984 1262 
10075 1365 246 2133 4331 
10076 3202 1761 1919 1043 
10077 248 4324 4266 3441 
10078 3153 1847 1353 1318 
10079 2311 678 1045 949 
10080 4300 728 1064 2635 
10081 3032 1734 3919 1164 
10082 3602 1002 814 3350 
10083 3200 3244 3932 1043 
10084 1690 3959 2879 4226 
10085 1523 2182 3509 1666 
10086 1002 1140 814 3350 
10087 3180 3181 3179 1837 
10088 92 4201 1468 91 
10089 1607 397 398 3302 
10090 3659 1091 3033 3393 
10091 3268 4105 1703 3201 
10092 3902 3992 1788 2728 
10093 1091 1022 2893 3033 
10094 1338 4220 3361 1864 
10095 3659 1728 1065 2063 
10096 1420 1071 3574 4383 
10097 4012 4060 721 3650 
10098 3477 2259 1626 2257 
10099 4335 3421 4120 1458 
10100 783 915 4303 3408 
10101 2406 4030 3641 707 
10102 3703 670 3652 669 
10103 4349 1338 3361 1158 
10104 1303 2355 1873 2354 
10105 2573 2680 1155 3783 
10106 60 59 4480 250 
10107 255 74 4450 1408 
10108 125 4138 4439 4458 
10109 2615 2614 2616 1747 
10110 662 3038 3039 2492 
10111 725 2938 2659 726 
10112 375 373 2972 374 
10113 891 755 1747 2657 
10114 2614 1979 1857 1191 
10115 659 2540 3608 658 
10116 3637 386 387 388 
10117 2589 491 2590 1723 
10118 2680 2573 1656 2571 
10119 496 1682 504 3068 
10120 2465 4203 1987 2064 
10121 3414 3194 3133 1050 
10122 3869 969 2822 2849 
10123 1507 2060 3020 3897 
10124 3708 2702 731 3709 
10125 4091 1848 2101 1455 
10126 320 321 3055 1598 
10127 2996 2861 3172 835 
10128 441 2190 2188 893 
10129 2773 1484 649 2770 
10130 2823 1272 970 1175 
10131 1608 1935 1175 2824 
10132 1954 2878 2825 3815 
10133 2070 3904 2583 3907 
10134 1437 3590 4484 2142 
10135 268 1401 3535 4271 
10136 1338 4349 3361 4220 
10137 3996 2773 1989 3020 
10138 1401 3425 3535 3426 
10139 1908 2900 880 1876 
10140 840 3136 1610 1767 
10141 3423 1951 3314 3424 
10142 4495 2166 4078 1834 
10143 4061 4033 1496 3314 
10144 1951 4061 3314 3424 
10145 1525 452 445 4245 
10146 2922 3609 1202 2100 
10147 3609 2922 1202 3857 
10148 313 312 4249 311 
10149 3150 352 2948 350 
10150 2042 683 2508 4220 
10151 1203 3996 1989 3020 
10152 1572 1030 4235 2541 
10153 1908 2100 1086 2747 
10154 4396 364 3379 306 
10155 103 219 1364 4166 
10156 1213 3799 2924 3298 
10157 3621 4195 1548 3754 
10158 3601 1581 2495 2503 
10159 1085 2257 2255 1106 
10160 444 2185 4175 4121 
10161 750 1937 1581 2497 
10162 3010 2850 1007 3011 
10163 2287 2289 2288 335 
10164 3010 3011 1007 1623 
10165 749 4333 869 3448 
10166 3447 2270 866 4246 
10167 3983 4118 3621 1224 
10168 1267 1270 1268 3787 
10169 2072 3983 3621 1224 
10170 3659 1728 4143 3660 
10171 2468 638 641 1670 
10172 3684 1088 1216 943 
10173 2988 1195 1194 3141 
10174 3425 3423 1603 240 
10175 476 3951 3952 1939 
10176 2520 859 2735 2518 
10177 1382 928 2763 2860 
10178 3761 4157 4405 457 
10179 1265 274 1422 3619 
10180 3983 2981 1422 3619 
10181 2952 1783 3035 3024 
10182 1718 1460 4386 1463 
10183 3761 2276 4157 457 
10184 1591 1028 2937 3047 
10185 3153 1847 3034 3154 
10186 957 4027 3996 3295 
10187 925 2713 4183 2708 
10188 466 3849 467 468 
10189 3147 1655 3470 3471 
10190 934 925 4183 1061 
10191 3621 4118 1548 1224 
10192 417 3695 1699 4073 
10193 3577 3575 4428 273 
10194 2842 2840 1103 1199 
10195 4467 1381 4486 75 
10196 2072 3621 1548 1224 
10197 2049 27 28 4447 
10198 2158 4490 1414 4474 
10199 1934 3612 4398 4365 
10200 3233 1772 3231 3232 
10201 280 2169 2167 3504 
10202 3098 3091 1029 1741 
10203 774 452 4297 3804 
10204 3406 3343 1232 4186 
10205 359 2336 1479 1826 
10206 3946 3385 1243 1246 
10207 1324 4225 1323 993 
10208 1075 1077 2981 1422 
10209 1178 3563 2510 2766 
10210 3888 4053 3790 801 
10211 1245 3946 1243 1246 
10212 2105 1366 4411 2150 
10213 3442 1966 248 3441 
10214 2685 566 2758 3793 
10215 1115 1866 2914 3627 
10216 877 3137 3355 3517 
10217 3417 1376 3363 3364 
10218 4443 1431 4425 4321 
10219 2757 896 850 2756 
10220 628 815 626 2386 
10221 1247 3286 3947 2767 
10222 2122 235 4444 1326 
10223 617 2399 618 620 
10224 1247 1245 1246 3946 
10225 1401 3535 4271 3426 
10226 4127 3514 4271 1862 
10227 906 1877 3144 4337 
10228 2826 2827 1337 2825 
10229 74 73 4450 1408 
10230 219 104 1364 4288 
10231 1520 4020 4064 3320 
10232 2807 687 2810 1474 
10233 4000 1445 4435 251 
10234 3797 3920 3289 300 
10235 1938 1226 1136 2318 
10236 3687 1380 2120 3526 
10237 793 744 1496 4033 
10238 4306 264 2011 1386 
10239 3651 3180 1516 3526 
10240 3180 912 1516 1837 
10241 2675 3667 2679 1601 
10242 2530 2047 3014 1906 
10243 422 1860 3139 1559 
10244 3725 1060 2320 2242 
10245 1966 1588 248 3441 
10246 3565 785 746 784 
10247 2595 2597 3930 1174 
10248 301 3920 303 2338 
10249 1785 1014 4502 1535 
10250 4324 1588 2114 3441 
10251 2149 106 222 4495 
10252 1239 1244 3434 1757 
10253 956 914 2832 1890 
10254 2812 1717 3607 1575 
10255 1872 4281 4449 4431 
10256 563 4060 721 4012 
10257 810 2765 3473 4394 
10258 950 1257 3864 2316 
10259 1357 3893 1130 1961 
10260 994 1005 2888 931 
10261 32 4454 2088 31 
10262 950 1779 1257 2316 
10263 1267 1212 3787 1268 
10264 235 3549 3548 3550 
10265 1970 673 2440 2519 
10266 2845 1212 2037 1268 
10267 1297 1333 1362 4499 
10268 2904 2845 1268 3787 
10269 4176 1330 3548 3550 
10270 1599 2295 1279 1903 
10271 3332 4129 533 4134 
10272 2677 2685 556 2684 
10273 4116 1771 3559 1711 
10274 2295 2350 2805 1279 
10275 1003 1187 927 3555 
10276 1599 1278 1279 2805 
10277 2886 1470 2885 885 
10278 4320 3781 4310 1441 
10279 4490 2158 3567 141 
10280 35 4456 272 4474 
10281 1938 2323 2318 1136 
10282 3890 1374 2998 2961 
10283 4031 3963 2110 226 
10284 3022 3051 1056 3023 
10285 1079 3052 3757 3129 
10286 2295 1599 1279 2805 
10287 4437 37 1417 4419 
10288 3466 364 3019 1518 
10289 2608 1897 473 1290 
10290 4151 243 1417 4437 
10291 304 2801 305 2351 
10292 2086 865 2625 1831 
10293 1522 3598 1025 1521 
10294 791 727 790 3162 
10295 2039 2050 4284 1213 
10296 2611 2608 473 1290 
10297 821 3986 3914 2679 
10298 1698 518 2633 1775 
10299 244 45 1427 4427 
10300 1739 1940 2098 4251 
10301 2345 2347 1301 2346 
10302 3799 2039 4358 4284 
10303 45 244 4446 4427 
10304 4485 3511 113 3512 
10305 1435 3329 1441 3781 
10306 3687 4306 264 2011 
10307 4446 244 2126 4427 
10308 3659 1091 1065 2893 
10309 3514 2153 4271 1862 
10310 3541 1200 4004 4323 
10311 582 3591 2428 2426 
10312 1380 3687 264 2011 
10313 2452 739 1014 1527 
10314 1470 2886 2885 3629 
10315 2925 469 559 467 
10316 1082 2999 3720 1840 
10317 2345 1300 1301 1210 
10318 1308 2356 1303 1912 
10319 346 345 347 2274 
10320 577 579 4191 578 
10321 2898 3151 4491 1859 
10322 1245 1242 2761 1282 
10323 3018 312 4109 361 
10324 1553 3722 3531 2770 
10325 1096 1761 3203 3204 
10326 579 2537 4191 578 
10327 232 4448 57 1476 
10328 2265 2276 456 825 
10329 3607 4019 1575 610 
10330 4075 4209 437 1730 
10331 491 2590 490 2588 
10332 893 2190 2436 3600 
10333 2598 1727 2596 4384 
10334 3018 1519 361 1719 
10335 898 3241 4075 3602 
10336 223 107 108 1835 
10337 3766 1302 1210 1301 
10338 2347 1302 3766 1301 
10339 3766 2345 1301 1210 
10340 805 2372 1311 1809 
10341 420 2771 2967 423 
10342 3766 2347 1301 2345 
10343 843 851 2548 845 
10344 3433 3434 4207 1757 
10345 3406 1232 1540 1235 
10346 1800 3522 2489 3523 
10347 591 588 2544 2417 
10348 830 2776 828 3646 
10349 1079 1129 3129 3757 
10350 2292 1599 1903 2295 
10351 738 3114 3614 3116 
10352 4418 1445 2161 3583 
10353 778 843 3770 845 
10354 2180 453 1523 776 
10355 2699 2771 424 2789 
10356 1503 3117 3116 879 
10357 879 3117 3116 3118 
10358 741 3118 3116 3613 
10359 1443 1445 4430 3583 
10360 220 2146 4494 4288 
10361 4473 2116 159 4210 
10362 2156 2013 4378 1274 
10363 3521 122 4487 123 
10364 958 1506 4312 845 
10365 3164 3106 3581 844 
10366 3764 1795 460 3765 
10367 1195 1193 1562 3140 
10368 4225 1323 3149 4216 
10369 3062 3043 1334 4099 
10370 3510 3414 2220 409 
10371 225 1421 4463 41 
10372 2243 1805 385 1780 
10373 386 2243 1780 2527 
10374 1959 409 3416 3415 
10375 2241 3635 1780 2527 
10376 4304 507 1700 4167 
10377 1963 4498 1331 1334 
10378 3022 3051 3922 1056 
10379 436 2251 2702 1592 
10380 1354 1127 932 2836 
10381 2776 830 3022 3646 
10382 231 4316 4332 1477 
10383 3415 3436 3416 1631 
10384 494 2586 2719 2585 
10385 3293 3678 604 2549 
10386 419 3805 2208 2209 
10387 739 2452 1014 742 
10388 4118 1093 1224 1077 
10389 1489 2911 1146 2994 
10390 1333 1820 3050 3042 
10391 3630 1797 619 1818 
10392 1226 950 2315 1779 
10393 3502 819 1510 900 
10394 1959 3415 3416 1631 
10395 3461 4210 1428 2162 
10396 3007 3334 768 3006 
10397 3470 818 4194 817 
10398 1959 1631 3416 1109 
10399 3961 3590 168 4465 
10400 3668 2944 371 2946 
10401 4435 4000 2132 163 
10402 442 2185 2187 4175 
10403 3635 2241 1780 1606 
10404 3356 1409 940 3429 
10405 3285 4184 4260 1348 
10406 1379 3246 1378 1377 
10407 2669 551 706 2665 
10408 848 1016 3508 1017 
10409 3299 3668 372 2946 
10410 1287 1707 1040 3196 
10411 505 3071 506 3173 
10412 3246 3411 1378 1377 
10413 1785 2431 4502 2429 
10414 4261 1118 3742 1901 
10415 3591 4214 3592 578 
10416 94 209 4296 2121 
10417 92 4217 233 4201 
10418 1721 1798 2720 3427 
10419 285 283 284 3485 
10420 392 395 4149 3740 
10421 2780 3486 806 2951 
10422 4148 261 215 99 
10423 848 1016 4184 3508 
10424 703 2559 746 2563 
10425 2983 392 3680 4336 
10426 1390 2780 806 1389 
10427 3884 2804 393 3680 
10428 659 1820 3690 715 
10429 4488 180 4205 179 
10430 986 1520 3320 853 
10431 601 599 600 2406 
10432 3577 147 146 4428 
10433 1401 3425 1603 1400 
10434 3425 1401 3535 1400 
10435 3043 1891 3042 3041 
10436 40 225 4463 41 
10437 2262 353 3858 3064 
10438 3846 1082 4361 1538 
10439 3038 659 3608 660 
10440 1068 2777 1411 922 
10441 120 4451 4343 4469 
10442 1437 3590 2142 4264 
10443 1258 1936 2170 1351 
10444 1943 873 3792 2697 
10445 277 202 88 2114 
10446 3747 1614 3746 3878 
10447 442 439 2334 438 
10448 3997 429 3916 3721 
10449 3700 1068 1067 922 
10450 1987 991 1133 3188 
10451 3095 1088 1298 3685 
10452 1278 1088 3685 1298 
10453 2183 2182 451 2184 
10454 2197 1858 1023 2005 
10455 2081 1269 3693 3712 
10456 452 1525 4297 4245 
10457 1346 1349 654 3739 
10458 2903 2925 559 467 
10459 2592 4094 489 2590 
10460 887 3931 1759 953 
10461 1525 4390 4297 4245 
10462 2556 1266 2196 3693 
10463 1411 829 922 2775 
10464 3755 2981 3619 1422 
10465 2964 2058 3723 1620 
10466 1335 3315 3545 3544 
10467 3602 3241 4370 814 
10468 3371 2964 3723 1620 
10469 1484 2058 2964 1620 
10470 2496 1965 669 3702 
10471 2213 2090 2211 1153 
10472 2218 2221 405 2536 
10473 2586 3887 492 2719 
10474 1337 1954 2825 3815 
10475 2842 1011 1199 1103 
10476 2964 958 1620 3371 
10477 958 1506 1620 3371 
10478 1888 3723 1620 1031 
10479 3755 1075 2981 1422 
10480 3618 3983 1422 3619 
10481 1423 3983 1422 3618 
10482 1743 3956 3955 1744 
10483 1415 3569 3570 1807 
10484 4360 3838 4249 311 
10485 2383 626 624 1554 
10486 2029 1168 2827 1337 
10487 3329 3387 3330 1433 
10488 606 3293 604 2549 
10489 2333 2245 384 3639 
10490 2570 2568 4100 550 
10491 2320 1833 1488 4252 
10492 4330 3296 4123 933 
10493 2796 2798 2797 418 
10494 3752 3158 3157 1286 
10495 1432 1434 3330 1433 
10496 1434 3329 3330 1433 
10497 3329 1434 1435 1433 
10498 1209 2523 1210 1300 
10499 1721 508 1798 3427 
10500 1748 1704 2525 1149 
10501 1888 656 3275 3402 
10502 4226 1869 4101 2879 
10503 2806 2293 2349 330 
10504 450 1602 2263 456 
10505 3391 943 1340 1120 
10506 975 2237 2778 3756 
10507 1984 1679 3165 1111 
10508 3756 975 1031 2778 
10509 734 4104 4065 735 
10510 793 860 3767 955 
10511 747 748 3438 999 
10512 859 2735 3767 860 
10513 793 859 3767 860 
10514 2421 1533 3778 2447 
10515 1445 1443 2038 3583 
10516 609 3994 3954 607 
10517 4504 2028 4244 1367 
10518 3851 2094 472 4414 
10519 3109 3107 4141 1087 
10520 2355 1849 2362 3015 
10521 3239 3615 4189 737 
10522 3384 4352 1444 2065 
10523 3563 1178 1179 907 
10524 4352 3384 1444 4179 
10525 959 1310 1494 3276 
10526 1181 1673 4178 2705 
10527 3439 747 3438 3398 
10528 4278 3918 2134 1702 
10529 577 576 578 3592 
10530 2116 2012 1449 3624 
10531 747 4159 3438 748 
10532 4459 1368 3483 2148 
10533 3616 847 3278 2794 
10534 40 4445 1419 39 
10535 2278 1574 341 3649 
10536 3808 2784 2965 1182 
10537 4445 40 225 4463 
10538 3585 365 295 1955 
10539 4082 1244 3434 1239 
10540 3439 4159 3438 747 
10541 2622 752 2623 2621 
10542 1541 3678 3954 3836 
10543 2355 3015 3766 1302 
10544 1220 2827 3815 1337 
10545 1443 2117 3583 4430 
10546 1173 2036 2364 1971 
10547 557 455 2554 457 
10548 736 1220 3815 1337 
10549 5 4424 4442 2030 
10550 626 2383 2384 2386 
10551 1544 4192 2390 4155 
10552 513 2652 515 514 
10553 2645 3868 517 3309 
10554 357 3747 1614 1928 
10555 3810 717 1678 4136 
10556 2751 691 2462 3826 
10557 4316 231 1749 1477 
10558 3096 4049 1669 501 
10559 3065 3096 3834 779 
10560 4316 1749 3589 4106 
10561 2333 3664 3665 383 
10562 1247 1250 2071 2767 
10563 4445 147 3575 4428 
10564 2282 2278 341 3649 
10565 1669 4049 484 501 
10566 3098 3092 3099 1029 
10567 2157 4151 3419 1417 
10568 4022 1998 338 340 
10569 249 1441 4310 1439 
10570 4311 1440 4322 3589 
10571 4316 3148 4332 1477 
10572 3252 1167 1716 2929 
10573 3576 1418 1419 273 
10574 3148 1047 1477 1048 
10575 1055 1047 1477 3148 
10576 766 763 1658 3772 
10577 100 1366 261 2150 
10578 763 3288 3911 3772 
10579 3717 3715 1488 982 
10580 907 808 1491 2514 
10581 3895 1705 2814 2585 
10582 2817 1814 2815 2816 
10583 3605 760 759 2456 
10584 3125 1770 2821 2816 
10585 1770 3125 3833 2816 
10586 3895 3833 2814 1705 
10587 3640 1556 4035 2546 
10588 1237 2015 1757 3432 
10589 1116 1126 1125 2926 
10590 2086 1228 3921 1319 
10591 958 901 845 3405 
10592 2518 2752 2502 767 
10593 1861 1706 3867 713 
10594 4379 1662 1663 3493 
10595 3379 2801 3380 306 
10596 497 494 498 2585 
10597 1470 3844 1004 1471 
10598 4423 4325 192 3 
10599 1479 2336 2054 1826 
10600 216 101 217 4504 
10601 2136 1856 1884 1260 
10602 3715 1160 3086 1868 
10603 4305 2504 3698 1758 
10604 2886 931 2888 3195 
10605 2984 3246 1846 2022 
10606 826 2193 2524 2191 
10607 1498 3923 2324 2326 
10608 1376 1377 4380 3363 
10609 3200 3202 1919 1043 
10610 2986 3246 2984 2022 
10611 571 3472 570 4307 
10612 3898 496 2712 502 
10613 3459 4245 446 3460 
10614 3445 2953 3382 1262 
10615 3568 2158 1920 3734 
10616 3648 1137 283 1364 
10617 3673 2061 3856 1619 
10618 1907 1129 3129 1817 
10619 2779 4377 1120 4232 
10620 576 4126 577 575 
10621 1165 1341 1990 4410 
10622 1599 2292 333 2290 
10623 178 2125 179 4488 
10624 1938 2317 2319 1578 
10625 4121 445 3460 443 
10626 1858 2196 2005 2197 
10627 356 1498 2324 1499 
10628 1547 4066 3456 439 
10629 2823 2824 1175 2822 
10630 3777 441 435 2191 
10631 3763 4305 3346 1758 
10632 480 2711 2748 3855 
10633 4121 4245 3460 445 
10634 3373 2740 2738 787 
10635 1601 821 3914 2679 
10636 89 4324 203 204 
10637 530 529 3331 4039 
10638 3509 1666 4260 1015 
10639 760 1819 2433 1806 
10640 1671 2648 1799 1667 
10641 2647 532 1799 1667 
10642 2908 1957 3291 2891 
10643 2284 337 339 2285 
10644 532 1635 2650 2651 
10645 445 443 446 3460 
10646 524 711 2726 526 
10647 4245 445 446 3460 
10648 1921 3147 3471 1655 
10649 3877 511 4387 2932 
10650 2807 2777 1411 1474 
10651 3876 511 2681 514 
10652 1959 3416 4285 1109 
10653 4412 510 2932 3478 
10654 1921 4357 3471 4003 
10655 1481 851 4330 3835 
10656 4041 915 3408 4303 
10657 2681 511 2932 1664 
10658 1286 4239 228 1287 
10659 1943 1838 1185 3791 
10660 2216 1570 1571 682 
10661 562 2568 561 550 
10662 2204 3594 1906 2530 
10663 4239 2113 228 1932 
10664 4357 1921 3471 934 
10665 2075 2350 1982 1279 
10666 1935 3415 1631 3869 
10667 642 3274 2715 3530 
10668 3395 1454 3413 2464 
10669 588 2417 589 2418 
10670 4362 408 3012 2704 
10671 1539 2246 382 380 
10672 4190 3675 4145 1593 
10673 3147 1921 3471 4003 
10674 2700 3656 3655 679 
10675 2834 2845 2835 1212 
10676 3047 701 4018 699 
10677 956 914 932 3771 
10678 1607 3194 4132 3414 
10679 1379 3246 2022 1846 
10680 2051 3820 3174 4241 
10681 753 2618 944 1747 
10682 1586 945 4391 801 
10683 3170 3169 3899 1039 
10684 752 2620 735 751 
10685 3810 1110 717 4238 
10686 2680 1034 4021 3724 
10687 1679 1649 3811 520 
10688 1934 1276 1978 4398 
10689 1022 1091 1164 3033 
10690 871 1184 1675 3891 
10691 1041 3170 3899 1039 
10692 2857 2076 2726 2750 
10693 3356 1409 4294 3482 
10694 3382 2955 3383 1263 
10695 3843 1702 253 1703 
10696 2298 2300 1784 1740 
10697 2282 2284 339 2283 
10698 1409 3356 1104 3482 
10699 1041 3197 3198 3170 
10700 1698 518 515 2633 
10701 1676 3420 1677 1776 
10702 3246 1379 2022 1377 
10703 2312 1729 2321 1512 
10704 676 2309 2310 2307 
10705 2359 1146 2912 1218 
10706 667 2507 1532 2071 
10707 676 2307 2310 3801 
10708 3491 1501 3495 3647 
10709 1893 1542 2486 3551 
10710 4331 1662 3493 3647 
10711 3871 2619 754 4397 
10712 2874 2936 2979 842 
10713 2534 3609 2100 1543 
10714 3422 4107 770 2758 
10715 1893 2534 2100 1543 
10716 1039 1673 3899 1042 
10717 4129 1583 4403 4265 
10718 2866 1616 1615 3075 
10719 739 2452 742 3613 
10720 1137 1662 4331 3647 
10721 2443 2383 1554 2386 
10722 1089 3731 3166 3089 
10723 712 2642 1667 523 
10724 815 2443 1554 2386 
10725 3928 321 3058 3910 
10726 1190 1191 1290 2613 
10727 555 2677 556 553 
10728 1751 1844 944 4048 
10729 2769 2684 553 1565 
10730 1147 832 4340 1565 
10731 574 832 1565 3825 
10732 855 3096 501 779 
10733 2364 1971 2368 3705 
10734 2923 2368 2393 1549 
10735 1919 4105 1703 1098 
10736 3678 1541 2361 3836 
10737 3994 609 2923 4026 
10738 1971 2364 2356 3705 
10739 1382 929 1383 2877 
10740 1413 2105 3536 4277 
10741 4368 2069 882 2977 
10742 4116 538 1771 1711 
10743 1501 3491 3493 3647 
10744 441 892 2190 893 
10745 3208 964 3207 3206 
10746 962 3208 3210 963 
10747 4423 2031 108 1 
10748 4072 1870 4461 4480 
10749 1996 1387 3660 3028 
10750 3965 3213 3209 2021 
10751 4204 1486 2033 3316 
10752 3825 2769 1565 2684 
10753 574 2758 3825 556 
10754 915 967 1109 3987 
10755 694 2326 2332 3782 
10756 838 2035 2522 289 
10757 3037 1283 3861 1284 
10758 1649 521 2725 2935 
10759 1390 2531 288 286 
10760 969 3436 2849 3869 
10761 3659 1091 2893 3033 
10762 1814 2817 2818 1661 
10763 2820 2818 2819 1661 
10764 2212 2213 1576 2214 
10765 3775 929 1493 2876 
10766 3363 1376 1472 3364 
10767 2502 2752 3759 767 
10768 3296 1840 2995 933 
10769 958 2982 2964 1484 
10770 2498 708 2506 3703 
10771 2479 2480 652 2481 
10772 1936 3236 3504 2093 
10773 2295 2296 1903 2294 
10774 1742 1792 3091 1741 
10775 1742 3051 3929 3091 
10776 2909 910 2910 911 
10777 3844 1376 1004 1471 
10778 4097 3304 4054 349 
10779 2702 3664 704 3872 
10780 1792 3092 3052 3091 
10781 343 345 2277 344 
10782 2298 2296 2297 363 
10783 3051 1792 3052 3091 
10784 3448 749 1623 869 
10785 1596 3953 3539 3305 
10786 344 1704 3727 2525 
10787 1918 1327 3322 1058 
10788 3109 3110 3108 1054 
10789 1569 615 4009 1741 
10790 3651 1515 1516 3177 
10791 2806 330 358 3633 
10792 329 330 3633 328 
10793 2600 485 4124 486 
10794 1212 2845 3787 1268 
10795 1112 1190 2052 3944 
10796 3292 2806 358 3633 
10797 1212 1267 2835 1127 
10798 554 1723 2591 489 
10799 386 384 385 3639 
10800 3836 2356 3705 1912 
10801 1437 4484 1476 58 
10802 3236 3505 3504 2093 
10803 3310 483 3066 3882 
10804 2592 554 2591 489 
10805 876 2658 3930 3985 
10806 3057 3055 3056 1598 
10807 1616 528 1615 3075 
10808 2606 477 2604 2601 
10809 1717 2810 1070 2811 
10810 714 1682 3067 1752 
10811 1198 4014 3141 3143 
10812 3186 3190 3515 1755 
10813 4177 1270 4392 2904 
10814 431 4028 435 2524 
10815 485 2600 484 486 
10816 4126 3126 1604 3056 
10817 3228 3230 1821 3870 
10818 2983 1591 2937 4149 
10819 1121 1027 3254 1080 
10820 2199 428 1023 2198 
10821 4204 1486 3316 4375 
10822 1753 3395 4114 4046 
10823 1992 1772 3243 1001 
10824 335 2290 355 333 
10825 4170 1506 1620 1031 
10826 1475 2897 2977 2976 
10827 1375 3417 2151 4373 
10828 3371 4170 1620 3723 
10829 1506 4170 1620 3371 
10830 2974 376 374 3654 
10831 1052 3599 2194 2192 
10832 1520 4020 3320 853 
10833 1935 1050 1631 3415 
10834 986 3319 3182 3320 
10835 2491 2493 1328 2494 
10836 3533 3316 2033 1878 
10837 639 3533 2033 1878 
10838 3838 1578 4249 311 
10839 2718 873 2717 872 
10840 1033 3978 4021 3724 
10841 3533 4204 2033 3316 
10842 2754 848 819 776 
10843 3761 2276 457 456 
10844 3466 3381 3379 2044 
10845 1715 4190 1593 368 
10846 511 3877 4387 509 
10847 4047 1512 3798 2321 
10848 364 3466 3379 2044 
10849 3095 862 4062 2874 
10850 1353 3750 1881 2055 
10851 4047 315 3798 1512 
10852 551 2674 2668 2669 
10853 353 4097 3858 3064 
10854 3906 3890 2961 1252 
10855 2366 2036 2364 1173 
10856 2125 4488 4205 179 
10857 351 3150 350 352 
10858 3305 3304 2948 350 
10859 3533 640 4204 2802 
10860 345 3874 347 2274 
10861 2273 449 1593 4145 
10862 1712 2894 1996 1065 
10863 3582 276 2162 4319 
10864 4503 1924 1100 1923 
10865 1910 3750 1353 2055 
10866 3318 1977 3264 1634 
10867 3158 1910 2055 3750 
10868 723 2640 2638 3908 
10869 1985 1647 4090 3237 
10870 270 4451 4343 2154 
10871 818 906 2936 842 
10872 1611 2229 696 2228 
10873 2399 618 4119 4133 
10874 648 3538 2547 2477 
10875 2471 3530 643 2469 
10876 3921 1228 3396 1229 
10877 4404 1332 3548 1330 
10878 1598 1138 3056 1604 
10879 1844 3312 4048 1751 
10880 1229 1000 3396 3234 
10881 1319 752 754 2621 
10882 4213 3871 754 3870 
10883 1772 3233 3234 3232 
10884 3564 4454 138 4436 
10885 903 4170 1031 1506 
10886 3857 957 3996 3295 
10887 1338 683 2042 4220 
10888 3582 2009 4402 1424 
10889 252 29 30 4417 
10890 3070 496 3898 503 
10891 1341 4393 3564 4410 
10892 3546 1332 3548 4404 
10893 4152 1657 4122 3479 
10894 1877 3686 1653 1298 
10895 4247 3326 3861 1315 
10896 2421 584 2422 2420 
10897 502 4052 503 4152 
10898 1636 2656 1898 1738 
10899 1541 3836 688 1912 
10900 2369 782 613 611 
10901 3686 3095 1653 1298 
10902 4377 3392 3391 943 
10903 417 3695 3696 1584 
10904 4229 1352 2016 234 
10905 411 408 4362 412 
10906 3181 3183 988 3184 
10907 3851 470 4315 3850 
10908 721 899 3977 3650 
10909 3898 3070 503 3168 
10910 331 332 333 2291 
10911 4404 4099 4498 3044 
10912 3763 4313 937 433 
10913 1765 3511 4485 3512 
10914 3494 4379 1663 3493 
10915 1363 3505 3506 2093 
10916 395 3238 3740 3683 
10917 209 3697 4345 94 
10918 3643 1369 4350 4496 
10919 681 293 2445 291 
10920 1784 1057 3699 4381 
10921 3081 4107 831 770 
10922 2056 1226 2315 1779 
10923 1863 902 2555 1136 
10924 3095 3686 1653 1877 
10925 1982 2350 3669 2296 
10926 475 3840 1630 4413 
10927 1019 1715 3847 4190 
10928 3158 1288 2055 1910 
10929 2067 1045 3658 2313 
10930 4234 1855 1892 1416 
10931 2678 1732 3941 2722 
10932 3098 3092 1029 3091 
10933 593 2413 2411 2412 
10934 609 2923 1549 688 
10935 2694 2788 2745 861 
10936 2256 1085 2257 2255 
10937 3948 2608 2607 473 
10938 2043 3728 2341 1967 
10939 543 4223 545 3837 
10940 3129 1907 4040 3570 
10941 3129 3734 1807 3570 
10942 579 2537 578 580 
10943 1594 3120 3118 756 
10944 674 1833 3716 1868 
10945 2270 3708 866 4246 
10946 1077 2883 2881 2981 
10947 2974 375 2975 2973 
10948 1369 2168 4350 4185 
10949 1883 2689 1645 1824 
10950 1981 3147 3144 3856 
10951 1369 4185 4350 4496 
10952 3712 1580 1906 3014 
10953 1286 1347 3157 3160 
10954 1121 2963 3254 3255 
10955 1027 3362 3254 1080 
10956 1330 4404 4498 3548 
10957 423 2771 424 421 
10958 1124 1122 1617 4156 
10959 1671 2648 3999 1675 
10960 469 470 468 3850 
10961 1244 4082 3434 4207 
10962 2161 3583 2038 3584 
10963 4179 1443 3583 2038 
10964 1443 4179 1444 2038 
10965 3766 2523 1210 4088 
10966 1171 2628 2626 2627 
10967 789 2695 4032 3732 
10968 1946 4399 203 88 
10969 2149 221 4501 4268 
10970 4352 232 2117 1444 
10971 3384 2053 1444 3163 
10972 4176 1330 4498 3548 
10973 4404 4176 4498 3548 
10974 1759 1174 1851 3930 
10975 2111 3937 3938 1689 
10976 1993 2145 3979 1923 
10977 3937 81 245 1689 
10978 2111 81 1689 82 
10979 832 574 831 4218 
10980 2111 81 3937 1689 
10981 3346 1140 3350 2968 
10982 1849 3015 1815 3641 
10983 3560 3557 3559 1771 
10984 1102 2272 2539 2275 
10985 2661 543 542 2576 
10986 1217 3519 1218 2066 
10987 3833 540 4043 1650 
10988 2119 92 207 208 
10989 1468 233 1991 3672 
10990 4171 3729 2907 930 
10991 1045 2067 3658 949 
10992 3231 1101 3979 3982 
10993 1841 1775 2632 1064 
10994 3290 3005 1395 4117 
10995 543 2661 3837 2576 
10996 3541 1394 4117 1395 
10997 1171 1831 2626 1708 
10998 1085 2256 2257 1020 
10999 3225 4503 3377 3223 
11000 2630 1171 2626 1708 
11001 1863 1187 3556 1825 
11002 2608 2611 2610 1290 
11003 414 3805 412 415 
11004 917 3741 786 2737 
11005 1382 1013 2889 2040 
11006 3431 3433 2015 3432 
11007 1236 1234 1237 3435 
11008 1831 865 2624 1708 
11009 95 210 211 4295 
11010 2661 543 3837 4223 
11011 318 1464 360 3094 
11012 2515 808 809 2516 
11013 4165 1139 4142 3581 
11014 344 2342 3727 2280 
11015 3785 2769 553 1711 
11016 3568 1980 1920 1414 
11017 4165 1430 2544 4142 
11018 562 563 4100 550 
11019 1847 3153 3034 1318 
11020 315 3145 4086 314 
11021 3145 4037 4109 314 
11022 2916 1115 1116 2915 
11023 3524 3016 3467 1719 
11024 561 2571 2569 572 
11025 1151 2783 1777 1150 
11026 4212 3442 1736 4309 
11027 3774 1464 3094 360 
11028 2785 791 3162 3891 
11029 211 96 2151 212 
11030 2136 1856 4087 218 
11031 2135 4281 115 4449 
11032 3825 832 1565 4340 
11033 2136 4339 4087 1856 
11034 1464 3131 3146 3094 
11035 1856 102 4087 218 
11036 3524 1926 1880 2746 
11037 2677 2685 2690 555 
11038 3811 1679 4070 3165 
11039 4154 4306 1386 264 
11040 3524 1926 3016 1719 
11041 1739 3643 4496 1369 
11042 3893 1130 2957 2956 
11043 3651 1515 1386 1516 
11044 1363 2149 4501 3500 
11045 722 2639 522 1683 
11046 1563 996 3100 1128 
11047 714 2980 3067 2906 
11048 3068 1682 3067 2906 
11049 576 4214 3592 3269 
11050 4001 407 413 1538 
11051 2732 802 3413 4328 
11052 2762 928 2763 2735 
11053 675 2536 1538 405 
11054 1490 3368 4362 4153 
11055 873 1184 2697 1185 
11056 3844 1471 3925 4373 
11057 3513 183 4416 2129 
11058 2060 3857 3020 3897 
11059 1657 2949 4255 4152 
11060 403 2218 405 404 
11061 2806 2854 358 1595 
11062 330 329 3633 2294 
11063 529 530 528 4039 
11064 227 2139 3886 2077 
11065 3896 3784 3991 526 
11066 3172 835 836 413 
11067 1360 236 3452 2084 
11068 2028 4504 4244 3281 
11069 2139 227 1672 2077 
11070 3462 909 3476 2869 
11071 2028 247 4504 2095 
11072 850 924 1513 2756 
11073 232 56 57 4448 
11074 2959 1248 3399 4015 
11075 2982 958 2964 3371 
11076 4421 4426 1853 63 
11077 3543 1404 2125 4476 
11078 2141 3546 1361 1853 
11079 2890 1697 930 1447 
11080 806 1875 3325 1612 
11081 2573 2575 3783 1155 
11082 1695 3327 4496 1865 
11083 3261 1869 3243 4101 
11084 2622 752 865 2623 
11085 3945 3989 1774 4356 
11086 1112 3945 1774 4356 
11087 2400 2402 632 3603 
11088 407 3758 405 2536 
11089 4169 4361 1538 2536 
11090 3934 887 886 4036 
11091 539 552 553 2676 
11092 4148 2127 4275 1370 
11093 4198 3327 3328 4496 
11094 634 2042 632 3603 
11095 3145 3131 4037 1589 
11096 950 797 3864 1257 
11097 1420 1277 225 3572 
11098 4489 4473 159 4210 
11099 4383 1071 4342 1073 
11100 1070 4342 2811 4282 
11101 3401 3465 1219 2077 
11102 3465 3401 3886 2077 
11103 2402 2400 633 2401 
11104 1420 4383 3710 1073 
11105 3271 3662 1773 2862 
11106 2139 3465 3886 2077 
11107 2812 1072 1787 2813 
11108 3151 2898 2882 1859 
11109 2773 649 1989 2547 
11110 1066 3700 1067 922 
11111 3473 2765 812 4208 
11112 1478 1456 2968 2969 
11113 1526 2427 2428 2429 
11114 3046 1321 3253 3149 
11115 3337 813 811 4208 
11116 632 2042 2508 3603 
11117 2400 632 2508 3603 
11118 3266 1654 1480 966 
11119 738 3114 3239 3614 
11120 4015 1248 1546 1249 
11121 1129 1907 3129 1807 
11122 4401 761 3911 2456 
11123 2336 2054 2335 2332 
11124 3488 2774 3713 803 
11125 373 2947 2972 2946 
11126 755 868 3960 2657 
11127 2255 2257 4257 1106 
11128 557 3477 1930 4233 
11129 4157 4405 457 1634 
11130 3761 455 456 457 
11131 4396 308 306 3380 
11132 2740 2741 850 2756 
11133 4462 4443 129 2143 
11134 686 783 740 4276 
11135 3854 3354 2940 1641 
11136 1410 1104 3482 1408 
11137 2895 3830 3264 1977 
11138 2903 2006 2940 3354 
11139 1907 1416 3570 1807 
11140 1930 1625 1977 3264 
11141 1416 1415 3570 1807 
11142 3626 621 4491 1832 
11143 2474 2476 647 646 
11144 2139 1672 3465 2077 
11145 4448 3961 167 4465 
11146 4432 4371 1408 1410 
11147 1800 1350 3523 2489 
11148 2160 275 3622 4420 
11149 2768 1250 2959 2767 
11150 392 4149 3680 3740 
11151 2454 1179 2510 1713 
11152 288 2521 2461 289 
11153 1742 3051 1792 1056 
11154 1089 3049 941 3089 
11155 65 4440 1361 64 
11156 2115 4454 2088 4472 
11157 3654 376 374 377 
11158 1272 2823 3813 2826 
11159 1940 3326 3511 1765 
11160 664 629 627 4279 
11161 1646 3315 3313 3074 
11162 810 1482 3473 812 
11163 4371 186 4450 2140 
11164 4133 3630 614 1818 
11165 929 860 1493 2876 
11166 4440 2141 175 176 
11167 617 613 614 4089 
11168 46 45 4427 1427 
11169 2882 2881 1076 1092 
11170 739 741 3614 3613 
11171 2182 1523 2183 451 
11172 2160 156 4420 3622 
11173 840 2933 1802 899 
11174 1552 3247 2024 1196 
11175 46 275 4420 47 
11176 275 4438 3622 4420 
11177 1872 2097 4449 4281 
11178 491 489 490 2590 
11179 738 741 3614 739 
11180 274 3618 3619 2159 
11181 1418 1277 3573 1419 
11182 2914 3627 4491 3625 
11183 243 37 1417 4437 
11184 362 2342 2341 2343 
11185 4151 243 2131 4234 
11186 1275 241 4237 3542 
11187 3631 4133 3630 614 
11188 3381 2859 1285 4004 
11189 4037 3018 4109 361 
11190 4423 4325 4441 192 
11191 230 2115 2088 4472 
11192 3598 1522 4253 4196 
11193 2339 359 2066 1826 
11194 2169 191 4460 4441 
11195 2339 3519 3520 2066 
11196 2339 2340 2352 1829 
11197 595 596 2409 2411 
11198 276 51 52 4471 
11199 749 780 869 4333 
11200 3777 4066 4028 434 
11201 1218 3519 2352 2066 
11202 3564 4454 2088 2115 
11203 4410 3564 2088 2115 
11204 4091 1455 3600 2099 
11205 2995 3296 933 3295 
11206 3618 4482 151 2159 
11207 3296 4027 933 3295 
11208 601 2388 600 602 
11209 1124 3257 4095 3259 
11210 3369 4192 4161 1975 
11211 3293 3678 607 604 
11212 3620 244 4446 4464 
11213 2923 2368 1549 3705 
11214 3994 3642 608 3294 
11215 386 3637 3636 388 
11216 847 3616 946 2794 
11217 274 3618 2159 4482 
11218 892 893 1455 3600 
11219 546 2721 3837 4193 
11220 3117 1786 4322 4493 
11221 1750 3978 3919 3154 
11222 879 1594 1927 4493 
11223 3117 879 1927 4493 
11224 3123 3329 1435 3121 
11225 4493 1999 3781 3121 
11226 1921 4003 3856 1619 
11227 879 1594 3119 3118 
11228 1156 1632 2709 1709 
11229 4159 2875 3438 748 
11230 3304 3150 350 351 
11231 1280 3730 3728 1967 
11232 3637 386 3636 2527 
11233 3121 4493 3119 3781 
11234 2595 2593 1851 2728 
11235 2595 1726 1851 2593 
11236 2152 3697 1385 4154 
11237 3417 1376 4380 3363 
11238 2691 777 2737 2736 
11239 103 4500 219 1884 
11240 4174 3788 781 3875 
11241 1860 375 2975 410 
11242 3668 371 372 2946 
11243 1652 4269 1260 1017 
11244 247 2095 1856 4504 
11245 2136 4339 1856 1260 
11246 1759 876 1174 3930 
11247 436 3664 2702 2249 
11248 661 662 660 3038 
11249 2169 280 2167 4441 
11250 4179 1443 1444 2117 
11251 667 2507 2533 2480 
11252 2053 2939 1241 2902 
11253 1212 2834 2833 2835 
11254 1726 2595 1851 1174 
11255 975 2237 2329 2778 
11256 1618 2284 3025 3673 
11257 1720 4357 4003 2539 
11258 4336 3824 388 3636 
11259 3824 3637 388 3636 
11260 4012 563 564 721 
11261 3257 1123 1124 1122 
11262 1137 285 1501 3647 
11263 2113 1932 3841 201 
11264 4127 4382 3514 1862 
11265 4064 4091 3600 2099 
11266 2185 2186 1947 2187 
11267 2650 527 3991 3866 
11268 1924 4503 2092 2 
11269 202 3469 277 87 
11270 2564 772 702 2565 
11271 431 4028 3349 432 
11272 431 3997 3349 4028 
11273 1143 2204 2530 2206 
11274 3357 1914 4334 3859 
11275 565 3079 740 1609 
11276 793 2518 767 2752 
11277 1045 2311 3658 2313 
11278 1206 3260 1950 1204 
11279 2049 3596 3595 4447 
11280 1522 3598 4253 1025 
11281 1729 2312 1045 1766 
11282 2237 904 976 2238 
11283 1778 3657 4240 3658 
11284 3681 978 976 2329 
11285 950 3634 1136 2318 
11286 1487 975 977 2778 
11287 3546 1332 4404 4099 
11288 2237 2238 976 2329 
11289 1398 3860 1914 2041 
11290 3286 1247 2071 2767 
11291 368 367 369 2942 
11292 4382 3860 2041 3008 
11293 4495 2166 1834 259 
11294 444 2183 448 451 
11295 3337 811 1394 2764 
11296 2069 1475 882 2977 
11297 1063 1914 3859 2041 
11298 4195 3580 2126 1427 
11299 4119 618 1818 4133 
11300 2361 2362 603 2387 
11301 811 2765 2517 2764 
11302 4081 2866 1615 3075 
11303 282 257 4263 283 
11304 3200 1919 1169 1043 
11305 488 4063 544 490 
11306 1039 3169 3899 4131 
11307 3829 1167 855 1669 
11308 2355 2361 2362 1873 
11309 1550 2251 1803 2252 
11310 1849 2355 2362 1873 
11311 733 2601 2602 2604 
11312 1173 2366 2365 2364 
11313 2051 1684 1939 3174 
11314 1041 3899 3198 1042 
11315 3220 954 3221 3223 
11316 1354 2839 2838 932 
11317 2362 601 603 2387 
11318 3241 2966 4370 814 
11319 3013 1170 3541 4323 
11320 1358 1867 1359 3440 
11321 3899 3244 3198 1042 
11322 882 945 801 4053 
11323 274 43 4482 42 
11324 1078 1784 3669 4381 
11325 1541 3678 603 604 
11326 1299 3686 1298 355 
11327 1421 3571 2159 3710 
11328 1174 2597 1727 2596 
11329 3873 780 4333 2873 
11330 3354 461 465 1641 
11331 1419 4445 2112 3575 
11332 1849 601 603 2362 
11333 1425 3433 2132 251 
11334 348 4025 347 3874 
11335 3824 2983 4336 391 
11336 2834 2037 1345 2846 
11337 2227 1528 1733 1051 
11338 4500 104 258 1884 
11339 2471 1952 2472 663 
11340 4500 103 104 1884 
11341 2922 2900 1201 2995 
11342 3950 2606 3951 476 
11343 2037 2884 1268 1909 
11344 282 283 4263 3336 
11345 541 540 4043 3995 
11346 3513 1398 3514 3860 
11347 2067 1778 4240 3658 
11348 3244 3200 3198 1043 
11349 2700 3657 949 3658 
11350 1385 3697 1452 3661 
11351 1143 2204 1906 2530 
11352 657 2485 655 2484 
11353 2474 646 644 3531 
11354 1105 2204 3594 1906 
11355 1143 2204 1105 1906 
11356 3857 3609 3897 2060 
11357 1330 235 3548 3550 
11358 2452 742 3613 4273 
11359 2705 1801 2577 3853 
11360 1723 2589 2667 2591 
11361 1286 3158 3157 1347 
11362 1343 1133 4180 3529 
11363 2963 2856 1843 2962 
11364 2127 4275 1917 3925 
11365 1489 4146 924 1867 
11366 106 4495 107 259 
11367 4492 98 97 237 
11368 1437 59 4484 58 
11369 3400 2164 256 3465 
11370 3733 2007 4287 1686 
11371 3657 1778 949 3658 
11372 1295 3389 3388 1296 
11373 1674 2082 2852 559 
11374 887 3219 4036 3218 
11375 4148 4275 2045 1370 
11376 1778 2067 949 3658 
11377 2400 631 630 632 
11378 10 2097 4449 11 
11379 199 84 85 4366 
11380 4000 1445 4418 4435 
11381 172 2122 173 4444 
11382 4402 3431 2132 1425 
11383 661 659 3038 660 
11384 2205 2204 2203 1142 
11385 3258 3747 3748 1928 
11386 3201 3268 1169 1703 
11387 1113 2898 1859 1092 
11388 4278 1913 3918 1702 
11389 2163 1665 253 85 
11390 4366 84 85 253 
11391 1115 2916 2914 2915 
11392 2120 4080 3526 1373 
11393 3258 3747 1928 3256 
11394 3954 2923 688 3705 
11395 2898 1113 1859 4491 
11396 1376 3417 1471 3844 
11397 606 3642 1412 608 
11398 38 39 273 4428 
11399 1123 3258 1928 3256 
11400 611 609 2393 1549 
11401 1413 1005 1172 3195 
11402 3747 357 3748 1928 
11403 2807 1412 687 1474 
11404 3175 1162 1933 3085 
11405 1545 2080 2450 2458 
11406 3989 1756 1774 4353 
11407 969 1935 3869 1175 
11408 3224 1925 1307 3988 
11409 1998 1280 4056 1950 
11410 3676 2127 237 3925 
11411 4245 1525 3459 446 
11412 903 904 2235 764 
11413 1376 263 1375 4380 
11414 3354 465 4139 4376 
11415 3748 1998 4056 1950 
11416 540 3895 3833 3995 
11417 2051 1939 3820 4241 
11418 2168 3483 110 4442 
11419 1630 475 4413 1939 
11420 2298 1784 3699 3669 
11421 3950 475 3952 3949 
11422 1446 2908 911 2909 
11423 2196 2197 3693 2005 
11424 1580 1269 2081 3712 
11425 2829 2828 2827 2029 
11426 2147 2171 2170 1351 
11427 1951 4061 1496 3314 
11428 3260 3748 4056 1950 
11429 4466 133 3595 2118 
11430 1206 3260 4056 1950 
11431 1960 4429 4447 28 
11432 2421 1533 2447 585 
11433 3492 1961 3490 1502 
11434 241 4415 1399 3518 
11435 2939 3384 1796 3385 
11436 2083 4264 1249 3386 
11437 1253 2960 2961 1251 
11438 2537 2424 580 3487 
11439 1784 1982 3669 363 
11440 2856 1894 1843 710 
11441 1501 838 1502 3490 
11442 1129 1079 1128 3757 
11443 3120 1594 3119 3121 
11444 2010 3819 3083 4035 
11445 2614 2615 2613 1191 
11446 3445 3382 1972 1262 
11447 2298 1784 3669 363 
11448 3722 2058 1553 1529 
11449 3484 3325 3336 284 
11450 3912 384 387 3639 
11451 674 1577 1868 3716 
11452 3983 1423 1422 1224 
11453 4379 1662 3493 4331 
11454 2075 1982 3669 1078 
11455 2455 582 1457 3591 
11456 277 1588 1972 2114 
11457 3774 4214 4120 839 
11458 2696 538 539 537 
11459 2981 3983 1422 1224 
11460 2059 2188 2186 3528 
11461 3445 2114 1972 3382 
11462 277 2114 1972 3445 
11463 4424 109 4318 3 
11464 2021 3213 3957 1744 
11465 4435 53 4453 251 
11466 4503 3220 4002 3223 
11467 430 3351 3349 3347 
11468 2636 722 1683 2639 
11469 4000 164 163 4435 
11470 3431 3433 2132 1425 
11471 683 2042 2508 632 
11472 1860 3818 1559 1933 
11473 61 1870 4461 1326 
11474 4480 4072 171 4461 
11475 3002 2075 3669 1078 
11476 3877 4304 512 4013 
11477 2694 1154 4122 2788 
11478 2930 1781 2027 816 
11479 716 2672 2681 514 
11480 307 4242 3380 308 
11481 1839 1085 2255 1106 
11482 978 2865 1485 977 
11483 194 80 2110 193 
11484 4371 4432 4045 1410 
11485 3884 390 3680 393 
11486 4416 1410 242 2129 
11487 4432 184 4045 2129 
11488 1473 441 2188 893 
11489 893 2436 1455 3600 
11490 1410 242 4334 1914 
11491 2762 1255 928 1012 
11492 1060 3725 979 1152 
11493 1919 3201 1169 1703 
11494 1517 2424 583 580 
11495 2419 3778 586 1430 
11496 1819 2435 2433 2434 
11497 3956 4016 3957 1983 
11498 2141 3544 1361 3545 
11499 3032 1734 1164 1022 
11500 2103 1834 4496 259 
11501 2108 3181 3525 1837 
11502 3076 4008 1271 4058 
11503 3649 1720 4406 2539 
11504 2457 629 2398 1978 
11505 3917 4016 2165 278 
11506 3608 2487 1994 658 
11507 265 4248 3404 206 
11508 1368 279 4459 3483 
11509 2540 2485 3608 658 
11510 4198 1695 3327 4496 
11511 3884 4336 3680 390 
11512 1972 3382 3383 1263 
11513 1089 3049 3166 1590 
11514 1542 2483 655 2486 
11515 4379 3494 1663 4411 
11516 2743 2564 1021 1597 
11517 848 2754 3508 4184 
11518 101 246 217 102 
11519 2754 2180 3509 1015 
11520 79 78 4441 280 
11521 101 4504 102 217 
11522 4339 2095 1856 1260 
11523 4116 1583 4265 1771 
11524 3081 3422 4107 770 
11525 2150 1366 4411 3674 
11526 390 392 3680 393 
11527 2916 2926 1125 3245 
11528 1421 3571 225 4463 
11529 4302 3282 3376 1259 
11530 1809 782 613 2371 
11531 918 2197 2005 2200 
11532 2105 3494 4347 4411 
11533 1319 2730 754 1821 
11534 194 3937 245 3973 
11535 3937 3939 245 3973 
11536 4379 246 3674 4411 
11537 2113 4239 228 3751 
11538 1269 2081 3693 2005 
11539 3693 1269 2005 2200 
11540 4006 3475 1403 2079 
11541 1654 3464 1403 4006 
11542 1654 3266 4006 2079 
11543 1269 918 2005 2200 
11544 1391 3940 3826 3036 
11545 1662 1501 3493 3647 
11546 277 3445 1972 1986 
11547 1913 4278 1703 1702 
11548 4487 1822 17 239 
11549 3049 1089 941 1590 
11550 1745 2 3962 80 
11551 1960 1292 1325 3597 
11552 2124 3521 4487 239 
11553 716 4187 2672 516 
11554 2801 2337 305 2351 
11555 3975 1929 2859 4004 
11556 4181 3656 3657 1586 
11557 3521 2124 4344 239 
11558 2415 591 592 2448 
11559 1632 2711 2709 479 
11560 4336 392 3680 390 
11561 3399 4264 1546 2096 
11562 340 4022 2283 338 
11563 1044 2268 2272 2271 
11564 1781 2930 2866 816 
11565 3590 169 4484 2142 
11566 3686 1299 2357 3691 
11567 3492 1663 1131 1502 
11568 885 2757 896 850 
11569 261 100 215 99 
11570 4148 4492 99 214 
11571 2128 2046 3515 262 
11572 4451 120 4343 2154 
11573 4492 98 237 1370 
11574 4451 4433 119 2154 
11575 3923 4242 3380 307 
11576 769 3007 768 709 
11577 3439 747 3398 1842 
11578 2806 2854 1595 2349 
11579 2724 3896 2646 525 
11580 206 265 91 2016 
11581 215 2128 4222 262 
11582 4104 3340 729 734 
11583 1739 1368 3643 1369 
11584 1371 4492 99 98 
11585 4281 1872 3451 3542 
11586 3404 265 206 2016 
11587 4459 1368 266 7 
11588 4504 3281 3430 4244 
11589 1781 1214 3808 3072 
11590 4490 34 33 1414 
11591 272 2158 1414 4474 
11592 1951 4061 3424 955 
11593 3744 1563 1980 1990 
11594 142 2158 4490 141 
11595 1214 4181 3808 3072 
11596 1299 3686 355 3691 
11597 1365 3648 4166 1364 
11598 219 103 1364 104 
11599 1135 1520 4064 2099 
11600 1365 1137 3648 1364 
11601 103 1365 4166 1364 
11602 3102 822 3617 3644 
11603 1455 1135 3600 2099 
11604 1135 4064 3600 2099 
11605 3480 1852 3481 3828 
11606 1951 3423 1603 3424 
11607 4294 1409 1408 3482 
11608 1409 3356 940 1104 
11609 1380 96 212 97 
11610 3500 1363 3506 1988 
11611 1410 4416 242 72 
11612 3893 1357 1130 3317 
11613 447 2394 1944 3800 
11614 122 2124 4487 121 
11615 2161 2017 4207 2038 
11616 1445 2017 2161 2038 
11617 2391 628 630 629 
11618 673 2080 635 2440 
11619 2751 1391 3826 3036 
11620 803 3488 3045 3713 
11621 3282 1885 2095 1259 
11622 3920 301 303 302 
11623 1652 258 1884 3501 
11624 2351 2337 303 2338 
11625 453 2179 776 2180 
11626 2179 775 776 2178 
11627 2400 2402 633 632 
11628 425 2202 833 1584 
11629 993 3488 3149 3045 
11630 2520 1012 2759 4274 
11631 3169 1038 3159 1036 
11632 3093 3910 319 4010 
11633 4193 546 545 3837 
11634 838 287 3489 1501 
11635 546 543 545 3837 
11636 1511 2321 317 4010 
11637 1322 3046 3476 1406 
11638 1325 231 4332 1477 
11639 2608 2611 473 3948 
11640 315 4047 317 1512 
11641 2755 1086 2747 880 
11642 3596 134 4447 135 
11643 3807 326 1587 1138 
11644 3609 1202 1543 2060 
11645 327 326 3806 2299 
11646 3609 3857 1202 2060 
11647 1599 2295 3701 2805 
11648 1203 3857 3020 2060 
11649 602 604 2549 605 
11650 808 2513 1491 2514 
11651 2199 2201 833 2202 
11652 1584 833 1142 2203 
11653 698 843 3770 778 
11654 327 326 2299 325 
11655 1311 2372 2370 2106 
11656 1528 2226 2228 2227 
11657 2223 403 1568 2222 
11658 1627 2300 2301 325 
11659 3857 1203 3996 957 
11660 3609 2534 3551 1543 
11661 511 514 1664 2681 
11662 2295 2350 1279 1903 
11663 2306 2307 677 2305 
11664 3634 950 2316 2315 
11665 2368 1971 1549 3705 
11666 2733 2718 2717 872 
11667 2948 1596 350 366 
11668 2680 572 1034 3724 
11669 100 2128 215 262 
11670 4060 3136 1610 840 
11671 1308 1971 2356 1912 
11672 2399 4173 4119 618 
11673 3169 1036 4068 4131 
11674 1060 1805 2320 2242 
11675 895 1555 1556 2546 
11676 2545 1621 4054 349 
11677 2507 2071 2533 2767 
11678 3874 2545 347 2274 
11679 2788 841 842 861 
11680 353 1621 4054 3827 
11681 353 4097 3064 4054 
11682 4217 208 93 2121 
11683 1138 3090 3056 1604 
11684 3059 3057 3269 360 
11685 1151 3653 1846 2984 
11686 562 563 564 2772 
11687 3774 576 360 3269 
11688 807 4313 937 1289 
11689 1401 4127 3426 4271 
11690 3426 2078 4092 1493 
11691 3059 3774 360 3269 
11692 3510 2219 2222 402 
11693 2818 2817 2819 1661 
11694 488 4124 4094 487 
11695 1134 3554 1613 1003 
11696 4335 1465 1458 2455 
11697 4416 71 242 72 
11698 326 2380 2299 325 
11699 1459 1464 3146 839 
11700 3774 576 839 360 
11701 1475 1984 882 2897 
11702 371 1567 2946 2945 
11703 866 749 1623 4246 
11704 4315 470 471 4164 
11705 367 1495 369 2799 
11706 2851 2848 1637 2082 
11707 4272 1451 2121 233 
11708 3299 4286 372 3668 
11709 4286 1572 372 3668 
11710 2082 2853 2852 559 
11711 2054 1134 1826 2335 
11712 1324 4225 3475 4110 
11713 2890 2907 1447 930 
11714 1179 3563 907 2511 
11715 1566 3299 372 374 
11716 741 3301 756 3118 
11717 2136 4270 1884 3501 
11718 4137 1343 2101 1848 
11719 2059 1344 2186 1947 
11720 2006 2853 1638 559 
11721 1539 2245 385 382 
11722 4217 4272 2121 233 
11723 2003 2475 2473 3735 
11724 192 4325 4441 2167 
11725 381 2248 379 380 
11726 1640 3915 704 3665 
11727 3549 4421 3547 174 
11728 2702 3709 3872 731 
11729 436 381 383 2249 
11730 2127 4492 3676 237 
11731 2507 667 1532 3735 
11732 1666 1015 1348 4260 
11733 1585 4240 3864 1257 
11734 2787 2531 3486 286 
11735 3508 4269 3498 1017 
11736 986 987 913 3182 
11737 786 777 2737 567 
11738 1258 3236 1936 2093 
11739 439 4066 3456 4112 
11740 4295 211 96 2151 
11741 4011 3090 1587 1754 
11742 1569 596 594 2543 
11743 1435 1594 2104 3121 
11744 1573 3395 3394 2464 
11745 3884 1605 390 393 
11746 2509 3598 1522 1521 
11747 4140 1804 1815 707 
11748 1668 2575 1801 542 
11749 1605 3884 2804 393 
11750 1594 758 2104 3121 
11751 1761 1096 1099 3204 
11752 2804 3679 393 3680 
11753 1143 2204 2206 2205 
11754 4215 200 86 201 
11755 667 2003 1532 3735 
11756 202 3469 2114 277 
11757 2564 2743 3726 1597 
11758 403 2223 2221 2222 
11759 3510 409 402 401 
11760 2467 2466 2459 1670 
11761 2219 403 2222 402 
11762 2116 158 3623 4455 
11763 1990 3744 2115 4400 
11764 400 3510 402 401 
11765 668 621 1832 4491 
11766 1253 1374 2998 1295 
11767 2883 1093 4118 1077 
11768 1990 3744 4410 2115 
11769 89 203 3749 204 
11770 408 411 4362 3012 
11771 4289 417 416 4073 
11772 417 4289 416 420 
11773 2207 2210 3666 1356 
11774 3983 3620 3618 1423 
11775 3543 3315 269 3544 
11776 4478 4460 77 267 
11777 2287 2289 336 3878 
11778 2524 431 1505 435 
11779 1126 2927 2926 2924 
11780 1192 1126 2926 1125 
11781 4427 3580 1427 2126 
11782 2916 1115 3627 1221 
11783 244 4427 1427 2126 
11784 2881 2871 2880 1076 
11785 3082 1575 619 1787 
11786 1311 1561 1312 2403 
11787 430 3997 431 429 
11788 2193 1696 3721 2195 
11789 3662 1773 1730 1163 
11790 3662 1148 1730 1773 
11791 3516 4492 4298 214 
11792 553 2684 556 1565 
11793 1468 4201 2137 91 
11794 2961 2768 1252 1251 
11795 3271 1800 1163 3523 
11796 3499 4269 4270 1652 
11797 1900 90 91 2137 
11798 90 205 91 2137 
11799 378 3359 4059 3823 
11800 645 2474 644 3530 
11801 3511 112 2148 4477 
11802 4280 1905 627 4279 
11803 3241 423 814 437 
11804 980 3717 982 981 
11805 2322 2287 336 3878 
11806 2460 2446 2437 292 
11807 2966 1456 2789 2968 
11808 2685 560 2690 555 
11809 2210 965 3666 1356 
11810 2276 458 456 825 
11811 3753 334 3878 1614 
11812 1456 2966 423 814 
11813 1801 2575 2577 542 
11814 4121 2183 2392 448 
11815 3722 2058 1529 3275 
11816 445 4121 2392 448 
11817 1905 3245 1942 3611 
11818 274 1265 2159 3619 
11819 1544 628 630 2390 
11820 1888 2058 3723 3275 
11821 274 1421 2159 1265 
11822 1195 2988 1194 1193 
11823 3538 2482 651 692 
11824 4130 3921 3396 1229 
11825 527 2650 3991 3896 
11826 3300 4360 4249 311 
11827 2289 334 3878 3753 
11828 4481 274 1421 2159 
11829 3816 323 322 354 
11830 1641 3318 1634 1977 
11831 3571 4481 1421 2159 
11832 1421 3571 3710 3572 
11833 2094 3851 472 470 
11834 475 3840 3949 471 
11835 634 2441 636 2731 
11836 4108 2012 1230 2008 
11837 3948 4315 471 4164 
11838 2179 453 773 3804 
11839 1614 2322 336 3878 
11840 2476 648 647 646 
11841 3415 409 3416 2220 
11842 1536 4327 1238 3743 
11843 1830 2468 1670 2467 
11844 4082 1239 3434 3021 
11845 2548 851 4123 3405 
11846 3480 3468 4486 1381 
11847 638 637 2451 636 
11848 233 4217 93 2121 
11849 1451 233 93 2121 
11850 2925 3849 3850 468 
11851 2834 2845 1212 2037 
11852 469 2925 3850 468 
11853 1222 2171 2004 1351 
11854 733 477 481 2601 
11855 2355 1849 3015 1302 
11856 695 2282 341 3649 
11857 3433 4000 2132 251 
11858 3101 1563 996 3100 
11859 4198 3714 281 259 
11860 477 2606 481 2601 
11861 2991 1314 3317 2956 
11862 2606 477 481 478 
11863 4094 2603 490 2590 
11864 494 2586 493 492 
11865 3212 4162 1725 1791 
11866 2586 2587 493 2588 
11867 3304 4025 350 3305 
11868 2281 340 2282 341 
11869 453 452 773 3804 
11870 488 4063 1716 544 
11871 1223 2175 3009 2173 
11872 489 4094 490 2590 
11873 2719 3887 492 713 
11874 1925 1774 1307 3988 
11875 1313 4031 226 3963 
11876 2584 558 3903 2583 
11877 3920 302 303 2351 
11878 1079 3092 996 3100 
11879 4350 4185 3328 4496 
11880 4468 2135 115 4449 
11881 892 1135 3600 1455 
11882 1135 3599 3600 4064 
11883 505 3167 503 504 
11884 216 100 215 2150 
11885 2153 268 1397 4452 
11886 2645 2652 515 2643 
11887 2079 1482 966 3267 
11888 1363 2149 3500 3506 
11889 2633 518 515 2645 
11890 2406 2405 2407 600 
11891 3796 3390 4072 1870 
11892 2683 2688 1094 1824 
11893 3323 1940 1316 3326 
11894 1698 2633 515 2643 
11895 2666 516 517 515 
11896 1367 4504 3430 4244 
11897 1441 4493 4310 1439 
11898 849 2740 850 787 
11899 2168 109 4318 4442 
11900 4225 1324 1396 993 
11901 2405 598 2449 2407 
11902 111 4459 2148 4477 
11903 3060 536 531 534 
11904 2988 3612 3372 1194 
11905 3552 1874 2381 2395 
11906 2449 598 3768 2407 
11907 551 539 537 2668 
11908 2985 1151 1590 941 
11909 2955 1264 985 3134 
11910 2496 1581 2495 2497 
11911 1926 2746 1958 1180 
11912 231 1325 4332 3595 
11913 2575 1668 2574 2576 
11914 2215 406 1576 2214 
11915 2710 925 2708 2713 
11916 610 609 608 4026 
11917 1575 3607 610 687 
11918 2215 3758 406 2214 
11919 2213 2215 1576 2214 
11920 1818 3632 1186 1832 
11921 3904 4162 1791 3903 
11922 1306 1418 3927 273 
11923 3655 677 680 2308 
11924 2581 1701 2583 3907 
11925 851 1481 1051 3835 
11926 558 2584 3903 493 
11927 3596 1960 2049 1325 
11928 3888 679 680 3655 
11929 2581 497 2582 2583 
11930 464 2714 479 462 
11931 587 4369 1551 2420 
11932 1014 2452 4273 742 
11933 3021 1239 3434 3593 
11934 232 3961 4352 2117 
11935 1245 3704 2761 3946 
11936 4418 1445 4430 55 
11937 840 4060 721 563 
11938 569 745 2560 1579 
11939 953 3214 960 3215 
11940 3172 3846 4001 413 
11941 1295 1294 3388 2998 
11942 4012 563 2772 564 
11943 353 351 3858 4097 
11944 1528 2226 1733 1611 
11945 1277 1420 3574 3572 
11946 3711 3026 1579 1580 
11947 582 1457 3591 578 
11948 4369 587 2418 2420 
11949 254 4247 1283 1315 
11950 3132 4493 4310 3781 
11951 576 4214 1457 578 
11952 708 3703 669 670 
11953 1492 904 1524 2236 
11954 4129 1583 709 4403 
11955 2166 4185 4078 1834 
11956 2124 3464 1403 1402 
11957 1937 1531 3698 2499 
11958 101 247 4504 1367 
11959 3910 1511 4010 3801 
11960 2245 2333 382 2247 
11961 3271 1800 1773 1163 
11962 382 2333 383 2247 
11963 1750 1734 3919 2692 
11964 1573 579 3487 3394 
11965 1391 2751 1320 3036 
11966 4275 2045 1172 3195 
11967 1517 2425 685 583 
11968 2417 591 2415 3776 
11969 1426 4071 3773 2448 
11970 1537 2538 3446 1208 
11971 3255 4196 3254 1122 
11972 1640 3665 704 1582 
11973 844 1768 3581 1139 
11974 3106 3164 3104 1407 
11975 584 2421 586 2420 
11976 2419 588 2544 1430 
11977 4071 1426 616 2448 
11978 3130 4047 4010 317 
11979 590 591 2415 2417 
11980 2864 1486 977 4375 
11981 343 2278 2280 2277 
11982 3323 1316 2098 1875 
11983 2245 2333 384 382 
11984 1833 4252 3716 1868 
11985 606 2551 2549 605 
11986 4311 3587 4310 1439 
11987 569 703 702 2561 
11988 3747 2322 1614 3878 
11989 465 3354 3848 4376 
11990 319 3093 4010 317 
11991 422 373 2947 2973 
11992 3093 318 3130 317 
11993 3675 368 3242 2942 
11994 1762 1836 2269 1061 
11995 1836 1762 2269 2268 
11996 362 342 2280 344 
11997 2401 2402 2440 633 
11998 1833 674 3716 4172 
11999 1849 2362 603 1873 
12000 1063 3357 3138 3859 
12001 89 4324 1588 88 
12002 249 4320 1436 2143 
12003 1041 1039 3899 1042 
12004 620 2375 805 2373 
12005 1078 3002 1340 4128 
12006 362 1748 344 2342 
12007 337 2287 2285 2286 
12008 4019 610 4026 2393 
12009 1790 1753 4046 3127 
12010 3728 3730 2341 1967 
12011 101 246 3674 217 
12012 319 1511 317 4010 
12013 2372 805 2373 1809 
12014 1850 1801 2577 542 
12015 611 2369 2393 4057 
12016 805 617 2373 1809 
12017 1221 3245 1125 1942 
12018 1621 2545 3827 2271 
12019 466 1680 2992 4125 
12020 3472 3470 4194 817 
12021 2383 626 1554 2386 
12022 2689 1798 1645 1824 
12023 362 2043 2341 1967 
12024 1075 2993 1073 1265 
12025 862 3095 1088 1653 
12026 1654 3266 3463 3464 
12027 939 2828 3822 2829 
12028 623 4188 2442 2379 
12029 620 4173 621 622 
12030 928 2762 2763 2860 
12031 2125 3423 1405 4259 
12032 1503 3114 3116 3115 
12033 1595 2856 710 2349 
12034 1913 3918 3229 4105 
12035 1761 3202 3203 3204 
12036 1313 3213 3965 2021 
12037 1970 631 3803 2401 
12038 3274 1553 3531 644 
12039 2476 2474 647 2475 
12040 2925 2903 3848 467 
12041 2730 4130 3870 1821 
12042 1596 3953 1704 1149 
12043 1682 714 3067 2906 
12044 2856 3753 710 2349 
12045 3420 1844 1677 1776 
12046 2350 2075 1982 3669 
12047 332 1595 710 2349 
12048 1869 2879 1692 3966 
12049 1627 354 2302 1628 
12050 1821 3228 867 889 
12051 227 4215 86 1633 
12052 1627 2300 2302 2301 
12053 2069 4368 3284 2977 
12054 1553 646 2770 3531 
12055 727 791 1675 3162 
12056 3274 3722 3531 1553 
12057 2303 2300 2302 1627 
12058 3340 4104 4065 734 
12059 1465 582 2428 1526 
12060 3470 818 3000 4194 
12061 329 327 328 2297 
12062 330 332 2349 1595 
12063 650 2479 2477 2478 
12064 846 2796 3278 2794 
12065 2694 1154 2788 861 
12066 2287 335 2288 2286 
12067 650 2477 2475 2478 
12068 920 3126 4191 3394 
12069 1006 2843 2844 2847 
12070 1299 1618 2061 3673 
12071 4408 3401 2077 3886 
12072 1184 3865 1799 1675 
12073 3024 4408 1227 3886 
12074 3162 3891 1675 3999 
12075 3742 4261 1901 3463 
12076 2636 722 2639 2638 
12077 1563 1980 1128 3100 
12078 1480 3742 1901 3463 
12079 1855 3191 1066 2917 
12080 3101 3099 3100 996 
12081 4451 1399 2154 270 
12082 2776 830 2918 3022 
12083 4126 576 3269 575 
12084 2399 620 2373 2375 
12085 1330 4176 4498 4499 
12086 1768 1046 1054 3110 
12087 1654 1480 1901 3463 
12088 379 2279 3823 2250 
12089 2727 2872 1793 3811 
12090 4236 1896 4491 623 
12091 1690 3939 3938 4226 
12092 1113 1866 1859 4491 
12093 4240 2067 2316 1257 
12094 2914 1866 1113 4491 
12095 690 739 4326 4254 
12096 2248 379 3823 2250 
12097 1628 3789 919 680 
12098 761 2435 3911 2456 
12099 738 881 3114 1503 
12100 839 1457 4120 1458 
12101 2328 356 2324 2319 
12102 3755 2881 2981 1075 
12103 3630 619 614 1818 
12104 1618 337 2284 2286 
12105 678 2309 677 679 
12106 354 2304 1628 677 
12107 4375 1487 977 2778 
12108 1499 2323 2324 2319 
12109 1938 2323 2319 2318 
12110 3655 679 680 677 
12111 2700 678 949 679 
12112 3774 1464 3146 3094 
12113 2304 3789 1628 680 
12114 318 1464 3094 316 
12115 2317 3838 2319 1578 
12116 1534 689 4189 4199 
12117 297 3586 2382 2360 
12118 1104 1410 3357 1914 
12119 1984 2872 2897 2976 
12120 2644 734 4065 751 
12121 1134 3554 2335 1613 
12122 725 4044 723 3908 
12123 3554 2331 2330 1003 
12124 3615 690 4189 737 
12125 5 279 4442 6 
12126 1613 3554 2330 1003 
12127 3047 3238 699 4018 
12128 3879 2641 522 2723 
12129 2108 1973 3184 988 
12130 990 1133 3188 4180 
12131 701 736 2830 3969 
12132 932 2839 3771 779 
12133 1904 2353 297 299 
12134 1212 2834 2037 1345 
12135 1481 3719 1763 2232 
12136 804 810 1396 2774 
12137 1786 3115 4106 1048 
12138 443 3458 4112 1466 
12139 2839 3065 3771 779 
12140 2331 2325 2330 1188 
12141 1413 2045 261 3537 
12142 2639 2641 712 522 
12143 722 2639 712 522 
12144 3151 2898 4491 3625 
12145 4236 3626 4188 4491 
12146 1339 4372 2731 636 
12147 2637 728 724 2659 
12148 1737 728 724 2637 
12149 1541 2361 1873 603 
12150 717 3810 1678 1111 
12151 882 4053 801 856 
12152 1926 3524 3016 2746 
12153 2512 2729 2513 799 
12154 2859 1929 1285 4004 
12155 1671 2642 3881 2648 
12156 2642 2647 2648 1667 
12157 3251 863 812 966 
12158 1845 2653 2651 2649 
12159 2636 722 2638 1737 
12160 2441 3534 2451 636 
12161 2678 1732 795 726 
12162 4258 84 256 1672 
12163 447 2394 3552 296 
12164 3182 853 3320 3760 
12165 2001 1360 236 3452 
12166 1962 2169 1936 1351 
12167 1834 2166 4496 259 
12168 1545 2458 2450 2744 
12169 730 4159 2687 2670 
12170 634 2402 635 2441 
12171 4250 2149 4495 260 
12172 189 4478 2147 190 
12173 3070 496 504 3068 
12174 4250 4495 222 223 
12175 507 505 506 3173 
12176 1618 2284 3673 2286 
12177 335 337 2068 2286 
12178 2832 914 2833 3771 
12179 3283 3810 1111 2976 
12180 1475 2897 882 2977 
12181 1024 2556 2558 3711 
12182 3343 1231 3344 3342 
12183 609 610 611 2393 
12184 2080 637 2450 2458 
12185 2557 1871 800 746 
12186 2017 3433 4207 1757 
12187 3301 3120 756 3118 
12188 613 4089 2371 4057 
12189 2505 2501 3540 2019 
12190 610 609 4026 2393 
12191 843 2548 3770 845 
12192 2100 2922 1908 1202 
12193 1233 3431 3344 4402 
12194 3770 2548 3405 845 
12195 3250 3742 1480 3463 
12196 3134 4008 2002 2954 
12197 1049 3076 1271 2695 
12198 4058 4008 1271 2002 
12199 2933 2047 3014 2530 
12200 1363 1388 3506 1988 
12201 2923 609 2393 4026 
12202 1647 3124 4032 4090 
12203 4428 3577 273 1417 
12204 2356 3836 2354 1912 
12205 3088 821 941 864 
12206 956 932 2833 3771 
12207 2898 1113 2899 1092 
12208 3983 4118 1224 2981 
12209 270 1399 2154 1901 
12210 703 1597 2563 784 
12211 624 623 2379 622 
12212 4349 1338 4219 4220 
12213 1266 2196 1858 1342 
12214 3769 4357 4183 1886 
12215 1871 2790 1342 1135 
12216 1339 4372 1878 3845 
12217 2788 2936 2874 842 
12218 4173 618 621 4119 
12219 4006 3475 2079 3267 
12220 4113 3818 4161 1177 
12221 2243 2241 1780 2527 
12222 3632 4119 1818 4133 
12223 2072 2050 1548 4195 
12224 3835 1481 2232 4330 
12225 3464 2124 1403 4006 
12226 811 2764 2517 809 
12227 3337 1509 1394 811 
12228 1399 4261 2154 1901 
12229 824 822 3102 3644 
12230 2402 634 635 633 
12231 3416 3437 4285 1109 
12232 549 547 2572 1656 
12233 1676 3420 3852 4050 
12234 2402 635 2440 633 
12235 822 4071 616 3617 
12236 3695 417 1699 1584 
12237 2080 673 2450 2440 
12238 906 3000 2979 3144 
12239 593 2413 2412 2414 
12240 2384 626 627 625 
12241 3695 2529 1584 2203 
12242 626 628 2389 627 
12243 844 684 1139 3581 
12244 4165 1533 4199 3778 
12245 1192 3610 1942 1125 
12246 3762 997 1813 3105 
12247 452 4245 2392 445 
12248 2311 1729 2310 2312 
12249 844 1768 3108 3581 
12250 3527 1489 4146 924 
12251 3643 3324 2098 1865 
12252 290 2062 2462 691 
12253 1036 3169 1039 4131 
12254 3887 492 490 2588 
12255 684 3164 3581 844 
12256 672 593 2412 2414 
12257 1352 3404 4229 2016 
12258 4135 1981 3144 3856 
12259 3024 4408 3894 1227 
12260 2149 106 260 1363 
12261 2149 260 3505 1363 
12262 247 2028 4504 1367 
12263 1534 4199 3578 3240 
12264 2169 2147 4460 190 
12265 111 112 4477 2148 
12266 1363 4501 258 1988 
12267 914 939 855 3822 
12268 48 1448 4455 1449 
12269 4358 2039 2024 275 
12270 1167 939 3822 855 
12271 3829 1167 3822 855 
12272 2927 1126 2926 2978 
12273 1189 3497 3496 1388 
12274 156 4438 4420 3622 
12275 1981 3147 1655 3144 
12276 983 2174 2175 2173 
12277 4269 1652 3498 1017 
12278 3480 188 187 4486 
12279 2920 1063 3138 3859 
12280 1655 3147 3000 3144 
12281 3709 749 731 866 
12282 906 1981 1655 3144 
12283 3505 3236 3506 2093 
12284 884 3981 935 3889 
12285 681 1358 3454 2445 
12286 4407 3585 2445 1955 
12287 3786 990 3185 3188 
12288 2526 2179 775 773 
12289 1024 1266 2556 2081 
12290 2526 1429 877 773 
12291 1355 2047 1802 2701 
12292 774 877 773 3517 
12293 2046 1755 3515 262 
12294 293 681 2445 1955 
12295 3921 1319 1229 4130 
12296 703 2563 746 784 
12297 912 3180 3179 1837 
12298 2483 2485 655 2486 
12299 3235 3224 1925 888 
12300 3964 2092 1746 954 
12301 837 1148 835 2996 
12302 1358 4407 2445 1955 
12303 3995 3895 2580 500 
12304 681 1358 2445 1955 
12305 1189 900 1010 2781 
12306 628 2391 2390 2389 
12307 2334 2189 2187 438 
12308 1830 1536 663 2470 
12309 721 1580 1579 3977 
12310 2191 826 435 2524 
12311 2237 975 904 3756 
12312 2281 342 1967 340 
12313 1808 2443 4161 4113 
12314 1536 1899 2470 3743 
12315 442 2334 2187 438 
12316 1539 2246 380 674 
12317 378 2703 4059 674 
12318 888 3235 3226 3960 
12319 3030 1355 965 1166 
12320 1118 910 971 3003 
12321 3532 640 3533 2802 
12322 2102 683 4155 1544 
12323 973 3004 3265 971 
12324 3021 4327 1238 3593 
12325 1638 2895 1977 1625 
12326 2707 2267 1762 1795 
12327 455 3761 2554 457 
12328 1473 442 2187 438 
12329 3354 461 4139 465 
12330 714 2905 464 1680 
12331 1393 3291 3800 3990 
12332 2391 2457 4279 629 
12333 2908 1957 1446 1911 
12334 934 4357 4183 3471 
12335 2749 463 462 464 
12336 2713 934 4183 3471 
12337 3079 686 4276 3366 
12338 3003 910 971 2910 
12339 1720 4357 1921 4003 
12340 687 1717 2810 1474 
12341 1599 2292 2290 3701 
12342 3876 2652 513 514 
12343 998 3940 974 4034 
12344 4152 4052 503 3168 
12345 329 2296 1903 363 
12346 2776 2917 2918 921 
12347 1855 1066 921 2917 
12348 2086 865 2623 2625 
12349 2288 2290 3691 355 
12350 507 3340 506 729 
12351 1778 1214 3657 1586 
12352 1239 3021 1240 1238 
12353 2054 2332 2330 2335 
12354 4335 2432 3421 4497 
12355 3021 2760 1240 3743 
12356 2310 1511 3801 2321 
12357 4327 1536 2466 3743 
12358 1781 2930 2858 2866 
12359 2466 1536 2467 3743 
12360 1504 1696 1023 2198 
12361 2787 285 3484 3495 
12362 409 3510 402 2220 
12363 2512 2513 2511 1491 
12364 943 3392 4062 4232 
12365 1849 2355 1873 1302 
12366 4377 3392 943 4232 
12367 1123 3257 3255 1122 
12368 3994 3293 607 608 
12369 470 3851 468 3850 
12370 813 3249 890 863 
12371 1570 402 2217 2220 
12372 1038 3170 3160 1040 
12373 1896 1866 3627 4491 
12374 1808 1555 4113 1559 
12375 1305 2491 3523 1350 
12376 323 324 325 3053 
12377 2300 2298 2299 1740 
12378 2298 1740 1784 363 
12379 2301 323 325 3053 
12380 334 332 3753 2291 
12381 3790 919 680 856 
12382 945 3808 2965 1182 
12383 3888 3790 680 801 
12384 4369 1551 2420 2464 
12385 2102 683 4224 4155 
12386 4115 2025 673 1540 
12387 2400 2397 2508 630 
12388 2490 1350 1994 2489 
12389 1534 4199 4189 3578 
12390 3596 1960 1325 3597 
12391 3615 738 3239 3614 
12392 739 2452 4254 1527 
12393 3235 3224 3988 1925 
12394 1753 1790 4046 1081 
12395 1112 868 4160 1925 
12396 868 3235 1925 888 
12397 2487 2490 1994 2489 
12398 1800 1305 1163 3523 
12399 3018 1519 1719 3016 
12400 811 1394 2764 809 
12401 1163 1305 3817 3523 
12402 3772 796 1658 2439 
12403 1479 2336 2332 2054 
12404 1570 409 402 2220 
12405 3128 1489 1867 4146 
12406 3940 2460 3990 1392 
12407 697 2804 2231 696 
12408 414 2212 1153 1576 
12409 3844 3629 3925 1471 
12410 1380 3687 2120 212 
12411 1215 2501 2500 2502 
12412 720 1215 2500 2502 
12413 720 1530 2500 1215 
12414 3274 642 644 3530 
12415 4427 46 1427 4420 
12416 1338 2042 1339 4219 
12417 1346 3906 3739 2533 
12418 975 903 904 3756 
12419 808 2516 2514 905 
12420 543 2576 3837 2574 
12421 3758 408 406 2214 
12422 3935 3942 875 3933 
12423 1492 2240 979 2238 
12424 3934 3935 875 3933 
12425 1805 1060 1152 2242 
12426 4371 1410 3482 1408 
12427 1357 681 4348 2035 
12428 1870 1326 4354 4230 
12429 1203 957 1483 3996 
12430 3357 1063 1914 3859 
12431 653 2482 1542 692 
12432 1041 3170 3198 3899 
12433 2485 665 655 2486 
12434 937 1289 3540 2019 
12435 1357 838 4211 1961 
12436 4096 973 1083 4067 
12437 998 972 3677 4034 
12438 4231 1181 1108 1042 
12439 838 2035 4211 2522 
12440 1957 2908 3291 1911 
12441 2461 289 2522 3507 
12442 838 2522 4211 3490 
12443 2868 992 3045 798 
12444 1200 1170 1285 4323 
12445 2257 2259 1626 1020 
12446 3379 364 2044 306 
12447 3739 1346 2533 2480 
12448 3521 4344 1964 239 
12449 1190 2609 2052 3944 
12450 2523 1300 2343 2345 
12451 4038 1112 2052 3944 
12452 1112 4038 3945 3944 
12453 343 346 2275 2277 
12454 2355 1302 3766 2347 
12455 3010 3447 1623 3448 
12456 4289 420 3443 416 
12457 643 1830 663 2469 
12458 1893 2488 665 1281 
12459 3549 235 2122 3550 
12460 1746 960 3215 952 
12461 80 3962 2110 193 
12462 844 3106 3581 3108 
12463 846 2795 2794 959 
12464 1850 499 2579 1889 
12465 1870 4072 4461 4230 
12466 2046 2128 1367 262 
12467 4060 840 1610 563 
12468 2752 793 3767 4061 
12469 1723 491 2590 489 
12470 2416 590 2414 2415 
12471 1135 2790 3599 4064 
12472 1344 2059 2186 3528 
12473 4292 4231 1108 3932 
12474 1217 1146 2912 894 
12475 4060 3136 3689 1610 
12476 4085 686 545 3366 
12477 835 411 413 4153 
12478 547 2721 2572 2574 
12479 1286 1038 3160 1040 
12480 3917 3918 278 1702 
12481 1968 2023 1108 4292 
12482 4408 1008 1227 1219 
12483 278 3917 196 2165 
12484 499 2581 2579 1889 
12485 4302 1016 4184 3285 
12486 1723 489 2590 2591 
12487 2051 2892 3174 3820 
12488 2960 1253 1293 1251 
12489 3788 1922 781 3875 
12490 1816 1167 3135 1716 
12491 2837 1267 1922 1127 
12492 3390 3796 2997 1293 
12493 4231 3244 1108 3932 
12494 3950 477 2604 2606 
12495 1743 81 226 3955 
12496 590 593 2414 2415 
12497 950 902 1136 2555 
12498 734 4104 735 729 
12499 1698 1841 2632 2631 
12500 3634 950 1136 2555 
12501 2625 1831 2626 2627 
12502 2086 2625 2623 3921 
12503 3151 1859 1832 4491 
12504 2938 725 1732 726 
12505 2881 2882 1076 2880 
12506 2930 816 3863 3006 
12507 2993 1265 3710 1073 
12508 1071 1420 1073 4383 
12509 4383 2993 3710 1073 
12510 1093 2883 1092 1077 
12511 1000 748 4098 1001 
12512 1627 323 2301 3816 
12513 4042 3069 1681 3067 
12514 2094 470 473 4315 
12515 4038 2609 2052 1062 
12516 81 1743 195 3955 
12517 3938 3937 245 1689 
12518 2663 2664 2656 1738 
12519 2663 2664 1642 2665 
12520 984 936 872 2733 
12521 2652 2666 2645 515 
12522 2650 2647 3896 525 
12523 716 516 2672 514 
12524 920 3126 1604 577 
12525 3896 2647 2646 525 
12526 3802 197 196 2007 
12527 4459 111 3483 110 
12528 266 3511 2148 4477 
12529 2329 2864 977 2778 
12530 777 2782 2737 2736 
12531 2292 331 2294 1903 
12532 1775 2636 2634 2635 
12533 518 2633 3868 2645 
12534 2652 516 515 514 
12535 2666 2652 2672 516 
12536 1515 3651 3176 3177 
12537 3348 430 2969 427 
12538 304 305 303 2351 
12539 986 913 853 3182 
12540 2047 1143 1906 2530 
12541 3763 4313 433 3351 
12542 3956 1743 2165 1983 
12543 2300 1627 1740 325 
12544 1913 4105 3229 1098 
12545 2021 964 3207 3209 
12546 961 3211 3214 3210 
12547 1025 3598 589 1521 
12548 3090 3126 1754 3127 
12549 3577 2157 1417 4419 
12550 1463 2463 2434 4497 
12551 1919 3200 1169 3201 
12552 3843 4278 1702 1703 
12553 1750 1734 2692 1032 
12554 3228 3871 3870 867 
12555 1286 1287 1040 3196 
12556 3825 2684 1565 556 
12557 499 1701 2581 1889 
12558 1190 891 1191 2613 
12559 991 1119 3187 1183 
12560 3285 3280 2107 1183 
12561 82 278 196 2165 
12562 2446 290 292 2062 
12563 1396 810 3474 4394 
12564 260 4495 1835 107 
12565 2509 1522 4196 4156 
12566 3929 1742 3091 1741 
12567 2158 3569 4474 272 
12568 1717 3607 1575 687 
12569 3186 1119 1755 3515 
12570 2128 3515 4222 262 
12571 3926 849 1004 1472 
12572 2787 287 3489 2521 
12573 1803 2251 2253 2252 
12574 1693 748 1001 4098 
12575 3373 1514 1513 787 
12576 1112 3945 3943 3944 
12577 2147 1962 4460 267 
12578 367 2798 2799 2941 
12579 1961 3492 1131 1502 
12580 3227 3230 889 3228 
12581 3228 3230 889 1821 
12582 2730 1319 2621 2623 
12583 1030 3847 4235 2541 
12584 2801 304 2859 2351 
12585 3698 1531 1141 1758 
12586 1275 1872 3542 3451 
12587 3763 433 937 1758 
12588 4305 3763 2504 1758 
12589 389 390 388 3636 
12590 1668 543 2576 542 
12591 1319 752 2621 2623 
12592 389 3884 390 3636 
12593 2234 697 1524 3638 
12594 4300 3439 2635 1064 
12595 2240 1152 2241 2239 
12596 1833 1805 1539 2244 
12597 3835 1481 1051 1782 
12598 390 4336 388 3636 
12599 780 3873 4174 2873 
12600 3635 389 1780 2527 
12601 2245 384 385 382 
12602 780 3873 4333 732 
12603 3662 3271 1163 3817 
12604 3602 898 2503 4075 
12605 1561 4005 2403 3640 
12606 2992 463 4376 4139 
12607 2667 1132 1945 3902 
12608 3310 483 3882 3883 
12609 1726 554 2594 487 
12610 3854 461 3970 3063 
12611 496 480 1682 3068 
12612 3761 2554 457 4405 
12613 463 2749 4139 2992 
12614 1625 3830 1977 3264 
12615 1605 697 2804 3638 
12616 2240 1492 979 1152 
12617 4427 3580 2126 154 
12618 1902 1162 3085 1933 
12619 3150 351 4145 1593 
12620 3882 483 482 3883 
12621 1000 1001 4098 3234 
12622 1074 1797 2870 2880 
12623 1228 1000 3397 3396 
12624 1011 2842 2843 1103 
12625 2598 2597 2596 1727 
12626 1036 1034 4068 1155 
12627 4213 2730 754 2621 
12628 3439 3398 4182 1842 
12629 1772 1001 3234 3243 
12630 2631 2628 938 2629 
12631 3256 1894 3746 1928 
12632 320 3057 360 575 
12633 1446 2908 1911 911 
12634 840 899 721 3650 
12635 2648 2647 2649 1799 
12636 3439 4182 2635 1064 
12637 4316 231 4332 3595 
12638 1110 1918 3321 3283 
12639 840 2933 899 3650 
12640 276 3582 4453 1424 
12641 1489 3128 2911 3527 
12642 299 298 3797 2367 
12643 1845 1635 2651 1898 
12644 2124 3464 1402 4343 
12645 2988 1193 2987 2978 
12646 951 3219 954 3221 
12647 706 1049 2665 1642 
12648 3217 3219 952 3218 
12649 2744 3406 1235 4186 
12650 2664 1049 2665 2695 
12651 92 2119 93 208 
12652 477 474 2604 1722 
12653 4140 1207 1815 1804 
12654 2678 726 795 2687 
12655 1049 706 2665 2695 
12656 1229 3396 3232 3234 
12657 954 3219 3220 3221 
12658 1291 1146 2359 1218 
12659 1904 1291 2359 1218 
12660 951 954 1307 3221 
12661 3222 3219 951 3221 
12662 4014 2025 3372 2519 
12663 1354 2840 1329 1103 
12664 4039 528 3991 3075 
12665 1228 1319 1229 3921 
12666 788 573 706 3732 
12667 730 2875 1693 2687 
12668 2955 1264 3134 4168 
12669 1992 1869 1001 3243 
12670 1772 1229 2000 3232 
12671 754 1821 3870 867 
12672 3865 1184 2716 3891 
12673 3095 1653 2979 4337 
12674 4005 1558 1895 3083 
12675 1979 2614 2612 1191 
12676 795 1693 2753 2687 
12677 2815 1861 3867 713 
12678 1176 3175 1975 3369 
12679 1555 1808 4113 3628 
12680 3139 3818 4113 1559 
12681 430 3348 429 427 
12682 4278 3268 4105 1703 
12683 638 3532 2451 2459 
12684 3996 1203 1989 1483 
12685 3442 4212 1736 1966 
12686 983 2174 2173 2172 
12687 2922 1201 1908 1202 
12688 529 3866 1636 2698 
12689 3459 3458 3460 446 
12690 3720 3719 1763 1840 
12691 572 1033 1034 3724 
12692 1671 727 3881 723 
12693 1236 4327 1238 1254 
12694 2278 343 2275 2277 
12695 1613 1188 2330 1956 
12696 1863 3561 2555 3562 
12697 2142 4264 3399 2096 
12698 2696 3785 538 4116 
12699 1253 1294 2997 1293 
12700 4152 503 3479 3168 
12701 1607 3414 4132 401 
12702 3510 400 2532 401 
12703 675 2223 2221 403 
12704 1827 3029 3027 854 
12705 877 940 3355 878 
12706 3786 3183 987 3319 
12707 3543 177 3544 4457 
12708 4498 3043 1963 3042 
12709 1900 1468 4147 2137 
12710 205 206 91 2137 
12711 968 2817 1661 2819 
12712 2719 2815 3867 713 
12713 2278 1574 2275 343 
12714 3953 1596 3539 834 
12715 2642 1671 3881 712 
12716 2271 2268 2266 1735 
12717 2144 252 4351 3553 
12718 1861 1814 2818 1661 
12719 2410 595 2409 2411 
12720 4063 1716 3135 3339 
12721 3940 3307 1391 974 
12722 2042 2731 4219 3603 
12723 1338 4349 4219 1161 
12724 3137 877 3355 878 
12725 2042 634 2731 3603 
12726 3263 4111 3361 1158 
12727 2751 2531 2462 691 
12728 2780 1390 1320 1389 
12729 3983 1423 1224 2072 
12730 3059 320 360 318 
12731 695 3649 4406 3025 
12732 4349 3333 4219 1161 
12733 1981 2061 4135 1877 
12734 1820 1333 3050 1362 
12735 2067 1779 1045 2313 
12736 738 881 3239 3114 
12737 230 4490 33 1414 
12738 1035 1036 4068 3159 
12739 1055 1292 3597 1325 
12740 1330 4498 1331 4499 
12741 1297 1330 1331 4499 
12742 3126 920 1754 3127 
12743 596 2411 594 2543 
12744 30 2013 4436 31 
12745 2867 2722 1810 795 
12746 1768 1764 3108 1054 
12747 3871 754 3870 867 
12748 3893 838 3490 1961 
12749 3191 1066 2917 3248 
12750 789 4058 2085 4032 
12751 1291 1489 3128 2911 
12752 3272 1508 3936 3520 
12753 2809 1291 2911 2359 
12754 2809 1291 3128 2911 
12755 2722 2867 2753 795 
12756 2392 452 448 2181 
12757 1489 1291 1146 2911 
12758 2837 1354 2838 1127 
12759 2277 343 344 2280 
12760 923 3022 1056 3023 
12761 1306 3927 1417 273 
12762 2722 2867 1810 2970 
12763 2926 3610 1125 3245 
12764 450 2262 2260 2261 
12765 1704 3953 2525 1149 
12766 1839 1823 1106 4257 
12767 2796 846 3278 834 
12768 607 1541 3954 688 
12769 2515 2516 809 2517 
12770 4206 1418 1067 1069 
12771 4011 1790 1587 3292 
12772 1691 1993 1760 3974 
12773 1418 4206 1067 1306 
12774 3134 1264 2085 4090 
12775 1066 3700 2917 3248 
12776 2135 254 3450 1317 
12777 4218 832 3958 908 
12778 400 398 2532 401 
12779 1509 4171 4117 1697 
12780 3368 3444 412 4362 
12781 3202 3200 3932 1043 
12782 217 2133 218 102 
12783 1985 1264 4090 1647 
12784 2771 2529 421 3696 
12785 771 2493 1328 2491 
12786 1267 1212 2835 3787 
12787 1305 771 1328 2491 
12788 727 4044 3881 723 
12789 2223 675 1568 403 
12790 1486 2864 1485 2989 
12791 397 4283 396 398 
12792 3096 3310 501 3066 
12793 1038 3169 1039 1036 
12794 648 650 2475 647 
12795 4121 443 3460 4175 
12796 2579 1850 3853 2577 
12797 541 2661 3995 4043 
12798 4016 1913 1983 278 
12799 2488 3522 2489 1281 
12800 2730 1319 4130 1821 
12801 3934 4036 886 4353 
12802 2619 2617 2618 753 
12803 3271 1163 3817 3523 
12804 1668 543 547 2574 
12805 2488 2487 665 2489 
12806 843 2548 1051 2227 
12807 2240 3681 979 2238 
12808 2777 2553 1411 2775 
12809 477 733 2604 2601 
12810 1137 1365 3648 4331 
12811 3522 1800 1350 1281 
12812 907 808 2514 905 
12813 301 3920 3797 300 
12814 1332 3546 1361 3545 
12815 1200 2091 3541 4004 
12816 804 810 2517 809 
12817 2435 796 2439 1854 
12818 575 1598 3056 1604 
12819 2881 3755 2871 1075 
12820 1998 3730 1967 340 
12821 1704 345 344 3727 
12822 2553 829 1411 2775 
12823 3544 1335 1361 3545 
12824 238 1371 4080 1372 
12825 4209 3662 3171 1730 
12826 4080 3516 3190 1372 
12827 4223 2661 541 4043 
12828 99 100 215 262 
12829 667 1346 652 2480 
12830 3525 4080 1373 3526 
12831 1650 541 4043 545 
12832 991 989 3187 1119 
12833 2150 100 215 261 
12834 1501 285 3495 3647 
12835 2920 2040 1383 2877 
12836 2045 4148 1370 261 
12837 2920 3008 2877 1383 
12838 1949 1255 2860 2863 
12839 1622 3005 2890 1697 
12840 2762 1255 2860 928 
12841 2515 804 809 808 
12842 1394 3541 2516 905 
12843 2342 344 3727 2525 
12844 1596 348 3993 3305 
12845 4030 4140 3641 707 
12846 1156 2707 1762 1795 
12847 3222 951 1307 3221 
12848 2764 2516 2517 809 
12849 1265 1421 2159 3710 
12850 3851 472 4050 4414 
12851 804 2515 2517 2774 
12852 4426 3549 174 4421 
12853 68 4488 1400 240 
12854 1200 3541 1394 905 
12855 1948 1699 1142 2205 
12856 4434 71 242 4416 
12857 3535 181 4452 2153 
12858 4171 3005 4117 1697 
12859 3313 1646 1405 4259 
12860 1316 2950 3861 1284 
12861 1811 1646 1405 3313 
12862 266 8 4485 4477 
12863 266 1940 3511 1765 
12864 1904 299 1829 2352 
12865 1284 1283 3861 1315 
12866 2531 2751 2780 1390 
12867 907 3563 2514 2511 
12868 3291 2908 3677 1911 
12869 1800 3271 948 3522 
12870 2699 425 421 2529 
12871 857 1008 858 2786 
12872 4151 4437 1417 4419 
12873 720 2502 3759 767 
12874 243 4234 1892 1416 
12875 37 38 1417 4419 
12876 3370 3103 1165 3762 
12877 1558 2010 1895 3083 
12878 4206 1418 3927 1306 
12879 3539 1596 366 834 
12880 155 2160 156 4420 
12881 243 37 4437 36 
12882 2039 2050 1427 4284 
12883 3580 2160 1427 4284 
12884 3249 813 4208 863 
12885 1170 1178 3563 907 
12886 2454 1179 1658 2511 
12887 3587 3588 4479 1438 
12888 2515 799 2513 3713 
12889 3587 4311 3588 1438 
12890 863 3250 966 3251 
12891 4493 1927 1439 1999 
12892 541 4223 4043 545 
12893 2542 3928 3910 322 
12894 2713 3472 4307 570 
12895 4181 1214 3808 945 
12896 1918 3321 3283 3284 
12897 2083 3590 1437 4264 
12898 3263 1160 3715 982 
12899 1448 3623 4455 1449 
12900 1577 3084 4059 3359 
12901 2116 3623 1449 4455 
12902 2785 858 2734 2786 
12903 1448 48 4455 4438 
12904 48 49 1449 4455 
12905 1806 1462 4497 1461 
12906 3502 1510 2781 900 
12907 2463 1718 4386 1463 
12908 2433 1462 2434 4497 
12909 1310 3780 1710 3276 
12910 1916 2210 3889 2706 
12911 3663 2797 1494 3276 
12912 3972 719 1500 670 
12913 686 4085 3407 4276 
12914 2430 1465 1785 1461 
12915 2270 3447 866 1823 
12916 3780 1310 3694 3276 
12917 3172 835 413 4153 
12918 430 3997 3349 431 
12919 2966 1456 423 2789 
12920 3813 1272 2826 1953 
12921 2127 1917 237 3925 
12922 4313 433 3351 807 
12923 3499 3500 1988 258 
12924 2163 199 85 4366 
12925 4148 4492 1370 99 
12926 199 2163 85 200 
12927 1710 3780 3663 3276 
12928 3266 4006 2079 3267 
12929 3827 353 3064 4054 
12930 2765 810 3473 812 
12931 2765 811 812 4208 
12932 2765 3337 811 4208 
12933 3195 1005 2888 3536 
12934 1366 246 1663 4411 
12935 3048 2985 1151 2783 
12936 1951 2078 3424 1603 
12937 1961 838 3490 1502 
12938 1751 4042 3892 1681 
12939 3741 3926 3364 1472 
12940 2153 3514 1397 1862 
12941 4285 1643 1571 1109 
12942 4382 1398 2041 3860 
12943 860 2876 4092 1493 
12944 1099 1968 4367 2070 
12945 3426 2078 3424 4092 
12946 564 4012 721 1579 
12947 225 1419 2112 3573 
12948 2876 4127 4092 1493 
12949 506 3071 1681 3892 
12950 425 428 3795 426 
12951 1071 3574 4282 1069 
12952 2699 425 3795 426 
12953 4214 1457 4120 839 
12954 2812 1072 2813 2811 
12955 3059 320 318 3093 
12956 68 4470 1400 4488 
12957 1811 1951 3423 1405 
12958 2644 1751 3892 734 
12959 1404 3543 2125 4259 
12960 918 1269 1105 2200 
12961 2175 2177 820 4076 
12962 1070 1068 4282 2808 
12963 4382 1398 1384 2041 
12964 744 4033 897 1496 
12965 2179 2526 3804 773 
12966 2210 965 3889 3666 
12967 3180 912 3179 3177 
12968 3062 3073 2048 3061 
12969 2152 95 264 1385 
12970 2325 2326 2330 1956 
12971 3687 1380 264 96 
12972 796 2435 2439 3911 
12973 769 1825 3335 1053 
12974 3687 2152 264 4306 
12975 3692 1467 1659 1450 
12976 3734 3569 272 1807 
12977 1453 4071 822 3644 
12978 235 2122 3550 1326 
12979 3019 364 308 1518 
12980 2746 2766 2896 1958 
12981 4242 4396 308 3019 
12982 2177 1429 820 4076 
12983 1178 2766 1958 1997 
12984 3975 1929 304 2859 
12985 310 1519 3017 1518 
12986 2234 697 2804 2231 
12987 1827 1515 1386 3176 
12988 3355 877 4329 1018 
12989 2431 2430 1785 1461 
12990 2472 1952 1282 663 
12991 2431 4374 4502 2429 
12992 4015 3385 1249 3386 
12993 582 1517 580 2426 
12994 1712 2894 3028 1996 
12995 2754 4184 1015 3509 
12996 2455 4335 4120 1458 
12997 1429 2526 877 4329 
12998 2537 582 2426 3591 
12999 2916 1115 2914 3627 
13000 970 2849 2819 2822 
13001 1115 2916 1125 1221 
13002 2829 2029 2827 2830 
13003 2378 2383 2379 624 
13004 1234 3345 4186 1232 
13005 1195 2988 1193 3140 
13006 2509 3604 1617 4156 
13007 305 2801 3380 3782 
13008 4218 832 908 831 
13009 2538 4095 1208 1769 
13010 3446 3259 1208 4095 
13011 315 827 3798 1512 
13012 3376 2095 3375 4339 
13013 2504 937 3540 2019 
13014 1259 3376 2095 3375 
13015 1028 701 3809 3047 
13016 774 1013 3341 1525 
13017 3763 2504 937 3540 
13018 2834 2846 1345 3809 
13019 701 1028 3809 1345 
13020 1058 3367 4128 2018 
13021 274 3618 1422 3619 
13022 1365 103 218 102 
13023 2917 3700 922 2775 
13024 535 2931 4081 4134 
13025 2840 1354 2841 1103 
13026 205 90 204 4266 
13027 4118 3621 1548 3754 
13028 873 936 2717 872 
13029 529 1635 3866 527 
13030 2914 1115 2915 1114 
13031 2883 1093 2899 4118 
13032 2404 605 2550 1450 
13033 2072 4195 1548 3621 
13034 3642 606 2551 3293 
13035 1354 2840 2841 2838 
13036 1860 3818 3139 1559 
13037 2842 2840 2841 1103 
13038 1301 2345 2346 1304 
13039 2975 3085 1933 410 
13040 103 2136 218 1856 
13041 3607 687 3294 4026 
13042 1755 3516 3515 262 
13043 216 100 2150 1366 
13044 4060 563 2772 4012 
13045 1288 1946 3751 3749 
13046 734 506 1681 3892 
13047 3010 3447 3011 1623 
13048 2265 2267 825 2266 
13049 2777 1068 1411 1474 
13050 4456 243 1415 2131 
13051 2975 3084 3085 410 
13052 2777 1411 922 2775 
13053 3030 884 965 3889 
13054 2213 2216 2090 682 
13055 1891 4498 1333 1963 
13056 2699 425 2202 3795 
13057 1959 4388 1571 4285 
13058 1024 2556 3711 2081 
13059 2741 2757 850 2756 
13060 414 2212 3805 2209 
13061 3594 2530 3014 1906 
13062 2848 1261 2082 2852 
13063 2058 3722 1553 1484 
13064 1570 404 2217 402 
13065 1261 2848 3839 2852 
13066 3274 3722 1553 1529 
13067 507 3428 4167 4304 
13068 4041 1643 883 3738 
13069 2963 1123 3256 3255 
13070 2013 2156 4378 3553 
13071 1261 1674 2082 2852 
13072 3601 1002 1141 1581 
13073 1674 1261 3839 2852 
13074 3455 1976 3456 3457 
13075 4019 3631 3082 612 
13076 1724 558 3903 493 
13077 1550 2251 1592 1803 
13078 153 3620 4464 152 
13079 1277 3574 3573 3572 
13080 4118 1093 1548 1224 
13081 1803 1839 2253 1592 
13082 1748 362 2087 2342 
13083 2944 370 371 369 
13084 2251 436 1550 1592 
13085 3645 3348 2969 427 
13086 862 942 4062 2745 
13087 1001 1693 4098 3966 
13088 441 892 2191 2190 
13089 4470 68 1400 69 
13090 1400 3425 240 4205 
13091 2125 4476 240 4488 
13092 392 1591 391 2983 
13093 1693 2875 4098 3966 
13094 1653 862 2874 842 
13095 3423 1951 1603 1405 
13096 243 4234 3419 1892 
13097 153 4446 2126 154 
13098 1475 3283 1111 2976 
13099 919 3789 3790 680 
13100 1001 3234 3243 4098 
13101 532 1845 2651 2649 
13102 4039 529 3866 3991 
13103 2287 2322 336 2285 
13104 4212 3442 3383 1966 
13105 942 4232 4062 2745 
13106 1645 2694 2693 2745 
13107 4 4291 2145 2 
13108 2669 2674 2675 552 
13109 3790 3789 2308 680 
13110 1272 2823 970 1273 
13111 3926 885 2885 1004 
13112 3629 1470 3844 2885 
13113 2322 357 336 338 
13114 2006 1638 2895 1977 
13115 1665 2163 3841 200 
13116 3153 4077 3152 1318 
13117 1734 3736 772 2742 
13118 2895 1638 3830 1625 
13119 3978 1750 1032 1033 
13120 2575 2705 1801 2577 
13121 200 3841 86 201 
13122 3851 472 470 468 
13123 1470 3844 2885 1004 
13124 2857 1616 2866 3075 
13125 2647 532 1667 525 
13126 3865 1184 3891 1675 
13127 2791 3894 2734 1714 
13128 1828 1080 1843 2962 
13129 885 1470 2885 1004 
13130 1578 313 4249 311 
13131 310 312 3300 3017 
13132 312 1519 3018 3017 
13133 3579 310 3300 3017 
13134 2257 1085 1020 1106 
13135 904 903 2235 3756 
13136 2578 1850 542 500 
13137 3156 1347 3157 3155 
13138 2267 1762 825 1735 
13139 1691 3261 3974 4101 
13140 4052 3898 2712 502 
13141 2304 2303 2302 1628 
13142 1049 2664 1642 1738 
13143 1636 529 2698 531 
13144 1778 1585 3863 2027 
13145 2663 1642 2668 2665 
13146 3060 3862 536 534 
13147 521 3879 519 522 
13148 247 4504 1856 102 
13149 3019 310 3017 1518 
13150 3019 1518 3017 2896 
13151 531 3060 3331 2698 
13152 2359 3519 2352 1218 
13153 530 4039 3331 4081 
13154 1090 3124 3089 864 
13155 3217 1746 3215 952 
13156 310 3579 3019 3017 
13157 3552 1874 2395 2891 
13158 3942 875 3933 2602 
13159 1647 1090 3124 3237 
13160 1992 3233 1101 1993 
13161 4036 887 886 951 
13162 1748 3670 2074 1149 
13163 379 2279 377 3823 
13164 3665 3664 704 383 
13165 3926 849 2739 2741 
13166 2281 342 2280 2341 
13167 796 763 761 3911 
13168 4088 2523 1210 1209 
13169 194 3973 80 193 
13170 2674 552 539 2676 
13171 2454 3772 1658 2439 
13172 763 796 1658 3772 
13173 3013 907 2514 905 
13174 1101 1100 1923 3982 
13175 3217 3219 954 952 
13176 1509 4171 1697 930 
13177 1957 3552 3291 2891 
13178 2512 766 1658 3772 
13179 2454 2512 1658 3772 
13180 3554 1613 2330 2335 
13181 706 1049 789 2695 
13182 3825 2758 2684 556 
13183 1184 2716 2697 2653 
13184 1349 3906 3277 3739 
13185 2754 848 1015 4184 
13186 1082 3720 4361 1538 
13187 1992 3233 3261 3243 
13188 1597 2743 3726 3027 
13189 3890 1374 2961 1252 
13190 1727 2598 482 4384 
13191 1783 3024 2791 1714 
13192 2601 2606 481 4227 
13193 3124 1647 3237 4090 
13194 1420 1277 3574 1071 
13195 4022 1998 4056 3748 
13196 1855 1907 4040 923 
13197 1817 923 1056 3023 
13198 1415 1416 3570 2131 
13199 2905 2749 464 1680 
13200 618 4133 614 1818 
13201 3261 1993 1691 3974 
13202 3191 1855 4040 2918 
13203 3421 1459 4120 1458 
13204 3213 3956 1744 4031 
13205 197 2007 83 196 
13206 600 602 2404 1450 
13207 3150 3304 4097 351 
13208 3146 1459 4120 3421 
13209 3565 1871 2790 2557 
13210 3972 708 719 670 
13211 3191 1855 4234 4040 
13212 84 199 198 4366 
13213 3569 1415 3570 2131 
13214 3071 505 506 504 
13215 3789 2304 2308 680 
13216 2328 356 2319 3838 
13217 1167 3829 3822 2929 
13218 505 507 3427 3173 
13219 502 571 4307 4255 
13220 1819 796 2435 1854 
13221 939 1167 3822 2929 
13222 1022 3032 2742 2893 
13223 2490 771 660 1994 
13224 2828 939 3822 2929 
13225 1250 1346 2768 1252 
13226 2562 568 3745 2566 
13227 1463 1462 2434 1854 
13228 3318 3854 2940 1641 
13229 1916 965 935 3889 
13230 288 287 2521 289 
13231 2589 2034 2667 3900 
13232 356 1499 2324 2319 
13233 109 4424 4318 4442 
13234 356 1938 1499 2319 
13235 4401 3288 3911 761 
13236 497 2584 558 493 
13237 492 491 2588 493 
13238 1146 2911 2359 2912 
13239 574 566 770 2758 
13240 1602 353 450 2264 
13241 2685 2691 2690 560 
13242 1735 1602 825 2266 
13243 2916 1116 2924 2915 
13244 2950 2780 1389 2951 
13245 4372 639 1339 1878 
13246 1019 2273 2258 454 
13247 2785 2718 2734 858 
13248 953 961 960 3214 
13249 961 3211 960 3214 
13250 1244 3434 1757 4207 
13251 3967 3862 3060 534 
13252 2017 1244 1757 4207 
13253 4030 2408 1537 599 
13254 2796 846 418 2797 
13255 2344 2342 2087 2343 
13256 2705 1181 3853 4178 
13257 1079 3092 3757 3052 
13258 4456 243 4437 36 
13259 3568 3734 1920 3757 
13260 1123 2963 3256 1894 
13261 4456 3569 272 4474 
13262 4165 4199 1139 3240 
13263 3208 4308 963 3212 
13264 406 2215 1576 682 
13265 2848 1006 2844 2847 
13266 3293 606 2551 2549 
13267 1421 4481 4463 41 
13268 2663 3862 2668 537 
13269 590 2416 2417 2415 
13270 1764 844 1768 3108 
13271 3323 1316 1875 2951 
13272 2447 689 4189 4243 
13273 1316 3323 2950 2951 
13274 1597 2564 1021 702 
13275 1080 3362 2962 3718 
13276 1673 1036 4131 1155 
13277 2383 895 624 2378 
13278 2315 2314 1779 2313 
13279 1895 4005 3083 3779 
13280 2854 1828 2962 3718 
13281 357 2322 336 1614 
13282 3634 950 3864 2316 
13283 3753 332 710 2349 
13284 3051 1742 3922 1056 
13285 3667 1601 3914 2679 
13286 1828 1080 2962 3718 
13287 2985 3653 1151 2984 
13288 3090 3807 1587 1138 
13289 1184 873 2716 871 
13290 4016 3956 2165 1983 
13291 3613 739 4326 3614 
13292 4404 4176 3044 4498 
13293 2544 591 3776 4142 
13294 227 2026 2077 3886 
13295 4239 1932 228 1287 
13296 591 684 3776 4142 
13297 4011 1790 2855 4046 
13298 104 4500 258 105 
13299 223 4495 1835 3980 
13300 2146 257 4263 4221 
13301 3719 2999 2995 1840 
13302 2575 2705 1155 1801 
13303 2575 2576 2577 542 
13304 973 4096 3265 4067 
13305 1564 3412 3003 3265 
13306 4261 1118 2020 3412 
13307 2576 2578 2577 542 
13308 1985 1090 1647 3237 
13309 4212 4168 3237 1985 
13310 1283 3450 1317 1083 
13311 1840 1201 2995 933 
13312 4448 166 2117 4430 
13313 4082 1244 3163 3584 
13314 1528 843 2230 698 
13315 543 2661 542 541 
13316 2226 2229 3682 1611 
13317 393 3679 696 394 
13318 1850 2579 3853 1889 
13319 3480 4467 187 2140 
13320 859 928 1012 2735 
13321 928 2762 1012 2735 
13322 2735 860 2876 3767 
13323 2520 859 1012 2735 
13324 859 2520 1012 1812 
13325 3477 4257 1879 3449 
13326 4423 224 4325 3 
13327 3011 1624 3449 3971 
13328 684 4093 3776 4142 
13329 252 1882 4351 4378 
13330 3164 4093 684 4142 
13331 3101 1563 995 996 
13332 2479 2482 651 3538 
13333 3038 2490 2492 660 
13334 224 4078 108 223 
13335 2245 1539 2244 2246 
13336 662 771 660 2492 
13337 1999 4493 1441 1439 
13338 1845 1185 1898 2654 
13339 3865 2648 2649 1799 
13340 1462 1460 4497 1461 
13341 4023 3605 759 2456 
13342 1003 1613 1188 2330 
13343 2648 2647 1799 1667 
13344 980 1060 3725 979 
13345 3758 408 2214 3012 
13346 348 1596 3993 1704 
13347 2072 2050 4195 244 
13348 1280 3728 4056 4084 
13349 3145 1589 4037 314 
13350 1518 3016 3017 2896 
13351 678 2311 2700 949 
13352 304 3975 2859 2351 
13353 662 3039 666 3702 
13354 2056 2314 2528 827 
13355 2648 1671 1799 1675 
13356 103 219 4166 218 
13357 2331 1003 1188 2330 
13358 246 1365 2133 102 
13359 4478 2147 4460 267 
13360 3535 4470 4452 181 
13361 2996 3368 1490 4153 
13362 2461 2521 2522 289 
13363 414 2212 2209 1153 
13364 3455 4313 3351 807 
13365 1891 4498 1963 3042 
13366 4209 3241 437 2967 
13367 4407 3585 365 3270 
13368 2156 3564 138 4436 
13369 2809 365 3586 3270 
13370 293 2444 2445 291 
13371 1407 3104 823 743 
13372 2996 3172 4153 835 
13373 4393 2013 2156 1274 
13374 1533 689 1534 4199 
13375 4426 3549 4421 1853 
13376 1297 1295 4499 1362 
13377 1916 2210 965 3889 
13378 3711 2081 3693 3712 
13379 2435 1819 2433 2456 
13380 2864 1486 3316 2989 
13381 2089 1949 446 3459 
13382 981 978 2865 1485 
13383 4440 3544 4457 269 
13384 3543 4476 2125 178 
13385 3534 638 2451 636 
13386 4440 2141 4421 175 
13387 1500 3073 897 3998 
13388 4099 3043 4498 3044 
13389 4440 4421 1361 64 
13390 1907 3129 1807 3570 
13391 1295 3389 4024 2998 
13392 4151 144 4437 145 
13393 3043 1891 1963 3042 
13394 1889 2579 3853 2671 
13395 1739 1940 4251 266 
13396 835 2996 1490 4153 
13397 114 2135 115 4468 
13398 411 835 1490 4153 
13399 1468 1900 91 2137 
13400 3840 475 1674 471 
13401 1966 1972 3383 1263 
13402 3456 439 4112 1466 
13403 1500 3972 3061 3073 
13404 150 4481 149 3571 
13405 618 2399 4089 4133 
13406 1564 1275 3265 973 
13407 1911 972 911 3677 
13408 3458 3456 4112 1466 
13409 2985 3653 1974 1151 
13410 785 3565 4020 3984 
13411 3036 3037 2913 1084 
13412 3460 443 4112 4175 
13413 1354 2837 1922 1127 
13414 1366 2105 261 2150 
13415 2839 1354 2838 2840 
13416 2933 2047 2530 2701 
13417 1101 3227 1100 3982 
13418 4 4503 3377 2 
13419 686 783 4276 3407 
13420 3175 1176 1975 1177 
13421 903 2235 3756 2327 
13422 4283 398 2532 3682 
13423 1778 1214 2027 3072 
13424 1478 2969 2968 3346 
13425 1808 4113 1177 1559 
13426 1162 3175 1933 1177 
13427 4113 3818 1177 1559 
13428 1214 1778 3657 3072 
13429 298 296 2381 297 
13430 92 4217 93 233 
13431 1145 3527 4364 1513 
13432 3444 4289 416 4073 
13433 1558 2010 4035 1557 
13434 3703 3972 3652 670 
13435 3800 2460 2437 1944 
13436 1944 294 292 2437 
13437 3008 3775 2877 1383 
13438 2224 400 1568 399 
13439 289 2035 2522 3507 
13440 3503 4146 924 2756 
13441 2559 745 2558 2560 
13442 1016 4302 3508 1017 
13443 293 294 2396 2437 
13444 177 3543 178 4476 
13445 1853 3549 3547 3548 
13446 800 1266 1342 2385 
13447 1805 2243 2242 1780 
13448 1264 2955 985 1263 
13449 1552 2927 3799 3247 
13450 4309 1900 248 1736 
13451 1157 1090 1736 3731 
13452 3274 642 2958 1529 
13453 2472 2471 663 2470 
13454 1900 1157 1736 4309 
13455 623 4236 4188 4491 
13456 1196 1193 2987 1562 
13457 2556 1266 800 2385 
13458 1900 4309 4266 2137 
13459 1266 2196 1342 2385 
13460 1827 854 3027 1712 
13461 4157 3318 4405 1634 
13462 4415 13 1399 4433 
13463 4424 224 4318 108 
13464 3301 742 756 757 
13465 3318 4157 459 1634 
13466 459 4157 457 1634 
13467 3742 1118 910 1480 
13468 3318 1641 1634 459 
13469 1363 3500 4501 1988 
13470 2097 254 10 4468 
13471 452 453 448 2181 
13472 1559 3139 1557 4079 
13473 1556 2546 1557 4035 
13474 1558 1556 1557 4035 
13475 1440 4311 4493 1439 
13476 249 3587 1438 1439 
13477 758 1497 2104 3122 
13478 3117 4493 3132 3119 
13479 29 4429 1960 28 
13480 422 2947 1567 2010 
13481 2947 422 3819 2010 
13482 2010 3819 4035 1557 
13483 1495 693 2943 3663 
13484 81 194 80 226 
13485 3640 1558 4035 1556 
13486 2021 3213 3207 3957 
13487 3433 2017 1425 1757 
13488 2012 2014 1449 3624 
13489 4471 3582 162 4453 
13490 81 194 226 3955 
13491 3957 1097 1744 1983 
13492 404 2219 2217 402 
13493 2116 4473 1449 229 
13494 242 1410 4334 2129 
13495 318 316 3130 317 
13496 719 720 2506 3759 
13497 255 4294 2140 3481 
13498 3131 3145 3130 316 
13499 302 3975 3289 440 
13500 3131 316 3130 3094 
13501 1404 3543 1646 269 
13502 1083 4096 3308 3451 
13503 3315 4355 3074 1336 
13504 3956 3957 1744 1983 
13505 3886 2026 2077 1227 
13506 1869 1693 1001 3966 
13507 3107 3106 3105 1813 
13508 1303 947 1301 2348 
13509 1600 3706 1150 1777 
13510 1371 3516 4080 1372 
13511 4217 92 93 208 
13512 4250 2149 222 4495 
13513 1407 3106 3105 3104 
13514 342 362 2280 2341 
13515 1189 1388 3496 1010 
13516 4269 3499 3498 1652 
13517 254 1283 3450 1317 
13518 117 3542 4431 116 
13519 1266 2556 2196 2385 
13520 3123 1497 3418 3122 
13521 2941 367 352 368 
13522 1863 2323 2555 3561 
13523 1955 3585 2445 2396 
13524 1440 1786 1927 4493 
13525 1265 1420 3710 1073 
13526 1806 4338 2431 2433 
13527 3117 879 3119 3118 
13528 2348 947 2346 3616 
13529 4393 1165 1274 3762 
13530 3103 997 3762 3105 
13531 4468 1765 4485 3512 
13532 2155 3521 4475 123 
13533 3293 606 607 608 
13534 158 2116 159 4473 
13535 4489 161 4471 2162 
13536 997 3103 3104 3105 
13537 235 4426 4444 62 
13538 3513 4416 242 2129 
13539 2153 4434 182 4452 
13540 2136 4270 4339 1260 
13541 4434 3513 2153 182 
13542 1008 4314 1009 1219 
13543 1097 2021 3207 3957 
13544 1688 1687 3360 1686 
13545 293 1955 2445 2396 
13546 1991 4147 3672 3166 
13547 2409 2408 2407 597 
13548 987 986 3319 3182 
13549 1352 3393 4229 3404 
13550 4168 4212 3383 1985 
13551 3272 1217 1826 3520 
13552 2452 739 4254 4326 
13553 3081 3272 894 3273 
13554 106 1363 4501 105 
13555 2787 3486 3484 286 
13556 3519 1217 3272 3520 
13557 1790 3718 4046 1081 
13558 2065 2083 1249 3386 
13559 3961 232 2065 1476 
13560 232 3961 2065 4352 
13561 541 2578 542 500 
13562 598 2409 2407 597 
13563 1679 1649 1793 3811 
13564 3292 1790 358 2855 
13565 3844 1376 3364 1004 
13566 2119 93 4345 234 
13567 1649 711 1793 2727 
13568 3029 1515 3176 3177 
13569 104 219 220 4288 
13570 288 290 2462 691 
13571 1495 3663 2797 1494 
13572 920 579 1573 3394 
13573 4481 1421 42 41 
13574 2523 3728 2343 2043 
13575 224 4078 4318 108 
13576 484 3310 4299 3883 
13577 1875 3324 1865 2098 
13578 2149 4250 3505 260 
13579 1573 2464 3394 3487 
13580 2155 4110 4216 1323 
13581 3487 579 4191 3394 
13582 1369 4185 4496 1834 
13583 3358 1882 1813 1274 
13584 2103 1369 4496 1834 
13585 585 2421 2422 2423 
13586 3714 106 4494 281 
13587 4327 1236 4262 1254 
13588 2809 1291 1867 3128 
13589 637 2109 1670 2459 
13590 4004 1200 1285 4323 
13591 3037 1283 1084 1083 
13592 808 799 1491 2513 
13593 1663 1662 1502 3493 
13594 2859 2801 3379 306 
13595 3923 309 4242 307 
13596 3145 315 316 314 
13597 4017 4070 2935 520 
13598 1464 3131 3094 316 
13599 3008 3860 2041 3859 
13600 3940 1391 1392 998 
13601 1754 4011 1790 1587 
13602 2296 329 1903 2294 
13603 2587 1724 3903 493 
13604 4225 4110 1323 4216 
13605 2380 3807 3054 326 
13606 2380 326 3054 324 
13607 1828 2854 358 2855 
13608 271 1321 4216 3253 
13609 3686 1299 4135 2357 
13610 4492 213 2120 4298 
13611 238 4492 2120 4298 
13612 1836 1044 2268 2272 
13613 4151 144 2131 4437 
13614 144 4456 2131 4437 
13615 3304 4025 349 350 
13616 695 1720 4406 3649 
13617 4097 353 349 4054 
13618 2273 3858 449 4145 
13619 243 4151 2131 4437 
13620 4456 243 2131 4437 
13621 271 2155 4138 4216 
13622 2094 2611 473 1290 
13623 4484 169 170 2142 
13624 250 4072 2142 4480 
13625 4072 250 1870 4480 
13626 3060 536 2662 531 
13627 2153 268 4271 1862 
13628 2339 359 1829 2066 
13629 359 301 2340 1829 
13630 1715 1030 3847 4235 
13631 268 3535 2153 4271 
13632 268 1401 4271 1862 
13633 2155 271 1323 4216 
13634 3752 1286 3160 3196 
13635 2256 1030 3847 1020 
13636 4434 3513 242 1397 
13637 1041 3197 3170 1040 
13638 3535 268 4452 4470 
13639 4239 3374 1287 3196 
13640 404 403 2219 402 
13641 1038 3170 1040 1039 
13642 4258 199 198 84 
13643 2476 649 2770 2547 
13644 3197 1041 1707 1040 
13645 2224 2223 1568 2222 
13646 1223 983 2175 2173 
13647 2218 2215 3758 406 
13648 820 2175 4076 1469 
13649 1936 2169 2170 1351 
13650 3170 1041 1040 1039 
13651 1639 4209 3171 1730 
13652 2177 2175 820 2176 
13653 983 1222 2173 1223 
13654 820 819 2176 900 
13655 1148 1639 3171 1730 
13656 282 1695 4221 281 
13657 1490 1148 1639 3171 
13658 1344 1343 2059 3528 
13659 4257 1823 1879 3449 
13660 3368 1490 1639 3171 
13661 3599 892 3600 2192 
13662 2174 983 2175 2176 
13663 447 1957 3552 3291 
13664 2358 1904 2359 2352 
13665 2394 296 2381 3552 
13666 972 998 974 4034 
13667 426 3645 424 427 
13668 1146 1217 2912 1218 
13669 1423 274 4464 3618 
13670 2276 458 3970 4157 
13671 1294 3388 4354 1296 
13672 913 912 853 3179 
13673 1222 983 2173 2172 
13674 2188 2059 2436 3528 
13675 4025 3304 349 4054 
13676 934 1921 3471 1655 
13677 1858 1696 2194 2195 
13678 3645 2699 3795 426 
13679 3852 1676 4125 1680 
13680 3068 480 2906 3855 
13681 505 3167 3427 1721 
13682 3348 3997 429 3916 
13683 3179 3182 3760 853 
13684 3916 1504 2198 3721 
13685 2197 3693 2005 2200 
13686 826 2193 1505 2524 
13687 491 2587 493 1724 
13688 1913 4278 4105 1703 
13689 3167 505 503 1721 
13690 1504 1696 3721 1505 
13691 464 480 479 2748 
13692 2710 1632 495 2711 
13693 1858 2197 1023 2195 
13694 2524 826 435 1505 
13695 510 508 509 3478 
13696 1627 3816 2302 354 
13697 428 426 1504 3795 
13698 510 2683 2932 1664 
13699 2625 1831 2624 2626 
13700 510 4412 2932 2683 
13701 2733 2791 2734 1714 
13702 1943 3076 3791 3792 
13703 1679 2872 3165 3811 
13704 425 428 2202 3795 
13705 1679 3811 4070 520 
13706 4129 1583 4265 3332 
13707 694 1613 2332 2326 
13708 769 3007 709 3335 
13709 1499 1498 2324 1956 
13710 1825 3335 4103 3562 
13711 415 3805 4073 2208 
13712 986 4091 3319 3320 
13713 419 414 2209 1153 
13714 1726 554 1851 2593 
13715 2820 3813 3077 1273 
13716 1356 419 2209 1153 
13717 2216 4388 1570 2217 
13718 4064 1520 3320 2099 
13719 866 3447 1623 1823 
13720 986 4091 3320 2099 
13721 3510 400 2222 2532 
13722 1520 986 3320 2099 
13723 1465 2430 1785 2429 
13724 2796 2798 418 834 
13725 1019 2273 454 449 
13726 2122 3550 1326 4354 
13727 2982 958 3405 901 
13728 1294 1870 1326 4354 
13729 1269 1580 1906 3712 
13730 1506 958 4312 3371 
13731 920 1753 3127 3394 
13732 1464 3774 839 360 
13733 4254 690 1527 685 
13734 881 1046 3112 1047 
13735 3054 1138 3056 1598 
13736 3598 2509 2414 1521 
13737 1465 1526 2428 2429 
13738 4413 1630 1939 4241 
13739 903 1506 778 2327 
13740 1968 4292 3932 3306 
13741 2241 3635 2239 1606 
13742 4328 1454 4114 1026 
13743 672 593 2414 1521 
13744 3912 2333 384 3639 
13745 2243 2241 2242 1780 
13746 1630 2919 1939 4241 
13747 2405 2388 600 2406 
13748 2320 1833 4252 3716 
13749 2919 1630 4413 4241 
13750 1939 3951 3952 4241 
13751 4413 1939 3952 4241 
13752 2443 815 4192 2386 
13753 2383 624 2384 2379 
13754 4005 1558 3083 4035 
13755 1839 2270 2255 2253 
13756 1567 373 371 2946 
13757 1338 1339 1161 4219 
13758 2466 4327 4262 1254 
13759 642 656 640 2958 
13760 2728 1759 1788 1851 
13761 634 2441 635 636 
13762 1028 2037 1909 2846 
13763 486 4124 4197 3339 
13764 2430 1465 2428 2429 
13765 2053 3384 1796 2939 
13766 2254 1789 3831 2541 
13767 1888 3403 1031 1487 
13768 1782 3835 2225 1051 
13769 3219 887 952 3218 
13770 887 953 952 3218 
13771 2467 1536 2470 3743 
13772 2592 554 2593 2591 
13773 4170 3403 1031 3723 
13774 2431 2430 2429 1785 
13775 121 2124 4469 4343 
13776 1970 2401 2440 633 
13777 3827 1602 2266 2264 
13778 673 1970 2440 633 
13779 346 1044 2274 347 
13780 1239 3021 1238 3593 
13781 3910 1511 322 319 
13782 4025 348 347 349 
13783 1044 2271 2274 347 
13784 345 348 347 3874 
13785 3874 345 2277 2274 
13786 3164 684 743 844 
13787 3148 1047 3113 3111 
13788 1959 4388 3416 2220 
13789 1816 2928 3135 2929 
13790 4048 2618 2616 944 
13791 345 343 2277 346 
13792 484 483 3883 482 
13793 2642 1671 712 1667 
13794 3060 2662 2698 531 
13795 797 3634 3864 4301 
13796 518 1775 1683 2634 
13797 3715 4252 1868 3716 
13798 1185 3791 1898 2654 
13799 2678 2659 726 2670 
13800 2641 2639 712 2640 
13801 1921 3147 3856 4003 
13802 274 43 4464 4482 
13803 2068 2288 2286 2357 
13804 1475 1918 3283 3284 
13805 1190 1897 2610 1290 
13806 2601 733 2602 2599 
13807 335 2068 2288 2286 
13808 1618 337 2286 2068 
13809 329 3633 2294 2297 
13810 334 2289 333 2291 
13811 4033 744 3759 2752 
13812 3806 3807 1587 3292 
13813 1811 3313 3097 3074 
13814 1319 2086 2623 3921 
13815 326 2380 3806 2299 
13816 3633 330 358 328 
13817 496 3070 3898 3068 
13818 2980 714 1776 1680 
13819 951 3222 1774 886 
13820 356 2328 2324 1498 
13821 3807 2380 3806 326 
13822 678 2309 676 677 
13823 3131 3145 316 1589 
13824 1778 2067 4240 1257 
13825 3928 321 3053 3055 
13826 763 3288 765 762 
13827 2512 2729 799 766 
13828 3633 3806 2297 328 
13829 1145 1146 894 2994 
13830 4107 574 770 2758 
13831 2138 90 1881 204 
13832 3986 788 821 864 
13833 327 326 328 3806 
13834 2663 536 1642 1738 
13835 3332 3060 533 534 
13836 1144 1057 919 4290 
13837 2769 1147 1565 1711 
13838 3741 917 2986 2782 
13839 788 1647 864 3124 
13840 1647 1090 864 3124 
13841 3476 909 1406 2869 
13842 1090 3731 3089 3237 
13843 2304 354 2302 2305 
13844 2542 3816 354 2305 
13845 3634 950 2315 2318 
13846 1863 1825 3562 902 
13847 864 1089 941 3089 
13848 246 1366 3674 4411 
13849 3049 3088 941 3089 
13850 2318 3634 1136 2555 
13851 931 2886 885 1470 
13852 3088 864 941 3089 
13853 2237 975 2329 976 
13854 1089 1090 3089 864 
13855 2738 786 787 2739 
13856 566 3422 770 2758 
13857 1038 1035 3159 1036 
13858 2224 2226 1733 2225 
13859 1306 1892 1417 3419 
13860 3927 1306 1417 3419 
13861 1024 745 2558 800 
13862 2359 1904 1218 2352 
13863 302 304 303 2351 
13864 1135 892 3600 3599 
13865 2152 4154 264 4306 
13866 4091 4137 2436 2101 
13867 568 2562 702 2565 
13868 3231 1101 889 2000 
13869 2938 725 4102 1732 
13870 1218 1904 1829 2352 
13871 2157 3927 1417 3419 
13872 2633 1698 2632 2631 
13873 301 359 2340 2338 
13874 3920 301 2340 2338 
13875 1925 1112 1774 4356 
13876 1724 4162 1791 1725 
13877 3700 1066 1067 3248 
13878 604 602 2549 2387 
13879 3642 606 671 2551 
13880 953 960 952 3215 
13881 4206 3700 1067 3248 
13882 1050 409 1631 3415 
13883 1849 1815 707 3641 
13884 2410 595 1769 597 
13885 601 1849 707 3641 
13886 3631 4089 614 4057 
13887 1772 1101 3233 3231 
13888 1124 1204 3259 1205 
13889 617 2399 2373 4089 
13890 2809 1291 365 3270 
13891 2279 2252 792 3831 
13892 2279 377 3823 4395 
13893 1129 1128 1920 3757 
13894 4469 4451 4343 270 
13895 3086 3715 1868 3716 
13896 3054 324 1598 3055 
13897 365 1358 3270 1867 
13898 365 4407 3270 1358 
13899 2061 1299 4135 1877 
13900 3128 1867 3270 3440 
13901 1358 1867 3440 3270 
13902 4380 263 1375 2151 
13903 4407 1358 3440 3270 
13904 1211 3279 3280 3281 
13905 4492 238 98 1371 
13906 3282 1885 3280 3281 
13907 2908 1957 2891 1446 
13908 4253 1027 3254 4196 
13909 1885 1211 3280 3281 
13910 862 861 2874 842 
13911 340 338 2283 339 
13912 821 1150 1601 3914 
13913 783 4303 883 3080 
13914 2817 3832 1059 2821 
13915 1622 3005 440 2800 
13916 1992 1101 3233 1772 
13917 3964 4503 3962 2092 
13918 4308 3901 3409 1132 
13919 598 599 2407 600 
13920 3535 180 4470 181 
13921 2705 2575 1155 3783 
13922 4385 980 3287 3717 
13923 621 623 622 4188 
13924 599 2406 2407 600 
13925 2449 598 615 3768 
13926 3715 1160 1488 982 
13927 2806 2293 330 3633 
13928 1849 601 2362 3641 
13929 3184 2108 3525 3190 
13930 331 329 330 2294 
13931 1902 1160 1868 3086 
13932 2854 1828 3718 2855 
13933 3778 2419 2544 1430 
13934 2447 4243 2423 685 
13935 2854 2806 358 2855 
13936 1537 4030 1804 3446 
13937 3260 3259 1205 3303 
13938 3161 791 2785 857 
13939 1685 3733 3193 1686 
13940 587 588 589 2418 
13941 3964 1745 3962 3963 
13942 1206 3260 3303 4084 
13943 587 802 2418 589 
13944 2523 1209 4084 3728 
13945 4088 2523 1209 4084 
13946 3260 1206 4056 4084 
13947 3005 1622 440 1697 
13948 2537 582 580 2426 
13949 4113 3139 1559 4079 
13950 436 2702 731 1592 
13951 2424 1517 2425 2426 
13952 1839 3708 1592 866 
13953 2703 378 380 674 
13954 2113 202 87 201 
13955 1713 2454 2439 2453 
13956 1470 1471 1917 3925 
13957 874 2597 1727 1174 
13958 1811 1951 1496 3314 
13959 1178 2766 1180 1958 
13960 1266 2196 2005 1858 
13961 2204 2201 1105 3594 
13962 1699 3695 1142 2205 
13963 2193 1052 2194 2192 
13964 1811 3313 3423 3314 
13965 3524 2746 1880 2453 
13966 3517 877 4329 3355 
13967 2438 3524 1880 2453 
13968 1995 1545 2450 2744 
13969 1852 1223 2073 3009 
13970 1995 2080 2450 1545 
13971 1995 2080 673 2450 
13972 4115 1995 673 2450 
13973 1951 1811 3423 3314 
13974 3629 1470 1917 3925 
13975 1068 2901 4282 2808 
13976 3607 687 2810 3294 
13977 4463 3571 2112 149 
13978 1020 2259 454 2258 
13979 2531 288 2462 691 
13980 3934 887 4036 3985 
13981 290 288 2462 2461 
13982 3904 4162 3212 1791 
13983 3208 964 963 962 
13984 1913 4016 1983 3229 
13985 1410 3357 4334 4045 
13986 288 2531 2462 2521 
13987 1137 285 3647 3485 
13988 288 2521 2462 2461 
13989 3484 285 284 3485 
13990 2193 1696 1505 3721 
13991 2471 2469 663 2470 
13992 708 3972 3703 670 
13993 3271 1800 3523 3522 
13994 645 2471 643 663 
13995 3455 4313 807 2759 
13996 660 659 3608 658 
13997 359 2336 2339 2338 
13998 1543 3609 3897 3551 
13999 692 1543 3897 3551 
14000 2534 1893 3551 1543 
14001 1453 4071 1426 822 
14002 3648 1137 3647 3485 
14003 1893 2534 2486 2488 
14004 3648 283 4263 1364 
14005 2487 2488 665 2486 
14006 4490 34 1414 4474 
14007 1542 1893 2486 665 
14008 1893 2488 2486 665 
14009 433 3763 3346 1758 
14010 1507 692 2060 3897 
14011 93 209 4345 94 
14012 4272 233 3671 1974 
14013 1137 3648 3647 4331 
14014 4075 3662 1163 3817 
14015 1255 1256 4274 2863 
14016 898 1002 2503 1107 
14017 2504 937 2019 1531 
14018 2518 2502 2505 1812 
14019 2520 2518 2505 1812 
14020 1159 3087 3263 1160 
14021 1215 2502 1812 2505 
14022 782 2366 2370 2106 
14023 2501 2504 2019 1531 
14024 1215 2501 2502 2505 
14025 2762 1255 4274 2863 
14026 1289 2520 2759 2505 
14027 3780 1310 1312 3694 
14028 811 810 809 2517 
14029 3791 1838 1898 2656 
14030 810 804 2517 2774 
14031 3161 1731 857 4228 
14032 1470 3629 1471 3925 
14033 1256 1255 4274 1012 
14034 1255 2762 4274 1012 
14035 1995 4115 1540 3406 
14036 2511 907 1491 2514 
14037 2025 1276 3372 2519 
14038 2765 810 811 2517 
14039 3604 672 1769 2412 
14040 599 4030 2406 707 
14041 3604 1617 4156 4095 
14042 599 2408 1537 597 
14043 1121 1027 1122 3254 
14044 384 386 387 3639 
14045 1959 4388 4285 3416 
14046 389 386 3636 388 
14047 2037 2884 1909 2846 
14048 1206 1280 4056 4084 
14049 1545 1236 2744 1235 
14050 1240 1536 1238 3743 
14051 1206 3260 1204 1205 
14052 1124 3259 1208 1205 
14053 1423 43 4464 274 
14054 1333 1297 1331 4499 
14055 1882 252 4351 1292 
14056 3604 2410 1769 2538 
14057 4140 4088 1207 3303 
14058 2487 2490 3608 1994 
14059 1960 2144 4351 1292 
14060 1391 2062 691 3826 
14061 474 3950 475 476 
14062 2549 602 2404 2387 
14063 602 604 603 2387 
14064 3951 1684 1939 476 
14065 2553 829 2552 671 
14066 967 3832 968 2849 
14067 1467 830 828 3646 
14068 1861 2818 3867 3077 
14069 3737 1644 2090 1571 
14070 3488 1396 803 993 
14071 2097 1872 1317 4281 
14072 2155 124 4475 4458 
14073 910 2909 2910 2921 
14074 601 2388 602 2387 
14075 1952 2474 2473 647 
14076 3796 4072 2142 250 
14077 4224 1864 3262 3361 
14078 2502 1215 1812 767 
14079 1176 2102 3262 3369 
14080 1024 745 1579 2558 
14081 970 969 968 2849 
14082 3172 2861 3566 836 
14083 2556 2557 800 2558 
14084 1918 926 1058 3322 
14085 1024 2556 800 2558 
14086 745 2557 2558 800 
14087 1627 323 3816 354 
14088 3190 3516 3515 1755 
14089 4146 1867 3440 924 
14090 2779 2688 1883 3885 
14091 751 734 4065 735 
14092 2298 1740 363 327 
14093 2571 549 2572 1656 
14094 2300 1740 2299 325 
14095 307 3923 3782 3380 
14096 2571 572 3724 2569 
14097 2779 1883 1120 1931 
14098 3263 3717 4111 982 
14099 634 2042 2731 1339 
14100 307 694 305 3782 
14101 3681 978 979 976 
14102 307 305 3380 3782 
14103 3194 1607 4132 3302 
14104 1333 4499 3050 1362 
14105 665 2485 655 658 
14106 3277 1349 654 657 
14107 2573 2571 2572 1656 
14108 1959 4285 1571 1109 
14109 290 2446 2462 2062 
14110 3378 2001 3453 2123 
14111 3246 1379 1378 4200 
14112 3684 1278 2805 1216 
14113 2581 499 2582 497 
14114 1321 3046 1322 992 
14115 3123 1434 3330 3462 
14116 1413 2045 3537 3195 
14117 540 3895 498 1705 
14118 4492 213 4298 214 
14119 898 3241 814 437 
14120 4390 1525 3459 4245 
14121 3890 1374 3976 4024 
14122 208 93 2121 209 
14123 4061 4092 3424 955 
14124 708 3972 719 2506 
14125 2578 500 2580 2579 
14126 2581 499 2580 2582 
14127 1874 447 3552 296 
14128 1278 2805 1216 1279 
14129 1451 4272 2121 4200 
14130 2584 497 2582 2585 
14131 3677 3004 911 2910 
14132 2314 2056 1766 827 
14133 4317 2018 3391 4128 
14134 3004 971 911 2910 
14135 1705 3895 498 2585 
14136 1723 2034 1945 2667 
14137 3546 1853 3547 3548 
14138 2141 4421 3547 1853 
14139 3062 3073 3074 1336 
14140 4426 235 4444 2122 
14141 554 1726 2594 2593 
14142 4476 67 240 4488 
14143 1057 1058 3353 1078 
14144 4204 656 4375 3402 
14145 2958 656 4204 3402 
14146 2408 4030 2406 599 
14147 2828 2826 2827 1168 
14148 3103 997 3104 823 
14149 3112 1046 737 3578 
14150 3117 1503 3116 3115 
14151 4124 2592 487 2594 
14152 2592 554 2594 2593 
14153 733 1062 1722 2605 
14154 2012 2116 1449 229 
14155 4471 4489 2162 1428 
14156 2014 3623 3247 1448 
14157 474 3950 2604 2607 
14158 3411 3246 1378 4200 
14159 4052 502 4255 4152 
14160 1192 3612 3610 2978 
14161 1000 748 3397 4098 
14162 3591 2537 578 3592 
14163 2598 481 482 4227 
14164 3629 1470 1172 1917 
14165 3629 1470 1471 3844 
14166 944 1747 2616 1857 
14167 4170 3403 3756 1031 
14168 2227 1528 2230 2228 
14169 755 2619 2617 4397 
14170 1831 2625 1969 2627 
14171 4388 1959 1570 2220 
14172 626 815 1554 2386 
14173 3428 507 509 4304 
14174 2243 1805 2242 2244 
14175 1581 1107 2495 2503 
14176 879 1594 3118 756 
14177 1431 21 22 4425 
14178 4083 1431 4425 4422 
14179 752 2622 865 735 
14180 865 2622 2623 2624 
14181 3695 1699 1142 1584 
14182 3785 538 4116 1711 
14183 1328 1107 2495 1581 
14184 2631 1841 2632 2629 
14185 1236 4327 4262 3435 
14186 913 3179 853 3182 
14187 1545 1236 1254 4262 
14188 637 2080 2109 2458 
14189 2441 637 635 636 
14190 2091 1200 3541 1395 
14191 4066 4028 434 3352 
14192 2634 1775 2635 2632 
14193 3444 3368 416 3443 
14194 1255 2089 2863 1949 
14195 791 871 1675 3891 
14196 4327 1236 3593 3435 
14197 719 708 2506 720 
14198 2155 123 4475 124 
14199 4059 1577 674 3716 
14200 3631 3082 619 3630 
14201 895 1556 2376 2546 
14202 2655 1635 2651 3866 
14203 2703 378 4059 3823 
14204 2433 1806 4497 2431 
14205 2260 450 454 449 
14206 2722 2678 795 2687 
14207 1355 3030 2701 1166 
14208 2317 2056 2528 1578 
14209 727 4044 3999 3881 
14210 2241 1152 1780 1606 
14211 1354 2838 2841 3875 
14212 3884 4336 390 3636 
14213 381 382 383 2247 
14214 3851 3849 468 3850 
14215 2636 1737 2638 2637 
14216 3686 1877 4337 4135 
14217 1602 2265 2263 456 
14218 2317 2314 2528 2056 
14219 722 2639 2640 712 
14220 741 739 742 3613 
14221 3123 3121 2104 3122 
14222 2251 3708 1592 2253 
14223 2702 3708 731 1592 
14224 722 712 2640 723 
14225 3477 4257 1106 1879 
14226 894 1508 831 3273 
14227 2659 728 726 2670 
14228 1635 2650 2651 3866 
14229 1635 2655 2651 1898 
14230 726 730 795 2687 
14231 4159 730 728 2670 
14232 3062 4355 2048 1336 
14233 3233 1772 3234 3243 
14234 1693 2875 2753 2687 
14235 4086 313 4249 2528 
14236 2708 1156 2269 1061 
14237 513 3876 512 3968 
14238 4412 2683 1824 2689 
14239 3478 4412 1798 2720 
14240 549 2571 561 572 
14241 199 4258 85 84 
14242 2683 2681 2932 1664 
14243 1034 2680 1155 1656 
14244 511 510 509 2932 
14245 511 510 2932 1664 
14246 1429 1018 4076 4329 
14247 2680 572 1656 1034 
14248 1429 877 1018 4329 
14249 1327 1918 3321 1110 
14250 3456 3458 3457 1466 
14251 2568 2570 561 550 
14252 2673 3398 3397 999 
14253 1976 3456 3457 1466 
14254 1256 1976 3457 1466 
14255 1750 3978 1032 2692 
14256 483 3310 484 3883 
14257 2571 2680 3724 572 
14258 2878 1954 1608 736 
14259 2567 2568 2569 561 
14260 1805 2243 385 2244 
14261 772 568 702 2565 
14262 3429 1018 4329 4076 
14263 1091 3659 1065 2063 
14264 1968 3932 1108 1043 
14265 1034 1033 4021 3724 
14266 4385 2320 1488 4252 
14267 4193 4223 545 3366 
14268 2818 2820 1273 1661 
14269 1033 3978 1037 3156 
14270 2772 3745 564 2566 
14271 4201 92 206 91 
14272 3717 4385 1488 4252 
14273 3263 3087 3715 1160 
14274 2714 464 479 2748 
14275 887 3219 952 951 
14276 3988 3224 3221 1307 
14277 3217 3219 3220 954 
14278 714 480 2748 2906 
14279 507 505 3427 508 
14280 3428 508 3427 3478 
14281 1897 2608 2610 1290 
14282 508 505 3427 1721 
14283 1756 3942 875 3935 
14284 3377 1100 3982 1923 
14285 3312 1844 4069 3420 
14286 2905 714 2748 2906 
14287 870 1006 2847 2843 
14288 736 1220 701 2830 
14289 480 714 2748 464 
14290 1781 1616 1615 2866 
14291 1668 2575 2574 2573 
14292 521 519 2935 520 
14293 565 686 740 3079 
14294 3418 1497 4023 3122 
14295 1182 945 1117 2965 
14296 1257 4240 3864 2316 
14297 3865 2648 1799 1675 
14298 2977 2897 882 4053 
14299 2645 2666 3309 517 
14300 4005 1561 2403 1312 
14301 2248 381 379 2250 
14302 3664 436 704 383 
14303 524 521 2725 1649 
14304 2793 3271 948 1773 
14305 837 2793 948 1773 
14306 1478 1140 1758 3346 
14307 859 2518 1812 767 
14308 3043 3062 1334 2048 
14309 3811 1649 2935 520 
14310 711 524 2725 1649 
14311 3429 3355 4329 1018 
14312 827 313 4086 2528 
14313 210 95 4296 4295 
14314 995 824 3099 996 
14315 555 560 2690 1600 
14316 3667 2677 2690 555 
14317 560 777 2690 1600 
14318 683 4220 4224 2508 
14319 1162 3087 1160 1902 
14320 3667 555 2690 1600 
14321 566 560 567 3793 
14322 1693 2875 748 4098 
14323 2949 571 4255 4194 
14324 1855 923 4040 2918 
14325 777 917 786 2737 
14326 829 2776 830 921 
14327 1387 3697 3661 3189 
14328 4348 2035 3507 4211 
14329 3893 1357 3317 4211 
14330 1074 2870 2813 2871 
14331 1866 1115 2914 1113 
14332 601 602 603 2387 
14333 1299 2061 4135 3673 
14334 1621 1044 347 2271 
14335 1357 4348 3317 4211 
14336 656 1888 3275 1529 
14337 3274 642 2715 2958 
14338 551 2674 552 539 
14339 552 2674 2675 2676 
14340 908 3554 3958 3936 
14341 398 4283 396 3682 
14342 1771 3557 3559 1147 
14343 654 653 2481 2484 
14344 533 3332 4134 3331 
14345 1147 2769 4340 3559 
14346 2685 560 556 566 
14347 254 4468 3512 1765 
14348 1932 2113 228 87 
14349 566 2685 2758 556 
14350 3558 1147 4340 3559 
14351 3307 3940 1391 3036 
14352 1981 3147 1921 1655 
14353 254 2135 3512 4468 
14354 934 1061 4183 1886 
14355 2531 1390 288 691 
14356 943 3391 1340 1216 
14357 1390 2751 2780 1320 
14358 3307 3037 3036 1084 
14359 3841 1932 86 201 
14360 1316 3326 3861 2950 
14361 1288 1946 228 3751 
14362 3158 1288 1286 3752 
14363 858 872 2734 1714 
14364 936 3821 4008 3792 
14365 4408 1008 3894 1227 
14366 1184 873 2697 2716 
14367 2135 254 3512 4247 
14368 4058 789 1271 2695 
14369 4314 4228 2786 1009 
14370 2718 871 872 858 
14371 3899 3244 1042 4178 
14372 2893 1022 1065 1021 
14373 771 1965 2493 2492 
14374 872 2733 2734 1714 
14375 1344 1343 3529 1133 
14376 771 2490 2492 2491 
14377 4218 908 3958 3273 
14378 794 670 666 3652 
14379 3698 3601 1141 2497 
14380 444 2185 4121 2183 
14381 642 3530 2715 643 
14382 2863 1256 4274 3457 
14383 643 3530 2715 2469 
14384 4250 260 3980 3505 
14385 3769 1102 2272 2539 
14386 4245 4121 2392 445 
14387 1105 1269 1906 3594 
14388 637 2441 2451 636 
14389 1211 3279 1183 3280 
14390 4297 452 4245 2392 
14391 2182 1523 451 1666 
14392 639 638 3534 636 
14393 2322 4022 3748 357 
14394 595 2410 2409 597 
14395 1998 4022 338 357 
14396 1445 54 4435 251 
14397 1236 2744 1235 3435 
14398 2468 2469 641 2715 
14399 2015 1234 3432 1237 
14400 4489 4210 160 2162 
14401 1882 4378 3358 4351 
14402 1118 4261 2020 1901 
14403 4141 1882 3358 4351 
14404 1332 3546 3545 4099 
14405 119 4433 3518 2154 
14406 1399 4451 2154 4433 
14407 1962 2147 2169 1351 
14408 4467 255 75 74 
14409 1399 13 14 4433 
14410 805 1561 2374 1560 
14411 3574 1071 4342 4383 
14412 4099 1332 1334 3545 
14413 2042 4220 2508 3603 
14414 635 2080 2450 2440 
14415 1071 3574 4342 4282 
14416 1332 1335 1334 3545 
14417 3869 969 1175 2822 
14418 1382 1255 2860 1949 
14419 3368 412 1490 4362 
14420 969 970 1175 2822 
14421 793 859 767 2518 
14422 2830 701 3969 3809 
14423 442 1473 2187 1947 
14424 412 408 4362 2704 
14425 3557 1794 4103 3556 
14426 900 3502 2176 2781 
14427 409 1959 3416 2220 
14428 2812 3607 3082 1575 
14429 2633 2645 515 2643 
14430 327 2299 3806 2297 
14431 3002 1078 3669 4381 
14432 331 2292 2294 2293 
14433 1706 1861 3867 3077 
14434 1794 1187 3556 3555 
14435 2619 755 754 4397 
14436 3557 1794 3556 3555 
14437 2617 755 4397 2657 
14438 1229 4130 2000 3232 
14439 254 4247 3450 1283 
14440 956 1212 2833 2835 
14441 2136 103 1884 1856 
14442 4451 1399 270 14 
14443 3526 1373 1516 2011 
14444 1520 2790 4064 4020 
14445 1980 3568 4400 3567 
14446 2392 452 2181 3804 
14447 854 3029 852 1515 
14448 1022 1091 2893 1065 
14449 1016 4302 4184 3508 
14450 241 1275 4237 1564 
14451 2589 1723 2590 2591 
14452 3648 1364 4263 4288 
14453 3769 1102 2539 1886 
14454 2834 2845 2037 2846 
14455 4426 235 1853 63 
14456 1404 3543 269 4457 
14457 230 1980 4400 3567 
14458 67 1404 66 4476 
14459 2878 3194 1608 3133 
14460 1330 1332 3548 1853 
14461 1891 794 666 3041 
14462 1591 2983 1909 391 
14463 4488 4470 1400 4205 
14464 3180 3651 1516 3177 
14465 3565 1871 785 4020 
14466 912 3178 3179 3177 
14467 3238 1591 4149 2937 
14468 3824 4177 2904 1648 
14469 1633 4215 86 201 
14470 2158 3568 1414 3567 
14471 1781 1616 2866 2858 
14472 703 2559 2560 745 
14473 2691 777 2690 560 
14474 2180 1523 3509 1015 
14475 4143 3393 234 2063 
14476 3629 4275 3925 1917 
14477 690 689 4189 737 
14478 1223 2073 3009 1469 
14479 452 774 4297 1525 
14480 4460 1962 77 267 
14481 439 442 4175 443 
14482 1473 441 2189 2188 
14483 2447 689 4199 4189 
14484 899 2047 1906 3014 
14485 3920 301 302 300 
14486 2199 918 2200 2197 
14487 4039 529 3331 2698 
14488 426 3645 429 3916 
14489 3488 4225 1396 993 
14490 417 420 421 3696 
14491 414 2212 1576 2214 
14492 1349 3906 3890 3277 
14493 1294 2997 3388 2998 
14494 992 803 3045 798 
14495 2817 2821 1059 2816 
14496 3676 237 4373 3925 
14497 497 2584 2582 2583 
14498 392 4336 391 390 
14499 2482 653 1542 2483 
14500 765 2868 2803 798 
14501 1528 2226 1611 2228 
14502 697 2804 696 393 
14503 1114 1093 3754 2899 
14504 2512 766 3772 2803 
14505 766 765 2803 798 
14506 2868 2729 2803 798 
14507 1869 1690 4226 4101 
14508 3835 2227 2225 1051 
14509 3966 1001 3243 4098 
14510 3635 3638 2239 1606 
14511 1803 1085 2255 1839 
14512 2722 795 2753 2687 
14513 2867 795 1692 2753 
14514 4333 749 3709 3448 
14515 1020 1019 2258 454 
14516 2941 367 2942 2799 
14517 3299 2972 372 374 
14518 1789 1803 2254 2252 
14519 730 4159 2875 2687 
14520 2259 455 454 2261 
14521 599 4030 707 1537 
14522 3939 1691 3974 4101 
14523 3005 1622 2890 2800 
14524 1804 1207 1205 3303 
14525 351 3304 4097 349 
14526 1795 2267 825 3765 
14527 813 3337 1509 3729 
14528 1446 1957 2891 1447 
14529 3764 1709 462 460 
14530 2890 4171 2907 930 
14531 695 2284 339 2282 
14532 3557 3555 3558 927 
14533 2686 717 718 4238 
14534 1749 4316 3589 2118 
14535 2600 485 4299 4384 
14536 2908 1446 2907 2909 
14537 2380 2301 2299 325 
14538 3115 3113 4106 1048 
14539 1957 1874 2891 1447 
14540 1740 2298 2299 327 
14541 1438 1442 4483 25 
14542 3888 3655 680 2308 
14543 4242 4396 3380 308 
14544 2323 2325 3561 1188 
14545 1938 2323 1499 2319 
14546 1938 2317 1226 2318 
14547 1226 2317 2315 2318 
14548 2323 1863 1136 1499 
14549 3579 309 2328 4360 
14550 4466 1442 4483 2118 
14551 313 1578 4249 2528 
14552 827 4086 3798 2528 
14553 301 299 2340 1829 
14554 1904 2358 2353 2352 
14555 1442 1749 3589 2118 
14556 610 4019 611 2393 
14557 359 2336 1826 2339 
14558 688 3836 3705 1912 
14559 2364 2036 2368 1971 
14560 1325 1055 1477 4332 
14561 942 943 4062 4232 
14562 861 2694 1645 2745 
14563 892 2190 893 3600 
14564 4357 3769 2539 1886 
14565 3245 1905 4202 3611 
14566 1610 1767 3688 1694 
14567 2934 1767 1166 3031 
14568 2289 334 333 335 
14569 2355 2361 1873 2354 
14570 2934 1767 3031 3688 
14571 1541 3954 688 3836 
14572 602 2388 600 2404 
14573 1767 1609 3031 3688 
14574 1905 4280 4202 3611 
14575 2388 2405 600 2404 
14576 3231 3230 3232 2000 
14577 4384 3883 482 4299 
14578 2399 620 2375 4173 
14579 368 370 2942 369 
14580 1710 3780 1895 3779 
14581 2944 371 2945 2943 
14582 1311 2372 2403 3694 
14583 4280 2442 625 4202 
14584 2246 2245 382 2247 
14585 2386 626 2389 2384 
14586 1555 2546 3628 4079 
14587 1558 1561 1556 3640 
14588 3665 3915 704 3872 
14589 485 4384 482 4299 
14590 992 2868 1406 798 
14591 283 257 4263 1364 
14592 2991 3503 3440 1359 
14593 1904 2353 299 2352 
14594 972 973 4067 974 
14595 2394 3800 2437 1944 
14596 994 1314 2956 1130 
14597 994 2991 2956 1314 
14598 447 1393 3800 1944 
14599 2509 672 2412 2414 
14600 1563 3370 3744 3101 
14601 4030 1537 2538 3446 
14602 2776 829 828 2552 
14603 829 2776 828 830 
14604 3051 1742 1792 3091 
14605 2388 601 600 2406 
14606 2388 601 2362 2387 
14607 3893 1130 2956 3317 
14608 3101 3103 3102 995 
14609 3102 822 823 3617 
14610 1534 1533 4199 1139 
14611 3623 1448 3622 3247 
14612 1358 4407 3454 2445 
14613 294 2394 2396 2437 
14614 1448 4438 3622 275 
14615 3695 2529 3696 1584 
14616 1148 2996 2862 3171 
14617 2967 4209 3443 1639 
14618 2879 1869 4101 3966 
14619 3013 1170 3563 907 
14620 2927 3247 1196 2987 
14621 3140 3624 2987 1562 
14622 909 1497 762 3418 
14623 4386 1460 3421 4497 
14624 3120 758 756 1594 
14625 602 2549 2404 605 
14626 2988 1193 3140 2987 
14627 254 1765 3512 1315 
14628 3643 1739 2098 4251 
14629 1514 3422 566 3793 
14630 2524 2193 1505 3721 
14631 3384 4352 2065 3386 
14632 4358 3247 3622 2024 
14633 1126 2927 2987 2978 
14634 3533 639 3845 1878 
14635 2469 643 641 2715 
14636 1893 2534 2535 1086 
14637 2927 1126 2987 1196 
14638 969 970 2822 2849 
14639 3609 2534 2100 2747 
14640 1349 3277 654 3739 
14641 1542 2483 2486 3551 
14642 1891 3040 3042 3041 
14643 2485 657 655 658 
14644 1126 1193 2987 1196 
14645 3041 794 666 3652 
14646 3316 3533 3845 1878 
14647 2865 2864 977 2329 
14648 1547 4066 434 3352 
14649 975 2329 977 2778 
14650 3333 4349 2990 1161 
14651 2493 1965 1328 2496 
14652 330 2806 358 1595 
14653 818 571 4194 817 
14654 1655 3147 3470 3000 
14655 818 1655 3470 3000 
14656 3247 1448 3622 2024 
14657 3883 484 482 4299 
14658 940 1409 1018 3429 
14659 4052 502 4307 4255 
14660 819 2754 776 2178 
14661 2559 2557 2558 745 
14662 4223 4193 545 3837 
14663 3051 1817 3023 3052 
14664 1121 2963 1894 1843 
14665 3830 1625 3971 3264 
14666 134 4466 3595 4447 
14667 2298 327 363 2297 
14668 1625 1930 3971 3264 
14669 1930 557 4233 1634 
14670 3835 851 4330 4123 
14671 2540 2485 657 2484 
14672 1629 1734 3736 772 
14673 3477 557 2554 4233 
14674 854 1712 1597 3027 
14675 2743 2894 3027 1712 
14676 913 912 3179 1837 
14677 923 1855 921 2918 
14678 1907 923 3023 4040 
14679 1288 3158 1347 1910 
14680 3007 4129 709 3335 
14681 3170 3160 1040 3196 
14682 1416 4234 3570 2131 
14683 331 329 2294 1903 
14684 3390 1294 2997 3388 
14685 1915 3813 3077 3814 
14686 2586 492 2588 493 
14687 1706 3887 492 490 
14688 1742 3051 3922 3929 
14689 1467 3022 3922 1056 
14690 1742 1467 3922 1056 
14691 3216 1313 3963 3965 
14692 327 3806 328 2297 
14693 3633 3292 328 358 
14694 327 2298 2299 2297 
14695 3722 2058 2964 1484 
14696 265 4077 1353 1318 
14697 3359 376 3654 4395 
14698 3931 1759 3930 3985 
14699 2617 2615 2616 1747 
14700 1453 3098 4009 4029 
14701 4055 4498 3042 3044 
14702 1228 1000 3396 1229 
14703 508 510 1798 3478 
14704 4498 4055 3042 4499 
14705 1569 2543 3773 4029 
14706 2784 2897 2965 1117 
14707 1426 1453 1569 4029 
14708 2659 725 724 3908 
14709 2380 2301 325 3053 
14710 3654 4341 4395 377 
14711 4300 747 1064 728 
14712 4341 2279 4395 377 
14713 532 1635 527 2650 
14714 1214 4181 3072 3657 
14715 530 533 4134 3331 
14716 1798 2689 1645 2720 
14717 1649 2727 1793 3811 
14718 3882 483 3066 3174 
14719 3217 3964 1746 3220 
14720 1684 4363 3951 3174 
14721 2892 705 3174 3066 
14722 1199 1939 4241 3820 
14723 2818 1861 1273 3077 
14724 1861 1915 1273 3077 
14725 706 789 3732 2695 
14726 2562 569 702 2561 
14727 3986 821 3088 864 
14728 2304 2306 2308 677 
14729 1943 1838 3791 3076 
14730 4074 2721 2572 548 
14731 2663 3862 537 536 
14732 3967 3862 534 537 
14733 562 2567 2568 2566 
14734 1036 3169 4068 3159 
14735 549 547 548 2572 
14736 3160 1286 1040 3196 
14737 1720 695 4406 1619 
14738 1619 3025 4406 3856 
14739 551 2674 2669 552 
14740 573 2669 2675 552 
14741 1767 2934 1166 1802 
14742 3558 832 1147 927 
14743 4168 1264 4090 1985 
14744 4190 1715 3847 4235 
14745 749 4333 3709 732 
14746 4058 3134 2085 4090 
14747 870 2843 2847 3812 
14748 2243 386 385 3639 
14749 3709 749 732 731 
14750 436 2251 1550 2249 
14751 2085 4058 4090 4032 
14752 2251 436 2702 2249 
14753 1264 1647 2085 4090 
14754 3136 2933 2934 1802 
14755 496 3855 2712 495 
14756 1355 3666 2206 2701 
14757 1279 2805 1216 3001 
14758 995 3103 3102 823 
14759 1453 3098 3644 824 
14760 3030 2934 2701 1166 
14761 1453 824 3644 822 
14762 2642 2641 712 2640 
14763 4061 1951 1496 955 
14764 997 3103 995 823 
14765 4003 1619 4406 3856 
14766 3351 807 432 3352 
14767 4033 793 2752 4061 
14768 1139 1768 3581 3240 
14769 1534 1768 1139 3240 
14770 2746 1926 1880 1180 
14771 3288 763 3911 761 
14772 1462 1819 2433 2434 
14773 312 3018 4109 3300 
14774 1926 3524 1880 1719 
14775 290 2446 292 2444 
14776 287 2787 288 2521 
14777 1489 3128 3527 4146 
14778 994 2991 3503 2887 
14779 3239 3112 737 3578 
14780 2994 1146 894 2912 
14781 2047 1143 2530 2206 
14782 901 851 4123 933 
14783 1594 879 3119 4493 
14784 1434 1497 3123 2104 
14785 1457 2455 4120 1458 
14786 1497 3123 2104 3122 
14787 2908 3677 911 2910 
14788 3605 758 759 757 
14789 104 220 4494 4288 
14790 4504 3281 3375 3430 
14791 3745 2562 2560 569 
14792 2909 2908 911 2910 
14793 569 703 2560 745 
14794 945 4181 2965 3808 
14795 1863 2323 3561 1188 
14796 3030 884 3078 3031 
14797 3632 3151 1186 1832 
14798 1069 2901 4051 4282 
14799 915 783 916 3408 
14800 1694 3365 1609 3688 
14801 1194 1276 3372 1197 
14802 2094 3851 4315 2611 
14803 1816 1168 1953 2928 
14804 1651 1770 1059 2821 
14805 2032 4319 3342 2008 
14806 2828 1168 2827 2029 
14807 1767 1694 1609 3688 
14808 252 29 4417 1960 
14809 4014 3141 3372 1197 
14810 3637 3912 4177 387 
14811 1349 3906 1252 3890 
14812 1195 3142 3141 3140 
14813 1057 1784 1078 4381 
14814 1734 3032 3919 3736 
14815 2856 2854 1595 1843 
14816 1123 2963 1894 1121 
14817 1734 3736 3919 2692 
14818 3259 1124 1208 4095 
14819 3978 1750 3919 2692 
14820 1522 1027 4196 1122 
14821 1732 2938 2678 3941 
14822 1750 1847 3154 3034 
14823 29 4429 4417 1960 
14824 321 3910 319 3058 
14825 4044 727 4102 725 
14826 2156 2013 4436 4417 
14827 2938 4044 4102 725 
14828 3161 4102 3162 790 
14829 2013 2156 3553 4417 
14830 3884 389 1605 3635 
14831 1058 926 3353 3322 
14832 3415 3436 1631 3869 
14833 3868 4017 517 3309 
14834 2333 3664 383 2247 
14835 2872 1984 3165 2976 
14836 3437 1643 4285 1109 
14837 1256 2089 3457 2863 
14838 3165 1984 1111 2976 
14839 3517 2526 773 3804 
14840 1305 2491 1328 2494 
14841 1475 2977 3283 2976 
14842 640 3533 4204 2033 
14843 1712 1827 3028 3027 
14844 3538 648 2547 1507 
14845 1421 1420 3710 1265 
14846 3189 1827 3176 3028 
14847 1420 1421 3710 3572 
14848 2197 2199 1023 2198 
14849 4154 1385 1386 3189 
14850 1996 2894 3028 3660 
14851 1514 2738 567 787 
14852 1827 3029 3028 3027 
14853 4419 3577 146 4428 
14854 1701 2070 2583 3907 
14855 1856 4504 4087 102 
14856 3153 1847 3154 3155 
14857 2479 653 652 651 
14858 4105 3203 1919 3201 
14859 1023 1696 2195 2198 
14860 2199 2201 2200 918 
14861 3213 3956 3957 1744 
14862 3014 899 3650 3977 
14863 1696 1858 1023 2195 
14864 428 1504 1023 2198 
14865 3213 2021 3207 3209 
14866 964 3205 3207 3206 
14867 4105 1919 1703 3201 
14868 2092 3964 3220 954 
14869 1558 2010 3083 4035 
14870 4503 2092 3220 954 
14871 528 4081 1615 3075 
14872 613 2369 611 4057 
14873 2366 782 2370 2369 
14874 4503 3964 3220 2092 
14875 3964 4503 3220 4002 
14876 954 4503 3223 3220 
14877 4503 3225 1100 3223 
14878 38 4428 273 1417 
14879 4399 1946 228 88 
14880 1993 3233 3979 3261 
14881 4168 1985 4090 3237 
14882 4291 3979 1923 3982 
14883 1410 4045 4334 2129 
14884 2435 1819 2456 761 
14885 420 423 2967 437 
14886 2111 2007 1689 4287 
14887 3231 1772 2000 3232 
14888 3230 4130 2000 1821 
14889 1019 1030 3847 1715 
14890 2710 2711 495 2712 
14891 2273 1019 3847 4190 
14892 1726 485 487 2594 
14893 788 1647 3124 4032 
14894 3245 3610 1942 3611 
14895 1193 3140 2987 1562 
14896 3664 3665 704 3872 
14897 50 4489 1428 229 
14898 2084 236 3452 4439 
14899 2001 236 2123 3452 
14900 1192 3612 2978 2988 
14901 2570 549 561 550 
14902 2216 2213 2090 3737 
14903 968 3832 2819 2849 
14904 126 125 3452 4439 
14905 2479 650 652 2480 
14906 1360 271 4138 3253 
14907 4001 411 4153 413 
14908 780 4333 3812 869 
14909 1321 3253 3149 4216 
14910 3011 1624 1007 1623 
14911 749 3448 1623 4246 
14912 1321 271 1360 3253 
14913 2578 1850 500 2579 
14914 1360 1321 3253 1322 
14915 4001 4361 2536 1538 
14916 3378 1360 3253 1322 
14917 491 2589 2588 2587 
14918 1220 2831 1890 1345 
14919 3447 1624 1823 3449 
14920 2763 3775 929 2877 
14921 659 661 3038 3690 
14922 3976 3690 3050 715 
14923 788 3986 3732 4032 
14924 789 788 3732 4032 
14925 1930 1624 1625 3971 
14926 2496 2498 750 2497 
14927 720 3759 2500 2506 
14928 2270 1839 4257 1823 
14929 2444 2446 292 2437 
14930 942 862 861 2745 
14931 1106 3477 1879 1626 
14932 3986 821 3914 3088 
14933 953 3215 952 3218 
14934 3403 1888 3275 3402 
14935 962 961 963 3210 
14936 2507 3286 1532 2071 
14937 2084 19 20 4439 
14938 2084 19 4439 4458 
14939 3821 936 2717 3792 
14940 3986 573 788 3732 
14941 2053 2939 1796 1243 
14942 3085 1902 1933 410 
14943 2238 1492 976 979 
14944 980 3717 1488 982 
14945 3961 1476 2065 3386 
14946 3818 3175 1177 1933 
14947 2468 1830 2469 2467 
14948 2609 1897 1062 2605 
14949 588 591 2544 1430 
14950 3385 3384 1796 3386 
14951 595 672 593 2412 
14952 1897 2608 1722 2605 
14953 4401 3288 762 3418 
14954 2609 2608 1897 2605 
14955 4479 3588 4483 1438 
14956 3164 4093 743 684 
14957 2589 2587 1724 3900 
14958 961 3211 3210 962 
14959 3554 1003 3958 3555 
14960 3330 3387 4389 1433 
14961 1432 3453 4389 3330 
14962 3466 364 1958 1997 
14963 1113 2914 2898 2899 
14964 1718 3467 361 1719 
14965 186 4467 4450 2140 
14966 1589 1459 3146 3410 
14967 4214 2455 4120 1457 
14968 1408 255 2140 4450 
14969 1552 2927 1196 1126 
14970 2883 2898 2899 1092 
14971 4034 972 4067 974 
14972 255 4467 2140 4450 
14973 1166 1767 1609 3031 
14974 1093 2883 2899 1092 
14975 1382 2763 2877 2860 
14976 4415 117 2130 3542 
14977 4444 61 4461 1326 
14978 205 2138 90 4248 
14979 2917 2776 2775 921 
14980 3183 987 3319 3182 
14981 3646 2776 828 2552 
14982 1764 3109 3108 1054 
14983 1764 3106 3108 3107 
14984 913 3181 3179 3182 
14985 3139 422 1557 3819 
14986 3681 2238 976 979 
14987 3818 3175 4161 1177 
14988 980 1060 4385 3725 
14989 1003 3554 3958 908 
14990 3087 1162 3175 3085 
14991 912 3180 1516 3177 
14992 1162 3087 1902 3085 
14993 987 3183 913 3182 
14994 1932 4239 3841 1287 
14995 3049 1089 3166 3089 
14996 892 2190 3600 2192 
14997 2180 2182 3509 1523 
14998 99 215 4222 262 
14999 3919 1750 3034 1164 
15000 3558 832 3958 4218 
15001 2182 2465 451 2184 
15002 1288 3158 2055 3749 
15003 1139 684 4142 3581 
15004 3164 684 3581 4142 
15005 2829 939 2832 3822 
15006 4015 1248 1246 3947 
15007 1268 1270 4392 3787 
15008 1099 1968 3306 4367 
15009 4308 1132 3409 963 
15010 1432 3453 2123 4389 
15011 483 1684 3066 3174 
15012 887 3219 951 4036 
15013 763 3288 3772 2803 
15014 3211 3216 3965 960 
15015 909 3476 1406 1887 
15016 1821 3228 3870 867 
15017 2614 2615 1191 1747 
15018 1497 3123 3418 3462 
15019 4490 230 33 4472 
15020 3981 935 3889 2706 
15021 2518 2502 1812 767 
15022 2167 4325 1835 3980 
15023 940 1063 3138 878 
15024 918 2201 1105 833 
15025 898 3241 437 4075 
15026 3368 3444 1490 412 
15027 2817 1814 2818 2815 
15028 2820 2818 1273 3077 
15029 1167 1816 3135 2929 
15030 2042 1339 4219 2731 
15031 1013 2889 3137 3341 
15032 1255 2089 1256 2863 
15033 1195 1194 3141 1197 
15034 4028 431 434 432 
15035 3274 3722 1529 3275 
15036 2058 3722 3723 3275 
15037 2400 631 633 2401 
15038 1248 1247 1246 3947 
15039 101 216 3674 1366 
15040 686 565 545 3366 
15041 216 100 1367 2128 
15042 314 4037 4109 361 
15043 1225 1969 4359 2627 
15044 1225 1831 1969 2627 
15045 4148 2150 215 261 
15046 912 3178 1515 852 
15047 238 4492 97 2120 
15048 904 764 1524 2236 
15049 2225 2227 1733 1051 
15050 3302 700 4018 3297 
15051 2053 1244 1444 3163 
15052 3414 3510 401 409 
15053 2548 851 3835 4123 
15054 1969 2673 4359 2627 
15055 1969 2625 2673 2627 
15056 998 3940 4034 3990 
15057 3037 1284 3861 2913 
15058 1275 4096 973 1083 
15059 3840 475 1630 1674 
15060 2853 2006 2895 2903 
15061 1011 1006 2843 2844 
15062 2853 2925 3880 559 
15063 2006 2853 2895 1638 
15064 3418 3288 762 2869 
15065 3378 1360 3452 3253 
15066 1497 1434 3123 3462 
15067 3841 4239 3374 1287 
15068 1050 1935 3133 3415 
15069 4493 1594 1999 3121 
15070 4388 1570 2217 2220 
15071 1657 1154 4122 1721 
15072 2939 3385 1796 1243 
15073 513 1698 515 2643 
15074 2980 3420 3852 1776 
15075 654 3739 2484 2481 
15076 409 3414 2220 3415 
15077 3286 1245 3946 3704 
15078 2520 1289 2759 1012 
15079 3399 2960 1293 1546 
15080 705 2892 3174 2051 
15081 689 1533 2447 4199 
15082 4114 1454 1081 1026 
15083 3301 4273 4502 3606 
15084 3395 1753 1573 3394 
15085 2718 871 2785 3891 
15086 705 1684 3174 3066 
15087 2086 2625 2673 1969 
15088 2840 2842 3820 1199 
15089 4247 1283 3861 3450 
15090 2842 2919 3820 1199 
15091 967 3832 916 968 
15092 935 1916 3889 2706 
15093 1643 4041 883 915 
15094 397 4283 3683 396 
15095 1651 686 4085 3407 
15096 2922 3857 3295 1202 
15097 1232 1234 1235 4186 
15098 2744 1236 4262 3435 
15099 1231 1233 1232 3343 
15100 783 4303 4276 3407 
15101 3178 3029 1515 852 
15102 686 1651 783 3407 
15103 3687 1380 96 212 
15104 104 257 1364 4288 
15105 3772 796 2439 3911 
15106 758 3605 759 3122 
15107 760 4338 2456 3605 
15108 516 2652 2672 514 
15109 3885 2686 2682 1094 
15110 518 2645 517 515 
15111 2307 354 677 2305 
15112 2431 4374 3606 4502 
15113 254 2135 3450 4247 
15114 992 3046 1322 1406 
15115 4459 266 2148 4477 
15116 832 927 3958 908 
15117 1368 3483 2148 3643 
15118 3433 2017 4207 4000 
15119 161 3582 4471 2162 
15120 3582 2009 4319 4402 
15121 2452 1014 4273 4502 
15122 3120 758 3121 3122 
15123 276 2009 4319 3582 
15124 1018 2073 1469 4076 
15125 133 4466 4483 2118 
15126 1789 4286 3831 2541 
15127 3607 4019 3082 1575 
15128 774 3137 3517 3341 
15129 3137 3355 3138 878 
15130 4286 1566 3831 4341 
15131 3272 1217 2912 894 
15132 2460 1944 1392 292 
15133 114 4485 113 3512 
15134 4459 111 2148 3483 
15135 994 2991 1314 1359 
15136 246 4379 2133 4331 
15137 1365 1662 246 4331 
15138 2991 994 3503 1359 
15139 1083 1275 3451 1317 
15140 4096 1275 3451 1083 
15141 216 100 1366 101 
15142 4269 3376 1260 1017 
15143 2105 3494 4411 1663 
15144 1789 1566 3831 4286 
15145 4281 2135 3451 1317 
15146 275 4438 4420 47 
15147 2169 1962 280 4441 
15148 2135 3450 3451 1317 
15149 2031 4325 1835 2167 
15150 132 133 4483 2118 
15151 104 4500 105 4494 
15152 1133 4203 3188 4180 
15153 3476 1322 1406 1887 
15154 3378 3046 3476 1322 
15155 1665 1941 3374 3842 
15156 2163 1665 3374 3842 
15157 1827 3029 854 1515 
15158 1904 2358 2359 2809 
15159 2911 1489 3527 2994 
15160 3324 3327 1612 1865 
15161 1489 1145 3527 2994 
15162 283 3336 3485 4263 
15163 1145 1489 1146 2994 
15164 1082 3846 3566 836 
15165 1665 2163 1941 3842 
15166 653 2479 2481 2482 
15167 3403 1888 3723 3275 
15168 1662 1137 1501 3647 
15169 1543 692 3897 2060 
15170 257 104 105 4494 
15171 4426 235 2122 3549 
15172 3050 3976 1362 4024 
15173 4444 172 4230 4461 
15174 2787 287 286 285 
15175 1863 1825 3556 3562 
15176 3808 2784 1182 2750 
15177 2787 287 3495 3489 
15178 287 2787 3495 285 
15179 2696 3967 4116 538 
15180 2323 1863 2555 1136 
15181 4481 3571 1421 4463 
15182 3619 1265 2159 3710 
15183 287 3489 1501 3495 
15184 3649 1574 2539 2275 
15185 3642 2553 1412 2807 
15186 1277 1071 1069 3574 
15187 285 287 1501 3495 
15188 3458 443 3460 446 
15189 3648 4166 1364 4288 
15190 1233 3345 3344 3431 
15191 3345 1233 3343 1232 
15192 1010 1189 2781 3496 
15193 1941 2163 253 3842 
15194 2920 3008 2041 3859 
15195 1995 3406 1540 1235 
15196 4022 2322 338 357 
15197 1063 3137 878 2920 
15198 1133 4203 4180 3529 
15199 3843 1941 253 3842 
15200 2163 3843 253 3842 
15201 252 2013 4378 3553 
15202 1894 1614 710 3746 
15203 2538 1537 597 1769 
15204 3110 1768 3108 1054 
15205 2465 4203 2064 3529 
15206 995 3101 3099 3102 
15207 1749 4322 3589 4106 
15208 231 1442 4466 2118 
15209 4322 1786 4106 1749 
15210 1786 1440 1749 4322 
15211 1343 990 4180 1133 
15212 3610 1192 2926 1125 
15213 624 623 2442 2379 
15214 4137 1343 4180 3528 
15215 3626 621 4188 4491 
15216 1074 1797 1787 2870 
15217 2941 2798 2948 366 
15218 2246 2248 380 2703 
15219 3725 1060 4385 2320 
15220 386 389 3636 2527 
15221 3601 1141 2497 1581 
15222 2189 1473 2187 438 
15223 2133 1365 4331 4166 
15224 4501 3500 258 1988 
15225 246 4379 1663 4411 
15226 104 4500 4494 220 
15227 352 2941 2948 366 
15228 3455 1547 3456 1976 
15229 246 101 3674 1366 
15230 2564 772 2565 2742 
15231 4025 348 349 350 
15232 3304 351 350 349 
15233 832 3558 3958 927 
15234 3899 1673 4178 1042 
15235 257 2146 281 4221 
15236 3389 4055 4176 4499 
15237 2278 342 2280 2281 
15238 2013 252 4417 3553 
15239 1297 1330 4499 1296 
15240 2705 1673 4178 4131 
15241 1300 2345 1304 2087 
15242 1330 235 3550 1296 
15243 3550 235 1326 1296 
15244 1805 1060 2320 1833 
15245 2236 3638 1524 2239 
15246 1577 1902 1868 3086 
15247 4349 4111 1158 3361 
15248 1673 3899 4178 4131 
15249 1498 2326 2324 1956 
15250 2331 1187 3555 3556 
15251 1825 1794 4103 1053 
15252 1794 1187 1825 3556 
15253 4445 225 2112 4463 
15254 225 3571 2112 4463 
15255 4445 40 1419 225 
15256 1482 1324 3267 2079 
15257 1673 1181 4178 1042 
15258 981 978 3287 2865 
15259 5 4424 2030 1 
15260 2030 4424 108 1 
15261 3403 1888 1031 3723 
15262 1022 3032 2893 3033 
15263 1871 785 4020 1520 
15264 785 4020 853 3760 
15265 1858 1052 1342 2194 
15266 2315 950 2316 1779 
15267 2854 2856 1595 2349 
15268 2362 2361 603 1873 
15269 4089 613 614 4057 
15270 166 3583 4430 165 
15271 2999 1082 3846 3566 
15272 2861 3172 835 836 
15273 2878 1954 736 3815 
15274 950 3634 3864 797 
15275 3761 455 2554 2261 
15276 1044 346 2274 2272 
15277 2707 1156 2709 1709 
15278 925 1156 1632 2708 
15279 2260 2259 454 2261 
15280 2117 166 3583 4430 
15281 422 373 1567 2947 
15282 1567 693 1895 3779 
15283 1443 4448 2117 4430 
15284 927 1003 3958 908 
15285 4207 2161 2038 3584 
15286 1845 2651 2654 1898 
15287 3555 1003 3958 927 
15288 3134 1264 4090 4168 
15289 1585 3863 3006 3864 
15290 4418 2161 165 3583 
15291 2653 1184 1845 1185 
15292 3863 1585 4240 3864 
15293 2047 2933 3014 899 
15294 1580 899 3977 721 
15295 81 2111 195 82 
15296 3956 4031 3955 1744 
15297 3360 1688 1689 3938 
15298 1105 1269 3594 2200 
15299 2584 497 558 2583 
15300 870 1660 2841 2843 
15301 3813 1272 1953 1273 
15302 2611 2612 2610 1290 
15303 2023 3907 2671 4292 
15304 1701 2581 1889 2671 
15305 4338 1806 2431 4502 
15306 3884 389 390 1605 
15307 1497 758 759 3122 
15308 2245 2243 385 3639 
15309 2581 1701 3907 2671 
15310 4027 901 933 957 
15311 2626 1831 2624 1708 
15312 480 496 3855 3068 
15313 4338 2431 3606 4502 
15314 686 1651 4085 1650 
15315 2023 1701 1889 2671 
15316 1028 2846 3809 1345 
15317 2003 650 2478 667 
15318 1701 2023 3907 2671 
15319 904 2237 2236 2238 
15320 3047 701 3969 4018 
15321 3593 3434 3432 1237 
15322 947 1308 946 2363 
15323 170 4484 2142 4480 
15324 1308 1173 946 2363 
15325 505 3167 3071 3173 
15326 136 4429 135 2144 
15327 959 946 2365 2794 
15328 1698 1775 2632 1841 
15329 2293 332 2349 330 
15330 527 2650 3896 525 
15331 1649 2727 3811 2725 
15332 946 1173 2365 2363 
15333 701 3047 3969 3809 
15334 3367 2018 4317 4128 
15335 2681 716 1664 2682 
15336 2645 2666 517 515 
15337 519 4017 520 517 
15338 3868 3909 519 4017 
15339 3538 2482 692 3897 
15340 1484 2773 649 1989 
15341 2534 1893 2486 3551 
15342 2916 1115 1125 1116 
15343 4236 1896 623 2442 
15344 3245 3610 1125 1942 
15345 1221 2916 1125 3245 
15346 392 1591 2983 4149 
15347 697 2234 2804 3638 
15348 2234 2235 2236 764 
15349 4055 4176 4499 4498 
15350 1095 3212 1725 1791 
15351 1893 1542 3551 1543 
15352 3905 1099 1791 1095 
15353 3901 4162 1725 3212 
15354 1724 558 1791 3903 
15355 2237 904 2236 2235 
15356 1806 1785 4502 1535 
15357 3912 2333 3665 1582 
15358 780 3873 732 781 
15359 436 3664 704 2702 
15360 716 1094 1664 2682 
15361 1492 904 2236 2238 
15362 1542 2482 2483 3551 
15363 3579 309 4242 2328 
15364 1997 3381 2044 1285 
15365 2938 4044 725 3908 
15366 2328 309 4242 3923 
15367 3466 364 3379 4396 
15368 1756 4038 3989 3945 
15369 1044 1836 1102 2272 
15370 2728 1759 1851 3930 
15371 876 887 886 3934 
15372 3891 3865 1675 3999 
15373 2669 706 3732 2665 
15374 3312 1751 4042 4048 
15375 736 700 3297 3969 
15376 1191 2612 1290 2613 
15377 3942 2609 1062 2605 
15378 1387 1827 3189 3028 
15379 1827 1712 3028 1996 
15380 1190 3943 891 2613 
15381 474 473 2607 1722 
15382 1827 1387 1996 3028 
15383 3205 1097 3207 3957 
15384 2894 1712 3028 3027 
15385 1387 3189 3660 3028 
15386 285 3484 3495 3485 
15387 2669 551 2665 2668 
15388 1671 727 3999 3881 
15389 849 2740 2739 2741 
15390 4074 549 548 2572 
15391 3442 4309 4266 248 
15392 2570 4074 550 4100 
15393 3048 821 1150 941 
15394 3049 2985 3671 1590 
15395 4239 2113 1932 3841 
15396 854 1597 3924 3027 
15397 3219 3222 951 4036 
15398 712 723 3881 2640 
15399 1756 4038 3935 3989 
15400 4000 4435 2132 251 
15401 56 4448 1443 4430 
15402 1445 4418 4430 3583 
15403 1424 52 53 4453 
15404 4272 3653 1974 3671 
15405 397 1607 700 3302 
15406 3653 2985 1974 3671 
15407 2229 3682 396 3683 
15408 4011 3807 1587 3090 
15409 3057 4126 3269 575 
15410 1611 2229 3682 396 
15411 3162 727 3999 1675 
15412 3909 519 522 1683 
15413 1720 1574 2539 3649 
15414 700 736 701 3969 
15415 4250 4495 223 3980 
15416 2322 3747 1614 357 
15417 2201 918 1105 2200 
15418 2201 1105 3594 2200 
15419 3446 2538 4095 1208 
15420 3747 2322 3748 357 
15421 3712 1269 3693 2200 
15422 650 648 2475 2477 
15423 648 2476 2475 2477 
15424 1737 2637 724 2638 
15425 223 224 3980 1835 
15426 224 4325 3980 1835 
15427 2648 1671 3999 3881 
15428 1649 521 2935 520 
15429 857 3161 2786 2785 
15430 945 4391 4053 2965 
15431 3286 2507 1532 3735 
15432 1398 4382 1384 1862 
15433 3286 3704 3735 1532 
15434 1295 1297 4499 1296 
15435 4055 3389 4024 4499 
15436 1952 2472 1282 2473 
15437 1952 2471 2472 2473 
15438 1076 2882 1186 2880 
15439 3777 4028 435 434 
15440 378 1577 4059 3359 
15441 1902 3084 3085 3086 
15442 3348 430 3997 3349 
15443 3087 1902 3085 3086 
15444 265 90 1881 4248 
15445 1910 3158 1347 3155 
15446 3257 3258 3259 1204 
15447 1453 3098 4029 3644 
15448 1847 1164 1318 3034 
15449 1949 3459 2863 4144 
15450 3033 1164 3034 1318 
15451 703 2559 2563 2561 
15452 2559 703 2560 2561 
15453 220 221 4268 4494 
15454 1402 2124 239 1403 
15455 3404 1352 3152 1318 
15456 3393 1352 3152 3404 
15457 2432 2433 4497 2431 
15458 1643 4041 3437 3738 
15459 682 2216 2090 1571 
15460 2089 1256 3457 1466 
15461 1759 876 3930 3985 
15462 4261 1399 2154 3518 
15463 2658 876 3934 3985 
15464 653 2479 652 2481 
15465 4140 1207 1804 3303 
15466 3538 692 1507 3897 
15467 3730 1280 3728 4056 
15468 876 887 3934 3985 
15469 414 408 2704 2214 
15470 2498 1530 2499 2500 
15471 3215 3217 952 3218 
15472 719 3972 3998 2506 
15473 720 2502 2500 3759 
15474 1665 1707 3374 1941 
15475 1157 3731 4309 4147 
15476 2952 1783 3445 3035 
15477 1530 720 2500 2506 
15478 764 698 2233 778 
15479 4102 2938 1732 3941 
15480 2419 588 1430 586 
15481 764 778 2233 2327 
15482 1506 4170 3371 4312 
15483 3615 690 4326 4254 
15484 958 2982 3405 3371 
15485 802 2732 2418 589 
15486 441 826 435 2191 
15487 2212 414 2704 2214 
15488 1401 4127 1493 3426 
15489 4320 249 1436 1441 
15490 1999 1435 3781 3121 
15491 1435 3329 3781 3121 
15492 1431 3387 4321 1436 
15493 643 642 641 2715 
15494 2697 873 3792 2717 
15495 3324 1875 1865 1612 
15496 3272 1508 3520 1826 
15497 936 873 2717 3792 
15498 475 3840 3952 3949 
15499 2149 106 4495 260 
15500 3840 475 3952 4413 
15501 2699 425 424 421 
15502 1976 1256 2759 1289 
15503 4209 437 1639 2967 
15504 2988 1192 1194 1193 
15505 3368 3444 416 1490 
15506 1577 3084 376 410 
15507 2025 4014 1540 2519 
15508 1976 807 1289 2759 
15509 4192 815 2390 2386 
15510 683 1338 1864 4220 
15511 4115 2025 1540 2519 
15512 1913 4278 3918 4105 
15513 2163 1665 3841 3374 
15514 4014 4115 1540 2519 
15515 3455 807 1976 2759 
15516 1313 1745 1746 3963 
15517 1276 3803 3372 2519 
15518 1816 1915 544 3814 
15519 1816 2928 3814 3135 
15520 3252 486 1716 1669 
15521 1167 3252 1716 1669 
15522 672 2509 1522 1521 
15523 1753 920 1573 3394 
15524 3785 539 553 2676 
15525 2684 2769 553 2676 
15526 1786 4322 4106 3115 
15527 1917 1471 237 3925 
15528 2757 2886 2885 885 
15529 1375 1471 4373 237 
15530 2017 1244 4207 2038 
15531 1971 688 1549 3705 
15532 1220 2029 2827 1337 
15533 2366 2036 2368 2364 
15534 736 700 1608 3297 
15535 3252 1716 3135 2929 
15536 3216 1313 1746 3963 
15537 1564 1118 971 3003 
15538 3236 1258 2172 1010 
15539 3678 1541 603 2361 
15540 2991 994 2956 2887 
15541 1745 3964 1746 3963 
15542 213 2127 4492 3676 
15543 1808 2443 4113 3628 
15544 351 353 3858 449 
15545 351 3150 352 1593 
15546 1303 2347 2354 2348 
15547 4143 1728 2063 234 
15548 2465 2182 451 1666 
15549 3964 3216 1746 3963 
15550 2356 1303 2354 2348 
15551 263 95 96 4295 
15552 80 194 2110 226 
15553 2259 2260 454 2258 
15554 1019 2273 3847 2258 
15555 3918 1913 278 1702 
15556 1572 1030 1715 4235 
15557 1341 4410 3564 2088 
15558 1233 3345 3343 3344 
15559 1760 3973 245 3974 
15560 449 351 1593 4145 
15561 4418 164 165 2161 
15562 351 4097 4145 3858 
15563 901 4027 933 4123 
15564 3961 4352 3386 2065 
15565 4027 3296 933 4123 
15566 3858 351 449 4145 
15567 2799 1495 2943 3663 
15568 1805 2320 2242 2244 
15569 1935 1608 3133 2824 
15570 1085 2256 2541 2254 
15571 1935 2824 3133 3869 
15572 4179 4352 2117 1444 
15573 1691 1760 245 3974 
15574 4448 3961 2117 167 
15575 969 967 968 2849 
15576 1245 1247 1532 3286 
15577 56 232 1443 4448 
15578 3436 967 2849 3987 
15579 3931 1759 2728 3930 
15580 2174 2172 1010 3496 
15581 4349 981 2990 1161 
15582 2471 645 3530 2474 
15583 2172 3236 1010 3496 
15584 2598 2597 1727 2599 
15585 2174 1010 2781 3496 
15586 1993 2145 1760 3974 
15587 1993 3261 3979 3974 
15588 3162 791 1675 3891 
15589 887 876 1759 3985 
15590 1539 1805 385 2244 
15591 3715 1488 1868 4252 
15592 634 2402 2441 2731 
15593 694 3923 3782 307 
15594 3931 887 1759 3985 
15595 648 649 2547 1507 
15596 961 953 1788 3214 
15597 953 3992 1788 3214 
15598 2135 114 3512 4468 
15599 3409 1132 2667 3902 
15600 994 931 2888 2887 
15601 1132 3902 1788 1945 
15602 4405 557 457 1634 
15603 2593 554 1945 2591 
15604 3797 3289 2800 300 
15605 3902 2728 1788 1851 
15606 1391 3940 1392 3826 
15607 2751 1390 691 1320 
15608 3902 2593 1945 2591 
15609 4418 1445 54 4435 
15610 2015 3433 1425 1757 
15611 2773 2982 3996 1483 
15612 3821 936 2954 2792 
15613 1507 3538 3897 3020 
15614 1442 26 4483 25 
15615 984 936 2733 2792 
15616 1046 1047 1054 3110 
15617 2333 3912 384 1582 
15618 2333 3665 1582 383 
15619 177 3543 4476 4457 
15620 1597 854 3924 784 
15621 120 121 4469 4343 
15622 1822 18 4458 4475 
15623 3475 4344 4006 1403 
15624 1402 15 4469 270 
15625 4422 236 20 4439 
15626 16 15 4469 1402 
15627 648 2476 2477 2547 
15628 2564 2562 702 2561 
15629 2049 1960 4447 28 
15630 132 3588 2118 4483 
15631 3587 249 4310 1439 
15632 3077 1915 3814 4007 
15633 3580 155 4427 4420 
15634 1706 1915 3077 4007 
15635 4456 243 36 1415 
15636 1233 3345 2015 1234 
15637 161 4489 160 2162 
15638 544 4063 3814 4007 
15639 2603 3887 490 2588 
15640 169 3590 4484 168 
15641 3945 1756 1774 3989 
15642 2166 4495 4078 223 
15643 1240 1242 2902 1241 
15644 4082 1244 1239 1241 
15645 2053 3384 2939 3163 
15646 106 105 4494 281 
15647 3370 1563 1165 3101 
15648 2417 591 3776 2544 
15649 298 2367 2381 2395 
15650 3385 1246 1249 1796 
15651 301 3920 2340 3797 
15652 1245 1247 3286 3946 
15653 1915 544 3814 4007 
15654 2111 82 2007 196 
15655 1097 964 3207 2021 
15656 3205 964 3207 1097 
15657 1915 1706 544 4007 
15658 1171 2630 2626 4013 
15659 4339 4504 3375 4087 
15660 936 3821 2733 2792 
15661 3876 3877 512 3968 
15662 3400 1685 1219 1672 
15663 3968 2631 938 2643 
15664 2037 2845 1268 2884 
15665 1690 1688 3938 1689 
15666 3876 513 2643 3968 
15667 3462 3453 3476 1887 
15668 766 2512 1658 1491 
15669 2868 765 1406 798 
15670 1924 4503 2 1923 
15671 3225 1100 3982 3377 
15672 3099 824 3102 3644 
15673 3227 3225 1100 3982 
15674 3233 1101 3979 3231 
15675 348 1596 350 3305 
15676 1426 3773 592 2448 
15677 1101 3233 3979 1993 
15678 972 3004 3677 4034 
15679 2611 2094 473 4315 
15680 1112 1190 3943 891 
15681 3849 466 4125 468 
15682 489 2592 2590 2591 
15683 3249 863 3250 2921 
15684 2609 1190 2610 3944 
15685 469 3880 471 4164 
15686 2658 874 2599 3933 
15687 3252 4049 4197 1669 
15688 3943 1190 3944 2613 
15689 763 766 765 2803 
15690 210 95 211 2152 
15691 2721 547 3837 2574 
15692 972 998 3677 1911 
15693 1707 3197 1040 3196 
15694 766 763 3772 2803 
15695 222 221 4494 4501 
15696 2732 802 4328 1025 
15697 2430 2431 4497 1461 
15698 2430 2432 4497 2431 
15699 3587 131 130 4479 
15700 249 4462 24 4479 
15701 4479 1438 4483 25 
15702 2536 407 1538 405 
15703 1453 3098 1029 1741 
15704 3172 3846 413 836 
15705 406 3758 405 407 
15706 909 1497 3418 3462 
15707 1591 1028 3047 699 
15708 170 4072 171 4480 
15709 2158 3569 272 3734 
15710 1415 4456 272 35 
15711 230 4400 2115 3567 
15712 3596 4429 4447 1960 
15713 2543 1569 4009 4029 
15714 3620 1423 4464 3618 
15715 1093 1113 2899 1114 
15716 3620 153 4464 4446 
15717 3620 244 3621 2126 
15718 3620 3618 4464 152 
15719 562 2568 4100 2772 
15720 3623 2116 1449 3624 
15721 1569 1453 4009 4029 
15722 2014 3623 1449 3624 
15723 2014 3623 1448 1449 
15724 3468 4478 4486 1381 
15725 3423 2125 1405 240 
15726 73 4432 1408 1410 
15727 544 1706 490 4007 
15728 1610 4060 563 4100 
15729 899 1580 3977 3014 
15730 761 4401 4023 2456 
15731 4478 76 267 77 
15732 1223 1852 2004 3828 
15733 2526 1429 4076 4329 
15734 761 760 2456 759 
15735 2168 279 3483 4442 
15736 1416 1907 3570 4040 
15737 2147 4478 3468 267 
15738 4234 1416 3570 4040 
15739 1946 1288 2055 3749 
15740 3029 854 3924 3027 
15741 3843 3268 1941 3842 
15742 87 3469 277 1633 
15743 4023 761 2456 759 
15744 3004 3003 971 2910 
15745 263 96 1375 2151 
15746 1385 1387 1386 3189 
15747 3734 3569 1807 3570 
15748 3411 263 4295 1378 
15749 3483 4459 110 4442 
15750 4096 1083 3308 4067 
15751 2169 1936 2170 3504 
15752 1962 2147 4460 2169 
15753 2446 290 2461 2444 
15754 2130 4415 241 3518 
15755 3004 3003 3265 971 
15756 910 971 2910 911 
15757 813 863 812 4208 
15758 3004 972 4067 4034 
15759 3120 758 1594 3121 
15760 3781 3329 1441 4320 
15761 1786 3117 879 1927 
15762 3022 923 2918 3023 
15763 2812 1717 1072 2811 
15764 4234 243 2131 1416 
15765 1423 3620 244 2072 
15766 2072 3620 244 3621 
15767 3513 1398 3860 242 
15768 1207 4088 4084 3303 
15769 155 3580 4427 154 
15770 1445 4000 4418 2161 
15771 225 1277 1419 3573 
15772 1954 2824 1175 2825 
15773 3433 2015 3432 1757 
15774 1206 1209 4084 1207 
15775 3286 1247 1532 2071 
15776 807 3455 1547 3352 
15777 1564 973 3265 971 
15778 1547 4066 3352 3456 
15779 431 3997 4028 2524 
15780 3423 3425 1603 3424 
15781 3997 429 3721 1505 
15782 3003 1564 3265 971 
15783 1272 1954 1175 2825 
15784 4206 1418 1069 4051 
15785 255 4467 75 1381 
15786 4206 3576 1418 4051 
15787 4078 2030 4318 108 
15788 226 1743 3955 1744 
15789 82 2111 195 196 
15790 1418 1277 1069 4051 
15791 3576 1419 3573 3575 
15792 3095 1088 3684 4062 
15793 3095 862 1088 4062 
15794 1387 3697 1385 3661 
15795 1652 3499 1988 258 
15796 1390 3486 286 806 
15797 782 2369 2371 2370 
15798 1809 2372 2371 2373 
15799 617 1809 2371 2373 
15800 1882 3358 1813 1087 
15801 862 2874 2745 4062 
15802 1563 3744 1165 1990 
15803 617 2373 2371 4089 
15804 3092 1079 3757 3100 
15805 3110 1768 3240 3108 
15806 563 562 4100 2772 
15807 4074 2570 550 549 
15808 862 861 2745 2874 
15809 296 297 295 2382 
15810 2865 2989 2990 1485 
15811 1564 241 3412 4237 
15812 1388 1363 3506 2093 
15813 3412 1564 4237 3265 
15814 1157 3731 3166 1089 
15815 3412 1118 3003 3742 
15816 1272 2826 1337 2825 
15817 639 3533 3845 4372 
15818 997 1165 3762 1274 
15819 4141 3109 1087 3597 
15820 1878 3316 2989 3845 
15821 997 1407 3105 3104 
15822 4372 1339 4219 3845 
15823 1827 3189 3176 1386 
15824 3687 211 212 96 
15825 4481 274 4482 42 
15826 505 3167 3173 3427 
15827 1954 1272 1337 2825 
15828 503 3167 3479 3168 
15829 1490 1639 416 3443 
15830 621 618 1832 4119 
15831 359 1479 2338 303 
15832 3805 3444 415 4073 
15833 3336 283 3485 284 
15834 298 2367 2395 2800 
15835 1130 3893 2957 1961 
15836 914 956 2833 3771 
15837 1077 2881 1092 1076 
15838 3550 1326 4354 1296 
15839 1797 2870 3630 619 
15840 3323 3643 2098 4251 
15841 2336 1479 2332 2337 
15842 310 312 311 3300 
15843 2337 694 3782 305 
15844 1209 4088 4084 1207 
15845 612 1575 619 3082 
15846 1207 1206 1205 3303 
15847 321 324 3055 1598 
15848 4386 2463 1463 4497 
15849 664 2457 1978 629 
15850 4360 309 2328 311 
15851 332 334 3753 710 
15852 1013 1525 1949 4144 
15853 1088 3684 1216 1278 
15854 2889 1013 4144 3341 
15855 2289 2290 333 2291 
15856 1525 1013 3341 4144 
15857 3730 1998 4022 340 
15858 4390 1525 3341 4144 
15859 3642 1412 608 3294 
15860 1280 3728 2043 1967 
15861 1280 3730 1967 1998 
15862 2257 2259 1020 2258 
15863 2944 370 3668 371 
15864 2262 450 2263 2261 
15865 628 2391 630 2390 
15866 3388 3550 4354 1296 
15867 1864 1159 3361 1158 
15868 2271 2545 2274 347 
15869 629 628 627 2389 
15870 2043 1300 2087 2343 
15871 604 606 2549 605 
15872 4220 683 4224 1864 
15873 1338 1864 3361 1158 
15874 1177 3175 4161 1975 
15875 95 210 4296 94 
15876 3819 1557 4079 4035 
15877 917 777 1777 2782 
15878 1567 371 693 2945 
15879 914 3834 779 3771 
15880 1137 3648 283 3485 
15881 2974 375 2973 2972 
15882 2884 391 1648 1909 
15883 1839 2270 866 1823 
15884 1048 1749 1477 4106 
15885 2831 2834 956 1345 
15886 1481 3719 2232 4330 
15887 4166 219 1364 4288 
15888 2996 1148 1490 3171 
15889 1528 843 1051 2227 
15890 2999 3719 3720 1840 
15891 403 400 1568 2222 
15892 3659 4143 2063 3393 
15893 2548 851 1051 3835 
15894 3148 1048 1477 4106 
15895 3113 3148 4106 1048 
15896 3758 4001 2536 407 
15897 406 2218 404 405 
15898 472 2094 1979 4414 
15899 420 1639 3443 416 
15900 4316 1749 4106 1477 
15901 417 415 416 4073 
15902 3444 412 416 1490 
15903 425 2529 2202 1584 
15904 3148 4316 4106 1477 
15905 3541 1394 2764 4117 
15906 2721 546 547 548 
15907 440 3005 1697 1395 
15908 3005 3290 1395 440 
15909 2933 2047 1802 899 
15910 1866 668 1859 4491 
15911 2188 1473 893 2059 
15912 4137 4091 1848 2101 
15913 1525 4245 445 446 
15914 1289 1256 2759 1012 
15915 2762 2520 4274 1012 
15916 2256 1020 3847 2258 
15917 3971 3477 1879 3449 
15918 450 455 456 2261 
15919 1621 2545 4054 3827 
15920 1697 3005 4117 1395 
15921 1046 1534 737 3578 
15922 3318 1977 2940 3264 
15923 714 2905 2748 464 
15924 3108 1768 3240 3581 
15925 3611 664 4365 1942 
15926 2614 4069 1857 2660 
15927 753 2617 2618 1747 
15928 868 755 3960 867 
15929 3227 1101 3231 3982 
15930 1192 3610 1934 1942 
15931 159 4489 4210 160 
15932 3420 1844 4069 1677 
15933 483 705 501 3066 
15934 1942 3610 1934 4365 
15935 527 3896 3991 526 
15936 3211 962 3209 3210 
15937 2034 1132 1945 2667 
15938 3699 1057 3353 4381 
15939 483 3882 482 478 
15940 4503 3964 3962 4002 
15941 4 4503 3962 4002 
15942 1781 1182 2076 2858 
15943 2820 970 1273 1661 
15944 466 3849 3848 467 
15945 1676 472 1677 4050 
15946 741 738 3116 1503 
15947 2936 841 842 2788 
15948 3684 3392 1216 3001 
15949 3942 1062 2602 2605 
15950 3879 2641 2639 522 
15951 532 2647 2650 525 
15952 3288 765 2869 2803 
15953 3810 1110 3283 1111 
15954 2688 1883 3885 1094 
15955 3095 862 2874 1653 
15956 1984 2872 3165 1679 
15957 4187 716 2672 2686 
15958 2653 1184 1799 1845 
15959 690 739 4254 1527 
15960 765 2868 1406 2869 
15961 1184 3865 2716 2653 
15962 2427 1517 2425 1527 
15963 522 2641 712 523 
15964 689 1534 4189 737 
15965 840 3136 1802 2933 
15966 2769 1147 4340 1565 
15967 1583 4129 533 3332 
15968 3239 737 4189 3578 
15969 583 2425 685 2423 
15970 2424 2422 2423 583 
15971 3558 832 4218 4340 
15972 585 2447 2423 685 
15973 3862 536 534 537 
15974 2721 546 4150 4193 
15975 2721 547 2572 548 
15976 3365 546 4150 1694 
15977 739 2452 3613 4326 
15978 1610 4074 550 548 
15979 529 1635 1636 3866 
15980 546 3365 4150 4193 
15981 2521 3489 2522 289 
15982 909 765 1406 2869 
15983 4157 458 459 457 
15984 3422 1145 1514 770 
15985 552 2677 555 553 
15986 2710 2713 4307 570 
15987 3967 1583 4265 4116 
15988 762 3288 765 2869 
15989 502 1657 4255 4152 
15990 1154 1657 4122 841 
15991 2949 1657 4255 571 
15992 2510 2746 1180 2766 
15993 2774 804 3713 803 
15994 909 762 765 2869 
15995 1537 2538 1208 1769 
15996 1488 1833 1868 4252 
15997 3715 3717 1488 4252 
15998 2419 588 2418 2417 
15999 2419 587 2418 588 
16000 2509 672 3604 2412 
16001 1407 3164 743 844 
16002 3610 3611 4365 1942 
16003 609 3994 608 4026 
16004 3678 2361 603 2387 
16005 3678 1541 607 604 
16006 609 607 3954 688 
16007 606 3293 607 604 
16008 783 4303 3080 4276 
16009 1655 934 3470 3471 
16010 3079 686 740 4276 
16011 758 3120 756 757 
16012 1442 3588 2118 3589 
16013 2413 2415 592 2448 
16014 3301 3120 3605 757 
16015 1569 2543 594 3773 
16016 1855 4234 4040 1416 
16017 1453 1569 4009 1741 
16018 2158 3568 1920 1414 
16019 3098 4009 3091 1741 
16020 1760 3973 80 245 
16021 2241 1152 2242 1780 
16022 3668 370 372 371 
16023 3120 758 3605 757 
16024 1690 3959 4226 3938 
16025 1115 1866 3627 1221 
16026 571 3472 4255 4194 
16027 571 3472 4307 4255 
16028 2458 2466 1254 2109 
16029 4080 238 2120 4298 
16030 2441 635 2450 2440 
16031 638 3532 3534 2451 
16032 4492 1371 3516 4298 
16033 4492 238 1371 4298 
16034 2864 1486 1485 977 
16035 1159 3263 3262 3361 
16036 3516 1371 4080 4298 
16037 1371 238 4080 4298 
16038 901 851 845 3405 
16039 2540 659 3608 3690 
16040 664 4279 3611 4365 
16041 3390 3796 1293 1870 
16042 3906 1346 1349 1252 
16043 1243 3385 1796 1246 
16044 1820 715 1362 3050 
16045 1965 662 669 3702 
16046 4212 1090 1736 1985 
16047 204 90 248 4266 
16048 3535 180 4205 4470 
16049 1404 67 240 4476 
16050 1404 4476 240 2125 
16051 3535 4470 4205 1400 
16052 296 1874 2381 3552 
16053 3425 3535 4205 1400 
16054 1999 1435 1441 3781 
16055 4320 3329 1441 1433 
16056 3538 648 1507 651 
16057 1662 4379 246 4331 
16058 3538 692 651 1507 
16059 2479 653 651 2482 
16060 4363 3882 478 4227 
16061 2482 653 651 692 
16062 560 2691 567 3793 
16063 2446 2460 2062 292 
16064 1613 2054 2330 2335 
16065 3492 3491 3493 1502 
16066 3189 4154 3176 1386 
16067 3486 286 806 284 
16068 734 3340 3892 4065 
16069 734 2644 4065 3892 
16070 3071 3069 1681 3892 
16071 189 188 3468 4486 
16072 1682 3068 3069 504 
16073 791 3161 3162 790 
16074 4102 3161 4163 790 
16075 4159 3439 4300 747 
16076 747 3439 1064 1842 
16077 4159 747 4300 728 
16078 521 524 2723 523 
16079 1501 1662 3493 1502 
16080 2037 1028 1345 2846 
16081 2826 1168 1337 2827 
16082 3665 3912 1582 3913 
16083 4478 189 3468 4486 
16084 2827 1337 2825 3815 
16085 2686 3885 4293 718 
16086 730 4159 748 2875 
16087 2625 2086 1831 1969 
16088 1071 4342 1070 4282 
16089 2730 1319 3921 4130 
16090 1440 1442 3588 1438 
16091 1786 1440 4322 4493 
16092 2686 718 4293 4238 
16093 3117 1786 879 1503 
16094 1786 3117 1927 4493 
16095 2628 3968 938 4013 
16096 1622 2395 2890 2800 
16097 2312 2311 1045 2313 
16098 1171 2628 938 4013 
16099 1267 2837 2835 1127 
16100 3915 1640 732 781 
16101 3948 474 471 473 
16102 3010 869 1623 1007 
16103 2983 2884 1909 391 
16104 3223 954 3221 1307 
16105 1732 1731 790 4163 
16106 4187 717 2686 4238 
16107 3741 917 2782 2737 
16108 4187 3810 717 4238 
16109 1460 1458 4497 1461 
16110 727 4044 4102 3162 
16111 313 827 1578 2528 
16112 4184 3509 4260 1015 
16113 3794 3285 1348 1183 
16114 1027 3362 1080 1026 
16115 2424 2422 581 3487 
16116 4253 1027 1025 1026 
16117 1374 3890 2998 4024 
16118 1874 447 1957 3552 
16119 4375 1487 2778 3402 
16120 881 1047 3113 1048 
16121 3324 3323 1875 2951 
16122 1046 3112 3110 3578 
16123 3403 3756 1031 2778 
16124 1806 2431 1785 1461 
16125 4490 230 4472 3567 
16126 3103 3104 3102 823 
16127 1490 3368 1639 3443 
16128 837 2861 2996 835 
16129 1401 4127 4271 1862 
16130 2463 1718 3467 3410 
16131 411 4001 407 413 
16132 3566 2861 2755 836 
16133 313 312 314 4109 
16134 1310 959 1309 3707 
16135 1149 3670 2074 3278 
16136 727 4102 790 3162 
16137 1460 1718 4386 3410 
16138 4228 3161 2786 857 
16139 868 4160 3960 2657 
16140 2971 1687 3192 3193 
16141 1295 1374 4024 1362 
16142 3161 1731 4163 790 
16143 4160 3943 2657 891 
16144 4082 3021 2902 1241 
16145 1072 1717 1070 2811 
16146 3222 3989 1774 4353 
16147 4342 1072 1070 2811 
16148 3401 4408 2077 1219 
16149 1432 1431 1433 4389 
16150 2785 857 858 2786 
16151 3024 1783 1227 1714 
16152 1069 1068 4282 1070 
16153 365 4407 1358 1955 
16154 4258 2139 1672 3465 
16155 359 301 303 2338 
16156 1829 1218 2352 2066 
16157 1460 4386 3421 3410 
16158 1068 1069 4282 2901 
16159 4151 4437 4419 145 
16160 2157 4151 4419 145 
16161 1327 1110 4293 718 
16162 1110 3321 4293 4238 
16163 1110 1327 4293 3321 
16164 1952 3704 1282 1532 
16165 2630 4304 1700 4167 
16166 2232 1481 1782 1763 
16167 2218 3758 405 406 
16168 958 2982 1484 1483 
16169 4495 107 259 1834 
16170 1973 2108 3190 1372 
16171 824 3098 3099 1029 
16172 56 1443 55 4430 
16173 923 830 2918 921 
16174 4304 512 4013 1700 
16175 2713 925 934 817 
16176 1619 3673 3025 3856 
16177 1653 906 2979 4337 
16178 934 2713 3470 3471 
16179 2031 4423 4441 79 
16180 934 1655 3470 817 
16181 1586 3656 949 679 
16182 4304 2630 1700 4013 
16183 512 1171 4013 1700 
16184 2628 1171 2626 4013 
16185 4181 945 4391 1586 
16186 1984 2872 1679 1793 
16187 797 1585 3006 3864 
16188 3913 1270 4392 4177 
16189 938 3968 512 4013 
16190 2878 736 3297 3815 
16191 1374 1295 4024 2998 
16192 3277 654 2484 657 
16193 1651 3125 2821 3407 
16194 4041 915 3437 3987 
16195 268 70 4452 69 
16196 3948 3949 4164 471 
16197 3125 1651 2821 1770 
16198 470 469 471 4164 
16199 697 1605 1524 3638 
16200 2158 142 4490 4474 
16201 2384 4280 2442 625 
16202 230 4490 1414 3567 
16203 2458 2466 2109 2459 
16204 4125 466 3848 4376 
16205 3515 3516 4222 262 
16206 2950 2780 2913 1389 
16207 7 266 4477 8 
16208 3360 3733 4287 1686 
16209 1283 4247 3861 1315 
16210 1739 1368 2148 3643 
16211 4459 7 266 4477 
16212 1695 2103 4496 259 
16213 741 3613 3116 3614 
16214 3010 3448 1623 869 
16215 870 1660 2843 2873 
16216 2166 4198 4185 4496 
16217 4077 265 4248 3404 
16218 1035 1033 1037 3156 
16219 4185 2166 4496 1834 
16220 1284 2950 2913 1389 
16221 1552 1116 1213 2924 
16222 4016 1913 278 3918 
16223 2138 4077 3750 1353 
16224 3686 3095 4337 1877 
16225 1035 1038 3159 1347 
16226 4309 1900 4266 248 
16227 1479 2337 303 305 
16228 1602 2265 825 2266 
16229 1443 1445 55 4430 
16230 1720 4357 2539 1886 
16231 4357 1921 934 1886 
16232 3569 142 4474 143 
16233 1418 3576 3927 273 
16234 2157 4151 1417 4419 
16235 1877 3095 4337 1653 
16236 906 1877 4337 1653 
16237 906 1653 2979 842 
16238 4457 65 269 66 
16239 4488 2125 4205 240 
16240 3799 1552 1213 2924 
16241 510 2683 1664 1824 
16242 3686 3095 1298 3685 
16243 1357 2035 4348 4211 
16244 953 3931 1788 3992 
16245 3409 3992 1788 3902 
16246 1213 1114 3754 3298 
16247 3582 162 4453 2132 
16248 874 481 1727 2599 
16249 2035 2522 3507 4211 
16250 2688 3885 2682 1094 
16251 2681 2683 2682 1664 
16252 716 4187 516 717 
16253 1225 2628 1171 2627 
16254 3259 3303 3446 1205 
16255 2992 466 4125 4376 
16256 1124 3257 3259 1204 
16257 2972 3299 372 2946 
16258 3594 3712 1906 3014 
16259 4476 1404 66 4457 
16260 1699 419 415 2208 
16261 2207 1948 2206 2205 
16262 373 2972 372 2946 
16263 3079 4276 740 3080 
16264 2146 257 4494 4288 
16265 918 2197 1023 2005 
16266 4495 2166 222 223 
16267 3048 3706 1150 3914 
16268 3810 1110 4238 3283 
16269 4052 3898 503 3168 
16270 942 861 1645 2745 
16271 230 32 33 4472 
16272 1563 3370 1165 3744 
16273 252 1960 4351 1292 
16274 1005 3536 2957 2888 
16275 1341 4393 1274 2013 
16276 4005 1558 1561 1312 
16277 1057 1078 3353 4381 
16278 1559 3818 1177 1933 
16279 2468 1830 1670 641 
16280 2075 2350 3002 3669 
16281 3175 1176 3262 3369 
16282 4114 3718 1081 4046 
16283 3250 863 966 1480 
16284 1753 4114 1081 4046 
16285 1226 950 1136 2318 
16286 276 2009 2032 4319 
16287 2025 4014 3372 1197 
16288 1140 1478 2968 3346 
16289 3461 4319 2162 1428 
16290 4489 4210 1428 229 
16291 3259 3446 1208 1205 
16292 1537 2408 2538 597 
16293 2057 3788 4392 3787 
16294 2347 1303 1301 2348 
16295 1122 1522 1617 4156 
16296 672 2509 3604 1617 
16297 4196 1522 1122 4156 
16298 1212 956 1127 2835 
16299 2826 1272 1337 1168 
16300 1053 3335 4403 4103 
16301 3832 967 3987 2849 
16302 1567 2947 2945 3083 
16303 49 4473 229 1449 
16304 3623 1448 4455 4438 
16305 4473 49 229 50 
16306 1456 1478 2968 1140 
16307 805 2375 2374 2373 
16308 2669 573 2679 3732 
16309 472 1979 2660 4414 
16310 4327 3021 1238 3743 
16311 3040 1820 3050 3690 
16312 1677 4069 2660 1857 
16313 4421 175 3547 174 
16314 3043 794 3061 2048 
16315 675 2221 4169 2536 
16316 1309 1310 3707 3694 
16317 1979 2614 2660 2612 
16318 1349 3890 1252 1374 
16319 1588 4324 248 3441 
16320 802 1454 3413 4328 
16321 2128 100 1367 262 
16322 2376 2375 2374 1560 
16323 2370 1311 1309 3694 
16324 3932 3244 1108 1043 
16325 4399 2113 228 3751 
16326 4324 89 203 88 
16327 1495 1710 693 3663 
16328 1707 3197 3374 3842 
16329 1038 3169 3160 3170 
16330 3780 1710 3663 3779 
16331 805 2372 2374 2403 
16332 895 2377 2378 2376 
16333 1253 1294 1295 2998 
16334 1374 1253 2998 2961 
16335 4444 1326 4461 4230 
16336 1979 2612 2660 4414 
16337 1302 2355 1303 2347 
16338 2347 1302 1301 1303 
16339 1431 21 4425 4422 
16340 3007 535 4134 2931 
16341 3230 1821 2000 889 
16342 126 2123 127 4422 
16343 3062 4355 1334 2048 
16344 235 4426 62 63 
16345 2677 2684 556 553 
16346 1341 1990 4410 2088 
16347 3389 1295 4499 1296 
16348 136 137 4417 3553 
16349 4429 136 4417 2144 
16350 3744 1990 1980 4400 
16351 4393 1165 4410 1341 
16352 1448 4438 275 47 
16353 1563 3744 1980 4400 
16354 2138 205 90 204 
16355 1140 1456 814 2968 
16356 2936 906 2979 842 
16357 93 1452 4345 234 
16358 4337 906 2979 3144 
16359 1750 3978 1037 1033 
16360 466 463 465 4376 
16361 2146 221 4494 3714 
16362 4081 530 4134 3331 
16363 1258 1388 3236 2093 
16364 219 4500 104 220 
16365 4198 3714 4221 281 
16366 4275 3629 1172 1917 
16367 3043 4498 3044 3042 
16368 659 661 3690 1820 
16369 1346 3906 2768 1252 
16370 2768 3906 2961 1252 
16371 2084 271 19 4458 
16372 1374 1253 2961 1252 
16373 3246 3653 1379 4200 
16374 4138 271 2084 4458 
16375 1451 94 4296 2121 
16376 2119 4143 234 3661 
16377 4138 125 4439 3452 
16378 3378 1360 2001 3452 
16379 4344 239 1403 1964 
16380 4110 1822 1964 1323 
16381 997 1407 3104 823 
16382 2925 469 3850 3880 
16383 588 2419 2544 2417 
16384 3106 3164 1407 844 
16385 3744 1563 3100 4400 
16386 1426 4071 616 822 
16387 1306 4206 1067 3248 
16388 3700 2777 922 2775 
16389 4413 475 3952 1939 
16390 1485 981 1161 2990 
16391 3860 242 4334 2129 
16392 755 2617 753 1747 
16393 1429 2526 775 773 
16394 775 819 776 2178 
16395 868 755 891 2657 
16396 3235 868 4160 3960 
16397 1508 1134 908 3936 
16398 1402 4469 4343 270 
16399 4320 3387 1433 1436 
16400 3464 1402 4343 270 
16401 613 612 4057 611 
16402 423 1456 424 2789 
16403 3387 3329 4320 1433 
16404 1451 1378 4296 94 
16405 3387 1431 1433 1436 
16406 1378 95 4296 94 
16407 4296 1451 2121 4200 
16408 3588 131 4479 4483 
16409 3558 832 4340 1147 
16410 1819 1462 2433 1806 
16411 4479 24 1438 25 
16412 978 3681 3287 2865 
16413 3725 3681 3287 979 
16414 1437 250 2142 4480 
16415 582 2537 578 3591 
16416 2463 4386 2434 4497 
16417 4484 1437 2142 4480 
16418 2188 2190 2436 893 
16419 443 439 4112 4175 
16420 59 1437 4480 250 
16421 1980 1563 4400 3100 
16422 2115 140 4472 3567 
16423 778 698 2233 3770 
16424 4327 1236 1238 3593 
16425 230 2115 4472 3567 
16426 2773 2982 1484 2964 
16427 1310 1311 1312 3694 
16428 1437 59 4480 4484 
16429 1710 693 3663 3779 
16430 367 1495 2799 418 
16431 3953 3539 3278 834 
16432 2241 1152 1606 2239 
16433 3626 3151 4491 3625 
16434 4454 1341 2088 31 
16435 140 139 2115 4472 
16436 621 623 4188 4491 
16437 903 4170 3756 1031 
16438 623 621 668 4491 
16439 1506 778 4312 845 
16440 4374 2452 4273 4502 
16441 2452 4374 1014 4502 
16442 3618 4482 152 151 
16443 4374 1014 4502 2429 
16444 760 3605 759 757 
16445 582 1465 2428 2455 
16446 761 4401 762 759 
16447 2427 2425 4254 1527 
16448 3719 1481 1763 1840 
16449 1606 1492 1524 2239 
16450 612 4019 4057 611 
16451 2223 675 1782 1568 
16452 1526 1014 2429 1785 
16453 1806 2431 4502 1785 
16454 895 2383 624 1554 
16455 1577 378 4059 674 
16456 1539 2246 674 4172 
16457 1550 381 2249 2250 
16458 381 2248 2249 2250 
16459 1508 908 3273 3936 
16460 1539 2245 382 2246 
16461 1556 3640 2376 2546 
16462 2375 805 2374 1560 
16463 2372 805 2374 2373 
16464 4001 3758 3012 407 
16465 1789 1566 4286 1572 
16466 1789 2254 3831 2252 
16467 3758 408 3012 407 
16468 3359 2974 3654 376 
16469 3423 1405 1603 240 
16470 67 68 240 4488 
16471 367 2941 2942 368 
16472 1410 4371 3482 4045 
16473 2663 536 537 1642 
16474 1838 3791 2664 2656 
16475 1583 3967 3332 534 
16476 546 2721 4150 548 
16477 2721 4074 4150 548 
16478 1431 3387 1433 4389 
16479 1434 1497 909 3462 
16480 1434 3329 1435 3123 
16481 1694 546 4150 548 
16482 3884 1605 2804 3638 
16483 2235 904 2236 764 
16484 1528 698 2230 2228 
16485 698 697 2231 696 
16486 411 4001 3012 407 
16487 2226 2224 1733 399 
16488 1515 3651 1386 3176 
16489 408 411 3012 407 
16490 3051 1817 1056 3023 
16491 575 3057 3056 1598 
16492 3811 1649 2725 2935 
16493 2321 4047 317 4010 
16494 3326 1765 1315 3512 
16495 463 466 2992 4376 
16496 1034 1035 4068 4021 
16497 1987 991 3794 1183 
16498 3326 1940 1316 1315 
16499 1479 2336 2338 2337 
16500 3146 1459 3421 3410 
16501 1638 2853 2082 559 
16502 87 4399 228 88 
16503 463 2749 462 4139 
16504 1036 1035 4068 1034 
16505 3970 458 460 459 
16506 2851 2850 3830 1637 
16507 4070 1679 520 1678 
16508 1201 1840 2995 1876 
16509 4399 202 203 88 
16510 535 3007 4134 709 
16511 3863 2930 3072 2027 
16512 87 202 4399 88 
16513 384 2333 383 382 
16514 236 2084 20 4439 
16515 509 510 4387 2932 
16516 510 3478 4387 2932 
16517 3950 3951 3952 476 
16518 3414 1050 3133 3415 
16519 3079 3080 740 3078 
16520 740 3079 3078 1609 
16521 4042 3069 3892 1681 
16522 4225 1324 3474 1396 
16523 884 740 3078 1609 
16524 2925 469 467 468 
16525 4225 3488 1396 3474 
16526 1324 4225 3474 3475 
16527 3428 507 3427 508 
16528 3731 1090 3089 1089 
16529 748 1000 3397 999 
16530 3733 3802 2007 256 
16531 1440 1442 3589 3588 
16532 2366 1173 2365 1309 
16533 1563 3744 3100 3101 
16534 846 847 946 2794 
16535 1209 4088 1207 1210 
16536 1555 1559 1557 4079 
16537 1555 4113 1559 4079 
16538 4286 1572 4235 2541 
16539 2256 2257 1020 2258 
16540 4094 2592 489 487 
16541 3310 483 484 501 
16542 3989 4356 3988 1774 
16543 1132 961 1788 3409 
16544 3109 3110 1054 3111 
16545 2608 2607 1722 2605 
16546 3120 758 3122 3605 
16547 1632 2710 495 570 
16548 846 2796 418 834 
16549 2355 1302 1303 1873 
16550 2941 3675 352 3150 
16551 251 4435 2132 4453 
16552 3902 2593 2728 1851 
16553 3478 510 4387 509 
16554 1174 2595 1851 3930 
16555 3544 4440 4457 176 
16556 177 3544 4457 176 
16557 1706 3077 3867 4007 
16558 2578 1850 2577 542 
16559 2705 1181 1801 3853 
16560 4335 2430 4497 1461 
16561 540 1770 1650 3833 
16562 3887 1706 3867 4007 
16563 3939 1690 1691 4101 
16564 1690 3939 4226 4101 
16565 901 4027 4123 3405 
16566 1616 2076 2857 2858 
16567 4421 1853 1361 64 
16568 1408 4371 2140 3482 
16569 1853 4421 63 64 
16570 4071 1453 4029 3644 
16571 2408 599 2406 2407 
16572 3568 1980 1414 3567 
16573 851 901 4123 3405 
16574 1041 3197 1169 3199 
16575 1839 2255 4257 1106 
16576 1085 1789 1803 2254 
16577 4272 1451 1974 4200 
16578 2251 3708 2702 1592 
16579 1451 93 94 2121 
16580 3447 1624 3449 3011 
16581 1705 3833 2814 2816 
16582 2584 494 497 2585 
16583 2823 2820 970 1273 
16584 494 2586 492 2719 
16585 3219 951 954 952 
16586 3411 4295 4296 1378 
16587 3007 4129 4134 709 
16588 4295 95 4296 1378 
16589 3411 1378 4296 4200 
16590 304 3975 2351 302 
16591 1822 271 1323 2155 
16592 769 1825 3562 3335 
16593 1825 769 3562 902 
16594 3500 4500 4268 4501 
16595 1836 3769 2269 1061 
16596 2136 219 3501 1884 
16597 1156 925 1061 2708 
16598 1608 1935 3133 1050 
16599 1762 1836 1735 2268 
16600 925 1632 2710 2708 
16601 1762 2267 825 1795 
16602 3500 2149 4501 4268 
16603 4501 4500 4268 220 
16604 2064 4203 1133 3529 
16605 991 3794 3187 3188 
16606 3393 1352 234 2063 
16607 3651 3526 1516 2011 
16608 3194 1608 3133 1050 
16609 1442 1440 3589 1749 
16610 533 535 4134 709 
16611 1877 4135 3144 4337 
16612 4137 1343 1848 990 
16613 892 826 2192 1052 
16614 1877 1981 3144 4135 
16615 826 2193 2192 1052 
16616 816 2931 768 3006 
16617 1749 1786 4106 1048 
16618 1772 1000 1229 3234 
16619 4434 70 1397 71 
16620 1772 1992 3243 3233 
16621 1000 1228 3397 999 
16622 3513 4434 242 4416 
16623 3154 3156 3155 1037 
16624 313 315 4086 314 
16625 1982 1784 3669 1078 
16626 4498 1333 1331 4499 
16627 3062 4099 1334 4355 
16628 3062 3043 3061 2048 
16629 3513 1398 1397 3514 
16630 4404 1332 1330 1331 
16631 3043 794 2048 1963 
16632 70 4434 1397 4452 
16633 3513 4434 2153 1397 
16634 4434 2153 1397 4452 
16635 3084 2974 376 410 
16636 71 4434 242 1397 
16637 3818 3175 1933 3085 
16638 1847 3154 3155 1037 
16639 3084 1577 376 3359 
16640 4385 1060 1488 2320 
16641 1910 1847 3155 1037 
16642 1347 1910 3155 1037 
16643 1690 3939 1691 245 
16644 3156 1347 3155 1037 
16645 3962 1745 2110 3963 
16646 1096 1761 1098 3203 
16647 1089 1991 1590 3166 
16648 868 3235 4160 1925 
16649 3942 4038 3935 1756 
16650 95 211 264 96 
16651 95 2152 264 211 
16652 961 3211 962 960 
16653 3931 953 4267 3992 
16654 211 3687 264 96 
16655 211 2152 264 3687 
16656 1633 87 201 86 
16657 87 1932 201 86 
16658 2289 334 336 3878 
16659 4284 2160 1427 275 
16660 2039 4284 1427 275 
16661 915 1643 3437 1109 
16662 1946 4399 228 3751 
16663 4129 533 4134 709 
16664 2830 736 3815 3969 
16665 3158 3750 2055 3749 
16666 1991 1468 3672 4147 
16667 3648 283 3485 4263 
16668 738 741 3116 3614 
16669 3643 1739 4496 1865 
16670 3484 285 286 284 
16671 2425 4254 1527 685 
16672 4162 3901 1725 3900 
16673 4272 4217 3672 233 
16674 2034 2589 1724 3900 
16675 4203 1987 1133 3188 
16676 1291 2809 1867 3270 
16677 472 4050 2660 1677 
16678 2031 4423 108 4325 
16679 3420 1676 1677 4050 
16680 304 2801 2859 306 
16681 310 3579 308 3019 
16682 4393 3370 4410 1165 
16683 3579 4242 308 3019 
16684 1326 1294 4354 1296 
16685 3579 309 310 308 
16686 309 3579 4242 308 
16687 323 3928 3816 322 
16688 1729 2312 2321 2310 
16689 4423 224 108 4325 
16690 4047 3145 316 3130 
16691 4422 4083 127 4425 
16692 1195 3142 1230 1198 
16693 280 2031 1835 2167 
16694 3623 2014 3247 3624 
16695 3247 2014 1196 3624 
16696 276 4471 2162 1428 
16697 323 3928 322 321 
16698 3928 321 3910 322 
16699 1968 2023 4367 2070 
16700 565 3365 4193 3366 
16701 491 2589 1724 1723 
16702 3995 2578 500 2580 
16703 2584 2586 2587 493 
16704 990 989 3185 3188 
16705 326 3806 1587 328 
16706 1371 4492 214 99 
16707 261 4148 1370 99 
16708 356 4360 3838 2328 
16709 1512 827 3798 1766 
16710 329 3633 2297 328 
16711 991 989 990 3188 
16712 1941 3268 3199 3842 
16713 3389 1295 3388 2998 
16714 2314 2312 3798 1766 
16715 3268 1941 3199 1169 
16716 919 3338 856 3790 
16717 2282 340 339 341 
16718 3561 1863 3556 3562 
16719 902 4301 3562 2555 
16720 2278 2281 2282 341 
16721 2278 342 2281 341 
16722 928 1382 2763 929 
16723 2876 860 4092 3767 
16724 367 2798 366 418 
16725 744 793 2752 4033 
16726 367 2941 352 366 
16727 3150 2941 2948 352 
16728 3860 1914 2041 3859 
16729 1614 3753 3746 3878 
16730 928 1255 2860 1382 
16731 1294 1253 2997 2998 
16732 1217 1508 894 3272 
16733 1086 1908 2747 880 
16734 948 3522 2535 1281 
16735 1203 1507 3020 1989 
16736 2534 1893 2100 1086 
16737 1893 1281 1086 2535 
16738 4335 2432 4497 2430 
16739 3662 3271 1773 1163 
16740 3802 3733 2007 4287 
16741 331 1599 1903 2292 
16742 2659 3908 724 2638 
16743 1685 3733 1686 256 
16744 4443 1436 4321 2143 
16745 2350 2295 2296 1903 
16746 2431 1806 4497 1461 
16747 1253 2960 2997 2961 
16748 2457 1934 1978 4398 
16749 3796 2960 1293 3399 
16750 3390 1870 4354 4230 
16751 1229 4130 3232 3396 
16752 3236 1388 3506 2093 
16753 3497 1189 3498 1652 
16754 2972 2974 374 3654 
16755 375 2974 374 2972 
16756 1016 3285 2107 1348 
16757 2144 4429 135 3596 
16758 3299 4341 3654 374 
16759 1566 4341 3299 374 
16760 2788 861 2874 2745 
16761 2972 3299 3654 374 
16762 763 796 3772 3911 
16763 3453 1434 3330 1432 
16764 2095 4339 4504 3375 
16765 992 1321 3149 993 
16766 3803 1276 4398 1978 
16767 3288 763 765 2803 
16768 1360 3378 2001 1322 
16769 4495 3714 222 2166 
16770 4078 2168 4318 2030 
16771 2457 3803 4398 1978 
16772 1283 3037 1084 1284 
16773 386 2243 385 1780 
16774 3714 106 4495 222 
16775 1152 1492 1606 2239 
16776 1409 1852 2073 3481 
16777 848 2754 819 3502 
16778 2179 453 776 775 
16779 3618 4482 4464 152 
16780 444 4121 448 2183 
16781 2548 3835 1051 2227 
16782 2185 444 442 1947 
16783 2175 983 820 2176 
16784 1423 244 4464 44 
16785 3679 2229 2228 696 
16786 3679 393 3680 394 
16787 1269 3712 1906 3594 
16788 3740 3679 3680 394 
16789 3679 2229 394 3740 
16790 1266 2196 3693 2005 
16791 3711 2556 3693 2081 
16792 2210 1916 1356 1153 
16793 3737 1644 2706 2211 
16794 2232 3719 1763 3720 
16795 1132 961 3409 963 
16796 4085 686 1650 545 
16797 1580 899 1906 3014 
16798 402 2219 2217 2220 
16799 419 1948 1356 2207 
16800 2933 2047 2701 1802 
16801 4402 3582 1424 2132 
16802 2218 403 405 2221 
16803 2221 675 405 2536 
16804 1082 3846 413 1538 
16805 404 1570 2217 682 
16806 2945 1567 3083 3779 
16807 1424 1425 2132 251 
16808 1617 1124 4156 4095 
16809 2795 846 1494 959 
16810 1082 2999 3846 3720 
16811 2232 3720 1763 4169 
16812 2532 398 399 3682 
16813 2133 1365 218 102 
16814 1124 3257 4156 4095 
16815 2799 1495 3663 2797 
16816 846 2795 1494 2797 
16817 1833 1539 674 4172 
16818 371 373 372 2946 
16819 3884 1605 3638 3635 
16820 1060 3725 1152 2242 
16821 1478 430 427 2969 
16822 1572 4286 4235 3668 
16823 2524 3997 3721 1505 
16824 4341 2279 792 3831 
16825 1789 1085 2541 2254 
16826 1833 2320 4172 3716 
16827 4028 431 435 434 
16828 53 1424 4453 251 
16829 2276 458 3765 3970 
16830 925 2708 4183 1061 
16831 353 1621 3827 1602 
16832 2265 2276 2263 456 
16833 3854 461 1641 459 
16834 1621 1044 2271 1735 
16835 1156 2707 1795 1709 
16836 2006 2895 2940 1977 
16837 2711 480 495 3855 
16838 3607 1717 2810 687 
16839 3348 3645 429 427 
16840 729 2630 1700 4167 
16841 2969 3645 427 2789 
16842 2798 367 2799 418 
16843 3670 1748 2525 1149 
16844 896 3503 924 2756 
16845 21 236 20 4422 
16846 2465 1987 4260 1666 
16847 1695 4198 281 259 
16848 326 3807 1587 3806 
16849 326 2380 325 324 
16850 507 729 1700 4167 
16851 3340 4104 729 4167 
16852 321 324 3053 3055 
16853 254 10 4468 9 
16854 712 1671 3881 723 
16855 1458 4335 4497 1461 
16856 1765 4468 4485 9 
16857 254 4468 1765 9 
16858 3717 3263 3715 982 
16859 1030 2256 3847 2541 
16860 378 379 3823 380 
16861 1902 3087 1160 3086 
16862 18 1822 17 4475 
16863 1613 694 1956 2326 
16864 1709 3764 462 2714 
16865 3970 3764 3063 460 
16866 2749 3063 2714 462 
16867 464 2749 2714 462 
16868 2711 2714 2709 479 
16869 1278 1599 355 3701 
16870 348 4025 3993 3305 
16871 1393 447 3800 3291 
16872 298 2367 2800 3797 
16873 1479 694 2337 305 
16874 863 3249 3250 3251 
16875 4104 2630 729 4167 
16876 112 3511 113 4485 
16877 734 1751 3892 1681 
16878 34 272 1414 4474 
16879 3607 4019 610 4026 
16880 480 2711 495 479 
16881 395 3238 3683 4409 
16882 4280 2384 627 625 
16883 3970 461 460 3063 
16884 381 1550 379 2250 
16885 3244 4231 1042 4178 
16886 1979 2094 1290 2612 
16887 1181 4231 3853 4178 
16888 932 2839 2836 3771 
16889 2391 628 629 2389 
16890 3065 705 3066 779 
16891 486 4049 484 1669 
16892 1275 4096 4237 3265 
16893 4192 815 1544 2390 
16894 3175 3369 4161 1975 
16895 2413 2411 3773 594 
16896 1569 615 596 2543 
16897 3065 3066 501 779 
16898 2355 2347 2354 1303 
16899 3954 609 688 2923 
16900 4231 1181 1042 4178 
16901 690 3615 4189 4243 
16902 615 3929 4009 1741 
16903 689 690 4189 4243 
16904 4338 760 1806 4502 
16905 2551 2553 2552 671 
16906 502 496 2712 495 
16907 496 3898 2712 3855 
16908 2711 1632 495 479 
16909 802 2732 4369 2418 
16910 816 535 768 2931 
16911 2714 1709 2709 479 
16912 4335 2430 1465 2455 
16913 1057 1784 3699 1144 
16914 4214 576 1457 839 
16915 2864 2865 1485 2989 
16916 2402 634 632 3603 
16917 683 2102 4224 1864 
16918 4311 1440 1438 1439 
16919 1786 3117 3115 1503 
16920 1310 3707 3694 3276 
16921 2372 1311 2370 3694 
16922 2463 1718 1719 3467 
16923 3071 3340 506 3173 
16924 2438 2463 2434 1463 
16925 2427 1014 2429 1526 
16926 3340 507 506 3173 
16927 3312 1844 1752 1751 
16928 667 2507 2480 2478 
16929 1899 2472 1282 663 
16930 638 637 1670 2459 
16931 2980 714 1752 1776 
16932 649 1507 1989 2547 
16933 2480 3739 652 2481 
16934 3182 986 3320 853 
16935 2961 1253 2998 2997 
16936 1800 3522 1350 2489 
16937 1682 3068 3067 3069 
16938 3167 3070 503 504 
16939 3068 3070 3069 504 
16940 4016 278 1983 2165 
16941 1305 1107 3817 2494 
16942 518 3868 517 2645 
16943 278 1743 1983 2165 
16944 2003 2475 3735 2478 
16945 3286 1247 3947 3946 
16946 2174 983 2176 900 
16947 2735 859 3767 2518 
16948 430 433 3351 3347 
16949 1401 268 3535 1400 
16950 1743 82 195 2165 
16951 3711 1580 2081 3712 
16952 519 4017 2935 520 
16953 546 565 3365 4193 
16954 3810 1110 1111 717 
16955 2116 4473 229 4210 
16956 4127 1401 1493 1862 
16957 3645 424 427 2789 
16958 195 82 196 2165 
16959 2724 3896 526 3784 
16960 605 2551 2550 671 
16961 82 1743 278 2165 
16962 1836 3769 1102 2272 
16963 2370 1309 3707 3694 
16964 1574 1102 2539 2275 
16965 2893 2743 2742 1021 
16966 3896 2724 526 525 
16967 563 1610 4100 550 
16968 1616 3784 526 3075 
16969 1311 1310 1309 3694 
16970 1965 771 662 2492 
16971 2568 2570 2569 561 
16972 560 2685 556 555 
16973 876 2658 1174 3930 
16974 2174 900 2176 2781 
16975 4217 92 207 4201 
16976 2696 3785 539 538 
16977 2070 3904 1791 558 
16978 953 4267 3215 3218 
16979 2696 2674 539 3785 
16980 561 572 2569 1032 
16981 2658 876 1174 874 
16982 3902 2667 2591 1945 
16983 3883 2598 482 4227 
16984 2586 3887 2588 492 
16985 1212 2845 2835 3787 
16986 1756 3942 1062 875 
16987 2601 733 2599 481 
16988 474 3950 477 2604 
16989 4432 73 72 1410 
16990 4363 1684 478 3882 
16991 747 3398 1842 999 
16992 3871 755 3960 4397 
16993 4363 1684 3882 3174 
16994 2619 3871 754 4213 
16995 1841 2631 938 2629 
16996 728 1737 1064 2635 
16997 3428 509 4387 4304 
16998 4432 1410 72 4416 
16999 3866 2655 1636 2698 
17000 3653 3246 1379 2984 
17001 1610 3136 3689 3688 
17002 536 1636 1738 2662 
17003 1775 1064 2635 2632 
17004 92 4201 206 207 
17005 1583 3967 4265 3332 
17006 2670 730 726 2687 
17007 3510 2219 402 2220 
17008 2692 2567 2569 1032 
17009 2692 2569 3724 1032 
17010 2653 1845 1799 2649 
17011 716 2672 2682 2681 
17012 4187 716 2686 717 
17013 3978 1033 4021 3156 
17014 3340 734 506 729 
17015 4108 2012 2008 229 
17016 4074 2570 549 2572 
17017 716 2686 1094 2682 
17018 4108 2116 229 4210 
17019 2683 1094 2682 1664 
17020 2012 2116 229 4108 
17021 1673 1181 1801 2705 
17022 1035 1033 4021 1034 
17023 2569 572 3724 1032 
17024 2567 1629 561 1032 
17025 1668 2575 1155 1801 
17026 3736 1734 1032 2692 
17027 2567 561 2569 1032 
17028 2421 585 2447 2423 
17029 2656 1838 1898 1738 
17030 1636 2656 1738 2662 
17031 1943 3791 1185 2697 
17032 2872 1679 1793 3811 
17033 3461 4108 2008 229 
17034 4108 3461 4210 229 
17035 2784 2872 1793 2727 
17036 2724 523 2646 2723 
17037 980 978 3287 981 
17038 2017 3433 1425 251 
17039 3433 2017 4000 251 
17040 585 689 2447 685 
17041 2413 593 592 2415 
17042 1955 3585 2396 295 
17043 3422 1514 3373 3793 
17044 4107 574 831 770 
17045 2758 2685 2684 556 
17046 2345 2344 2087 2343 
17047 2523 1209 2043 1300 
17048 2707 1709 3764 1795 
17049 1655 818 3470 817 
17050 2714 1709 479 462 
17051 2554 557 457 4405 
17052 594 2413 592 3773 
17053 496 3898 3855 3068 
17054 593 590 592 2415 
17055 590 591 592 2415 
17056 397 395 3683 4409 
17057 605 2549 2404 2550 
17058 4179 3384 1444 3163 
17059 3692 2404 2550 1450 
17060 397 3238 395 4409 
17061 3384 2065 1444 1796 
17062 1242 2760 2902 2761 
17063 420 4289 2967 3696 
17064 425 2699 424 426 
17065 99 214 4222 215 
17066 417 1699 415 4073 
17067 414 419 3805 415 
17068 981 3717 2990 3287 
17069 2543 2411 594 3773 
17070 3773 2413 592 2448 
17071 980 3717 981 3287 
17072 3246 3411 1377 3363 
17073 3417 1376 3364 3844 
17074 3662 1148 1773 2862 
17075 995 824 823 3102 
17076 684 4093 743 616 
17077 3919 3032 1164 3034 
17078 4361 3846 413 4001 
17079 3164 1407 743 3104 
17080 2413 593 594 592 
17081 1426 594 592 3773 
17082 2884 2845 1268 2904 
17083 1528 1611 696 2228 
17084 39 4445 273 4428 
17085 623 4236 2442 4188 
17086 1674 3840 3880 2852 
17087 62 4444 1326 61 
17088 2389 626 627 2384 
17089 939 914 2832 3822 
17090 4280 2389 627 2384 
17091 624 623 625 2442 
17092 939 2828 2029 1168 
17093 4424 4423 108 1 
17094 1290 1190 2613 2610 
17095 1915 3813 1953 1273 
17096 2474 2475 2473 647 
17097 1816 1915 3814 1953 
17098 558 3904 1791 3903 
17099 1922 3788 781 2057 
17100 870 780 1660 2873 
17101 3857 1203 957 1202 
17102 1888 2058 1620 3723 
17103 1702 3917 2134 83 
17104 3286 1245 3704 1532 
17105 2853 1638 2851 2895 
17106 4372 639 3534 636 
17107 2837 1354 1922 2838 
17108 2091 1929 4004 1285 
17109 3917 197 2134 83 
17110 3530 2474 644 3531 
17111 2731 4372 3534 636 
17112 3290 2091 1929 4004 
17113 2091 3290 3541 4004 
17114 2859 3381 2044 3379 
17115 3290 1929 3975 4004 
17116 2476 648 646 649 
17117 4383 1420 3710 3572 
17118 2870 1074 2813 1787 
17119 4482 150 151 2159 
17120 1115 1116 2915 1114 
17121 2914 1113 2898 4491 
17122 3722 1484 2770 1553 
17123 1419 4445 273 39 
17124 3755 2993 2871 1075 
17125 1166 884 3031 1609 
17126 646 2476 2770 3531 
17127 2595 2597 1174 2596 
17128 3310 483 501 3066 
17129 705 1684 3066 483 
17130 3575 4445 4428 273 
17131 660 3608 1994 658 
17132 2146 3714 281 4221 
17133 466 1676 4125 468 
17134 282 257 281 4221 
17135 1695 4198 4221 281 
17136 606 3642 671 1412 
17137 475 476 3952 1939 
17138 956 932 2836 2833 
17139 3632 1797 3630 1818 
17140 1548 1093 3754 1114 
17141 2553 3642 671 2551 
17142 1641 2006 2940 1977 
17143 1977 2895 2940 3264 
17144 3642 2553 671 1412 
17145 2553 1412 1411 671 
17146 3318 1641 2940 1977 
17147 2807 2553 1411 2777 
17148 2949 1657 571 841 
17149 571 818 4194 841 
17150 1419 4445 3575 273 
17151 452 453 2181 3804 
17152 2215 406 404 682 
17153 1566 4286 3299 4341 
17154 1715 4190 368 3242 
17155 4388 1959 1571 1570 
17156 639 4372 3845 1878 
17157 4388 2216 1571 4285 
17158 2216 3737 2090 1571 
17159 3722 2058 3723 2964 
17160 2504 3763 937 1758 
17161 2699 2529 421 2771 
17162 2213 2215 2216 682 
17163 1644 1916 2211 1153 
17164 3602 814 4370 3350 
17165 117 4415 4431 3542 
17166 2905 714 2906 2980 
17167 2210 1916 2211 2706 
17168 2749 2905 464 2748 
17169 4025 348 3993 3874 
17170 502 495 2712 570 
17171 414 408 412 2704 
17172 2394 296 294 2382 
17173 4347 1663 1131 3492 
17174 3492 3893 3490 1961 
17175 1419 3576 273 3575 
17176 367 2799 369 2942 
17177 3576 3577 273 3575 
17178 285 3495 3647 3485 
17179 370 2944 2942 369 
17180 3563 1178 4158 2766 
17181 3563 1179 2510 2511 
17182 799 2515 2513 808 
17183 2438 1463 2434 1854 
17184 3401 3400 1219 3465 
17185 4044 727 3999 3162 
17186 282 283 3336 284 
17187 1932 1665 3841 86 
17188 3586 3585 295 2382 
17189 936 4008 2002 1943 
17190 371 2944 369 2943 
17191 1707 1665 3374 1287 
17192 3268 3201 1169 3199 
17193 1932 2113 87 201 
17194 365 3585 295 3586 
17195 1654 3464 270 1402 
17196 993 4225 1323 3149 
17197 1822 4487 17 4475 
17198 1822 3521 4475 2155 
17199 3046 1321 3149 992 
17200 704 731 3872 732 
17201 3046 3378 3253 1322 
17202 3521 1822 1964 4110 
17203 1321 3046 3253 1322 
17204 2702 731 3872 704 
17205 1660 1354 3875 1922 
17206 511 509 4387 2932 
17207 2427 2452 2429 1014 
17208 3774 4214 576 3269 
17209 3873 780 4174 781 
17210 297 3586 295 2382 
17211 959 1309 3707 2365 
17212 1809 2372 2106 2370 
17213 959 1310 3276 3707 
17214 297 365 295 3586 
17215 2859 3381 1285 2044 
17216 840 3136 2933 3650 
17217 1379 1451 1378 4200 
17218 659 2540 657 715 
17219 3069 1682 1681 3067 
17220 587 2419 2418 2420 
17221 1754 1753 1790 3127 
17222 2859 3379 2044 306 
17223 3104 3102 823 3617 
17224 596 598 2409 3768 
17225 3257 3255 1122 4156 
17226 2449 598 1659 615 
17227 671 829 2552 828 
17228 1778 1585 4240 3863 
17229 2076 1182 2750 2858 
17230 1200 2091 4004 1285 
17231 1214 1781 2027 3072 
17232 1432 3330 4389 1433 
17233 1594 1435 1999 3121 
17234 3806 3292 328 3633 
17235 3292 1587 328 358 
17236 728 2659 726 724 
17237 4008 3134 2002 4058 
17238 551 573 2669 706 
17239 316 4047 3130 317 
17240 722 1737 724 2638 
17241 3145 315 4086 4047 
17242 313 4086 4249 4109 
17243 3806 1587 328 3292 
17244 3153 3152 3034 1318 
17245 340 2282 339 2283 
17246 2285 2284 2283 339 
17247 1657 502 503 4152 
17248 2949 1657 4122 4152 
17249 1753 3395 3127 3394 
17250 4052 3898 502 503 
17251 338 2285 2283 339 
17252 725 2659 724 726 
17253 4072 171 4461 4230 
17254 2875 730 1693 748 
17255 854 852 3924 784 
17256 3398 4182 1842 4359 
17257 4154 3697 1385 3189 
17258 4154 3651 1386 4306 
17259 3697 1387 1385 3189 
17260 1387 1385 1452 3661 
17261 2490 3038 3608 660 
17262 507 3340 729 4167 
17263 1041 3200 1169 1043 
17264 3224 3223 3221 1307 
17265 3304 3150 2948 350 
17266 1660 1922 3875 781 
17267 4401 761 4023 759 
17268 1011 1261 3839 1630 
17269 1566 4286 1572 372 
17270 3964 954 1746 3220 
17271 760 4338 2433 2456 
17272 3121 758 2104 3122 
17273 4353 1756 1774 886 
17274 3912 387 1582 3913 
17275 755 3871 754 4397 
17276 3418 1497 759 4023 
17277 3912 384 1582 387 
17278 1225 1841 2629 1842 
17279 513 3968 938 2643 
17280 1640 3665 1582 3913 
17281 3720 1082 1763 1538 
17282 2630 1171 1700 4013 
17283 1673 1036 1039 4131 
17284 1108 4231 2671 1889 
17285 3032 1734 1022 2742 
17286 1124 3257 1122 4156 
17287 1123 2963 1121 3255 
17288 1145 3081 894 770 
17289 3081 3272 2912 894 
17290 3521 1822 4487 239 
17291 1324 1482 3267 3474 
17292 3266 1654 4006 3464 
17293 675 4169 1538 2536 
17294 3709 3873 3872 732 
17295 1346 3906 1349 3739 
17296 3873 3915 3872 732 
17297 1179 907 1491 2511 
17298 3453 2001 1887 1432 
17299 1179 2454 1658 1713 
17300 4333 3873 3709 732 
17301 4190 3675 368 3242 
17302 1572 370 372 3668 
17303 749 780 4333 732 
17304 378 2703 380 3823 
17305 2944 370 2942 3242 
17306 1946 4399 3751 3749 
17307 3066 705 501 779 
17308 3065 705 2892 3066 
17309 1918 1475 3283 1110 
17310 4361 4001 413 1538 
17311 3367 1327 3322 3321 
17312 1327 3367 3322 1058 
17313 4368 2977 882 4053 
17314 4341 1566 3831 792 
17315 4284 2050 3298 1213 
17316 2868 3476 1406 2869 
17317 276 4471 52 4453 
17318 4195 2050 3298 4284 
17319 441 1473 2189 438 
17320 799 2729 3713 803 
17321 461 3854 4139 3063 
17322 2334 3777 2189 438 
17323 804 799 3713 803 
17324 2729 803 3045 3713 
17325 2729 2868 3045 798 
17326 1321 993 1323 3149 
17327 3136 1610 1767 3688 
17328 565 3079 1609 3365 
17329 3063 461 460 462 
17330 4269 1652 1260 4270 
17331 4302 3376 3508 1017 
17332 2900 1201 1876 1908 
17333 1431 1432 2123 4389 
17334 3777 441 2189 438 
17335 766 2729 799 798 
17336 3329 1435 1441 1433 
17337 909 3418 762 2869 
17338 957 1201 933 3295 
17339 2346 3670 2074 1304 
17340 1775 518 2633 2634 
17341 1748 2344 2087 1304 
17342 3439 4182 1064 1842 
17343 3675 4190 368 1593 
17344 2034 1724 1725 3900 
17345 3992 953 4267 3214 
17346 2919 1630 3839 4413 
17347 1723 2589 2034 2667 
17348 1308 2356 2363 2348 
17349 2851 2848 2082 2852 
17350 2795 959 2365 2794 
17351 3995 540 4043 3833 
17352 1097 2021 3957 1744 
17353 3956 1743 1983 1744 
17354 466 467 3848 465 
17355 3676 1375 237 97 
17356 4408 3886 2077 1227 
17357 1676 472 4050 468 
17358 161 3582 162 4471 
17359 3461 3142 3342 2008 
17360 871 791 858 2785 
17361 791 857 858 2785 
17362 4324 204 248 4266 
17363 1380 238 97 2120 
17364 92 4217 207 208 
17365 92 2119 234 93 
17366 1004 1376 3364 1472 
17367 1380 2120 97 212 
17368 3088 3986 864 3124 
17369 3010 2850 2847 1007 
17370 870 780 3812 869 
17371 3329 1434 3330 3123 
17372 2873 870 3812 2843 
17373 2273 4190 4145 1593 
17374 1508 3272 3936 3273 
17375 3697 1452 4345 94 
17376 89 90 248 204 
17377 2999 2900 1876 3566 
17378 992 993 3149 3045 
17379 1396 810 4394 2774 
17380 1082 2999 1876 3566 
17381 1840 2999 2995 1876 
17382 3327 3324 1612 3325 
17383 16 4487 17 239 
17384 1695 4198 3327 4221 
17385 2787 287 288 286 
17386 2751 1320 3036 2913 
17387 3327 3325 1612 3336 
17388 2617 2615 1747 2657 
17389 2612 1290 2613 2610 
17390 2149 221 222 4501 
17391 4069 2614 1857 2616 
17392 89 4324 248 1588 
17393 2754 848 3508 3502 
17394 3498 1189 2781 1510 
17395 1652 1189 3498 1510 
17396 4324 89 248 204 
17397 3714 4495 281 259 
17398 1291 1904 2359 2809 
17399 2323 2318 1136 2555 
17400 3984 3178 3760 852 
17401 2046 2128 4244 1367 
17402 2911 1146 2994 2912 
17403 469 1674 471 3880 
17404 1520 785 4020 853 
17405 3029 3178 1515 3177 
17406 2402 634 633 632 
17407 1899 2760 2470 3743 
17408 2958 640 2802 4204 
17409 2474 2476 646 3531 
17410 2476 646 2770 649 
17411 785 3984 4020 3760 
17412 1211 1885 3280 1183 
17413 105 257 4494 281 
17414 2513 2511 1491 2514 
17415 3337 2765 811 2764 
17416 808 2516 905 809 
17417 924 4256 1513 2756 
17418 2741 2757 885 850 
17419 896 2757 3503 2756 
17420 2738 786 567 787 
17421 850 2740 1513 787 
17422 2740 2738 787 2739 
17423 3290 1929 440 3975 
17424 694 3923 2326 3782 
17425 3489 3491 1501 3495 
17426 2166 4198 4496 259 
17427 1874 298 2381 2395 
17428 2515 808 2516 2514 
17429 1514 3373 1513 4364 
17430 1170 3013 3563 4158 
17431 3714 4495 259 2166 
17432 3080 783 740 883 
17433 3563 1178 2510 1179 
17434 3981 884 3078 3889 
17435 1068 2777 2808 1474 
17436 2807 2810 2808 1474 
17437 2949 841 2788 4122 
17438 3730 4022 2283 340 
17439 4198 3714 259 2166 
17440 15 4451 270 14 
17441 574 4107 3825 2758 
17442 2210 1356 2209 1153 
17443 257 2146 4263 4288 
17444 3880 3840 471 4164 
17445 972 3004 4067 973 
17446 2124 1402 4469 4343 
17447 418 2798 366 834 
17448 26 1442 4483 4466 
17449 976 975 2329 977 
17450 2776 829 2775 921 
17451 829 2776 2775 2552 
17452 688 2923 1549 3705 
17453 2485 2540 657 658 
17454 1276 3803 4398 3372 
17455 1674 3840 471 3880 
17456 3857 957 3295 1202 
17457 3882 3883 482 4227 
17458 4234 3191 3419 1892 
17459 2993 3755 1265 1075 
17460 3618 274 4464 4482 
17461 478 3882 482 4227 
17462 2881 1077 2981 1075 
17463 221 4501 4268 4494 
17464 8 1765 4485 9 
17465 4148 2150 261 3537 
17466 2817 1814 1059 1661 
17467 3653 4272 1974 4200 
17468 4501 4500 220 4494 
17469 3422 566 3793 2758 
17470 1861 2818 1273 1661 
17471 3250 3742 2921 1480 
17472 2870 3082 3630 619 
17473 805 1561 1311 2403 
17474 3071 3070 504 3069 
17475 1558 4005 1895 1312 
17476 4492 213 3676 212 
17477 294 293 2396 295 
17478 3651 4154 1386 3176 
17479 3167 505 3071 504 
17480 3181 913 3179 1837 
17481 1639 3368 3171 3443 
17482 3832 967 916 3987 
17483 2793 3271 1773 2862 
17484 2861 837 2862 2793 
17485 3070 3167 3071 504 
17486 437 420 1639 2967 
17487 3271 1800 948 1773 
17488 2061 3673 3856 4135 
17489 1971 688 3705 1912 
17490 2287 337 336 335 
17491 2666 2652 516 515 
17492 1795 1709 3764 460 
17493 1451 1379 1974 4200 
17494 2274 346 2277 2275 
17495 367 2798 2941 366 
17496 1379 3653 1974 4200 
17497 2696 3862 3967 537 
17498 1088 3095 3684 3685 
17499 1278 3684 2805 3685 
17500 2292 1599 2295 3701 
17501 2290 2289 333 335 
17502 3701 1278 2805 3685 
17503 1222 1258 2170 1351 
17504 2204 1143 1105 1142 
17505 312 1519 361 3018 
17506 4209 1639 3171 3443 
17507 2223 675 2221 4169 
17508 2211 2210 2209 1153 
17509 1699 415 4073 2208 
17510 2183 1523 448 451 
17511 246 4379 3674 2133 
17512 1379 3246 1846 2984 
17513 3088 3124 864 3089 
17514 986 4091 1848 3319 
17515 1090 4212 3731 3237 
17516 2691 777 2736 2690 
17517 2985 1151 2783 2984 
17518 3893 1357 4211 1961 
17519 1162 1159 1160 3087 
17520 1344 2064 3529 2184 
17521 1206 1207 4084 3303 
17522 1204 3260 3259 1205 
17523 2551 606 671 605 
17524 1280 1209 3728 4084 
17525 1998 3730 4022 4056 
17526 1280 3730 1998 4056 
17527 2853 3880 2852 559 
17528 1346 1250 2768 2533 
17529 1247 2959 2767 3947 
17530 1589 1718 4037 361 
17531 2485 2483 655 2484 
17532 1346 3906 2533 2768 
17533 667 2507 2071 2533 
17534 4077 3153 1353 1318 
17535 3153 1910 3750 1353 
17536 4077 3153 3750 1353 
17537 312 314 4109 361 
17538 2276 458 457 456 
17539 3261 1869 1691 1992 
17540 557 3477 2554 1626 
17541 2259 1020 454 1626 
17542 1658 2454 2439 1713 
17543 1880 2438 1854 1463 
17544 4037 1589 361 314 
17545 2006 2903 559 467 
17546 796 1658 2439 1713 
17547 338 337 336 2285 
17548 337 2287 336 2285 
17549 1696 2193 2194 2195 
17550 1673 1039 3899 4131 
17551 1828 1790 3718 2855 
17552 3282 3376 1259 3375 
17553 2108 3181 988 3184 
17554 2006 2853 559 2903 
17555 442 444 4175 443 
17556 2108 3181 3184 3525 
17557 3368 1490 416 3443 
17558 408 2214 3012 2704 
17559 2710 925 2713 570 
17560 3695 1699 2208 2205 
17561 645 2474 1952 647 
17562 2705 1673 1155 1801 
17563 549 2571 572 1656 
17564 1668 2575 2573 1155 
17565 2246 2248 2247 380 
17566 1028 1591 2937 1909 
17567 1591 2983 2937 1909 
17568 3874 345 3993 3727 
17569 2267 1735 825 2266 
17570 2267 1762 1735 2268 
17571 1618 695 1619 3025 
17572 315 827 4086 3798 
17573 2700 2311 3658 949 
17574 3838 356 1578 311 
17575 1729 2311 1045 2312 
17576 678 2311 1045 1729 
17577 2983 2884 2937 1909 
17578 3849 2925 3848 467 
17579 3656 2700 949 679 
17580 3849 466 3848 4125 
17581 1333 4498 3042 4499 
17582 2540 659 657 658 
17583 3225 4503 1100 3377 
17584 818 2936 3000 4194 
17585 1068 1069 2901 1067 
17586 1066 3191 1892 3248 
17587 2919 1199 4241 3820 
17588 1068 3700 2777 922 
17589 485 1726 2596 2594 
17590 3700 4206 1067 2901 
17591 1068 3700 1067 2901 
17592 2584 2587 3903 493 
17593 1851 3902 1945 1788 
17594 1663 3494 3492 4347 
17595 1058 3367 3322 4128 
17596 2487 2485 658 3608 
17597 2531 2787 2521 288 
17598 1874 298 2395 1622 
17599 2545 4025 347 349 
17600 1181 4231 1108 1889 
17601 2485 2487 658 665 
17602 3846 4361 413 1538 
17603 384 2333 1582 383 
17604 2985 1151 1974 1590 
17605 1354 932 2838 2836 
17606 3731 1157 3166 4147 
17607 931 2757 896 885 
17608 3986 788 864 3124 
17609 2 4291 1923 3377 
17610 2886 931 885 2757 
17611 1993 1101 1923 3979 
17612 3261 1869 4101 1691 
17613 2771 2699 424 421 
17614 1993 2145 3974 3979 
17615 3973 194 80 245 
17616 469 470 3850 4164 
17617 1062 733 2602 2605 
17618 1100 4503 1923 3377 
17619 3010 869 2847 3812 
17620 1984 1475 1111 2976 
17621 1690 1869 1691 4101 
17622 3810 3165 1111 2976 
17623 3733 2007 1686 256 
17624 424 1456 427 2789 
17625 3645 426 429 427 
17626 2509 672 1522 1617 
17627 1300 2523 2343 2043 
17628 458 1795 825 3765 
17629 458 3970 4157 459 
17630 1965 2496 669 750 
17631 2213 682 2090 1576 
17632 3446 1804 1208 1205 
17633 3750 2138 1881 3749 
17634 2218 2215 404 2217 
17635 3758 2218 405 2536 
17636 3703 2496 669 3702 
17637 1723 554 2591 1945 
17638 1716 1167 3135 2929 
17639 439 4066 438 434 
17640 351 3150 4145 4097 
17641 3678 604 2549 2387 
17642 2276 3761 2263 456 
17643 1102 1720 2539 1886 
17644 829 921 922 2775 
17645 2496 3703 669 750 
17646 2304 677 2308 680 
17647 1905 664 3611 1942 
17648 2391 2397 2398 630 
17649 2441 2402 635 2440 
17650 352 2948 350 366 
17651 353 351 4097 349 
17652 1627 2300 1740 1144 
17653 1128 3568 1920 3757 
17654 2303 2300 1627 1144 
17655 1621 353 4054 349 
17656 1167 1168 2928 2929 
17657 2658 2597 1174 3930 
17658 3777 4066 438 2334 
17659 3934 876 875 886 
17660 549 2570 2571 2572 
17661 2680 2571 1656 572 
17662 2573 1668 1656 2574 
17663 1512 4047 317 2321 
17664 2573 1668 1155 1656 
17665 3093 318 3094 3130 
17666 4066 439 438 2334 
17667 565 3365 1609 1694 
17668 444 4121 4175 443 
17669 984 2953 1262 985 
17670 2934 1166 1802 2701 
17671 2609 4038 2052 3944 
17672 4048 944 2616 1857 
17673 2934 2933 2701 1802 
17674 2620 2619 2618 753 
17675 1166 1355 1802 2701 
17676 852 785 853 3760 
17677 1135 2790 1342 3599 
17678 3279 1211 1119 2046 
17679 679 3888 680 801 
17680 3525 2108 1837 1373 
17681 987 3183 988 913 
17682 1343 4137 2101 3528 
17683 3458 2089 1466 446 
17684 987 986 1848 3319 
17685 4091 1848 1455 2099 
17686 3528 1343 4180 3529 
17687 893 2436 2101 1455 
17688 4192 815 1975 1544 
17689 785 3984 852 784 
17690 1544 2102 1975 3369 
17691 2102 1544 4155 3369 
17692 1616 2857 3784 3075 
17693 2443 4192 1808 4161 
17694 2089 3458 3459 446 
17695 1008 4314 2786 1009 
17696 1176 2102 3369 1975 
17697 2554 557 4405 4233 
17698 3264 1930 3971 4233 
17699 895 2378 3628 2546 
17700 1710 3663 1494 3276 
17701 1187 2331 1188 3561 
17702 1863 1187 1188 3561 
17703 2331 1187 1188 1003 
17704 2592 554 489 487 
17705 1613 2326 2330 2332 
17706 2598 3883 482 4384 
17707 1684 705 3174 2051 
17708 906 818 3000 1655 
17709 1199 2051 1939 3820 
17710 533 3060 3331 531 
17711 2919 1011 1630 1199 
17712 1739 3643 2148 4251 
17713 2523 1300 2345 1210 
17714 3766 2523 2345 1210 
17715 3527 1145 4364 2994 
17716 3970 3854 4157 459 
17717 847 1149 2074 3278 
17718 1977 1930 3264 1634 
17719 3332 3060 3331 533 
17720 1804 1537 3446 1208 
17721 3015 1849 1815 1302 
17722 1262 2953 1263 985 
17723 1302 3766 1210 1815 
17724 472 3851 4050 468 
17725 4050 3849 4125 468 
17726 1676 4050 4125 468 
17727 1709 1632 2709 479 
17728 1443 4179 3583 2117 
17729 2017 1445 2161 4000 
17730 2993 4383 4342 1073 
17731 4094 488 489 490 
17732 368 370 3242 2942 
17733 1566 1789 3831 792 
17734 210 209 4296 94 
17735 1150 3706 1601 3914 
17736 3406 3343 3143 1232 
17737 3406 4115 1540 4014 
17738 4063 2603 490 4094 
17739 3406 1995 2744 1235 
17740 488 4063 490 4094 
17741 855 3829 1669 501 
17742 4229 3404 206 2016 
17743 1276 2025 3372 1197 
17744 1090 4212 1736 3731 
17745 2939 3385 1243 3946 
17746 4085 3125 4043 1650 
17747 3021 2760 2902 1240 
17748 3829 3096 1669 501 
17749 2661 543 4223 541 
17750 3096 3829 855 501 
17751 3576 3577 3927 273 
17752 615 596 2543 3768 
17753 1545 2458 1254 2109 
17754 2458 1545 1254 4262 
17755 3021 1240 1238 3743 
17756 4049 3310 484 501 
17757 3310 4049 3096 501 
17758 1291 1489 1867 3128 
17759 509 507 1700 4304 
17760 1265 3755 3710 3619 
17761 1171 2630 1700 1708 
17762 4366 2163 253 85 
17763 1586 3656 801 4391 
17764 2993 3755 3710 1265 
17765 2482 692 3551 1542 
17766 2457 664 1978 1934 
17767 3208 964 962 3209 
17768 2642 2641 2646 523 
17769 736 3297 3815 3969 
17770 2642 2647 1667 2646 
17771 3612 1192 1934 1194 
17772 631 3803 2398 1978 
17773 1937 2499 3698 2497 
17774 523 2642 1667 2646 
17775 3332 3967 3060 534 
17776 1665 3841 3374 1287 
17777 1665 1932 3841 1287 
17778 4102 725 790 1732 
17779 1841 4182 2632 2629 
17780 3908 723 724 2638 
17781 4159 730 747 728 
17782 1790 3718 2855 4046 
17783 1642 2663 2668 537 
17784 2410 595 2411 2412 
17785 2289 2290 2288 335 
17786 3588 1442 2118 4483 
17787 335 2068 355 2288 
17788 3117 1786 3115 4322 
17789 1927 1440 4493 1439 
17790 1642 551 537 2668 
17791 3587 131 4479 3588 
17792 4391 3656 801 3888 
17793 3596 1960 4447 2049 
17794 1391 2751 691 1320 
17795 1489 3527 1513 924 
17796 896 924 850 2756 
17797 959 1173 2365 946 
17798 1624 3971 1879 3449 
17799 2366 2036 1173 1309 
17800 4018 3238 699 4409 
17801 2751 2780 1320 2913 
17802 4247 3326 1315 3512 
17803 2124 4344 239 1403 
17804 1283 3037 3861 3450 
17805 3519 2339 2352 2066 
17806 4127 3426 4092 1493 
17807 1371 99 4222 262 
17808 772 1022 2742 1021 
17809 2691 777 560 567 
17810 3918 3917 2134 1702 
17811 1968 3202 3932 1043 
17812 3315 1335 3545 4355 
17813 1702 84 83 2134 
17814 3043 2048 1334 1963 
17815 3699 1784 4381 3669 
17816 1088 862 943 4062 
17817 4355 2048 1336 1334 
17818 2688 1883 2689 2693 
17819 2581 1701 497 2583 
17820 1644 3737 2090 2211 
17821 2534 2100 2747 1086 
17822 3692 2405 2404 1450 
17823 2405 600 2404 1450 
17824 1467 3692 1659 3922 
17825 2449 2405 3692 1659 
17826 90 2138 1881 4248 
17827 4030 2408 2538 1537 
17828 4011 1790 3292 2855 
17829 2138 3750 1881 1353 
17830 2564 2743 1021 2742 
17831 3417 1376 1375 4380 
17832 96 1375 2151 212 
17833 3544 4440 1361 269 
17834 263 4380 4295 2151 
17835 3008 1383 2041 1384 
17836 1375 3676 212 97 
17837 4492 3676 237 97 
17838 238 4492 98 97 
17839 3587 249 4462 2143 
17840 623 4188 2379 622 
17841 4462 3587 130 4479 
17842 3181 3180 3525 1837 
17843 4173 621 622 4188 
17844 2377 4173 622 4188 
17845 2008 3142 3342 1230 
17846 4382 1398 3514 1862 
17847 1980 3568 1920 1128 
17848 3513 3514 1397 2153 
17849 4459 1368 7 6 
17850 1231 2008 3342 1230 
17851 4371 4432 4450 185 
17852 2375 620 805 1560 
17853 1409 1104 1408 3482 
17854 4294 1408 2140 3482 
17855 2083 3590 1476 1437 
17856 4371 4432 1408 4450 
17857 1335 4355 1334 3545 
17858 1335 1332 1361 3545 
17859 4432 4371 4045 185 
17860 3480 255 2140 3481 
17861 148 4445 2112 4463 
17862 4419 3577 4428 1417 
17863 4487 16 4469 239 
17864 4445 148 2112 3575 
17865 16 1402 4469 239 
17866 225 4445 2112 1419 
17867 1811 1646 3313 3074 
17868 1330 4176 4499 1296 
17869 148 4463 2112 149 
17870 3690 1820 3050 715 
17871 235 1330 3548 1853 
17872 1500 794 2048 3061 
17873 4176 4055 3044 4498 
17874 2490 771 2492 660 
17875 2377 2375 1560 622 
17876 1069 4206 2901 1067 
17877 1553 3274 1529 644 
17878 2421 2419 3778 586 
17879 587 584 586 2420 
17880 3778 1533 586 1430 
17881 3530 3274 3531 644 
17882 2017 1445 4000 251 
17883 2421 2419 586 2420 
17884 1533 2421 586 585 
17885 654 657 655 2484 
17886 2463 3524 1719 1463 
17887 320 3059 360 3057 
17888 4493 1999 1441 3781 
17889 2425 4243 685 2423 
17890 1465 582 1457 2455 
17891 1057 926 3353 1058 
17892 4462 23 4443 1436 
17893 1441 4320 1433 1436 
17894 129 4462 2143 130 
17895 2815 1814 2818 1861 
17896 914 2832 3822 3834 
17897 653 2483 2481 2484 
17898 3652 3703 669 3702 
17899 4041 1643 3437 915 
17900 95 210 94 1385 
17901 3987 3832 3408 916 
17902 62 235 1326 4444 
17903 3697 210 94 209 
17904 944 2618 2616 1747 
17905 659 3038 3608 3690 
17906 666 3652 669 3702 
17907 4176 1330 3550 1296 
17908 2298 2300 3699 1784 
17909 2562 568 702 569 
17910 1091 3659 2063 3393 
17911 210 3697 94 1385 
17912 2276 458 4157 457 
17913 3697 1385 1452 94 
17914 1452 93 4345 94 
17915 3524 2463 1719 3467 
17916 2438 3524 2463 1463 
17917 3095 1088 1653 1298 
17918 3524 2438 1880 1463 
17919 1965 2493 2492 3702 
17920 1713 796 1854 2439 
17921 2438 2435 2439 1854 
17922 3653 1379 1974 1151 
17923 708 3703 750 669 
17924 2114 202 88 203 
17925 2309 679 3655 677 
17926 1717 2810 1474 1070 
17927 755 2617 1747 2657 
17928 3631 612 614 619 
17929 2306 2309 3655 677 
17930 1682 480 2906 3068 
17931 1412 2553 1411 2807 
17932 714 480 2906 1682 
17933 1412 2807 1411 1474 
17934 2309 676 677 2307 
17935 2813 1072 4342 2811 
17936 1277 3574 1069 4051 
17937 1717 2812 2810 2811 
17938 2306 2309 677 2307 
17939 1071 1069 4282 1070 
17940 957 4027 1483 3996 
17941 3887 2719 3867 713 
17942 981 4349 4111 1158 
17943 4111 981 1158 982 
17944 2667 1723 2591 1945 
17945 1706 3887 3867 713 
17946 3836 3954 688 3705 
17947 3723 4170 1620 1031 
17948 1745 3964 3962 2092 
17949 2865 2864 1485 977 
17950 1493 2078 4092 955 
17951 793 4061 1496 955 
17952 3480 1852 3828 1381 
17953 4061 3767 4092 955 
17954 3767 860 4092 955 
17955 4092 2078 3424 955 
17956 3521 1822 4475 4487 
17957 4061 793 3767 955 
17958 271 18 4458 1822 
17959 673 4115 2450 2440 
17960 631 1970 633 2401 
17961 530 535 4134 533 
17962 3857 1203 1202 2060 
17963 725 723 724 3908 
17964 334 3753 710 1614 
17965 2854 1828 1595 1843 
17966 4393 2156 4378 1274 
17967 1121 2963 1843 2962 
17968 4456 1415 36 35 
17969 1080 1121 1843 2962 
17970 1880 2746 1180 2453 
17971 2958 656 3275 1529 
17972 2158 142 4474 3569 
17973 3274 2958 3275 1529 
17974 2160 155 3580 4420 
17975 3623 1448 4438 3622 
17976 642 3530 643 644 
17977 642 3274 644 1529 
17978 3530 645 643 644 
17979 3140 3142 4108 1230 
17980 3406 3143 1540 1232 
17981 3745 569 1579 564 
17982 1476 2083 2065 3386 
17983 3590 4484 4465 1476 
17984 1995 1545 2744 1235 
17985 1708 4104 735 2624 
17986 4014 3406 3143 1540 
17987 1811 3313 1405 3423 
17988 3423 3313 1405 4259 
17989 1198 4014 3143 1540 
17990 1603 3425 240 1400 
17991 1404 2125 1405 4259 
17992 509 3877 4387 4304 
17993 4104 2622 735 2624 
17994 4467 3480 4486 1381 
17995 2960 2768 2961 1251 
17996 224 4424 4318 3 
17997 920 1753 1754 3127 
17998 1573 2464 3487 581 
17999 1551 1454 1573 2464 
18000 984 2952 2792 2791 
18001 1910 3153 1847 1353 
18002 1753 3395 1573 1454 
18003 2014 2012 1562 3624 
18004 3152 3033 3034 1318 
18005 3624 2014 1196 1562 
18006 1193 1126 2987 2978 
18007 3624 3140 4108 1562 
18008 2045 4148 261 3537 
18009 2012 3624 4108 1562 
18010 1654 3266 1480 3463 
18011 3026 3745 1579 4012 
18012 1369 279 4185 1834 
18013 2424 580 581 583 
18014 18 271 4458 19 
18015 3888 3656 801 679 
18016 3915 704 3872 732 
18017 573 3986 2679 3732 
18018 2422 2424 581 583 
18019 2422 584 583 581 
18020 2464 2422 3487 581 
18021 579 2537 580 3487 
18022 3915 1640 704 732 
18023 584 1551 581 2464 
18024 1027 1522 4196 4253 
18025 2559 3565 746 2563 
18026 4438 3623 3622 157 
18027 2559 703 746 745 
18028 3120 3301 756 757 
18029 2205 3695 1142 2203 
18030 1427 46 275 4420 
18031 824 822 823 3102 
18032 2730 1319 754 2621 
18033 4484 3590 4465 168 
18034 2202 833 1584 2203 
18035 2202 2201 833 2203 
18036 332 3753 2291 2349 
18037 2619 4213 754 2621 
18038 2854 1828 358 1595 
18039 752 2619 754 2621 
18040 332 334 333 2291 
18041 2147 4478 4460 190 
18042 1381 76 4486 75 
18043 2619 752 754 753 
18044 191 2169 4460 190 
18045 1434 3453 1887 1432 
18046 3469 4215 1633 201 
18047 200 199 2139 85 
18048 1665 200 3841 86 
18049 2045 1413 1172 3195 
18050 3725 2240 1152 2242 
18051 1394 3337 2764 4117 
18052 389 3635 1780 1606 
18053 389 386 1780 2527 
18054 1377 3411 4380 3363 
18055 2238 1492 2239 2236 
18056 257 2146 4494 281 
18057 803 2729 3045 798 
18058 2234 3638 1524 2236 
18059 4185 2168 4078 1834 
18060 3638 1605 1524 1606 
18061 1834 4078 108 2030 
18062 909 3462 3476 1887 
18063 926 3338 3353 3322 
18064 3986 788 3124 4032 
18065 1522 2509 1617 4156 
18066 1352 265 3404 2016 
18067 1991 233 1590 3672 
18068 4201 92 1468 233 
18069 1157 1991 3166 4147 
18070 4446 4427 2126 154 
18071 1078 4128 3353 4381 
18072 1627 2303 1144 1628 
18073 1075 3755 1265 1422 
18074 2303 1627 2302 1628 
18075 244 3620 4446 2126 
18076 676 354 677 2307 
18077 354 3816 2302 2305 
18078 4467 3480 187 4486 
18079 1057 926 919 4290 
18080 4432 73 1408 4450 
18081 3511 266 2148 4251 
18082 2303 1144 919 4290 
18083 1985 4212 3383 1966 
18084 420 2967 3443 1639 
18085 2900 2999 1876 2995 
18086 1078 1058 3353 4128 
18087 4075 898 1163 1730 
18088 803 3488 993 3045 
18089 2892 2840 3820 1329 
18090 1662 4379 1663 246 
18091 2754 2180 776 2178 
18092 4209 3662 1730 4075 
18093 2531 2787 288 286 
18094 2091 3290 1929 440 
18095 3662 4075 1163 1730 
18096 2444 290 2461 291 
18097 1929 3975 304 302 
18098 898 4075 437 1730 
18099 305 2337 303 2351 
18100 299 301 2340 3797 
18101 3125 3833 4043 1650 
18102 3373 4256 1513 4364 
18103 1904 2809 365 3586 
18104 2465 2064 2184 3529 
18105 1518 3466 1958 2896 
18106 3832 2817 1059 968 
18107 3832 2821 916 1059 
18108 4360 356 3838 311 
18109 1926 2746 2896 1958 
18110 1514 3373 2738 787 
18111 1926 2746 3016 2896 
18112 1489 1145 1513 3527 
18113 1926 3016 1518 2896 
18114 4258 2139 85 1672 
18115 197 3802 2164 256 
18116 304 2801 306 305 
18117 2936 818 841 4194 
18118 84 4258 85 1672 
18119 1464 3131 316 1589 
18120 2542 3816 322 354 
18121 320 318 3093 319 
18122 3093 3910 3058 319 
18123 3400 3733 256 2164 
18124 321 3910 322 319 
18125 1672 3400 256 3465 
18126 3400 1685 1672 256 
18127 3255 1121 1122 3254 
18128 3909 2636 1683 2639 
18129 1752 4042 1681 3067 
18130 1595 2856 1843 710 
18131 2284 1618 3025 695 
18132 3065 705 779 2892 
18133 2839 3065 779 2892 
18134 2051 2892 3820 1329 
18135 3836 2361 2354 1873 
18136 4074 549 550 548 
18137 2986 3363 1472 3364 
18138 3789 2303 919 4290 
18139 354 2304 2302 1628 
18140 1510 1189 2781 900 
18141 3307 4034 4067 974 
18142 3887 1706 492 713 
18143 3084 1577 1902 410 
18144 1814 2815 1705 713 
18145 1905 4280 3611 4279 
18146 494 1705 498 2585 
18147 2177 819 2178 2176 
18148 497 499 2582 498 
18149 3708 731 1592 866 
18150 384 2245 385 3639 
18151 2582 497 498 2585 
18152 387 1270 1582 3913 
18153 3829 1167 3252 2929 
18154 3824 388 1648 391 
18155 819 2177 820 2176 
18156 819 3502 2176 900 
18157 1481 3835 2232 1782 
18158 3497 1189 2781 3498 
18159 958 4312 3405 845 
18160 3741 2986 1472 3364 
18161 1726 1174 1727 2596 
18162 1726 485 2596 1727 
18163 398 4132 2532 401 
18164 1635 2655 1898 1636 
18165 3414 409 1050 3415 
18166 4499 3389 4024 1362 
18167 423 3241 2967 437 
18168 2664 1838 2656 1738 
18169 1002 898 2503 3602 
18170 3241 4209 437 4075 
18171 4289 3444 416 3443 
18172 437 4209 1639 1730 
18173 1049 1838 2664 1738 
18174 434 3777 438 435 
18175 3285 1183 2107 1348 
18176 1148 3662 3171 2862 
18177 3791 2697 2654 1185 
18178 2028 4504 3281 3375 
18179 2185 444 4175 442 
18180 819 3502 2178 2176 
18181 2697 2653 2654 1185 
18182 3554 1134 908 1003 
18183 1826 1508 3520 3936 
18184 4203 1987 2064 1133 
18185 3124 1090 3089 3237 
18186 1767 3136 2934 1802 
18187 1429 2526 2177 775 
18188 4467 3480 255 2140 
18189 1409 2073 3429 3481 
18190 1503 1786 1048 3115 
18191 2526 2179 2177 775 
18192 2180 1523 1015 776 
18193 3049 3671 3166 1590 
18194 3828 1223 3009 2173 
18195 983 1223 2175 1469 
18196 3939 1690 3938 245 
18197 480 496 495 3855 
18198 194 81 245 3937 
18199 1979 2614 1857 2660 
18200 1676 3852 4125 4050 
18201 4368 2069 926 856 
18202 2749 463 464 1680 
18203 2905 714 2980 1680 
18204 3949 3840 4164 471 
18205 3950 474 3949 2607 
18206 474 3948 3949 2607 
18207 3937 3939 3938 245 
18208 3266 3267 966 3251 
18209 486 2600 484 4197 
18210 2600 485 4384 2596 
18211 4291 3377 3982 1923 
18212 485 4124 486 487 
18213 4124 2592 4094 487 
18214 4124 488 486 487 
18215 3829 4049 1669 3096 
18216 3560 4116 4265 1771 
18217 2587 491 493 2588 
18218 558 3904 3903 2583 
18219 1885 2028 3281 3375 
18220 2070 1701 2583 558 
18221 3266 3250 966 1480 
18222 3901 2034 1725 3900 
18223 2589 491 1724 2587 
18224 1057 1144 3699 4290 
18225 3557 1794 1771 3560 
18226 1657 2949 4122 841 
18227 2224 2532 399 3682 
18228 752 2620 751 753 
18229 1611 2226 399 3682 
18230 3070 3167 503 3168 
18231 1649 711 2727 2725 
18232 3909 3879 519 4017 
18233 3865 2653 1799 2649 
18234 2225 2224 1568 1733 
18235 3682 1611 396 399 
18236 398 3682 396 399 
18237 533 3060 531 534 
18238 769 3334 797 768 
18239 1756 3935 886 4353 
18240 3935 3934 886 4353 
18241 4036 3222 886 4353 
18242 3222 4036 886 951 
18243 535 530 4081 1615 
18244 1336 1811 897 3074 
18245 535 2931 1615 4081 
18246 1207 4088 1815 1210 
18247 2641 2642 712 523 
18248 601 2388 2362 3641 
18249 565 546 545 4193 
18250 601 2388 3641 2406 
18251 540 541 4043 1650 
18252 3073 1336 897 3074 
18253 4223 4085 545 3366 
18254 4140 1804 3446 3303 
18255 543 4223 541 545 
18256 3073 1500 897 1336 
18257 3422 1514 566 770 
18258 430 3348 3997 429 
18259 2567 1629 2565 2566 
18260 601 2406 3641 707 
18261 2568 562 4100 550 
18262 1849 3015 3641 2362 
18263 563 4060 2772 4100 
18264 1302 3015 3766 1815 
18265 4107 574 3825 4218 
18266 3015 4140 1815 3641 
18267 4140 1815 3641 707 
18268 285 1137 283 3485 
18269 1211 2046 4244 1367 
18270 103 219 2136 1884 
18271 4165 3778 2544 1430 
18272 2419 587 588 586 
18273 3789 3338 919 3790 
18274 601 599 2406 707 
18275 4088 4140 1207 1815 
18276 593 595 2411 594 
18277 3776 591 2415 2448 
18278 596 595 594 2411 
18279 2413 593 2411 594 
18280 4071 1426 3773 4029 
18281 609 3994 607 608 
18282 3015 4140 4088 1815 
18283 1508 1217 1826 3272 
18284 1134 3554 3936 2335 
18285 4391 3888 801 4053 
18286 238 4080 2120 1373 
18287 2883 2898 1092 2882 
18288 1380 2120 3526 1373 
18289 3626 4236 3625 4491 
18290 628 626 2389 2386 
18291 1896 1905 625 4202 
18292 626 2383 624 2384 
18293 634 2402 2731 3603 
18294 3539 2798 366 2948 
18295 1905 664 627 4279 
18296 2914 2898 3625 4491 
18297 3651 4306 3526 2011 
18298 1380 238 2120 1373 
18299 3338 3789 919 4290 
18300 926 3338 919 4290 
18301 650 2479 652 651 
18302 2059 893 2436 2101 
18303 2059 1343 2101 3528 
18304 1075 1074 2871 1076 
18305 4504 217 3430 4087 
18306 778 3770 4312 845 
18307 3729 2909 2907 930 
18308 771 2490 1350 1994 
18309 4137 3786 1848 3319 
18310 890 2909 3729 930 
18311 2487 665 1994 658 
18312 4014 1198 1197 1540 
18313 2982 958 901 1483 
18314 1995 4115 673 1540 
18315 3796 250 2096 1293 
18316 2985 3048 1151 941 
18317 2122 4426 173 4444 
18318 1426 1569 594 3773 
18319 591 684 616 3776 
18320 1533 4165 4199 1139 
18321 4165 1533 3778 1430 
18322 3049 3048 941 3088 
18323 3048 821 941 3088 
18324 2281 342 340 341 
18325 337 1618 2284 339 
18326 2736 2782 2783 1777 
18327 3338 4368 856 3790 
18328 2278 342 341 343 
18329 926 4368 856 3338 
18330 2782 777 1777 2736 
18331 3076 1838 3791 2664 
18332 1946 4399 3749 203 
18333 2696 3862 537 2668 
18334 1883 2779 3885 1931 
18335 3191 1855 1892 4234 
18336 717 1110 718 4238 
18337 1475 1984 2897 2976 
18338 1855 3191 1892 1066 
18339 3165 1679 4070 1678 
18340 1110 1475 3283 1111 
18341 4044 727 725 723 
18342 1731 3161 857 790 
18343 2722 1732 3941 2970 
18344 3960 3228 3226 867 
18345 888 3960 3226 867 
18346 1841 4182 1842 1064 
18347 2531 2751 1390 691 
18348 1014 742 4502 1535 
18349 3301 741 756 742 
18350 2447 689 4243 685 
18351 3703 2498 750 2496 
18352 708 2498 750 3703 
18353 1530 2498 750 708 
18354 1530 1937 750 2498 
18355 2180 2754 776 1015 
18356 2729 2512 2803 766 
18357 3931 953 3218 4267 
18358 3123 1435 2104 3121 
18359 3357 1410 4334 1914 
18360 4382 3775 3008 1384 
18361 763 3288 762 761 
18362 2128 216 3430 1367 
18363 1629 3736 2565 772 
18364 2920 1063 2041 1383 
18365 1410 4432 4045 2129 
18366 1629 2567 2565 3736 
18367 3935 1756 886 875 
18368 3934 3935 886 875 
18369 4160 3235 4356 1925 
18370 1211 2028 4244 3281 
18371 3208 962 3210 3209 
18372 3222 3988 3221 1307 
18373 3409 961 3210 963 
18374 3043 794 3041 3061 
18375 1500 3073 2048 1336 
18376 4498 1333 1963 1331 
18377 3640 1561 1556 1560 
18378 2070 1099 1791 3905 
18379 4162 1724 1791 3903 
18380 2549 2551 2550 605 
18381 3236 1258 2170 2172 
18382 1556 895 2376 1560 
18383 1809 617 2371 613 
18384 3137 877 878 3517 
18385 2108 3525 3190 1372 
18386 530 528 4081 1615 
18387 1585 816 3863 2027 
18388 2031 4325 108 1835 
18389 3208 3206 3212 1095 
18390 2930 816 3006 2931 
18391 1096 964 1095 3206 
18392 3381 3466 4158 1997 
18393 2312 2314 2313 1766 
18394 1099 1096 1095 3206 
18395 4047 315 4086 3798 
18396 3579 309 4360 311 
18397 356 4360 2328 311 
18398 4158 1170 4323 1997 
18399 291 2444 3507 2461 
18400 896 3503 1359 924 
18401 2035 681 4348 3507 
18402 2394 447 1944 294 
18403 774 3137 878 3517 
18404 1713 2510 2453 1180 
18405 1377 1376 1472 3363 
18406 1013 2889 2040 3137 
18407 898 1002 814 3602 
18408 3469 277 1633 1986 
18409 2953 2955 985 2954 
18410 2510 2746 2453 1180 
18411 3308 1083 974 4067 
18412 3791 1943 3792 2697 
18413 1842 1225 1969 4359 
18414 2716 1184 871 3891 
18415 2784 1182 1793 1117 
18416 945 1214 3808 1182 
18417 4181 945 2965 4391 
18418 1214 1781 3808 1182 
18419 3307 3308 974 4067 
18420 1327 1918 3322 3321 
18421 4053 3790 801 856 
18422 1013 3137 2040 878 
18423 216 4504 3430 1367 
18424 2955 3134 985 2954 
18425 3092 1792 1029 3091 
18426 3049 2985 1590 941 
18427 2234 697 698 764 
18428 698 2230 2233 3770 
18429 2922 2900 1908 1201 
18430 3590 2083 3386 4264 
18431 4173 3626 621 4188 
18432 2237 975 976 904 
18433 3137 774 878 3341 
18434 4276 783 740 3080 
18435 3981 4041 3080 883 
18436 969 1935 1631 3869 
18437 3437 915 1109 3987 
18438 1013 3137 878 3341 
18439 1959 409 3415 1631 
18440 2215 2213 1576 682 
18441 3816 1627 2302 2301 
18442 1225 1842 2629 4359 
18443 3099 824 1029 996 
18444 678 2311 2309 2700 
18445 3091 1792 1029 1741 
18446 1079 3092 1792 1029 
18447 2930 1781 2858 3072 
18448 1937 1531 1141 3698 
18449 1985 1966 3383 1263 
18450 965 3030 3889 3666 
18451 837 2861 835 836 
18452 433 430 1478 3347 
18453 2955 1264 4168 1263 
18454 4168 1264 1985 1263 
18455 3382 1262 1263 1972 
18456 1305 1107 2494 1328 
18457 774 1013 878 3341 
18458 1311 2106 2370 1309 
18459 1311 2372 2106 1809 
18460 2144 136 4417 3553 
18461 1617 1124 4095 1208 
18462 1101 1772 2000 3231 
18463 1261 2848 1637 1006 
18464 2850 1006 1007 1637 
18465 3799 3247 4358 2024 
18466 3832 2817 968 2819 
18467 2821 1770 1059 2816 
18468 970 2823 1175 2822 
18469 3799 1552 3247 2024 
18470 3681 2240 979 3725 
18471 4155 683 4224 2508 
18472 3247 2014 2024 1196 
18473 978 3681 2865 2329 
18474 257 104 4494 4288 
18475 4138 271 4216 3253 
18476 741 879 3116 3118 
18477 1448 2014 2024 3247 
18478 290 288 2461 289 
18479 900 2174 1010 2781 
18480 3230 3231 889 2000 
18481 3081 770 831 894 
18482 2850 2848 1637 2851 
18483 888 3227 889 3226 
18484 2326 1613 2330 1956 
18485 1863 2323 1188 1499 
18486 1188 2325 1956 1499 
18487 3227 3228 889 3226 
18488 3018 3016 1719 3467 
18489 4087 4504 3375 3430 
18490 2290 3701 3691 355 
18491 1526 1465 1785 2429 
18492 3598 2732 1025 589 
18493 1080 3362 1081 1026 
18494 3598 2732 4253 1025 
18495 1027 1522 4253 1025 
18496 590 2416 2414 1521 
18497 100 216 1367 101 
18498 216 101 4504 1367 
18499 1454 1551 3413 2464 
18500 1222 1258 1010 2172 
18501 972 3004 911 3677 
18502 1270 1640 3913 2057 
18503 1035 3156 3159 4021 
18504 1429 2526 4076 2177 
18505 983 2175 820 1469 
18506 4346 1047 3148 3111 
18507 2097 1872 4449 11 
18508 26 1442 4466 231 
18509 1047 3148 3113 1048 
18510 1883 3885 1094 1931 
18511 717 716 2686 718 
18512 4481 274 2159 4482 
18513 3472 2713 3470 817 
18514 1528 2226 2227 1733 
18515 1069 4206 4051 2901 
18516 3590 2083 1476 3386 
18517 2287 337 335 2286 
18518 1298 1278 355 3685 
18519 2980 714 3067 1752 
18520 3090 1138 1754 1604 
18521 1753 1454 1081 4114 
18522 332 331 330 2293 
18523 1025 4253 1026 4328 
18524 4253 3362 1026 4328 
18525 4038 3942 2609 1062 
18526 4344 2124 4006 1403 
18527 3942 4038 1756 1062 
18528 3464 1654 1403 1402 
18529 1654 4006 1403 2079 
18530 3475 1324 1403 2079 
18531 1756 4038 2052 1062 
18532 1734 1750 3919 1164 
18533 4357 1720 1921 1886 
18534 3769 1836 1102 1886 
18535 4025 2545 347 3874 
18536 851 1481 4330 933 
18537 1298 3686 3685 3691 
18538 1643 3981 883 3738 
18539 2914 1866 4491 3627 
18540 1190 2610 3944 2613 
18541 3961 3590 1476 3386 
18542 4280 1905 625 627 
18543 1550 2251 2250 2249 
18544 4173 620 621 618 
18545 1080 3362 3254 2962 
18546 671 605 828 2550 
18547 3604 672 1617 1769 
18548 2436 4091 1455 3600 
18549 1072 1074 2813 1073 
18550 2969 1478 3347 3346 
18551 1583 3332 533 534 
18552 3576 1418 3573 1419 
18553 147 4445 3575 148 
18554 1145 3081 3422 2994 
18555 2813 2993 4342 1073 
18556 1072 2813 4342 1073 
18557 1432 1431 2123 236 
18558 1973 3186 989 1119 
18559 1320 1391 3036 1084 
18560 2001 1432 2123 236 
18561 2001 3453 2123 1432 
18562 2644 2618 944 751 
18563 1090 1157 1089 3731 
18564 3048 2985 3049 941 
18565 2985 1974 3671 1590 
18566 1090 4212 3237 1985 
18567 3387 1431 4083 4389 
18568 4212 1985 1736 1966 
18569 2828 939 2029 2829 
18570 3813 2928 3814 1953 
18571 2820 2823 3813 1273 
18572 2826 1272 1168 1953 
18573 3843 4278 2134 1702 
18574 2618 2644 944 4048 
18575 810 2765 4394 2517 
18576 2007 82 83 196 
18577 1713 1880 1180 2453 
18578 2512 2454 1658 2511 
18579 1394 1509 4117 1395 
18580 3541 1200 1394 1395 
18581 1702 3843 253 2134 
18582 3843 4366 253 2134 
18583 888 3224 1307 1100 
18584 4069 4048 2616 1857 
18585 3307 1391 974 1084 
18586 4397 755 3960 2657 
18587 1391 3307 3036 1084 
18588 4 2 2145 193 
18589 1745 80 2110 226 
18590 3208 964 3206 1095 
18591 2904 1270 4392 1268 
18592 226 194 2110 3955 
18593 3212 3206 3905 1095 
18594 3824 2884 2983 391 
18595 4184 1016 1015 1348 
18596 1852 1409 255 3481 
18597 4297 774 3517 3341 
18598 30 252 4417 2013 
18599 1233 3345 1234 1232 
18600 3593 1236 1237 3435 
18601 2939 3946 1243 2761 
18602 252 2144 4417 3553 
18603 2773 1484 1483 1989 
18604 3206 1099 3905 1095 
18605 649 2773 2770 2547 
18606 3477 2259 2554 1626 
18607 4454 1341 4436 3564 
18608 2889 2040 2920 2877 
18609 430 433 432 3351 
18610 1140 4305 1758 3346 
18611 3458 2089 3459 2863 
18612 3553 252 4351 4378 
18613 956 1127 2836 932 
18614 2259 455 1626 454 
18615 557 3477 1879 1930 
18616 2257 1020 1626 1106 
18617 3391 2018 1340 4128 
18618 1984 2872 1793 1117 
18619 2296 2298 3669 363 
18620 2290 335 355 2288 
18621 1599 2290 355 3701 
18622 184 4432 4045 185 
18623 2762 2520 1012 2735 
18624 2179 2177 775 2178 
18625 983 820 2176 900 
18626 4313 3763 937 3540 
18627 1209 1280 3728 2043 
18628 342 2281 1967 2341 
18629 2872 2784 1793 1117 
18630 181 2153 182 4452 
18631 2872 1984 2897 1117 
18632 3631 3630 619 614 
18633 2372 805 1311 2403 
18634 2945 371 693 2943 
18635 2784 2872 2897 1117 
18636 782 2369 613 2371 
18637 441 3777 2189 2191 
18638 2399 617 618 4089 
18639 992 3046 3045 3149 
18640 2190 441 2189 2191 
18641 760 4502 757 1535 
18642 1360 4138 3452 3253 
18643 1643 1644 3737 1571 
18644 403 2218 404 2219 
18645 2090 2213 1576 1153 
18646 3040 661 1891 1820 
18647 1751 2644 944 751 
18648 1916 2210 2211 1153 
18649 2188 1473 2186 2187 
18650 1473 2188 2186 2059 
18651 1129 3129 3757 3734 
18652 3099 3092 3100 996 
18653 3667 3706 1601 1600 
18654 2221 403 2222 2219 
18655 3079 3365 3031 1609 
18656 3667 555 1600 1601 
18657 696 3679 2231 2228 
18658 3770 778 2327 2233 
18659 573 821 1601 2679 
18660 2105 3494 1663 4347 
18661 903 2235 2327 764 
18662 2013 30 4436 4417 
18663 4170 903 3756 2327 
18664 1387 3189 3661 3660 
18665 3986 573 2679 821 
18666 93 209 94 2121 
18667 1152 2240 2241 2242 
18668 263 3411 1377 1378 
18669 1378 1451 4296 4200 
18670 2188 1473 2187 2189 
18671 983 1222 1010 2172 
18672 877 2526 773 3517 
18673 1600 3706 1601 1150 
18674 3497 1388 1988 3506 
18675 2644 1751 944 4048 
18676 4415 241 1399 13 
18677 118 4415 3518 4433 
18678 4415 1399 3518 4433 
18679 1063 1104 3357 1914 
18680 2966 3241 423 814 
18681 1228 2673 3397 999 
18682 3931 887 3985 3218 
18683 891 2615 1747 1191 
18684 3008 2920 2041 1383 
18685 1839 3708 2253 1592 
18686 1803 2251 1592 2253 
18687 274 1423 1422 3618 
18688 2254 1803 2255 2253 
18689 4118 2883 1077 2981 
18690 2916 1116 2926 2924 
18691 1071 1072 4342 1073 
18692 1074 1072 2813 1787 
18693 3708 2270 1839 2253 
18694 4083 128 127 4425 
18695 2254 1803 2253 2252 
18696 3046 992 2868 1406 
18697 1228 3396 3397 2673 
18698 1602 450 2263 2264 
18699 1443 232 1444 2117 
18700 1651 2821 916 3408 
18701 4207 1244 3584 2038 
18702 2161 1445 2038 3583 
18703 588 590 2417 591 
18704 3340 3071 506 3892 
18705 346 2274 2272 2275 
18706 2977 1475 3283 3284 
18707 3395 1454 4114 3413 
18708 684 4093 616 3776 
18709 584 587 1551 2420 
18710 2416 590 589 1521 
18711 582 2455 2428 3591 
18712 942 862 4062 943 
18713 3953 3670 2525 1149 
18714 362 2342 2280 2341 
18715 2342 362 2280 344 
18716 2056 827 2528 1578 
18717 345 3874 2277 3727 
18718 4338 760 2433 1806 
18719 2430 4335 1465 1461 
18720 1704 3993 3727 2525 
18721 4264 4015 1249 3386 
18722 4448 3961 4465 1476 
18723 232 3961 4448 1476 
18724 3279 3280 3187 1183 
18725 3385 4015 1246 3947 
18726 3385 1796 1249 3386 
18727 1486 1487 977 4375 
18728 2169 2147 2170 1351 
18729 2856 1894 710 3746 
18730 2821 1651 3407 3408 
18731 678 2311 2310 2309 
18732 678 1729 676 2310 
18733 2328 309 3923 1498 
18734 356 309 2328 1498 
18735 309 3923 1498 307 
18736 799 804 2515 808 
18737 2515 804 2517 809 
18738 1509 3337 1394 4117 
18739 810 2774 2517 4394 
18740 2309 678 676 2310 
18741 918 2199 1023 2197 
18742 4154 2152 264 1385 
18743 2307 676 322 3801 
18744 2542 2307 322 3801 
18745 2436 2059 2101 3528 
18746 3998 719 2506 3759 
18747 2752 744 3759 767 
18748 783 4303 3407 3408 
18749 1937 2498 2499 2497 
18750 1949 2089 2863 3459 
18751 1511 3910 322 3801 
18752 318 316 3094 3130 
18753 318 3093 319 317 
18754 3609 1543 3897 2060 
18755 1507 3538 3020 2547 
18756 1511 3910 4010 319 
18757 305 307 3380 306 
18758 2100 3609 1202 1543 
18759 642 656 2958 1529 
18760 2058 1888 1529 3275 
18761 364 4396 308 306 
18762 308 307 306 3380 
18763 2337 694 2332 3782 
18764 2801 2337 3782 305 
18765 4096 1275 3542 3451 
18766 2020 1118 1564 3412 
18767 3473 3251 812 966 
18768 1192 3612 2988 1194 
18769 2812 1575 3082 1787 
18770 2870 2812 3082 1787 
18771 3632 1797 1818 1186 
18772 2054 1613 2330 2332 
18773 1300 2345 2087 2343 
18774 362 2043 2087 2343 
18775 2304 1628 677 680 
18776 2342 362 2087 2343 
18777 3656 4181 4391 1586 
18778 772 2564 1021 2742 
18779 3141 1194 3372 1197 
18780 1198 1195 3141 1197 
18781 4014 1198 3141 1197 
18782 2562 568 569 3745 
18783 2370 2366 3707 1309 
18784 1935 2824 3869 1175 
18785 1310 1710 1494 3276 
18786 846 2795 2796 2794 
18787 2282 695 3025 3649 
18788 846 959 2794 946 
18789 870 2843 2841 1103 
18790 3880 1674 2852 559 
18791 3010 3448 869 3812 
18792 474 475 3949 471 
18793 2839 1354 2840 1329 
18794 2919 2842 1011 1199 
18795 2833 932 2836 3771 
18796 3447 1624 3011 1623 
18797 1192 3612 1934 3610 
18798 4257 1823 1106 1879 
18799 2848 2850 1637 1006 
18800 3616 947 946 2363 
18801 1308 947 2348 2363 
18802 3499 4270 3501 1884 
18803 2186 1473 1947 2187 
18804 2457 664 1934 4365 
18805 2375 620 1560 622 
18806 3640 1556 2376 1560 
18807 602 2388 2404 2387 
18808 1482 3473 812 966 
18809 1206 3260 1205 3303 
18810 2457 2391 2398 629 
18811 1130 1961 2957 1131 
18812 838 3489 3490 1501 
18813 631 1970 3803 1978 
18814 465 466 4376 3848 
18815 1680 3852 2992 4125 
18816 2850 1006 2847 1007 
18817 1939 2051 3174 4241 
18818 3948 2611 473 4315 
18819 1685 1687 3193 3311 
18820 3733 3400 1685 3193 
18821 3400 1672 1219 3465 
18822 1687 1685 3193 1686 
18823 4314 1008 3894 4408 
18824 1732 2678 795 2722 
18825 3516 1371 4222 262 
18826 2193 826 2192 2191 
18827 2193 826 1696 1052 
18828 1266 2556 2081 3693 
18829 3002 3391 1340 4128 
18830 892 2190 2192 2191 
18831 3202 3200 1919 3201 
18832 943 3392 3391 1216 
18833 3203 3202 1919 3201 
18834 615 598 596 3768 
18835 4105 1913 1703 1098 
18836 615 2449 3768 3929 
18837 2543 596 2409 3768 
18838 3843 2163 253 4366 
18839 2405 598 2407 600 
18840 2075 3002 1340 1078 
18841 1459 1718 1460 3410 
18842 579 1573 3487 581 
18843 1371 214 4222 99 
18844 3018 3467 361 4037 
18845 318 3059 3093 3094 
18846 2350 2805 1279 3001 
18847 587 802 4369 2418 
18848 2312 1729 1512 1766 
18849 2075 2350 3001 3002 
18850 3774 3146 839 4120 
18851 827 2314 3798 1766 
18852 1045 1779 1766 2313 
18853 3894 858 2734 1714 
18854 2864 4375 977 2778 
18855 2296 1982 1903 363 
18856 1371 3516 4222 214 
18857 734 3340 506 3892 
18858 2644 2620 2618 751 
18859 2625 865 2624 1831 
18860 1517 2427 2425 2426 
18861 4050 472 2660 4414 
18862 626 624 625 2384 
18863 2916 3627 3245 1221 
18864 2442 1896 625 4202 
18865 3070 496 503 504 
18866 2287 2289 335 336 
18867 1621 1602 2266 3827 
18868 4357 934 4183 1886 
18869 1762 2267 2269 2268 
18870 1156 1762 2269 1061 
18871 397 4018 699 4409 
18872 2708 1061 2269 4183 
18873 2793 837 2862 1773 
18874 3737 2216 4285 1571 
18875 1009 1685 1219 3311 
18876 3137 2889 2040 2920 
18877 2384 624 625 2442 
18878 623 1896 625 2442 
18879 680 3790 856 801 
18880 4374 4273 3606 4502 
18881 1454 4328 4114 3413 
18882 1551 584 2420 2464 
18883 2303 2304 3789 1628 
18884 584 2422 2420 2464 
18885 579 580 581 3487 
18886 1819 760 2433 2456 
18887 2452 4374 2429 1014 
18888 830 923 2918 3022 
18889 1817 1907 3023 3129 
18890 913 3181 988 1837 
18891 3024 2791 1714 3894 
18892 2806 3292 358 2855 
18893 3181 2108 988 1837 
18894 1000 3396 3234 3397 
18895 3385 4015 1249 1246 
18896 2296 329 2294 2297 
18897 1587 1790 358 3292 
18898 1248 4015 1246 1249 
18899 2270 3708 1839 866 
18900 3264 3318 1634 4233 
18901 748 3438 3397 4098 
18902 1030 2256 1085 1020 
18903 1000 3234 4098 3397 
18904 2273 1019 4190 1593 
18905 4504 216 3430 217 
18906 3376 4269 1260 4270 
18907 1181 1850 3853 1889 
18908 2582 499 2580 498 
18909 1581 3601 2495 2497 
18910 2494 1107 3817 2503 
18911 2581 2579 1889 2671 
18912 3376 4270 1260 4339 
18913 1544 4192 4155 3369 
18914 1861 2815 3867 2818 
18915 2823 1272 3813 1273 
18916 1159 3087 3262 3263 
18917 2815 1814 1861 713 
18918 2095 3376 1260 4339 
18919 1864 1159 3262 3361 
18920 4247 254 3512 1315 
18921 3585 4407 365 1955 
18922 1159 3263 3361 1158 
18923 1259 3376 1260 2095 
18924 1652 3499 3501 1884 
18925 3337 1509 4171 4117 
18926 2025 4115 673 2519 
18927 1970 2025 673 2519 
18928 841 1154 2788 4122 
18929 3076 4058 1271 2695 
18930 3803 631 2398 2401 
18931 4008 1943 1271 2002 
18932 2289 334 3753 2291 
18933 1298 3685 355 3691 
18934 1943 4008 1271 3076 
18935 631 2400 2398 2401 
18936 1948 1143 2206 2205 
18937 1204 3748 1950 1928 
18938 596 595 2409 597 
18939 1355 3030 965 3666 
18940 965 1355 3666 1356 
18941 965 884 935 3889 
18942 1943 1838 3076 1271 
18943 1143 1948 2206 1356 
18944 1905 1221 1942 3245 
18945 1194 1276 1934 4398 
18946 370 3668 4235 3242 
18947 370 1572 4235 3668 
18948 2210 1916 965 1356 
18949 1085 1030 1789 2541 
18950 2213 2212 1576 1153 
18951 2212 2213 2211 1153 
18952 2256 1030 1085 2541 
18953 3587 4311 1438 1439 
18954 249 4320 4310 1441 
18955 1789 4286 2541 1572 
18956 1927 1594 1999 4493 
18957 1187 1863 3556 3561 
18958 1030 1789 2541 1572 
18959 1794 1825 4103 3556 
18960 1838 1049 3076 1271 
18961 3335 769 4301 3562 
18962 2553 829 2775 2552 
18963 2472 1899 1282 2761 
18964 443 3458 1466 446 
18965 671 2551 2550 2552 
18966 3646 828 1450 2550 
18967 26 27 231 4466 
18968 1899 1242 1282 2761 
18969 3704 2472 1282 2761 
18970 3565 785 784 3984 
18971 1440 4322 3589 1749 
18972 3109 1764 3107 1087 
18973 230 32 4472 2088 
18974 1303 2356 2354 1912 
18975 569 2562 2560 2561 
18976 3780 4005 1312 1895 
18977 703 569 2560 2561 
18978 648 2476 647 2475 
18979 1253 2960 1293 2997 
18980 3472 2713 817 570 
18981 3318 4405 1634 4233 
18982 1993 1992 3261 1691 
18983 4264 2083 1546 2096 
18984 3399 1248 1546 4015 
18985 1869 3966 3243 4101 
18986 2345 2344 2346 1304 
18987 189 4478 3468 2147 
18988 1258 1222 2170 2172 
18989 1852 2073 3481 3009 
18990 1223 1852 3828 3009 
18991 2344 2345 2087 1304 
18992 1424 251 2132 4453 
18993 2344 3670 2346 1304 
18994 2028 1211 4244 1367 
18995 2026 227 1633 4215 
18996 1966 1588 3441 1972 
18997 968 3832 916 1059 
18998 1705 2815 2814 713 
18999 3024 1783 2026 1227 
19000 939 2829 1890 2029 
19001 700 397 3302 4018 
19002 397 4283 4409 3683 
19003 2815 2719 2814 713 
19004 2600 485 2596 2594 
19005 1316 1284 3861 1315 
19006 1646 1811 1336 3074 
19007 1500 719 3998 897 
19008 3073 3062 2048 1336 
19009 2601 2598 4227 481 
19010 1727 485 2596 4384 
19011 3326 1316 3861 1315 
19012 474 3948 2607 473 
19013 2444 293 292 291 
19014 1897 2608 473 1722 
19015 1022 2893 2742 1021 
19016 473 2608 2607 1722 
19017 1112 4038 2052 1756 
19018 2604 474 2607 1722 
19019 733 477 2604 1722 
19020 3711 1024 2081 1580 
19021 1584 417 421 3696 
19022 3525 4080 3190 1372 
19023 1844 3312 4069 4048 
19024 1547 439 3456 1466 
19025 3964 3216 3217 1746 
19026 887 4036 3985 3218 
19027 3217 3216 3215 1746 
19028 4503 1924 2092 954 
19029 832 574 4218 3825 
19030 3382 2114 1972 3441 
19031 2531 1390 2780 3486 
19032 3323 3324 2098 3643 
19033 3327 282 4221 3336 
19034 3975 1929 440 302 
19035 279 1368 1369 3483 
19036 2644 1751 734 751 
19037 331 332 2291 2293 
19038 3469 277 3445 2114 
19039 2618 753 944 751 
19040 2086 1228 2673 3921 
19041 2125 3425 4205 240 
19042 3390 1294 3388 4354 
19043 3425 2125 3423 240 
19044 1225 1171 1831 2627 
19045 1228 2086 2673 1969 
19046 268 2153 1397 1862 
19047 3398 1842 1969 4359 
19048 4339 4504 4087 1856 
19049 3921 1228 2673 3396 
19050 2743 2894 1712 1021 
19051 507 3428 3427 3173 
19052 1852 3480 255 1381 
19053 4044 723 3908 3881 
19054 2642 712 3881 2640 
19055 3865 2648 1675 3999 
19056 723 722 724 2638 
19057 4423 2031 4441 4325 
19058 2171 1222 2170 1351 
19059 1294 3390 1870 4354 
19060 1294 1295 3388 1296 
19061 2432 4386 3421 4497 
19062 1629 1734 1032 3736 
19063 3734 1129 1920 3757 
19064 139 4454 2115 4472 
19065 35 34 4474 272 
19066 2692 3978 1032 3724 
19067 140 4490 4472 3567 
19068 3978 1033 1032 3724 
19069 2004 2171 267 1351 
19070 2031 79 4441 280 
19071 109 2168 110 4442 
19072 1962 78 280 4441 
19073 1845 2653 2654 2651 
19074 3200 1041 3198 1043 
19075 775 2177 819 2178 
19076 2465 2182 1666 3509 
19077 2465 4203 4260 1987 
19078 1185 2653 2654 1845 
19079 3440 2991 1359 3454 
19080 1358 3440 1359 3454 
19081 4467 186 187 2140 
19082 1358 1314 3454 1359 
19083 429 1504 3721 1505 
19084 2193 826 1505 1696 
19085 1141 1937 2497 1581 
19086 431 3997 2524 1505 
19087 2618 2617 2616 1747 
19088 1314 2991 3454 1359 
19089 1969 3398 4359 2673 
19090 2045 4275 1917 1370 
19091 4275 2127 1917 1370 
19092 833 2201 1142 2203 
19093 1105 2201 1142 833 
19094 1201 2900 1876 2995 
19095 2127 1917 1370 237 
19096 4492 2127 1370 237 
19097 1643 3437 4285 3738 
19098 843 851 1051 2548 
19099 843 1528 2230 2227 
19100 400 3510 2222 402 
19101 4191 577 578 3592 
19102 552 2677 553 2676 
19103 1852 2004 3828 1381 
19104 2207 419 2208 2209 
19105 3785 2674 539 2676 
19106 398 400 2532 399 
19107 1794 3557 1771 1147 
19108 553 2769 1565 1711 
19109 2677 552 2675 2676 
19110 958 3371 3405 4312 
19111 267 4478 3468 1381 
19112 778 3770 2327 4312 
19113 76 4478 267 1381 
19114 2947 3819 3083 2010 
19115 375 1860 2975 2973 
19116 789 1049 1271 2695 
19117 1539 1833 2244 4172 
19118 379 2248 3823 380 
19119 2252 1789 792 3831 
19120 2273 2260 2258 454 
19121 3076 1049 2664 2695 
19122 788 789 1647 4032 
19123 1085 1803 2255 2254 
19124 557 3477 1626 1879 
19125 2707 1156 2269 2708 
19126 3109 1055 1087 3597 
19127 1044 2268 2271 1735 
19128 2267 2265 825 3765 
19129 706 788 3732 789 
19130 997 3762 1813 1274 
19131 1836 1044 1735 2268 
19132 3637 386 2527 3639 
19133 2947 373 1567 2946 
19134 674 2703 3716 4172 
19135 377 378 3823 4395 
19136 3800 2460 1392 3990 
19137 1916 1644 2211 2706 
19138 1644 1916 935 2706 
19139 1393 3800 1392 3990 
19140 1094 2683 1824 1664 
19141 2894 1996 1065 3660 
19142 2290 1599 355 333 
19143 3686 1299 1298 1877 
19144 1869 1001 3243 3966 
19145 2284 337 2285 2286 
19146 2068 1299 355 2357 
19147 3968 3877 512 4013 
19148 3737 1643 4285 3738 
19149 1822 3521 1964 239 
19150 3126 3090 1604 3056 
19151 320 3059 3058 3093 
19152 1132 3409 1788 3902 
19153 3659 2894 1065 3660 
19154 2325 2323 2324 1499 
19155 3054 3090 3056 1138 
19156 1797 3632 3630 2880 
19157 1459 1460 3421 3410 
19158 1511 1512 317 2321 
19159 1511 1729 2321 2310 
19160 2328 3923 2324 1498 
19161 694 1498 1956 2326 
19162 2114 1588 1972 3441 
19163 917 777 2782 2737 
19164 1256 1976 2759 3457 
19165 1938 2323 1136 1499 
19166 2090 1644 2211 1153 
19167 777 2691 2737 567 
19168 2738 786 2737 567 
19169 2190 441 2188 2189 
19170 2334 442 2187 4175 
19171 2345 1300 1304 1301 
19172 2784 2727 1793 2750 
19173 4422 126 3452 4439 
19174 2882 1092 1076 1186 
19175 2281 3730 1967 2341 
19176 342 2278 2280 343 
19177 2076 1182 1793 2750 
19178 1182 2784 1793 2750 
19179 604 3678 603 2387 
19180 1541 3678 607 3954 
19181 3293 3994 607 3954 
19182 3946 1245 1243 2761 
19183 1245 1242 1243 2761 
19184 2760 1899 2472 2761 
19185 1875 806 2951 1389 
19186 1859 2882 1186 1092 
19187 365 1291 1867 3270 
19188 1905 4280 625 4202 
19189 1242 1899 2760 2761 
19190 2123 126 3452 4422 
19191 1555 895 1554 3628 
19192 386 2243 2527 3639 
19193 3745 568 564 2566 
19194 422 3819 2010 1557 
19195 2457 664 4279 629 
19196 2386 628 2390 2389 
19197 1808 4113 4161 1177 
19198 815 628 2390 2386 
19199 4192 1544 1975 3369 
19200 631 629 2398 630 
19201 2441 637 2450 635 
19202 815 628 1544 2390 
19203 635 673 2440 633 
19204 562 2772 564 2566 
19205 1629 562 2566 2567 
19206 562 2568 2772 2566 
19207 568 2562 2565 2566 
19208 4141 3107 3358 1087 
19209 595 593 2411 2412 
19210 1882 4141 3358 1087 
19211 236 4422 3452 4439 
19212 3596 2049 3595 4332 
19213 1721 1154 4122 2720 
19214 2736 3706 1777 2783 
19215 4214 2455 1457 3591 
19216 1454 3395 1573 2464 
19217 3358 3107 1813 1087 
19218 579 920 4191 3394 
19219 580 2424 581 3487 
19220 946 3616 2363 2794 
19221 802 2732 3413 4369 
19222 3131 1589 3146 3410 
19223 1880 1713 1854 2453 
19224 2365 946 2363 2794 
19225 1308 2364 2363 2356 
19226 4023 1497 759 3122 
19227 1596 3953 1149 834 
19228 3421 1460 1458 4497 
19229 2798 2796 3539 834 
19230 998 3940 3990 1392 
19231 1217 3519 2912 1218 
19232 3519 1217 2912 3272 
19233 847 846 3278 2794 
19234 1911 998 3677 3990 
19235 3585 2382 2396 295 
19236 3684 1088 3685 1278 
19237 1233 3431 1425 2015 
19238 323 3928 321 3053 
19239 1436 4320 4321 2143 
19240 582 1526 2426 2428 
19241 2296 329 2297 363 
19242 2958 642 2715 2802 
19243 129 4443 4321 2143 
19244 2466 2109 2459 1670 
19245 2469 1830 663 2470 
19246 3392 3684 1216 943 
19247 1899 2472 663 2470 
19248 1388 3497 3496 3506 
19249 631 2400 633 632 
19250 648 650 651 2477 
19251 650 2479 651 2477 
19252 3538 648 651 2477 
19253 2479 3538 651 2477 
19254 411 4153 4362 3012 
19255 3387 4320 4321 1436 
19256 4390 1525 4297 3341 
19257 1814 1770 1705 2816 
19258 411 1490 4362 4153 
19259 3271 2793 948 3522 
19260 1272 2823 2826 2825 
19261 1937 1530 2499 2498 
19262 1028 2846 2937 3047 
19263 2518 793 3767 2752 
19264 1289 2520 2505 1812 
19265 2498 1530 2500 2506 
19266 3106 1407 3105 1813 
19267 1519 312 310 3017 
19268 2510 1179 1180 1713 
19269 1170 1178 4158 3563 
19270 1913 1097 1098 3229 
19271 2907 1446 1447 930 
19272 2908 1446 2891 2907 
19273 2029 1220 2827 2830 
19274 2907 2890 1447 2891 
19275 3290 2091 1395 440 
19276 701 1220 3809 2830 
19277 3249 890 2909 3729 
19278 2224 400 2532 2222 
19279 2482 692 3897 3551 
19280 1922 2837 2838 3875 
19281 3098 1453 4009 1741 
19282 1660 870 2841 1103 
19283 1660 1354 2841 3875 
19284 2873 1660 2841 3875 
19285 2837 3788 3875 1922 
19286 2873 1660 2843 2841 
19287 615 1742 3929 1741 
19288 3854 3318 4157 459 
19289 1354 2839 932 1329 
19290 2892 2839 2840 1329 
19291 970 2820 2819 1661 
19292 3970 3764 460 3765 
19293 2743 1712 1597 1021 
19294 968 970 2819 1661 
19295 568 1629 2565 772 
19296 968 970 2849 2819 
19297 4201 4217 233 3672 
19298 1035 3159 4068 4021 
19299 1096 3205 1098 1097 
19300 2575 1668 2576 542 
19301 3205 1096 1098 3203 
19302 3205 1097 3229 1098 
19303 929 3775 1383 2877 
19304 2040 1382 1383 2877 
19305 543 1668 2576 2574 
19306 2089 3458 3457 2863 
19307 2167 3504 3980 1835 
19308 1085 2256 2254 2255 
19309 3458 2089 3457 1466 
19310 3203 3205 3229 1098 
19311 2034 3901 2667 3900 
19312 1643 3737 4285 1571 
19313 736 1954 1337 3815 
19314 2604 733 1722 2605 
19315 1459 839 4120 1458 
19316 2606 478 481 4227 
19317 1726 2595 1174 2596 
19318 1459 3146 4120 839 
19319 481 478 482 4227 
19320 1979 472 2660 1677 
19321 2598 2601 2599 481 
19322 2831 2834 2833 956 
19323 1371 3516 1755 262 
19324 3436 967 1109 1631 
19325 2614 1747 1857 2616 
19326 4182 1064 2632 2635 
19327 3266 2079 966 3267 
19328 3266 3250 1480 3463 
19329 236 2123 3452 4422 
19330 1751 2644 3892 4042 
19331 3742 1118 1480 1901 
19332 3876 513 512 511 
19333 1842 4182 2629 4359 
19334 517 4017 520 4070 
19335 2628 1225 1171 938 
19336 2652 513 515 2643 
19337 3492 3491 1502 3490 
19338 535 530 4134 4081 
19339 528 1616 526 3075 
19340 3491 1501 1502 3490 
19341 3536 1005 2957 1131 
19342 742 3301 3613 4273 
19343 1211 3279 3281 4244 
19344 2633 518 3868 2634 
19345 706 551 1642 2665 
19346 3736 772 2742 2565 
19347 1996 1728 1065 3660 
19348 3605 4023 759 3122 
19349 2076 2857 2858 2750 
19350 2647 532 2650 2649 
19351 1022 1734 772 2742 
19352 1049 1838 3076 2664 
19353 1642 551 2668 2665 
19354 2664 2663 1642 1738 
19355 1049 2664 2665 1642 
19356 1130 1005 2957 2888 
19357 2904 1268 4392 3787 
19358 237 1471 4373 3925 
19359 1413 1005 3536 1131 
19360 3926 1004 3364 1472 
19361 4185 4198 3328 4496 
19362 1110 3321 4238 3283 
19363 942 2779 1120 4232 
19364 1943 4008 3076 3792 
19365 2718 858 872 2734 
19366 936 4008 1943 3792 
19367 2716 873 2697 2717 
19368 873 936 1943 3792 
19369 2740 3373 1513 787 
19370 3373 2740 1513 4256 
19371 2805 3684 1216 3001 
19372 2713 925 4183 934 
19373 2267 2707 1762 2269 
19374 2914 2915 2899 1114 
19375 1116 1126 2926 2924 
19376 4317 2779 1120 1931 
19377 2018 4317 1120 1931 
19378 742 3301 4502 757 
19379 1192 3610 2926 2978 
19380 2586 494 2584 2585 
19381 1126 1192 2926 2978 
19382 2306 2304 2305 677 
19383 4130 1319 1229 1821 
19384 2389 4280 627 4279 
19385 3227 1101 1100 889 
19386 4126 575 3056 1604 
19387 1772 1000 3234 1001 
19388 1276 1194 3372 4398 
19389 3844 3926 2885 1004 
19390 664 1905 3611 4279 
19391 3279 1211 2046 4244 
19392 1005 1130 2957 1131 
19393 3926 3741 2739 849 
19394 1591 3238 395 699 
19395 1250 1346 2071 2533 
19396 3926 3844 3364 1004 
19397 744 720 3759 767 
19398 2141 175 3547 4421 
19399 428 2199 2202 3795 
19400 2960 3796 1293 2997 
19401 807 4313 1289 2759 
19402 1687 2971 3192 2970 
19403 720 1215 2502 767 
19404 1693 1869 1692 3966 
19405 250 1437 2142 2096 
19406 793 744 2752 767 
19407 250 3796 2096 2142 
19408 1265 3755 3619 1422 
19409 4481 150 2159 3571 
19410 3492 4347 2957 1131 
19411 4394 1482 3474 3473 
19412 992 803 993 3045 
19413 3796 2142 3399 2096 
19414 4264 4015 1546 1249 
19415 1396 2774 4394 3474 
19416 3473 1482 3474 3267 
19417 3488 1396 3474 2774 
19418 4264 3399 1546 4015 
19419 727 1671 3999 1675 
19420 3161 791 3162 2785 
19421 2718 2716 871 3891 
19422 2749 463 1680 2992 
19423 1495 2799 418 2797 
19424 947 3616 946 847 
19425 1173 959 2365 1309 
19426 947 1301 2346 1304 
19427 1173 1308 2364 2363 
19428 2348 947 3616 2363 
19429 2356 1308 1303 2348 
19430 1308 947 1303 2348 
19431 3893 3492 2957 1961 
19432 3813 1915 3077 1273 
19433 1190 2609 2610 1897 
19434 1915 1706 3077 1861 
19435 466 463 2992 1680 
19436 3852 2905 1680 2992 
19437 2846 1028 3809 3047 
19438 2827 1220 3815 2830 
19439 2905 2749 1680 2992 
19440 2719 494 713 492 
19441 701 1028 699 3047 
19442 1220 2831 3809 2830 
19443 2908 1911 911 3677 
19444 1127 956 2836 2835 
19445 3004 972 911 971 
19446 870 1011 2843 1103 
19447 3003 910 2910 2921 
19448 2909 890 910 911 
19449 1564 1275 4237 3265 
19450 1275 4096 3265 973 
19451 890 1446 911 2909 
19452 2903 2006 2895 2940 
19453 972 3004 973 971 
19454 4012 721 3977 3650 
19455 2895 3830 1977 1625 
19456 1580 3026 1579 3977 
19457 1839 2270 4257 2255 
19458 837 1148 2862 1773 
19459 1148 837 2862 2996 
19460 837 2861 2862 2996 
19461 3447 1624 1623 1823 
19462 2595 2728 1851 3930 
19463 4060 3136 840 3650 
19464 700 701 4018 3969 
19465 392 2983 391 4336 
19466 2884 2846 2937 1909 
19467 3915 1640 3913 3665 
19468 3712 1580 3014 3977 
19469 387 3912 4177 3913 
19470 1624 1625 3971 3011 
19471 2848 1261 1637 2082 
19472 895 2383 1554 3628 
19473 1625 1624 1007 3011 
19474 1619 695 4406 3025 
19475 1808 2443 3628 1554 
19476 1682 1752 1681 3067 
19477 1981 2061 3856 4135 
19478 1981 3147 3856 1921 
19479 1981 1921 3856 1619 
19480 2061 1981 3856 1619 
19481 2446 2062 3826 2462 
19482 2424 2425 583 2423 
19483 691 2062 2462 3826 
19484 1907 1855 4040 1416 
19485 1391 2062 3826 1392 
19486 1915 3813 3814 1953 
19487 2828 2826 1168 2928 
19488 1816 1167 2928 2929 
19489 1167 1816 2928 1168 
19490 1284 2950 3861 2913 
19491 1899 2760 2472 2470 
19492 4082 1244 3584 4207 
19493 2224 399 1568 1733 
19494 1782 2225 1568 1733 
19495 4281 1872 1317 3451 
19496 2225 1782 1051 1733 
19497 2395 2890 2891 1447 
19498 1145 3422 1514 4364 
19499 2083 4264 1546 1249 
19500 1024 3711 1579 1580 
19501 1959 409 1570 2220 
19502 172 171 4230 4461 
19503 3745 569 2560 1579 
19504 4286 1566 3299 372 
19505 373 2947 2973 2972 
19506 2540 3277 2484 657 
19507 3026 3745 2560 1579 
19508 1143 1948 1142 2205 
19509 4341 3654 374 377 
19510 2204 1143 1142 2205 
19511 2972 373 372 374 
19512 2212 2211 2209 1153 
19513 2230 698 2233 2231 
19514 3391 3392 3001 1216 
19515 4104 729 1708 735 
19516 2620 2644 4065 751 
19517 2046 3279 4244 3515 
19518 291 681 2035 3507 
19519 1145 1514 1513 4364 
19520 3527 4256 4364 1513 
19521 4182 1841 2632 1064 
19522 4256 4146 2756 924 
19523 2103 1369 1865 4496 
19524 3428 507 4167 3173 
19525 1739 3643 2098 1865 
19526 4347 3536 2957 1131 
19527 1643 3981 935 883 
19528 3467 1718 361 4037 
19529 2128 2046 4244 3515 
19530 2207 2210 1356 2209 
19531 1718 2463 1719 1463 
19532 1515 912 1516 3177 
19533 806 3325 284 1612 
19534 1871 3565 2790 4020 
19535 884 3981 883 935 
19536 3486 3484 286 284 
19537 3447 866 1623 4246 
19538 3448 3447 1623 4246 
19539 3038 662 660 2492 
19540 1891 3043 794 3041 
19541 662 1965 2492 3702 
19542 3972 1500 3061 670 
19543 1750 3154 3919 3034 
19544 4272 233 3672 3671 
19545 3032 3033 1164 3034 
19546 2724 524 2725 2726 
19547 822 616 743 3617 
19548 2655 2656 2654 1898 
19549 822 743 823 3617 
19550 2609 2608 2610 1897 
19551 1657 502 4255 571 
19552 3312 1751 1752 4042 
19553 616 4093 743 3617 
19554 3312 2980 1752 1776 
19555 3484 3336 3485 284 
19556 2688 1883 1094 1824 
19557 3632 2882 2880 1186 
19558 881 3112 3113 1047 
19559 881 3114 3113 3112 
19560 3059 320 3058 3057 
19561 4047 315 317 316 
19562 320 321 3058 3055 
19563 3057 320 3058 3055 
19564 1798 4412 1824 2689 
19565 4058 789 2695 4032 
19566 3258 1123 1928 1204 
19567 2538 3604 4095 1769 
19568 598 2409 3768 2407 
19569 1467 1742 3922 1659 
19570 3301 741 742 3613 
19571 4346 1055 3148 1047 
19572 2870 1797 3630 2880 
19573 1306 1892 3419 3248 
19574 616 591 3776 2448 
19575 706 2695 3732 2665 
19576 3114 3115 1048 3113 
19577 573 2669 706 3732 
19578 544 4063 1716 3135 
19579 4456 144 2131 143 
19580 1816 544 1716 3135 
19581 324 3054 3053 3055 
19582 2949 571 4194 841 
19583 1325 3596 3597 4332 
19584 544 4063 3135 3814 
19585 1816 544 3135 3814 
19586 1718 2463 4386 3410 
19587 1305 771 2491 1350 
19588 3238 397 699 4409 
19589 291 2035 289 3507 
19590 1464 3774 3146 839 
19591 584 585 2422 583 
19592 2474 645 646 647 
19593 1573 1551 2464 581 
19594 3059 318 360 3094 
19595 2680 1034 4068 4021 
19596 3711 3026 1580 3977 
19597 568 562 564 2566 
19598 3131 1464 3146 1589 
19599 1464 1459 3146 1589 
19600 4314 1009 1219 3311 
19601 3752 1286 3157 3160 
19602 1286 1038 1347 3160 
19603 3401 4314 1219 3311 
19604 733 2604 2602 2605 
19605 1910 3153 3750 3155 
19606 4108 3140 1230 1562 
19607 1775 1737 2635 1064 
19608 1987 1666 1348 4260 
19609 428 2199 1023 918 
19610 1016 4184 3285 1348 
19611 4031 1313 226 1744 
19612 1008 858 3894 1714 
19613 3213 1313 1744 2021 
19614 1685 1687 3311 1009 
19615 4228 3192 1009 3311 
19616 1687 2971 3360 3193 
19617 1313 3213 1744 4031 
19618 3516 1372 1755 3190 
19619 3516 1371 1755 1372 
19620 1097 1913 1983 3229 
19621 4308 3409 3210 963 
19622 1119 2046 1755 3515 
19623 3279 3186 3515 1119 
19624 3409 961 3214 3210 
19625 2012 4108 1230 1562 
19626 3224 888 1307 1925 
19627 3181 3183 3182 913 
19628 3235 3224 888 3226 
19629 1112 1756 1774 3945 
19630 4130 3230 3870 1821 
19631 3279 1119 3515 2046 
19632 2312 1045 1766 2313 
19633 156 4438 3622 157 
19634 3186 1973 3190 1755 
19635 1114 2915 3754 3298 
19636 3186 1973 1755 1119 
19637 1761 3202 1968 1043 
19638 3843 3268 1703 1941 
19639 2314 1779 2313 1766 
19640 1998 4022 357 3748 
19641 140 4490 3567 141 
19642 2314 2056 1779 1766 
19643 1600 3706 1777 2736 
19644 2963 2856 1894 1843 
19645 3140 1195 1230 1562 
19646 1737 728 2637 2635 
19647 2971 1687 3360 1688 
19648 2867 2971 1688 1810 
19649 1732 4163 3941 2970 
19650 3208 3212 963 1095 
19651 3279 1211 1183 1119 
19652 3794 991 3187 1183 
19653 1724 4162 1725 3900 
19654 3282 1885 3375 2095 
19655 3142 1195 1230 3140 
19656 3208 4308 3210 963 
19657 447 1393 1957 3291 
19658 294 293 292 2437 
19659 3990 998 3677 4034 
19660 2394 294 1944 2437 
19661 290 2444 292 291 
19662 917 2782 1777 1846 
19663 1220 701 3809 1345 
19664 3931 953 1788 1759 
19665 2878 736 1608 3297 
19666 4132 4283 3302 398 
19667 1607 4132 3302 398 
19668 3546 2141 3547 1853 
19669 951 3222 1307 1774 
19670 3549 235 3548 1853 
19671 1924 4503 1100 3223 
19672 4355 3062 3074 1336 
19673 1284 3037 1084 2913 
19674 1774 3222 1307 3988 
19675 3324 3323 2098 1875 
19676 4221 282 4263 3336 
19677 2053 2939 1243 1241 
19678 902 1863 2555 3562 
19679 3235 1925 3988 4356 
19680 1100 3224 1307 3223 
19681 433 1478 3346 3347 
19682 430 1478 3347 2969 
19683 2504 1531 3698 1758 
19684 4356 1925 3988 1774 
19685 433 3763 3351 3347 
19686 3455 1547 3352 3456 
19687 3348 430 3347 2969 
19688 3348 430 3349 3347 
19689 2920 1063 3859 2041 
19690 4434 3513 183 4416 
19691 3959 2867 1688 1692 
19692 1690 3959 1688 1692 
19693 3261 1869 1992 3243 
19694 748 2875 3438 4098 
19695 3230 4130 3232 2000 
19696 3021 1240 2902 1241 
19697 1608 2878 3133 2824 
19698 3931 3992 2728 1788 
19699 3805 3444 2704 412 
19700 3172 4001 4153 413 
19701 408 414 1576 2214 
19702 1926 1519 1518 3016 
19703 2801 305 3380 306 
19704 304 2859 1285 2044 
19705 3976 715 3050 1362 
19706 1905 1896 1221 4202 
19707 3739 3277 654 2484 
19708 1294 3390 1293 1870 
19709 4408 1227 2077 1219 
19710 2139 227 85 1672 
19711 1905 1221 3245 4202 
19712 1731 4228 3192 1009 
19713 1221 3627 3245 4202 
19714 1468 4201 4147 2137 
19715 241 1275 1872 3542 
19716 4261 1118 3412 3742 
19717 3673 2068 2286 2357 
19718 1614 3753 710 3746 
19719 2020 241 3412 1564 
19720 1759 3931 2728 1788 
19721 4433 118 119 3518 
19722 2130 4415 3518 118 
19723 178 4476 2125 4488 
19724 3425 1401 1603 3426 
19725 2125 1404 1405 240 
19726 4033 3998 897 3097 
19727 1123 3257 3258 3256 
19728 4488 1400 240 4205 
19729 4470 268 4452 69 
19730 906 1981 3144 1877 
19731 3673 1618 2286 2068 
19732 1324 3475 3267 2079 
19733 4000 4418 2161 164 
19734 4394 810 3474 1482 
19735 3475 1324 3267 3474 
19736 3865 1184 1799 2653 
19737 2650 532 2651 2649 
19738 4000 2017 4207 2161 
19739 227 200 86 4215 
19740 3469 3035 1633 4215 
19741 3035 2026 1633 4215 
19742 3445 1262 1972 1986 
19743 1976 1547 3456 1466 
19744 1845 532 1799 2649 
19745 810 1396 3474 1482 
19746 1869 1690 1692 2879 
19747 2334 439 4175 4112 
19748 443 3458 3460 4112 
19749 661 3040 3038 3690 
19750 2771 2966 2967 423 
19751 2867 3959 2879 1692 
19752 3005 3290 440 3289 
19753 1926 1519 3016 1719 
19754 3467 1718 4037 3410 
19755 1718 1589 4037 3410 
19756 3290 3975 440 3289 
19757 2652 3876 2681 514 
19758 2630 4104 729 1708 
19759 795 2867 1692 1810 
19760 2446 290 2462 2461 
19761 2867 2879 2753 1692 
19762 301 299 300 3797 
19763 3491 1501 3493 1502 
19764 3390 4072 1870 4230 
19765 3984 785 852 3760 
19766 4500 4501 105 4494 
19767 1885 1211 3281 2028 
19768 4501 220 4268 4494 
19769 4501 106 105 4494 
19770 821 3048 3914 3088 
19771 4468 114 3512 4485 
19772 2317 3838 1578 2528 
19773 282 3336 1612 284 
19774 1940 3323 2098 4251 
19775 1940 3326 4251 3511 
19776 2168 279 4185 1369 
19777 1578 3838 4249 2528 
19778 3230 3227 889 3231 
19779 2488 665 1350 2489 
19780 1518 1926 2896 1958 
19781 2496 1965 1328 750 
19782 3227 1101 889 3231 
19783 312 3018 3300 3017 
19784 661 3040 3039 3038 
19785 2488 1281 2489 1350 
19786 656 2958 4204 640 
19787 656 2958 3275 3402 
19788 1486 656 4204 2033 
19789 1519 3018 3017 3016 
19790 656 640 4204 2033 
19791 1486 2864 3316 4375 
19792 1888 3403 1487 3402 
19793 3192 1687 3311 3193 
19794 3360 1687 3193 1686 
19795 65 4440 4457 269 
19796 3543 1404 4476 4457 
19797 4421 2141 1361 1853 
19798 3400 1685 3193 3311 
19799 327 329 363 2297 
19800 1187 2331 3561 3556 
19801 2331 3554 3555 1003 
19802 1187 2331 3555 1003 
19803 1825 3335 1053 4103 
19804 1058 3322 3353 4128 
19805 3079 1609 3031 3078 
19806 1893 2534 2488 2535 
19807 3522 2488 2535 1281 
19808 4130 1229 2000 1821 
19809 945 4391 801 4053 
19810 1893 2488 1281 2535 
19811 3871 755 754 867 
19812 3871 3228 3960 867 
19813 2625 865 2623 2624 
19814 3362 1027 3254 4253 
19815 145 2157 146 4419 
19816 615 2543 4009 3768 
19817 2300 1784 1144 3699 
19818 3588 1442 4483 1438 
19819 1485 2989 2990 3333 
19820 1123 3257 3256 3255 
19821 3725 980 3287 4385 
19822 3599 2194 2385 1342 
19823 2128 1367 3430 4244 
19824 980 3725 3287 979 
19825 3632 4119 1832 1818 
19826 826 892 2192 2191 
19827 3333 1485 1161 2990 
19828 1866 1896 3627 1221 
19829 1192 1126 1193 2978 
19830 1552 2927 2924 3799 
19831 629 631 2398 1978 
19832 664 1942 1934 4365 
19833 981 2865 2990 1485 
19834 2009 1233 2032 3344 
19835 1423 3620 2072 3621 
19836 3983 1423 2072 3621 
19837 3983 3620 1423 3621 
19838 1233 2009 4402 3344 
19839 4019 611 2393 4057 
19840 4089 618 4133 614 
19841 4319 2009 2032 3344 
19842 1368 1739 2148 266 
19843 3327 1695 1612 1865 
19844 2009 4319 4402 3344 
19845 1940 3323 4251 3326 
19846 1393 998 1911 3990 
19847 266 1940 4251 3511 
19848 1904 2358 2809 3586 
19849 1233 1231 2032 3344 
19850 3632 3151 1832 4119 
19851 1063 3137 2920 3138 
19852 1063 1104 3138 3357 
19853 2837 1267 2835 3787 
19854 2768 1250 1252 1251 
19855 1409 2073 1018 3429 
19856 1557 2546 4079 4035 
19857 2889 1382 2040 2877 
19858 2461 291 289 3507 
19859 565 686 3079 3366 
19860 1376 263 4380 1377 
19861 263 3411 4380 1377 
19862 3926 3741 849 1472 
19863 1564 1118 3003 3412 
19864 686 4085 4276 3366 
19865 4291 4 3377 2 
19866 3442 248 4266 3441 
19867 3979 1101 1923 3982 
19868 2854 1828 1843 2962 
19869 1385 4154 1386 264 
19870 4503 4 3377 4002 
19871 4492 98 1370 99 
19872 2856 2854 1843 2962 
19873 2498 1937 750 2497 
19874 1937 3698 1141 2497 
19875 2496 750 1581 2497 
19876 2435 2438 2434 1854 
19877 1253 2961 1252 1251 
19878 2953 2955 3382 1263 
19879 2597 874 1727 2599 
19880 4333 780 3812 2873 
19881 2535 2534 2747 1086 
19882 2755 2535 2747 1086 
19883 407 4001 2536 1538 
19884 3368 2996 1490 3171 
19885 414 2212 2704 3805 
19886 3378 2001 1322 1887 
19887 1157 1089 3166 1991 
19888 2669 573 2675 2679 
19889 3453 3378 3476 1887 
19890 4058 3134 2002 2085 
19891 2001 3378 3453 1887 
19892 1589 3131 4037 3410 
19893 2020 4261 1399 1901 
19894 1806 1462 2433 4497 
19895 4335 3421 1458 4497 
19896 3453 1434 1887 3462 
19897 1434 909 1887 3462 
19898 334 1614 336 3878 
19899 1204 3258 3748 1928 
19900 1280 1206 4056 1950 
19901 1123 1894 3256 1928 
19902 2707 1795 3764 3765 
19903 3434 1237 1757 3432 
19904 502 2712 4307 570 
19905 4168 1985 3383 1263 
19906 3406 1232 1235 4186 
19907 1235 2744 4186 3435 
19908 2955 4168 3383 1263 
19909 2707 2267 1795 3765 
19910 420 4289 3443 2967 
19911 2160 1427 275 4420 
19912 2078 1401 1493 3426 
19913 3514 1398 1397 1862 
19914 4305 1140 3350 3346 
19915 681 2445 4348 3507 
19916 3824 3637 4177 1648 
19917 3355 940 3138 878 
19918 2904 1270 1268 1648 
19919 3824 3637 1648 388 
19920 3186 3279 3187 1119 
19921 3824 2884 1648 2904 
19922 3183 3181 988 913 
19923 4184 1015 4260 1348 
19924 2353 299 3797 2367 
19925 302 440 3289 300 
19926 4495 106 281 259 
19927 2339 1829 2352 2066 
19928 1365 3648 4331 4166 
19929 1358 4407 3440 3454 
19930 896 994 1359 3503 
19931 1314 681 3454 4348 
19932 681 3454 4348 2445 
19933 2904 2884 1648 1268 
19934 681 291 2445 3507 
19935 272 2158 1920 1414 
19936 3734 2158 1920 272 
19937 422 375 373 2973 
19938 3818 1860 3139 2975 
19939 4005 1558 4035 3640 
19940 3819 3139 4079 1557 
19941 272 3734 1807 1920 
19942 3318 3854 1641 459 
19943 1008 4314 1219 4408 
19944 3063 3764 462 460 
19945 765 2868 2869 2803 
19946 3201 3200 1169 3199 
19947 3153 1910 1847 3155 
19948 3169 1038 3160 3159 
19949 3734 1129 1807 1920 
19950 2163 1665 85 200 
19951 291 2444 2445 3507 
19952 2018 1058 1340 4128 
19953 3753 2856 710 3746 
19954 2903 3354 3848 465 
19955 3854 461 4139 3354 
19956 3852 1676 1680 1776 
19957 3502 3508 3498 1510 
19958 1017 1652 3498 1510 
19959 1429 2177 820 775 
19960 1465 4335 1458 1461 
19961 3502 848 1510 819 
19962 3885 2779 4317 1931 
19963 1666 2465 3509 4260 
19964 3673 1618 1619 3025 
19965 345 348 3993 1704 
19966 2336 1826 3520 2335 
19967 345 346 2277 2274 
19968 1188 2325 2330 1956 
19969 364 3466 2044 1997 
19970 3081 4107 3273 831 
19971 4317 4377 3391 1120 
19972 716 2672 2686 2682 
19973 831 1508 908 3273 
19974 3367 1327 3321 4293 
19975 4107 4218 3273 831 
19976 321 3928 3058 3055 
19977 1134 1613 2335 2054 
19978 527 1635 3866 2650 
19979 2662 1636 2698 531 
19980 529 4039 528 3991 
19981 2656 2655 2662 1636 
19982 4377 943 3391 1120 
19983 2474 645 644 646 
19984 2655 1636 2698 2662 
19985 3244 4231 1108 1042 
19986 3466 3381 2044 1997 
19987 1761 3202 3306 1968 
19988 3904 2070 1791 3905 
19989 497 1701 558 2583 
19990 646 1553 644 3531 
19991 84 4366 198 2134 
19992 3612 1194 1934 4398 
19993 4281 1872 3542 4431 
19994 4415 2130 241 3542 
19995 1881 3750 3749 2055 
19996 4151 243 3419 1417 
19997 304 1929 1285 2859 
19998 12 1872 11 4431 
19999 4449 1872 4431 11 
20000 4261 2020 3518 3412 
20001 2020 4261 3518 1399 
20002 3781 4493 4310 1441 
20003 3103 997 1165 3762 
20004 1165 4393 1274 1341 
20005 923 1907 3023 1817 
20006 1393 998 3990 1392 
20007 3800 1393 1392 1944 
20008 4378 1882 3358 1274 
20009 1514 3422 3373 4364 
20010 3291 1393 1911 3990 
20011 1292 2144 4351 3597 
20012 1630 3840 3839 4413 
20013 1168 2826 1953 2928 
20014 137 2156 138 4436 
20015 2848 2850 1006 2847 
20016 1261 1011 2844 1006 
20017 733 874 2599 481 
20018 4363 1684 476 478 
20019 477 2606 476 478 
20020 2919 1630 1939 1199 
20021 3213 1313 3965 4031 
20022 3216 1313 960 1746 
20023 962 964 2021 3209 
20024 194 81 195 3955 
20025 1313 3965 4031 3963 
20026 4031 226 2110 3955 
20027 1341 2013 31 4436 
20028 1993 2145 1923 1760 
20029 3973 1760 2145 3974 
20030 2111 4287 1689 3938 
20031 3939 3973 3974 245 
20032 2826 3813 1953 2928 
20033 139 4454 138 3564 
20034 3984 3178 852 3924 
20035 4344 3475 1964 1403 
20036 1277 225 3572 3573 
20037 3475 1324 1964 1403 
20038 3475 4110 4344 1964 
20039 1651 3125 4085 1650 
20040 1770 3125 1650 3833 
20041 1324 4110 3475 1964 
20042 540 541 500 3995 
20043 499 2581 2580 2579 
20044 2020 241 1399 3518 
20045 299 298 300 3797 
20046 3572 225 2112 3573 
20047 1944 2460 2437 292 
20048 297 2358 3586 2360 
20049 3879 519 4017 2935 
20050 3455 807 3351 3352 
20051 3546 2141 1361 3545 
20052 3997 431 429 1505 
20053 3315 1646 1336 3074 
20054 3277 1349 657 715 
20055 434 1547 3352 432 
20056 1388 3236 3506 3496 
20057 1904 365 297 3586 
20058 2730 1319 2623 3921 
20059 1869 1690 2879 4226 
20060 2358 1904 297 3586 
20061 1808 4192 1975 4161 
20062 815 4192 1975 1808 
20063 1979 1677 2660 1857 
20064 3420 4069 2660 1677 
20065 3420 1676 3852 1776 
20066 1979 2612 1290 1191 
20067 793 4033 1496 4061 
20068 3998 3073 897 3097 
20069 4033 744 897 3998 
20070 252 2144 4351 1960 
20071 1882 1292 4141 1087 
20072 3109 4346 1055 3597 
20073 1294 3390 2997 1293 
20074 3035 3469 1633 1986 
20075 2507 3286 2071 2767 
20076 3469 3035 3445 1986 
20077 4443 128 129 4321 
20078 2026 3035 1633 1986 
20079 4482 150 2159 4481 
20080 1783 3035 1986 3445 
20081 23 4443 1436 22 
20082 3151 1859 1186 1832 
20083 2870 1797 1787 619 
20084 3297 700 4018 3969 
20085 2871 1074 2880 1076 
20086 3035 1783 1986 2026 
20087 1168 2828 2928 2929 
20088 2832 914 3771 3834 
20089 1797 1076 1186 2880 
20090 3244 1042 1108 1043 
20091 3197 1041 3198 3199 
20092 1074 2870 2871 2880 
20093 1761 3202 1919 3203 
20094 1074 1797 2880 1076 
20095 1797 3632 2880 1186 
20096 3381 4158 4323 1997 
20097 3676 1375 4373 237 
20098 1170 4323 1997 1285 
20099 662 661 666 3039 
20100 4127 3775 1493 2876 
20101 268 70 1397 4452 
20102 1398 4382 3514 3860 
20103 271 1822 4458 2155 
20104 662 661 3039 3038 
20105 3040 661 3039 3041 
20106 670 1500 3061 794 
20107 2155 4138 124 4458 
20108 2155 271 4138 4458 
20109 4004 3381 4323 1285 
20110 670 3972 3652 3061 
20111 3073 1500 2048 3061 
20112 1591 392 395 4149 
20113 3238 1591 395 4149 
20114 2839 2892 779 1329 
20115 2614 2612 1191 2613 
20116 4160 1112 3943 891 
20117 1190 1112 3943 3944 
20118 3945 1112 3943 4160 
20119 794 670 3652 3061 
20120 1924 1100 1307 3223 
20121 92 2119 207 4229 
20122 1663 2105 4347 1131 
20123 4159 730 748 747 
20124 1831 1171 2626 2627 
20125 2625 2086 2673 3921 
20126 2628 1225 2629 2627 
20127 1694 3365 3688 4150 
20128 565 3079 3365 3366 
20129 2798 2799 2797 418 
20130 4323 3381 1997 1285 
20131 547 543 3837 2574 
20132 4427 3580 4420 1427 
20133 693 1495 2943 369 
20134 1495 2799 2943 369 
20135 2466 1536 1254 2467 
20136 4319 3461 3342 2008 
20137 642 2958 640 2802 
20138 3035 3024 2026 3886 
20139 4258 199 85 2139 
20140 3580 2160 4420 1427 
20141 200 227 2139 4215 
20142 227 200 2139 85 
20143 87 3469 1633 201 
20144 202 3469 87 201 
20145 2784 1182 1117 2965 
20146 1992 3233 1993 3261 
20147 2944 2942 369 2943 
20148 2799 2942 2943 369 
20149 3004 973 3265 4067 
20150 1567 2945 693 3779 
20151 4077 3404 3152 1318 
20152 4077 265 3404 1318 
20153 3438 748 3397 999 
20154 92 4229 2016 234 
20155 214 4148 215 99 
20156 3535 268 4470 1400 
20157 1646 3315 4259 3313 
20158 3543 3315 4259 1646 
20159 106 222 4494 4501 
20160 219 4500 220 3501 
20161 1215 1812 2019 2505 
20162 1364 257 4263 4288 
20163 417 4289 420 3696 
20164 2771 420 2967 3696 
20165 2529 1584 421 3696 
20166 2501 1215 2019 2505 
20167 1289 1812 2505 2019 
20168 2030 4424 4318 108 
20169 937 4313 3540 1289 
20170 3033 1091 1164 1318 
20171 2070 1099 3905 4367 
20172 1753 3395 1454 4114 
20173 3895 2582 2580 498 
20174 3362 4328 4114 1026 
20175 2023 1968 4367 4292 
20176 412 3444 416 415 
20177 2031 4423 79 1 
20178 1957 1874 3552 2891 
20179 813 890 3729 930 
20180 3733 3360 3193 1686 
20181 1199 2051 3820 1329 
20182 3775 929 1384 1493 
20183 4127 1493 1384 1862 
20184 1687 1731 3192 1009 
20185 1731 4228 1009 857 
20186 2031 280 4441 2167 
20187 3008 3775 1383 1384 
20188 191 192 4441 2167 
20189 4382 4127 1384 1862 
20190 260 106 4495 107 
20191 2840 1199 3820 1329 
20192 397 3302 4018 4409 
20193 2229 3740 3683 394 
20194 2840 1199 1329 1103 
20195 1805 1833 2320 2244 
20196 2846 1028 2937 1909 
20197 1152 1805 2242 1780 
20198 1961 3492 2957 1131 
20199 1946 1881 3749 2055 
20200 279 1368 4459 6 
20201 1413 3195 3537 3536 
20202 3158 1288 3751 3749 
20203 246 2133 3674 217 
20204 1771 1147 3559 1711 
20205 1286 1288 228 3751 
20206 158 3623 4455 157 
20207 3752 1288 1286 3751 
20208 3107 3105 3358 1813 
20209 1289 2505 2759 3540 
20210 1548 1114 3754 1213 
20211 997 1407 1813 3105 
20212 4071 1453 1426 4029 
20213 2505 1289 2019 3540 
20214 1426 1569 3773 4029 
20215 4253 2732 4328 1025 
20216 263 3411 4295 4380 
20217 263 95 4295 1378 
20218 2609 1897 2052 1062 
20219 591 616 592 2448 
20220 2303 3789 919 1628 
20221 2542 354 2307 2305 
20222 3888 3790 2308 680 
20223 4093 616 3776 2448 
20224 2727 711 2726 2725 
20225 1616 711 526 2726 
20226 4418 4000 4435 164 
20227 1233 1231 3344 3343 
20228 2609 1190 2052 1897 
20229 2724 524 526 525 
20230 524 711 2725 2726 
20231 3950 474 475 3949 
20232 4313 1289 2759 3540 
20233 2724 524 2726 526 
20234 3326 3511 1765 3512 
20235 279 4459 4442 6 
20236 4339 2095 4504 1856 
20237 3574 1277 3573 4051 
20238 3645 3348 429 3916 
20239 426 3645 3916 3795 
20240 276 2009 3582 1424 
20241 3620 1423 244 4464 
20242 1504 426 3916 3795 
20243 3620 153 4446 2126 
20244 43 1423 4464 44 
20245 4118 1077 1224 2981 
20246 244 45 4446 44 
20247 3315 3543 269 1646 
20248 4440 2141 1361 4421 
20249 2141 4440 3544 176 
20250 1335 3315 269 1646 
20251 3315 1335 269 3544 
20252 1728 3659 1065 3660 
20253 947 3616 847 2074 
20254 3741 849 1472 786 
20255 2636 1737 2637 2635 
20256 1526 2427 2426 2428 
20257 1800 1305 3523 1350 
20258 249 24 1438 4479 
20259 1350 2491 3523 2489 
20260 2491 1305 3523 2494 
20261 139 4454 3564 2115 
20262 4454 1341 3564 2088 
20263 3616 947 2346 2074 
20264 4490 2158 1414 3567 
20265 3670 3616 2346 2074 
20266 774 3517 773 3804 
20267 2147 1962 267 1351 
20268 2004 2171 3828 3468 
20269 219 4500 3501 1884 
20270 3480 4467 255 1381 
20271 2146 221 220 4494 
20272 3134 1264 2002 2085 
20273 3480 188 4486 3468 
20274 3335 4129 709 4403 
20275 769 3335 709 1053 
20276 1583 538 1771 4116 
20277 2171 2004 267 3468 
20278 2002 4058 2085 1271 
20279 4058 789 2085 1271 
20280 1630 1261 3839 1674 
20281 3840 1630 3839 1674 
20282 574 566 2758 556 
20283 216 101 3674 217 
20284 1418 3576 3573 4051 
20285 469 1674 3880 559 
20286 2986 917 1472 2022 
20287 1451 4272 1974 233 
20288 3967 538 534 1583 
20289 1277 1418 3573 4051 
20290 3785 538 1711 539 
20291 1437 4264 2142 2096 
20292 1437 2083 4264 2096 
20293 529 530 3331 531 
20294 4302 3282 2107 3285 
20295 2215 2218 404 406 
20296 2215 404 2217 682 
20297 1016 4302 2107 3285 
20298 4132 3510 2532 401 
20299 2562 2564 702 2565 
20300 1320 1284 1084 2913 
20301 3282 1885 1259 2107 
20302 1320 3036 2913 1084 
20303 1320 2780 1389 2913 
20304 3436 969 967 1631 
20305 3981 4041 883 3738 
20306 1284 1320 1389 2913 
20307 4302 3282 1259 2107 
20308 3194 1607 1608 1050 
20309 1016 4302 1259 2107 
20310 3437 3436 1109 3416 
20311 4415 241 4431 3542 
20312 523 2641 2646 2723 
20313 2150 261 3537 4277 
20314 485 1727 482 4384 
20315 2150 2105 261 4277 
20316 2606 4363 478 4227 
20317 484 485 482 4299 
20318 2432 2433 2434 4497 
20319 1465 2430 2428 2455 
20320 3747 3256 3746 1928 
20321 1594 4493 3119 3121 
20322 231 4466 3595 2118 
20323 4228 857 2786 1009 
20324 231 1442 2118 1749 
20325 4316 231 2118 1749 
20326 1511 676 2310 3801 
20327 741 1503 3116 879 
20328 3205 1096 3204 3206 
20329 3525 3180 3526 1373 
20330 2493 771 2492 2491 
20331 2490 2491 1350 2489 
20332 4292 1968 4367 3306 
20333 3202 1761 3306 3204 
20334 3202 1968 3932 3306 
20335 1542 653 655 2483 
20336 429 1504 3916 3721 
20337 1281 948 1086 2535 
20338 428 1504 2198 3795 
20339 3795 1504 2198 3916 
20340 3180 3525 1837 1373 
20341 4484 4465 1476 58 
20342 3180 1837 1516 1373 
20343 1306 4206 3248 3927 
20344 1066 1306 1067 3248 
20345 3927 1306 3419 3248 
20346 243 1892 3419 1417 
20347 243 4151 3419 4234 
20348 1688 3959 3938 3360 
20349 1690 3959 3938 1688 
20350 3850 470 4315 4164 
20351 3880 469 3850 4164 
20352 263 4295 96 2151 
20353 134 133 3595 4466 
20354 2049 1325 3595 4332 
20355 3651 4306 2011 1386 
20356 4466 231 3595 4447 
20357 147 3577 3575 4428 
20358 474 3948 471 3949 
20359 1892 3191 3419 3248 
20360 38 4419 4428 1417 
20361 3623 4438 4455 157 
20362 3844 3417 1471 4373 
20363 1448 48 4438 47 
20364 868 888 867 3960 
20365 3227 3225 3226 1100 
20366 868 3235 888 3960 
20367 3651 1386 2011 1516 
20368 255 4467 4450 74 
20369 3943 2615 2657 891 
20370 1408 4371 4450 2140 
20371 3356 1104 3482 3357 
20372 4160 868 891 2657 
20373 1930 3264 1634 4233 
20374 1398 3860 242 1914 
20375 2185 2183 451 2184 
20376 3526 3180 1516 1373 
20377 4432 4416 184 2129 
20378 1930 3477 3971 4233 
20379 1913 4016 3229 3918 
20380 3802 2111 2007 196 
20381 81 2111 3937 195 
20382 557 4405 4233 1634 
20383 197 3917 196 83 
20384 4031 226 3955 1744 
20385 4127 3775 1384 1493 
20386 2171 1222 2004 2173 
20387 1452 3697 4345 3661 
20388 1469 2073 3009 4076 
20389 4503 2 1923 3377 
20390 2344 3670 1748 2525 
20391 1748 1704 344 2525 
20392 106 3714 4494 222 
20393 3497 3499 3500 1988 
20394 1189 3497 1988 1652 
20395 1704 3953 3993 2525 
20396 4500 3500 258 4501 
20397 3499 1652 4270 1884 
20398 345 2277 344 3727 
20399 2342 1748 344 2525 
20400 10 2097 4468 4449 
20401 4382 3775 1384 4127 
20402 2175 1469 3009 4076 
20403 271 1360 4138 2084 
20404 451 2185 2184 1947 
20405 2156 137 3553 4417 
20406 2185 2186 2184 1947 
20407 32 4454 4472 2088 
20408 1990 230 2115 2088 
20409 2064 1344 451 2184 
20410 3571 225 2112 3572 
20411 1248 1247 3947 2959 
20412 1343 1344 3529 3528 
20413 1194 3612 3372 4398 
20414 2012 2116 4108 3624 
20415 276 3582 2162 4471 
20416 1250 2071 2767 2533 
20417 4072 170 2142 4480 
20418 2122 4444 4230 1326 
20419 1248 2959 3947 4015 
20420 3607 610 687 4026 
20421 268 3535 4452 2153 
20422 2197 1023 2195 2198 
20423 3513 4434 183 182 
20424 2199 428 2198 3795 
20425 231 2049 3595 4447 
20426 3467 3018 361 1719 
20427 3524 1880 1719 1463 
20428 191 2169 2167 4441 
20429 260 4250 1835 4495 
20430 4325 2031 4441 2167 
20431 1946 89 88 203 
20432 3290 3541 4117 1395 
20433 202 87 277 88 
20434 1588 277 88 2114 
20435 2127 4148 214 4492 
20436 213 2127 214 4492 
20437 1982 2296 3669 363 
20438 3656 3888 3655 679 
20439 1894 2963 3256 3746 
20440 1143 2047 1355 2206 
20441 1420 3574 3572 4383 
20442 2703 2246 4172 674 
20443 2320 1833 4172 2244 
20444 1356 1355 3666 2206 
20445 2123 4083 127 4422 
20446 4138 2084 4439 4458 
20447 1360 4138 2084 3452 
20448 2207 1356 3666 2206 
20449 3084 1577 3086 1902 
20450 1160 3087 3715 3086 
20451 4302 1016 1259 1017 
20452 3376 4269 3508 1017 
20453 1118 3742 910 3003 
20454 1369 1739 1865 4496 
20455 1017 3376 1260 1259 
20456 3128 4146 1867 3440 
20457 4501 1363 258 105 
20458 4500 4501 258 105 
20459 2146 3714 4494 281 
20460 1577 3084 3086 4059 
20461 1355 1143 2206 1356 
20462 1570 2216 2217 682 
20463 3165 4070 4136 1678 
20464 2216 2215 2217 682 
20465 524 2724 2725 2723 
20466 260 3505 1363 2093 
20467 1962 2169 280 1936 
20468 78 1962 4460 4441 
20469 1962 2169 4460 4441 
20470 2725 521 2723 2935 
20471 186 4371 4450 185 
20472 521 3879 2723 2935 
20473 1622 298 2395 2800 
20474 517 4070 4136 3309 
20475 3290 2091 3541 1395 
20476 528 527 3991 526 
20477 2521 287 3489 289 
20478 1781 3808 2858 3072 
20479 298 3797 2800 300 
20480 440 3005 3289 2800 
20481 1616 2857 2866 2858 
20482 3794 1987 1348 4260 
20483 3285 3794 3280 1183 
20484 816 2930 2866 2931 
20485 535 816 1615 2931 
20486 3893 838 4211 3490 
20487 1589 3145 316 314 
20488 816 1781 1615 2866 
20489 909 3418 2869 3462 
20490 827 315 4086 313 
20491 1512 2312 3798 2321 
20492 3300 312 4249 4109 
20493 698 2230 2228 2231 
20494 2931 816 1615 2866 
20495 324 2380 325 3053 
20496 231 1325 3595 2049 
20497 2078 1951 3424 955 
20498 3928 323 3816 3053 
20499 323 3816 3053 2301 
20500 2301 2300 2299 325 
20501 1740 327 2299 325 
20502 2157 3577 1417 3927 
20503 2545 1621 347 2271 
20504 860 1493 4092 955 
20505 2293 332 2291 2349 
20506 1794 3557 4103 3560 
20507 3539 2796 3278 834 
20508 3335 709 1053 4403 
20509 1621 3827 2266 2271 
20510 340 2281 2282 2283 
20511 709 1583 1053 4403 
20512 1541 2361 3836 1873 
20513 1998 357 1950 3748 
20514 2289 334 335 336 
20515 1025 802 4328 1026 
20516 802 1454 4328 1026 
20517 693 371 369 2943 
20518 3362 1080 1081 3718 
20519 847 1149 3278 834 
20520 2795 846 2796 2797 
20521 3312 4042 1752 3067 
20522 4502 3301 3606 757 
20523 698 2234 2233 2231 
20524 1803 1789 792 2252 
20525 1550 1803 792 2252 
20526 2703 2248 380 3823 
20527 1566 4341 374 377 
20528 926 3338 856 919 
20529 3849 2925 467 468 
20530 3238 395 3740 4149 
20531 1605 697 393 2804 
20532 463 465 4376 4139 
20533 2240 1492 1152 2239 
20534 3884 389 3635 3636 
20535 4017 517 3309 4070 
20536 389 3635 3636 2527 
20537 51 4489 1428 50 
20538 516 4187 4136 717 
20539 1607 3194 3414 1050 
20540 3414 1607 1050 401 
20541 409 3414 1050 401 
20542 2204 2201 1142 1105 
20543 4187 3810 4136 717 
20544 2252 2279 792 2250 
20545 1157 1468 1991 4147 
20546 2207 1948 2205 2208 
20547 3805 414 412 2704 
20548 4201 206 2137 91 
20549 3241 898 814 3602 
20550 3695 1584 1142 2203 
20551 1900 90 4266 248 
20552 425 2529 1584 421 
20553 420 2771 421 3696 
20554 2699 3645 424 426 
20555 1550 2252 792 2250 
20556 1157 1900 4147 4309 
20557 1157 1468 4147 1900 
20558 987 3786 1848 990 
20559 4028 3777 435 2524 
20560 3777 441 438 435 
20561 430 3351 432 3349 
20562 3349 3351 432 3352 
20563 433 807 432 3351 
20564 3349 4028 3352 432 
20565 379 1550 792 2250 
20566 1479 2337 2338 303 
20567 2223 2232 1782 4169 
20568 4066 439 2334 4112 
20569 675 2223 1782 4169 
20570 1949 1525 446 3459 
20571 2279 379 792 2250 
20572 2267 2268 1735 2266 
20573 2265 1602 825 456 
20574 3851 3849 4050 468 
20575 2925 469 3880 559 
20576 2851 2853 2852 2082 
20577 2903 2853 559 2925 
20578 455 2259 2554 2261 
20579 2853 1638 2082 2851 
20580 4363 2606 476 3951 
20581 2606 4363 476 478 
20582 1684 4363 476 3951 
20583 3950 474 477 476 
20584 2590 2603 490 2588 
20585 261 1413 3537 4277 
20586 488 4094 489 487 
20587 4137 3786 4180 990 
20588 1343 4137 4180 990 
20589 1720 4003 4406 2539 
20590 1574 1720 2539 1102 
20591 990 991 3188 1133 
20592 1668 547 1656 2574 
20593 991 1987 3794 3188 
20594 540 1770 3833 1705 
20595 3895 540 3833 1705 
20596 1987 4203 3794 3188 
20597 1574 2278 2275 3649 
20598 3126 4126 577 4191 
20599 3876 2652 2643 513 
20600 4126 577 4191 3592 
20601 3428 507 508 509 
20602 508 3428 509 3478 
20603 920 3126 577 4191 
20604 1171 938 512 4013 
20605 1841 1698 938 2631 
20606 511 3876 2932 3877 
20607 579 920 577 4191 
20608 4126 576 577 3592 
20609 1457 4214 3591 578 
20610 1969 3398 2673 999 
20611 518 3909 1683 519 
20612 3909 3879 522 519 
20613 3879 3909 522 2639 
20614 576 4126 3269 3592 
20615 2636 1775 1683 1737 
20616 3909 518 1683 2634 
20617 2639 3909 522 1683 
20618 2656 2655 1636 1898 
20619 529 531 3331 2698 
20620 1896 4236 4202 2442 
20621 4236 1896 4202 3627 
20622 249 3587 4310 2143 
20623 2663 536 1738 2662 
20624 536 1636 2662 531 
20625 1102 1574 346 2275 
20626 3829 4049 3252 1669 
20627 1721 4122 3479 2720 
20628 3096 855 3834 779 
20629 1167 3829 3252 1669 
20630 2598 481 1727 482 
20631 1102 346 2272 2275 
20632 2619 752 2620 2621 
20633 2284 1618 695 339 
20634 777 1600 2736 2690 
20635 4493 4311 4310 1439 
20636 233 1974 1590 3671 
20637 3706 2783 1150 1777 
20638 821 3048 1150 3914 
20639 1176 1159 3262 1864 
20640 1162 1159 3087 3262 
20641 3363 2986 1472 2022 
20642 552 2677 2675 555 
20643 2677 3667 2675 555 
20644 3081 1145 3422 770 
20645 574 3825 1565 556 
20646 2102 4155 4224 3369 
20647 1159 1162 1176 3262 
20648 2102 4224 3262 3369 
20649 1715 4190 3242 4235 
20650 2685 560 566 3793 
20651 1715 370 4235 3242 
20652 2685 2691 560 3793 
20653 326 3054 324 1138 
20654 1572 370 4235 1715 
20655 4214 576 3592 578 
20656 582 1517 2426 1526 
20657 4462 3587 2143 130 
20658 4126 577 575 1604 
20659 324 3054 1598 1138 
20660 3807 326 1138 3054 
20661 3598 2416 589 1521 
20662 593 590 2414 1521 
20663 2293 330 3633 2294 
20664 593 2413 2414 2415 
20665 2419 587 586 2420 
20666 2421 584 586 585 
20667 2417 2416 589 2418 
20668 2732 3598 2416 589 
20669 2732 802 1025 589 
20670 2410 2408 2409 597 
20671 3709 749 866 4246 
20672 749 3709 3448 4246 
20673 1537 4030 707 1804 
20674 1075 2993 2871 1073 
20675 2372 1809 2371 2370 
20676 2270 1823 4257 3449 
20677 609 3994 2923 3954 
20678 3477 2257 1106 4257 
20679 455 557 2554 1626 
20680 2105 1413 261 4277 
20681 2270 3447 1823 3449 
20682 4133 3632 3630 1818 
20683 4493 4311 3132 4310 
20684 1495 1710 3663 1494 
20685 4059 2703 3716 674 
20686 4500 3500 3501 258 
20687 4500 3500 4268 3501 
20688 629 2391 2398 630 
20689 980 4385 1488 3717 
20690 220 4500 4268 3501 
20691 3255 4196 1122 4156 
20692 921 2917 922 2775 
20693 3499 1652 3501 258 
20694 2467 2468 1670 2459 
20695 3500 3499 3501 258 
20696 12 241 1872 4431 
20697 3610 3612 1934 4365 
20698 3532 640 638 3533 
20699 828 605 1450 2550 
20700 2315 1779 2316 2313 
20701 639 4372 1339 636 
20702 1144 2303 3699 4290 
20703 3739 1346 652 654 
20704 653 2482 2481 2483 
20705 665 1542 655 2486 
20706 1281 3522 2489 1350 
20707 948 1800 3522 1281 
20708 1779 2067 2316 2313 
20709 771 2490 2491 1350 
20710 2303 2300 1144 3699 
20711 2067 1779 2316 1257 
20712 797 769 902 4301 
20713 3334 769 797 4301 
20714 950 797 902 4301 
20715 950 3634 797 4301 
20716 2807 1412 3294 687 
20717 797 1585 3864 1257 
20718 1506 4170 4312 2327 
20719 829 2553 1411 671 
20720 2777 2807 2808 1474 
20721 903 4170 1506 2327 
20722 956 2834 2833 1212 
20723 2232 3835 2225 1782 
20724 400 2224 2532 399 
20725 2223 2232 2225 1782 
20726 4312 3770 3405 845 
20727 698 696 2231 2228 
20728 3007 535 768 709 
20729 2931 3007 768 3006 
20730 2685 2677 556 555 
20731 539 3785 553 1711 
20732 3334 797 768 3006 
20733 3007 3334 769 768 
20734 535 3007 768 2931 
20735 744 719 3998 3759 
20736 851 4330 4123 933 
20737 359 2336 2338 1479 
20738 3664 2249 383 2247 
20739 2249 381 383 2247 
20740 731 3709 3872 732 
20741 2235 764 2233 2327 
20742 436 2702 704 731 
20743 1270 1640 1582 3913 
20744 3664 436 383 2249 
20745 4386 1460 4497 1463 
20746 778 1506 4312 2327 
20747 1014 742 4273 4502 
20748 3013 1170 4323 4158 
20749 1178 1170 4158 1997 
20750 1179 1178 2510 1180 
20751 602 605 2404 1450 
20752 2611 2094 2612 1290 
20753 868 1112 4160 891 
20754 2622 865 735 2624 
20755 752 2619 2620 753 
20756 3646 1467 1450 828 
20757 3356 940 3138 3355 
20758 877 774 878 3517 
20759 2235 2234 2233 764 
20760 2548 843 3770 2230 
20761 697 2234 1524 764 
20762 1605 389 1606 3635 
20763 12 4415 241 4431 
20764 4294 1409 3429 3481 
20765 3692 1467 1450 3646 
20766 4143 1728 3661 3660 
20767 2179 453 775 773 
20768 93 208 4345 209 
20769 2691 2738 2737 567 
20770 2119 208 4345 93 
20771 3741 786 2737 2739 
20772 1112 4160 4356 1925 
20773 849 3741 2739 786 
20774 1112 3945 4356 4160 
20775 1778 3863 4240 3657 
20776 917 3741 1472 786 
20777 4103 1825 3562 3556 
20778 797 1585 768 3006 
20779 279 5 4442 2030 
20780 1585 816 768 3006 
20781 2070 3904 4367 3905 
20782 3904 2070 4367 3907 
20783 816 1585 3863 3006 
20784 799 2729 2513 3713 
20785 3907 2023 4367 4292 
20786 2070 2023 4367 3907 
20787 1764 3107 1087 1813 
20788 2444 293 2445 2396 
20789 1894 1614 3746 1928 
20790 3762 4378 3358 1274 
20791 1882 252 1274 4378 
20792 252 2013 1274 4378 
20793 1666 1523 1015 3509 
20794 485 2600 4299 484 
20795 901 4027 1483 957 
20796 2444 293 2396 2437 
20797 296 294 2382 295 
20798 1079 996 1128 3100 
20799 923 2918 3023 4040 
20800 1128 3568 3757 3100 
20801 923 830 1056 3022 
20802 1792 3051 1817 1056 
20803 1467 830 3022 1056 
20804 1079 1128 3757 3100 
20805 2304 354 2305 677 
20806 2949 2936 2788 841 
20807 3656 1586 801 679 
20808 3092 1079 996 1029 
20809 1653 3095 2979 2874 
20810 1154 841 2788 861 
20811 3092 3099 1029 996 
20812 4148 4275 3537 2045 
20813 1478 1456 2969 427 
20814 2531 1390 3486 286 
20815 4347 2105 4411 4277 
20816 1413 3536 3537 4277 
20817 4198 1695 4496 259 
20818 4027 2982 1483 3996 
20819 4019 3631 612 4057 
20820 236 1431 2123 4422 
20821 21 1431 236 4422 
20822 282 1695 3327 4221 
20823 2982 4027 1483 901 
20824 3112 881 3239 737 
20825 1062 1897 1722 2605 
20826 1431 4083 2123 4422 
20827 3989 1756 4353 3935 
20828 481 2598 1727 2599 
20829 2597 2658 874 2599 
20830 1431 4443 4425 22 
20831 2369 613 2371 4057 
20832 3926 849 885 1004 
20833 1399 4433 2154 3518 
20834 3692 3646 1450 2550 
20835 3646 2552 828 2550 
20836 3081 1145 894 2994 
20837 3526 1380 1373 2011 
20838 849 2740 2741 850 
20839 849 2741 885 850 
20840 1870 60 61 4461 
20841 172 2122 4444 4230 
20842 3389 3550 3388 1296 
20843 1179 1658 2511 1491 
20844 808 2515 2513 2514 
20845 266 3511 4485 1765 
20846 2552 671 828 2550 
20847 4281 115 4449 116 
20848 3786 987 1848 3319 
20849 4066 3777 438 434 
20850 3164 3104 743 3617 
20851 2933 899 3650 3014 
20852 4093 3164 743 3617 
20853 3720 4169 1538 1763 
20854 4473 2116 1449 4455 
20855 158 2116 4473 4455 
20856 3429 940 3355 1018 
20857 3429 2073 1018 4076 
20858 49 4473 1449 4455 
20859 4093 4071 616 2448 
20860 1104 3356 3138 3357 
20861 3356 1104 3138 940 
20862 4429 3596 4447 135 
20863 1229 1772 3234 3232 
20864 755 2619 754 753 
20865 3720 4361 1538 4169 
20866 3225 3224 1100 3223 
20867 3222 3989 3988 1774 
20868 609 2923 2393 1549 
20869 1746 3216 3215 960 
20870 3203 4105 1919 1098 
20871 782 2369 1549 611 
20872 3216 3211 3215 960 
20873 3511 266 4485 4477 
20874 3291 1911 3677 3990 
20875 112 3511 4485 4477 
20876 1517 2424 580 2426 
20877 2424 2537 580 2426 
20878 180 4470 4488 4205 
20879 2718 871 858 2785 
20880 2952 1783 3024 2791 
20881 2733 2718 872 2734 
20882 3024 3894 1714 1227 
20883 857 1008 2786 1009 
20884 2718 873 2716 2717 
20885 824 995 3099 3102 
20886 824 3098 3644 3099 
20887 1165 1563 995 3101 
20888 3103 997 995 1165 
20889 268 4470 1400 69 
20890 1295 3389 4499 1362 
20891 2835 956 2836 2833 
20892 293 2444 292 2437 
20893 2892 705 779 1329 
20894 2394 294 2396 2382 
20895 3830 2850 1625 1637 
20896 3389 1295 4024 1362 
20897 3502 848 3508 1510 
20898 2382 294 2396 295 
20899 3376 4302 1259 1017 
20900 3637 387 4177 1648 
20901 484 2600 4299 4197 
20902 621 3626 4119 1832 
20903 397 700 699 4018 
20904 3631 612 619 3082 
20905 1542 692 3551 1543 
20906 616 1426 592 2448 
20907 397 3238 699 395 
20908 701 700 4018 699 
20909 1968 4292 1108 3932 
20910 3197 3170 1040 3196 
20911 2441 637 2451 2450 
20912 1631 3436 3416 1109 
20913 3436 969 1631 3869 
20914 3769 1836 2269 2268 
20915 1156 2707 2269 1762 
20916 1061 3769 2269 4183 
20917 637 2458 2451 2450 
20918 2812 1717 2810 3607 
20919 895 2377 1560 622 
20920 2808 1070 2811 4282 
20921 2377 895 1560 2376 
20922 1072 1071 4342 1070 
20923 653 654 655 2484 
20924 2483 653 655 2484 
20925 3940 3307 974 4034 
20926 1872 1275 1317 3451 
20927 2216 4388 1571 1570 
20928 3039 3652 666 3702 
20929 2097 2135 4281 1317 
20930 2672 2652 2681 514 
20931 716 2686 718 1094 
20932 718 3885 4293 1931 
20933 3367 3885 4317 1931 
20934 456 3761 2263 2261 
20935 718 1110 4293 4238 
20936 1020 1019 3847 2258 
20937 2493 1965 2496 3702 
20938 2686 3885 718 1094 
20939 4113 1555 3628 4079 
20940 2493 2496 1328 2495 
20941 419 1948 2207 2208 
20942 2883 2881 2882 1092 
20943 1107 1328 2495 2494 
20944 2883 1077 2881 1092 
20945 1328 2493 2495 2494 
20946 4049 484 4299 4197 
20947 914 855 779 3834 
20948 1354 1660 2841 1103 
20949 3096 3829 3834 855 
20950 1640 3915 2057 781 
20951 3126 3090 1754 1604 
20952 4126 3057 3056 575 
20953 942 2779 2693 1883 
20954 1798 4412 2689 2720 
20955 279 2168 2030 4442 
20956 1594 3120 3119 3118 
20957 3303 1804 3446 1205 
20958 2537 4191 578 3592 
20959 1149 3953 3278 834 
20960 2259 455 2554 1626 
20961 422 3139 1557 1559 
20962 2277 344 3727 2280 
20963 942 1645 2693 2745 
20964 3055 3054 3056 1598 
20965 1698 2633 2643 2631 
20966 3637 3912 387 3639 
20967 3876 511 512 3877 
20968 1228 1969 2673 999 
20969 4104 2622 4065 735 
20970 386 3637 387 3639 
20971 2694 2689 1645 2693 
20972 1883 942 1645 2693 
20973 2897 1984 882 1117 
20974 2689 1883 1645 2693 
20975 4060 840 721 3650 
20976 3247 3624 1196 2987 
20977 1728 1452 234 3661 
20978 2538 2410 1769 597 
20979 1280 1206 1209 4084 
20980 2408 2410 2538 597 
20981 3257 1123 3258 1204 
20982 1123 3257 1124 1204 
20983 4140 4030 3446 1804 
20984 4143 1728 234 3661 
20985 4169 675 1538 1763 
20986 1531 2501 2499 1215 
20987 1530 1531 2499 1215 
20988 403 675 405 2221 
20989 1484 2773 2964 2770 
20990 1189 3497 2781 3496 
20991 2312 1512 3798 1766 
20992 1214 4181 3657 1586 
20993 1484 3722 2770 2964 
20994 2311 1045 3658 949 
20995 3345 1234 3432 2015 
20996 3345 3431 2015 3432 
20997 3434 3433 3432 1757 
20998 1638 3830 1625 1637 
20999 1830 2469 2467 2470 
21000 1239 3593 1238 1237 
21001 1242 1899 1240 2760 
21002 1638 2851 3830 1637 
21003 2171 2147 267 1351 
21004 3137 2040 878 2920 
21005 2053 3384 1444 1796 
21006 1796 2065 1249 3386 
21007 2174 983 1010 2172 
21008 1365 2133 218 4166 
21009 1033 572 1032 3724 
21010 1834 2168 4078 2030 
21011 2884 3824 1648 391 
21012 2168 279 2030 1834 
21013 4177 1270 2904 1648 
21014 387 1270 3913 4177 
21015 387 1270 4177 1648 
21016 3665 704 1582 383 
21017 915 3987 3408 916 
21018 3846 1082 413 836 
21019 3326 1940 1315 1765 
21020 500 499 498 2580 
21021 3566 1082 836 1876 
21022 1055 1292 1087 3597 
21023 3110 1047 1054 3111 
21024 137 2156 4436 4417 
21025 3895 500 498 2580 
21026 4141 1292 4351 3597 
21027 1047 3112 3113 3111 
21028 3596 1325 2049 4332 
21029 695 2282 339 341 
21030 1614 3747 3746 1928 
21031 2757 896 3503 2887 
21032 365 3585 3586 3270 
21033 2809 3128 1867 3270 
21034 1867 3440 924 1359 
21035 615 1742 1659 3929 
21036 2607 2604 1722 2605 
21037 891 2615 1191 2613 
21038 3596 134 3595 4447 
21039 1440 4311 3588 3589 
21040 4316 231 3595 2118 
21041 3593 1236 1238 1237 
21042 131 3588 132 4483 
21043 3315 1335 4355 1336 
21044 1335 3315 1646 1336 
21045 1335 4355 1336 1334 
21046 3943 2615 891 2613 
21047 2449 615 1659 3929 
21048 1347 3158 3157 3155 
21049 1536 4327 1254 1238 
21050 1254 2466 2467 1670 
21051 3920 3975 3289 302 
21052 3497 1189 1988 1388 
21053 1940 3323 1316 2098 
21054 4495 4250 1835 3980 
21055 241 1872 4431 3542 
21056 285 2787 3484 286 
21057 1254 1536 1670 2467 
21058 802 1454 1551 3413 
21059 3676 4492 212 97 
21060 1375 3676 2151 212 
21061 1827 1387 3189 1386 
21062 2062 2460 1392 292 
21063 3920 302 3289 300 
21064 2394 447 3552 3800 
21065 525 523 1667 2646 
21066 2647 525 1667 2646 
21067 1551 4369 3413 2464 
21068 1005 1413 3536 3195 
21069 2105 4347 3536 4277 
21070 1366 216 3674 2150 
21071 1083 973 974 4067 
21072 3629 4275 1172 3195 
21073 4369 802 1551 3413 
21074 2963 1121 3254 2962 
21075 3433 3431 2015 1425 
21076 1121 1080 3254 2962 
21077 1424 276 52 4453 
21078 3879 521 519 2935 
21079 4070 3811 2935 520 
21080 1046 881 3112 737 
21081 1517 2427 2426 1526 
21082 488 4063 4094 3339 
21083 689 690 4243 685 
21084 1806 760 1535 4502 
21085 488 4124 3339 4094 
21086 521 524 2725 2723 
21087 2045 4275 1172 1917 
21088 2907 1446 2891 1447 
21089 914 3822 855 3834 
21090 1459 1460 1458 3421 
21091 1536 1830 1670 2467 
21092 486 3252 4197 1669 
21093 2600 4124 4197 486 
21094 4049 486 4197 1669 
21095 2537 582 578 580 
21096 3252 486 4197 3339 
21097 224 4423 4424 3 
21098 1387 1728 3661 1452 
21099 206 92 2016 91 
21100 1728 1387 3661 3660 
21101 3071 3069 504 1681 
21102 3280 3794 3187 1183 
21103 2336 2339 3520 1826 
21104 506 3071 504 1681 
21105 3379 4396 306 3380 
21106 1479 694 2332 2337 
21107 2879 2753 1692 3966 
21108 1148 2996 1490 835 
21109 412 411 1490 4362 
21110 411 4001 4153 3012 
21111 233 3671 1590 3672 
21112 3268 3843 1703 4278 
21113 521 3879 522 2723 
21114 522 521 2723 523 
21115 2641 522 2723 523 
21116 312 3300 4249 311 
21117 1729 1511 2321 1512 
21118 1511 1729 2310 676 
21119 1987 2465 2064 1666 
21120 963 3212 1725 1095 
21121 1132 3901 2034 1725 
21122 2064 2465 451 1666 
21123 1473 2059 2186 1947 
21124 2779 942 2693 4232 
21125 4308 3212 1725 963 
21126 1533 689 2447 585 
21127 4308 3901 1725 3212 
21128 4165 1139 3581 3240 
21129 1132 4308 1725 963 
21130 3901 4308 1725 1132 
21131 881 738 3239 737 
21132 3946 3385 1246 3947 
21133 3345 1234 4186 3435 
21134 4327 1536 1254 2466 
21135 3731 4212 1736 4309 
21136 667 650 2480 652 
21137 1157 3731 1736 4309 
21138 1487 3403 2778 3402 
21139 1487 3403 1031 2778 
21140 4465 57 1476 58 
21141 975 1487 1031 2778 
21142 2378 895 2376 2546 
21143 1456 2969 2789 2968 
21144 3442 4309 248 1736 
21145 2771 423 424 2789 
21146 2797 2795 1494 3276 
21147 2975 3818 1933 3085 
21148 2403 3780 1312 3694 
21149 2317 1938 1226 1578 
21150 2056 2317 1226 1578 
21151 2314 827 3798 2528 
21152 1231 2032 3342 2008 
21153 2771 2966 423 2789 
21154 1966 3442 248 1736 
21155 3145 315 4047 316 
21156 4489 4473 229 50 
21157 1718 1459 1589 3410 
21158 4086 3145 4109 314 
21159 4086 313 314 4109 
21160 1600 777 2736 1777 
21161 1377 3363 1472 2022 
21162 3706 3048 1150 2783 
21163 1151 3048 1150 941 
21164 3048 1151 1150 2783 
21165 3706 3667 2690 1600 
21166 786 2738 2737 2739 
21167 1611 2226 1733 399 
21168 3682 4283 396 3683 
21169 4473 4489 229 4210 
21170 1611 2229 394 696 
21171 392 2983 3680 4149 
21172 2804 3679 696 393 
21173 2234 698 2233 764 
21174 2229 3679 394 696 
21175 2548 843 2230 2227 
21176 2045 4275 3537 3195 
21177 1622 298 2800 300 
21178 4171 1509 3729 930 
21179 1622 2890 1447 1697 
21180 2614 1191 1857 1747 
21181 2810 1070 2811 2808 
21182 227 200 85 86 
21183 200 1665 85 86 
21184 395 3740 394 3683 
21185 396 395 394 3683 
21186 2030 2168 4318 4442 
21187 4424 2030 4318 4442 
21188 2218 403 2221 2219 
21189 395 397 3683 396 
21190 2410 3604 1769 2412 
21191 403 400 2222 402 
21192 406 408 1576 2214 
21193 2820 2823 970 2822 
21194 502 571 570 4307 
21195 4283 397 4409 3302 
21196 956 914 2833 2832 
21197 2 4 3962 193 
21198 1987 4203 4260 3794 
21199 1885 3282 3280 2107 
21200 2 3962 80 193 
21201 1745 3962 2110 80 
21202 3285 3794 1348 4260 
21203 1760 3973 2145 80 
21204 3852 2980 1776 1680 
21205 3973 2145 80 193 
21206 4309 1900 4147 2137 
21207 3822 3829 855 3834 
21208 265 4248 206 91 
21209 265 90 4248 91 
21210 2867 2971 3959 1688 
21211 1732 1731 4163 2970 
21212 2971 1687 1688 1810 
21213 795 1693 1692 2753 
21214 2837 1127 2836 2835 
21215 725 727 4102 790 
21216 4248 205 206 91 
21217 90 205 4248 91 
21218 3805 3444 412 415 
21219 3695 1699 4073 2208 
21220 1127 2837 2836 2838 
21221 415 3444 416 4073 
21222 3695 417 3696 4073 
21223 693 1710 1895 3779 
21224 1310 3780 1312 1710 
21225 418 1495 2797 1494 
21226 103 1856 218 102 
21227 3780 4005 2403 1312 
21228 1710 3780 1312 1895 
21229 103 1365 218 4166 
21230 418 846 1494 2797 
21231 932 2839 2838 2836 
21232 914 932 3771 779 
21233 3898 496 502 503 
21234 1127 1354 2838 2836 
21235 1883 2688 2689 1824 
21236 2688 2683 1094 2682 
21237 2688 2779 1883 2693 
21238 1154 1721 1798 2720 
21239 510 4412 1798 3478 
21240 3192 1731 2970 4163 
21241 2938 2678 2659 726 
21242 3212 3905 1791 1095 
21243 2637 728 2659 2670 
21244 730 1693 795 2687 
21245 3212 3904 1791 3905 
21246 3959 1690 2879 1692 
21247 3205 964 1097 1096 
21248 3448 4333 869 3812 
21249 1006 870 2847 869 
21250 82 81 1743 195 
21251 194 81 3937 195 
21252 3090 4011 3127 1754 
21253 2295 2292 2294 1903 
21254 3090 1138 1587 1754 
21255 1630 2919 3839 2844 
21256 1011 1630 3839 2844 
21257 1011 2919 1630 2844 
21258 1790 4011 3127 4046 
21259 1424 3582 4453 2132 
21260 2356 1971 3705 1912 
21261 3762 3358 1813 1274 
21262 1616 1781 2076 2858 
21263 1781 3808 1182 2858 
21264 2905 2980 3852 1680 
21265 1676 466 4125 1680 
21266 3312 2980 1776 3420 
21267 1844 3312 1776 3420 
21268 1182 3808 2750 2858 
21269 3762 3105 1813 3358 
21270 3069 1682 504 1681 
21271 2160 4358 3622 275 
21272 2812 1717 1787 1072 
21273 1717 2812 1787 1575 
21274 3876 511 2932 2681 
21275 3093 3130 4010 317 
21276 4039 528 3075 4081 
21277 529 527 3866 3991 
21278 617 620 805 2373 
21279 2798 3539 366 834 
21280 4089 3631 614 4133 
21281 3258 3260 3259 1204 
21282 1382 2763 929 2877 
21283 2688 2683 2689 1824 
21284 224 223 108 1835 
21285 4325 224 108 1835 
21286 1842 3398 1969 999 
21287 931 2886 2888 2887 
21288 3398 3438 3397 999 
21289 4300 728 2637 2670 
21290 747 3439 4300 1064 
21291 107 4495 1835 223 
21292 260 4250 3980 1835 
21293 92 2119 4229 234 
21294 1841 4182 2629 1842 
21295 3398 747 3438 999 
21296 4426 235 3549 1853 
21297 3659 1728 2063 4143 
21298 4421 3549 3547 1853 
21299 4143 2119 234 3393 
21300 4440 65 1361 269 
21301 3393 1352 4229 234 
21302 1574 695 341 3649 
21303 378 379 377 3823 
21304 2119 3393 4229 234 
21305 3263 1159 1160 982 
21306 3084 1902 3085 410 
21307 1688 3360 1689 1686 
21308 4451 1399 14 4433 
21309 2729 799 798 803 
21310 1324 4110 1964 1323 
21311 1836 3769 1061 1886 
21312 1061 3769 4183 1886 
21313 1690 3938 245 1689 
21314 2111 82 1689 2007 
21315 4287 3360 1689 3938 
21316 1379 3653 1846 1151 
21317 2658 876 874 875 
21318 890 2909 910 2921 
21319 3360 4287 1689 1686 
21320 3846 3172 3566 836 
21321 2164 197 256 198 
21322 3917 1702 278 83 
21323 2793 948 3522 2535 
21324 4105 3203 3229 1098 
21325 890 3249 2909 2921 
21326 1743 3956 2165 3955 
21327 3917 4016 278 3918 
21328 3480 3828 3468 1381 
21329 3843 1941 1703 253 
21330 2465 2064 451 2184 
21331 2171 2147 3468 267 
21332 3354 2006 2940 1641 
21333 3428 3478 4387 509 
21334 1625 3830 3971 3011 
21335 1222 2171 2170 2172 
21336 2783 1151 1777 1846 
21337 3780 4005 1895 3779 
21338 1567 1895 3083 3779 
21339 3384 2065 1796 3386 
21340 2548 851 3405 845 
21341 640 639 3533 2033 
21342 1484 958 1620 2964 
21343 634 1339 2731 636 
21344 198 197 256 83 
21345 3704 1245 1282 1532 
21346 693 2945 2943 3779 
21347 1891 3043 1963 794 
21348 1891 4498 3042 1333 
21349 4404 1330 4498 1331 
21350 84 198 83 2134 
21351 84 198 256 83 
21352 197 198 2134 83 
21353 838 1357 4211 2035 
21354 2953 2955 1263 985 
21355 290 291 289 2461 
21356 3134 2002 985 2954 
21357 1151 2783 2984 1846 
21358 1728 1387 3660 1996 
21359 3663 693 2943 3779 
21360 1352 1091 2063 3393 
21361 2564 772 1021 702 
21362 2782 2783 1777 1846 
21363 309 356 2328 311 
21364 1941 1707 3374 3842 
21365 1665 2163 253 1941 
21366 3579 310 311 3300 
21367 4360 3579 311 3300 
21368 3928 2542 3816 322 
21369 2733 984 2792 2791 
21370 3885 1094 1931 718 
21371 1058 1078 1340 4128 
21372 2783 2782 2984 1846 
21373 1327 718 4293 1931 
21374 3367 1327 4293 1931 
21375 984 2953 985 2792 
21376 4069 1844 1857 1677 
21377 3096 3065 501 779 
21378 882 945 4053 2965 
21379 1278 3701 355 3685 
21380 1299 355 2357 3691 
21381 2831 2829 1890 2832 
21382 3775 929 1383 1384 
21383 2175 1223 3009 1469 
21384 705 2892 2051 1329 
21385 2897 882 4053 2965 
21386 846 847 3278 834 
21387 882 945 2965 1117 
21388 2751 1391 691 3826 
21389 2446 2460 3826 2062 
21390 2062 2460 3826 1392 
21391 940 877 3355 1018 
21392 2040 1063 878 2920 
21393 1409 3356 4294 3429 
21394 4025 348 350 3305 
21395 1596 3305 2948 350 
21396 2897 882 2965 1117 
21397 378 3359 3823 4395 
21398 3378 2001 2123 3452 
21399 3824 4336 388 391 
21400 163 162 2132 4453 
21401 4096 1275 4237 3542 
21402 246 2133 217 102 
21403 4435 163 2132 4453 
21404 4336 390 388 391 
21405 219 103 2136 218 
21406 400 2224 1568 2222 
21407 2795 959 1494 3276 
21408 2227 2226 2225 1733 
21409 2223 2224 1568 2225 
21410 3582 276 4453 4471 
21411 3387 1431 4321 4083 
21412 1782 2223 1568 2225 
21413 4443 1431 4321 1436 
21414 2974 375 376 410 
21415 4448 232 1443 2117 
21416 4270 2136 1884 1260 
21417 4504 217 4087 102 
21418 1652 4270 1884 1260 
21419 990 3786 4180 3188 
21420 2974 3084 2975 410 
21421 227 4215 3886 2139 
21422 375 2974 2975 410 
21423 3733 3400 256 1685 
21424 4314 3401 1219 4408 
21425 2124 1402 239 4469 
21426 345 1704 3993 3727 
21427 2185 442 2187 1947 
21428 439 443 4112 1466 
21429 3434 1239 1757 1237 
21430 3583 4418 4430 165 
21431 3583 4179 2038 3584 
21432 4121 444 445 443 
21433 1429 820 4076 1469 
21434 2004 2171 2173 3828 
21435 1018 1429 4076 1469 
21436 2174 983 900 1010 
21437 2526 877 4329 3517 
21438 442 439 4175 2334 
21439 2073 3429 3009 4076 
21440 3030 884 3031 1166 
21441 2182 2180 2181 1523 
21442 2180 453 2181 1523 
21443 2262 2260 3858 449 
21444 1344 2064 1133 3529 
21445 2260 2273 3858 449 
21446 1930 3477 1879 3971 
21447 2185 444 451 2183 
21448 2196 1858 2194 2195 
21449 1858 2196 2197 2195 
21450 3712 1269 2200 3594 
21451 1052 1858 1696 2194 
21452 2193 1052 1696 2194 
21453 2273 2260 454 449 
21454 1024 1266 800 2556 
21455 2790 3599 2385 1342 
21456 884 3981 3078 883 
21457 419 3805 415 2208 
21458 1699 1948 2208 2205 
21459 419 2207 1356 2209 
21460 428 2199 833 2202 
21461 4091 4137 1848 3319 
21462 2262 450 2260 449 
21463 4137 2436 2101 3528 
21464 2199 428 833 918 
21465 425 428 833 2202 
21466 417 4289 3696 4073 
21467 3981 3080 3078 883 
21468 467 2903 3848 465 
21469 2006 2903 467 465 
21470 2226 2229 1611 2228 
21471 2903 2006 3354 465 
21472 1333 1891 1820 3042 
21473 1820 3040 3050 3042 
21474 3950 477 2606 476 
21475 1891 3040 1820 3042 
21476 3638 1606 1524 2239 
21477 1492 2236 1524 2239 
21478 2545 4025 349 4054 
21479 904 1492 976 2238 
21480 353 2262 450 2264 
21481 2595 1726 2594 2596 
21482 2595 1726 2593 2594 
21483 2947 1567 2010 3083 
21484 3477 2257 1626 1106 
21485 2260 450 2261 454 
21486 450 456 2263 2261 
21487 455 3761 456 2261 
21488 511 3877 509 512 
21489 1574 1720 695 3649 
21490 353 2262 2264 3064 
21491 2271 1044 2274 2272 
21492 1044 1102 346 2272 
21493 343 1574 2275 346 
21494 1596 3953 3993 1704 
21495 1225 1841 938 2629 
21496 513 3968 512 938 
21497 1574 2278 341 343 
21498 516 717 4136 1678 
21499 338 4022 2283 2285 
21500 2281 3730 2283 340 
21501 2806 330 2349 1595 
21502 4070 517 4136 1678 
21503 2629 1225 4359 2627 
21504 2293 331 330 2294 
21505 2380 3054 3053 324 
21506 1627 323 325 2301 
21507 1602 353 2264 3827 
21508 517 4070 520 1678 
21509 3810 3165 1678 1111 
21510 2311 678 2310 1729 
21511 2700 3656 949 3657 
21512 4290 1057 3353 3699 
21513 585 583 685 2423 
21514 517 516 4136 1678 
21515 1679 3165 1111 1678 
21516 1014 1785 4502 2429 
21517 1602 2265 2266 2264 
21518 2314 2056 2315 1779 
21519 3827 353 2264 3064 
21520 2317 1938 2319 2318 
21521 2265 1602 2263 2264 
21522 2056 2317 2315 1226 
21523 2314 2317 2315 2056 
21524 450 2262 2263 2264 
21525 1624 1930 1879 3971 
21526 4039 529 2698 3866 
21527 2661 2578 542 541 
21528 3923 694 2326 1498 
21529 2325 2323 1499 1188 
21530 2339 359 2338 2340 
21531 2677 2684 553 2676 
21532 2336 2054 1826 2335 
21533 3785 2769 2676 553 
21534 3975 3920 2351 302 
21535 2769 3825 1565 4340 
21536 568 3745 564 569 
21537 3784 2724 2726 526 
21538 3711 1580 3712 3977 
21539 939 914 1890 2832 
21540 1160 3715 1488 1868 
21541 1811 3313 3314 3097 
21542 1173 2364 2365 2363 
21543 320 3057 1598 3055 
21544 947 2346 2074 1304 
21545 3953 3670 1149 3278 
21546 3081 2994 894 2912 
21547 1496 4033 897 3097 
21548 3519 2359 2912 1218 
21549 4033 1496 3314 3097 
21550 3706 3667 1601 3914 
21551 4126 3126 577 1604 
21552 3269 3057 575 360 
21553 2795 959 3707 2365 
21554 576 3269 575 360 
21555 2795 959 3276 3707 
21556 3940 2460 1392 3826 
21557 1764 3106 844 3108 
21558 257 282 4263 4221 
21559 1509 813 3729 930 
21560 298 1874 2381 296 
21561 453 1523 448 2181 
21562 920 3126 1754 1604 
21563 453 2179 2180 2181 
21564 774 4297 3517 3804 
21565 453 2179 2181 3804 
21566 1311 2403 1312 3694 
21567 1533 2421 3778 586 
21568 1561 805 2374 2403 
21569 2251 1550 2250 2252 
21570 3640 1561 2374 2403 
21571 2832 2831 2833 1890 
21572 381 2248 2247 2249 
21573 3654 376 377 4395 
21574 2399 617 2373 620 
21575 1764 3109 1054 1087 
21576 2416 3598 2414 1521 
21577 3109 1764 3108 3107 
21578 2422 584 581 2464 
21579 579 2537 3487 4191 
21580 2949 2936 841 4194 
21581 1154 2694 4122 2720 
21582 956 2832 2833 1890 
21583 1859 668 1832 4491 
21584 1859 3151 1186 2882 
21585 617 618 4089 614 
21586 4480 1870 60 250 
21587 4480 60 1870 4461 
21588 630 2508 4155 2397 
21589 630 4155 2508 683 
21590 630 4155 2390 2397 
21591 630 2390 4155 1544 
21592 3743 1899 1240 1536 
21593 3743 1240 1899 2760 
21594 2512 799 1491 766 
21595 1491 799 2512 2513 
21596 4324 88 2114 1588 
21597 2114 88 4324 203 
21598 3853 1801 1850 1181 
21599 3853 1850 1801 2577 
21600 3738 935 1644 1643 
21601 3738 1644 935 2706 
21602 3640 1560 2374 1561 
21603 2374 1560 3640 2376 
21604 3599 892 1052 1135 
21605 3599 1052 892 2192 
21606 2018 3391 1120 4317 
21607 1120 3391 2018 1340 
21608 3486 284 3325 3484 
21609 3325 284 3486 806 
21610 3350 814 2968 1140 
21611 3350 2968 814 4370 
21612 990 3185 987 3786 
21613 990 987 3185 989 
21614 3626 1832 3151 4119 
21615 3151 1832 3626 4491 
21616 2733 936 2717 3821 
21617 2733 2717 936 872 
21618 3784 1616 2726 2857 
21619 3784 2726 1616 526 
21620 3698 1758 1140 4305 
21621 1140 1758 3698 1141 
21622 1140 3350 3698 4305 
21623 1042 3198 1043 3244 
21624 1042 1043 3198 1041 
21625 2307 322 354 2542 
21626 2307 354 322 676 
21627 2823 1175 2825 1272 
21628 2825 1175 2823 2824 
21629 1826 3936 2335 1134 
21630 2335 3936 1826 3520 
21631 1903 2350 1982 2296 
21632 1903 1982 2350 1279 
21633 754 3870 2730 4213 
21634 2730 3870 754 1821 
21635 3110 1047 3112 1046 
21636 3110 3112 1047 3111 
21637 622 2375 4173 2377 
21638 622 4173 2375 620 
21639 1865 3328 3327 4496 
21640 1865 3327 3328 3324 
21641 3278 2074 3616 3670 
21642 3278 3616 2074 847 
21643 3184 988 3185 3183 
21644 987 988 3185 989 
21645 987 3185 988 3183 
21646 4026 687 608 610 
21647 4026 608 687 3294 
21648 647 2473 2003 2475 
21649 647 2003 2473 1952 
21650 1126 2924 1552 2927 
21651 1552 2924 1126 1116 
21652 2011 3687 3526 1380 
21653 2011 3526 3687 4306 
21654 1332 1334 4404 4099 
21655 1332 4404 1334 1331 
21656 4498 4404 1334 4099 
21657 4498 1334 4404 1331 
21658 3427 1798 3478 508 
21659 3427 3478 1798 2720 
21660 3426 1603 3424 2078 
21661 3426 3424 1603 3425 
21662 234 4345 3661 1452 
21663 234 3661 4345 2119 
21664 4179 2038 1244 1444 
21665 1244 2038 4179 3584 
21666 1244 3163 4179 1444 
21667 4179 3163 1244 3584 
21668 4462 1436 2143 249 
21669 2143 1436 4462 4443 
21670 2984 2022 2782 2986 
21671 2782 2022 2984 1846 
21672 541 2578 3995 2661 
21673 541 3995 2578 500 
21674 895 2377 624 2378 
21675 895 624 2377 622 
21676 2379 624 2377 2378 
21677 2379 2377 624 622 
21678 3236 1936 2170 1258 
21679 2170 1936 3236 3504 
21680 2093 3504 260 3505 
21681 2093 260 3504 1936 
21682 3980 260 3504 3505 
21683 2790 1520 1135 1871 
21684 1135 1520 2790 4064 
21685 4303 915 883 4041 
21686 4303 883 915 783 
21687 297 2367 2381 298 
21688 297 2381 2367 2360 
21689 4142 1430 591 684 
21690 4142 591 1430 2544 
21691 2367 299 297 2353 
21692 2367 297 299 298 
21693 3100 1980 3568 4400 
21694 3100 3568 1980 1128 
21695 2720 1645 1154 2694 
21696 2720 1154 1645 1798 
21697 2042 4220 4219 1338 
21698 4219 4220 2042 3603 
21699 1421 3572 225 3571 
21700 1421 225 3572 1420 
21701 1657 3479 503 1721 
21702 503 3479 1657 4152 
21703 1597 2563 3924 3726 
21704 3924 2563 1597 784 
21705 1840 1481 4330 3719 
21706 4330 1481 1840 933 
21707 4330 3296 1840 3719 
21708 1840 3296 4330 933 
21709 1083 3450 3037 1283 
21710 1083 3037 3450 3308 
21711 3465 256 4258 2164 
21712 3465 4258 256 1672 
21713 3214 1788 3409 3992 
21714 3214 3409 1788 961 
21715 4492 212 2120 213 
21716 2120 212 4492 97 
21717 3748 1204 3260 3258 
21718 3748 3260 1204 1950 
21719 3492 1663 3493 3494 
21720 3492 3493 1663 1502 
21721 1410 3357 3482 1104 
21722 3482 3357 1410 4045 
21723 1428 4319 276 2032 
21724 1428 276 4319 2162 
21725 4399 87 2113 202 
21726 4399 2113 87 228 
21727 3417 1471 1375 1376 
21728 1375 1471 3417 4373 
21729 1165 4410 3744 3370 
21730 3744 4410 1165 1990 
21731 3129 1079 1817 1129 
21732 3129 1817 1079 3052 
21733 4447 231 27 4466 
21734 4447 27 231 2049 
21735 2196 1342 2194 1858 
21736 2194 1342 2196 2385 
21737 700 3194 3302 1607 
21738 700 3302 3194 3297 
21739 280 3504 1835 1936 
21740 1835 3504 280 2167 
21741 667 3735 2478 2003 
21742 2478 3735 667 2507 
21743 4400 230 1990 1980 
21744 4400 1990 230 2115 
21745 244 4195 1427 2050 
21746 244 1427 4195 2126 
21747 90 2137 4266 205 
21748 4266 2137 90 1900 
21749 1202 3295 1201 957 
21750 1202 1201 3295 2922 
21751 3440 924 3503 4146 
21752 3503 924 3440 1359 
21753 1578 2319 356 3838 
21754 1578 356 2319 1938 
21755 737 3615 738 3239 
21756 737 738 3615 690 
21757 3673 2068 1299 1618 
21758 1299 2068 3673 2357 
21759 1549 2393 2369 2368 
21760 1549 2369 2393 611 
21761 2766 1997 3466 1958 
21762 3466 1997 2766 4158 
21763 2571 561 2570 549 
21764 2570 561 2571 2569 
21765 1523 2183 2181 2182 
21766 2181 2183 1523 448 
21767 1427 4195 4284 2050 
21768 1427 4284 4195 3580 
21769 2168 1369 3483 279 
21770 3483 1369 2168 4350 
21771 4174 3875 1660 2873 
21772 1660 3875 4174 781 
21773 1660 780 4174 2873 
21774 4174 780 1660 781 
21775 1855 2917 2918 3191 
21776 2918 2917 1855 921 
21777 1130 2888 994 1005 
21778 994 2888 1130 2956 
21779 3536 2105 1131 4347 
21780 3536 1131 2105 1413 
21781 2558 1579 2560 745 
21782 2558 2560 1579 3026 
21783 2755 837 836 2861 
21784 2755 836 837 880 
21785 490 4063 4007 2603 
21786 490 4007 4063 544 
21787 570 2712 2710 495 
21788 570 2710 2712 4307 
21789 3541 1170 905 1200 
21790 3541 905 1170 3013 
21791 2850 1625 3011 3830 
21792 3011 1625 2850 1007 
21793 3690 715 2540 659 
21794 2540 715 3690 3976 
21795 249 4479 3587 4462 
21796 3587 4479 249 1438 
21797 2066 3520 1217 3519 
21798 2066 1217 3520 1826 
21799 1041 3199 3200 3198 
21800 3200 3199 1041 1169 
21801 2092 3962 2 4503 
21802 2092 2 3962 1745 
21803 1372 3525 1373 2108 
21804 1372 1373 3525 4080 
21805 545 4043 4085 4223 
21806 545 4085 4043 1650 
21807 3195 931 3629 2886 
21808 3195 3629 931 1172 
21809 1470 3629 931 2886 
21810 1470 931 3629 1172 
21811 885 3926 2741 849 
21812 885 2741 3926 2885 
21813 2830 2029 2831 2829 
21814 2830 2831 2029 1220 
21815 1890 2831 2029 2829 
21816 1890 2029 2831 1220 
21817 630 2398 2400 2397 
21818 630 2400 2398 631 
21819 962 3965 2021 1313 
21820 2021 3965 962 3209 
21821 1100 3226 3224 3225 
21822 1100 3224 3226 888 
21823 960 3965 962 1313 
21824 960 962 3965 3211 
21825 2348 1301 2346 947 
21826 2348 2346 1301 2347 
21827 2951 1316 1389 2950 
21828 2951 1389 1316 1875 
21829 1155 4131 2705 3783 
21830 1155 2705 4131 1673 
21831 1155 2680 4068 3783 
21832 1155 4068 2680 1034 
21833 2453 1854 2439 1713 
21834 2453 2439 1854 2438 
21835 3976 1362 1374 715 
21836 1374 1362 3976 4024 
21837 1486 2989 1878 3316 
21838 1878 2989 1486 1485 
21839 1158 3263 982 1159 
21840 1158 982 3263 4111 
21841 3853 1889 4231 1181 
21842 3853 4231 1889 2671 
21843 1778 3072 3863 3657 
21844 3863 3072 1778 2027 
21845 1235 3435 1234 1236 
21846 1234 3435 1235 4186 
21847 703 2561 1597 702 
21848 2564 2561 1597 3726 
21849 2564 1597 2561 702 
21850 738 690 3614 3615 
21851 738 3614 690 739 
21852 4326 3614 690 3615 
21853 4326 690 3614 739 
21854 858 3894 2786 1008 
21855 2786 3894 858 2734 
21856 107 223 4078 4495 
21857 4078 223 107 108 
21858 4078 1834 107 4495 
21859 107 1834 4078 108 
21860 597 2407 599 2408 
21861 597 599 2407 598 
21862 3533 638 3534 639 
21863 3533 3534 638 3532 
21864 638 2459 2468 3532 
21865 2468 2459 638 1670 
21866 1857 4048 1844 4069 
21867 1857 1844 4048 944 
21868 3160 1347 3159 1038 
21869 3160 3159 1347 3157 
21870 1579 4012 3977 3026 
21871 1579 3977 4012 721 
21872 3716 1577 3086 4059 
21873 3716 3086 1577 1868 
21874 2352 299 2340 2353 
21875 2352 2340 299 1829 
21876 1382 4144 2889 1013 
21877 2889 4144 1382 2860 
21878 1581 2496 1328 750 
21879 1581 1328 2496 2495 
21880 1163 4075 1107 898 
21881 1163 1107 4075 3817 
21882 2503 1107 4075 898 
21883 2503 4075 1107 3817 
21884 2519 1276 1970 2025 
21885 2519 1970 1276 3803 
21886 2474 1952 2471 645 
21887 2471 1952 2474 2473 
21888 803 2774 1396 3488 
21889 803 1396 2774 804 
21890 278 196 83 82 
21891 278 83 196 3917 
21892 2567 1032 3736 1629 
21893 3736 1032 2567 2692 
21894 2489 665 1994 2487 
21895 2489 1994 665 1350 
21896 2567 562 561 1629 
21897 2567 561 562 2568 
21898 1651 3408 783 3407 
21899 783 3408 1651 916 
21900 3106 1813 1764 1407 
21901 1764 1813 3106 3107 
21902 2024 3622 275 1448 
21903 2024 275 3622 4358 
21904 4395 376 378 3359 
21905 4395 378 376 377 
21906 2047 2206 2701 1355 
21907 2701 2206 2047 2530 
21908 2435 761 796 1819 
21909 796 761 2435 3911 
21910 1480 2921 863 910 
21911 1480 863 2921 3250 
21912 1619 4003 1720 1921 
21913 1619 1720 4003 4406 
21914 2921 863 890 3249 
21915 2921 890 863 910 
21916 2032 3342 3344 1231 
21917 2032 3344 3342 4319 
21918 1610 4150 3688 3689 
21919 3688 4150 1610 1694 
21920 1960 4417 2144 4429 
21921 1960 2144 4417 252 
21922 880 2747 2900 1908 
21923 880 2900 2747 2755 
21924 2959 1247 1250 1248 
21925 2959 1250 1247 2767 
21926 1819 2434 1854 2435 
21927 1854 2434 1819 1462 
21928 1139 4142 1430 4165 
21929 1139 1430 4142 684 
21930 3787 2057 2837 1267 
21931 3787 2837 2057 3788 
21932 1922 2837 2057 1267 
21933 1922 2057 2837 3788 
21934 3704 2473 1532 1952 
21935 3704 1532 2473 3735 
21936 2003 1532 2473 1952 
21937 2003 2473 1532 3735 
21938 3236 1010 1388 1258 
21939 1388 1010 3236 3496 
21940 2733 1714 984 2791 
21941 984 1714 2733 872 
21942 1972 3383 3441 1966 
21943 1972 3441 3383 3382 
21944 1616 2726 2076 711 
21945 2076 2726 1616 2857 
21946 1248 3399 2960 2959 
21947 2960 3399 1248 1546 
21948 1248 1251 2960 1546 
21949 2643 938 1698 2631 
21950 2643 1698 938 513 
21951 1083 3451 3450 1317 
21952 3450 3451 1083 3308 
21953 4144 1525 3459 4390 
21954 4144 3459 1525 1949 
21955 2262 449 353 450 
21956 353 449 2262 3858 
21957 4499 3050 3042 1333 
21958 4499 3042 3050 4055 
21959 1334 3043 4498 4099 
21960 1334 4498 3043 1963 
21961 3788 781 3915 4174 
21962 3915 781 3788 2057 
21963 3298 2924 1116 2915 
21964 1116 2924 3298 1213 
21965 1116 1114 3298 2915 
21966 3298 1114 1116 1213 
21967 2008 3142 4108 3461 
21968 2008 4108 3142 1230 
21969 2057 4392 3913 1270 
21970 2057 3913 4392 3788 
21971 3787 1270 2057 1267 
21972 3787 2057 1270 4392 
21973 2939 1241 1242 1243 
21974 1242 1241 2939 2902 
21975 1242 2761 2939 1243 
21976 2939 2761 1242 2902 
21977 2968 814 2966 1456 
21978 2968 2966 814 4370 
21979 906 2936 3000 818 
21980 3000 2936 906 2979 
21981 979 3287 978 3681 
21982 979 978 3287 980 
21983 3002 3391 2075 1340 
21984 3002 2075 3391 3001 
21985 1216 2075 3391 1340 
21986 1216 3391 2075 3001 
21987 1610 4074 4150 3689 
21988 4150 4074 1610 548 
21989 2085 4032 1647 789 
21990 1647 4032 2085 4090 
21991 4346 1047 1054 1055 
21992 1054 1047 4346 3111 
21993 1054 3109 4346 1055 
21994 4346 3109 1054 3111 
21995 244 3621 4195 2072 
21996 4195 3621 244 2126 
21997 3029 852 3924 854 
21998 3924 852 3029 3178 
21999 275 4284 4358 2039 
22000 275 4358 4284 2160 
22001 297 2381 2382 296 
22002 297 2382 2381 2360 
22003 3188 989 3187 991 
22004 3188 3187 989 3185 
22005 3197 1169 1941 1707 
22006 1941 1169 3197 3199 
22007 1941 3842 3197 1707 
22008 3197 3842 1941 3199 
22009 1424 4402 1425 2009 
22010 1424 1425 4402 2132 
22011 4232 1120 943 4377 
22012 4232 943 1120 942 
22013 3075 526 3991 3784 
22014 3075 3991 526 528 
22015 2579 500 499 1850 
22016 2579 499 500 2580 
22017 2668 539 2696 2674 
22018 2668 2696 539 537 
22019 1610 4100 4074 3689 
22020 4074 4100 1610 550 
22021 92 4229 206 2016 
22022 92 206 4229 207 
22023 3461 229 1428 4210 
22024 1428 229 3461 2008 
22025 4284 1213 3799 2039 
22026 3799 1213 4284 3298 
22027 440 2800 300 1622 
22028 300 2800 440 3289 
22029 4195 3754 2050 1548 
22030 4195 2050 3754 3298 
22031 1213 2050 3754 1548 
22032 1213 3754 2050 3298 
22033 2145 80 2 1760 
22034 2 80 2145 193 
22035 781 3873 3915 4174 
22036 781 3915 3873 732 
22037 2929 1168 939 1167 
22038 2929 939 1168 2828 
22039 882 4368 856 2069 
22040 882 856 4368 4053 
22041 679 2309 2700 678 
22042 679 2700 2309 3655 
22043 825 2276 3765 2265 
22044 825 3765 2276 458 
22045 2755 1086 948 2535 
22046 948 1086 2755 880 
22047 948 2793 2755 2535 
22048 2755 836 1876 3566 
22049 1876 836 2755 880 
22050 1876 2900 2755 3566 
22051 2755 2900 1876 880 
22052 3150 1593 3675 352 
22053 3675 1593 3150 4145 
22054 461 3970 459 3854 
22055 459 3970 461 460 
22056 289 3489 838 287 
22057 289 838 3489 2522 
22058 3760 3179 912 3178 
22059 912 3179 3760 853 
22060 912 852 3760 3178 
22061 3760 852 912 853 
22062 3765 460 458 1795 
22063 3765 458 460 3970 
22064 2574 1656 2572 547 
22065 2574 2572 1656 2573 
22066 3967 537 538 2696 
22067 538 537 3967 534 
22068 3174 1939 3951 1684 
22069 3174 3951 1939 4241 
22070 1353 265 4248 4077 
22071 4248 265 1353 1881 
22072 4248 2138 1353 4077 
22073 1353 2138 4248 1881 
22074 1659 2405 598 2449 
22075 1659 598 2405 600 
22076 1230 3342 1198 3142 
22077 1230 1198 3342 1231 
22078 3143 1198 3342 3142 
22079 4215 2026 3886 3035 
22080 4215 3886 2026 227 
22081 4256 924 3527 4146 
22082 3527 924 4256 1513 
22083 4102 1732 4163 3941 
22084 4102 4163 1732 790 
22085 1007 2847 869 1006 
22086 1007 869 2847 3010 
22087 1053 1771 4403 1583 
22088 4265 4403 1771 1583 
22089 4265 1771 4403 3560 
22090 1815 3766 4088 3015 
22091 1815 4088 3766 1210 
22092 3375 2028 2095 1885 
22093 3375 2095 2028 4504 
22094 638 2468 640 3532 
22095 638 640 2468 641 
22096 2802 640 2468 3532 
22097 930 2909 1446 890 
22098 930 1446 2909 2907 
22099 867 3226 889 3228 
22100 867 889 3226 888 
22101 1314 4348 1357 681 
22102 1357 4348 1314 3317 
22103 2738 1514 3793 3373 
22104 2738 3793 1514 567 
22105 3037 3308 1084 3307 
22106 3037 1084 3308 1083 
22107 974 1084 3308 3307 
22108 974 3308 1084 1083 
22109 629 2389 4279 2391 
22110 4279 2389 629 627 
22111 2013 4393 4436 1341 
22112 2013 4436 4393 2156 
22113 3564 4436 4393 1341 
22114 3564 4393 4436 2156 
22115 3799 2024 2039 1552 
22116 2039 2024 3799 4358 
22117 1073 2871 2813 2993 
22118 1073 2813 2871 1074 
22119 2134 253 84 4366 
22120 2134 84 253 1702 
22121 1601 2675 555 552 
22122 1601 555 2675 3667 
22123 3333 3845 1878 2989 
22124 1878 1485 3333 2989 
22125 3333 1485 1878 1161 
22126 966 3473 3267 1482 
22127 966 3267 3473 3251 
22128 1279 3001 2075 2350 
22129 2075 3001 1279 1216 
22130 4290 926 3353 1057 
22131 4290 3353 926 3338 
22132 1219 3400 3311 1685 
22133 1219 3311 3400 3401 
22134 2503 1581 1002 3601 
22135 2503 1002 1581 1107 
22136 943 3684 4062 3392 
22137 943 4062 3684 1088 
22138 1783 3445 1262 2952 
22139 1262 3445 1783 1986 
22140 713 2814 494 2719 
22141 713 494 2814 1705 
22142 2585 494 2814 2719 
22143 2585 2814 494 1705 
22144 883 3078 740 3080 
22145 883 740 3078 884 
22146 1425 4402 1233 2009 
22147 1425 1233 4402 3431 
22148 760 757 4338 3605 
22149 760 4338 757 4502 
22150 3606 4338 757 3605 
22151 3606 757 4338 4502 
22152 3047 1591 3238 2937 
22153 3047 3238 1591 699 
22154 1293 3399 2096 3796 
22155 1293 2096 3399 1546 
22156 3915 2057 3913 1640 
22157 3915 3913 2057 3788 
22158 3711 1579 2558 1024 
22159 3711 2558 1579 3026 
22160 1608 2824 1954 2878 
22161 1954 2824 1608 1175 
22162 1769 4095 1617 3604 
22163 1769 1617 4095 1208 
22164 1155 4068 4131 3783 
22165 1155 4131 4068 1036 
22166 1286 4239 3196 3752 
22167 1286 3196 4239 1287 
22168 1924 3223 954 4503 
22169 954 3223 1924 1307 
22170 241 3412 3518 2020 
22171 241 3518 3412 2130 
22172 2053 2902 4082 3163 
22173 4082 2902 2053 1241 
22174 4082 1244 2053 3163 
22175 2053 1244 4082 1241 
22176 745 2557 746 2559 
22177 745 746 2557 800 
22178 1870 3796 250 4072 
22179 1870 250 3796 1293 
22180 519 3868 517 518 
22181 519 517 3868 4017 
22182 2198 1696 3721 1504 
22183 2198 3721 1696 2195 
22184 715 2540 3277 3976 
22185 715 3277 2540 657 
22186 547 3837 546 2721 
22187 547 546 3837 543 
22188 355 2357 2288 2068 
22189 2288 2357 355 3691 
22190 2815 1705 2816 1814 
22191 2816 1705 2815 2814 
22192 3033 1318 1352 1091 
22193 1352 1318 3033 3152 
22194 1352 3393 3033 1091 
22195 3033 3393 1352 3152 
22196 1286 3751 4239 3752 
22197 4239 3751 1286 228 
22198 2076 2726 2727 711 
22199 2727 2726 2076 2750 
22200 2727 1793 2076 711 
22201 2076 1793 2727 2750 
22202 1021 2894 2893 2743 
22203 1021 2893 2894 1065 
22204 2756 1513 2740 4256 
22205 2756 2740 1513 850 
22206 1304 3670 1748 2344 
22207 1304 1748 3670 2074 
22208 2022 3363 3246 1377 
22209 2022 3246 3363 2986 
22210 4315 473 471 470 
22211 4315 471 473 3948 
22212 1099 3206 3204 1096 
22213 3204 3206 1099 3905 
22214 1055 3148 4332 4346 
22215 4332 3148 1055 1477 
22216 4294 255 1408 1409 
22217 1408 255 4294 2140 
22218 2097 4468 2135 254 
22219 2135 4468 2097 4449 
22220 1947 2184 1344 2186 
22221 1947 1344 2184 451 
22222 1475 3284 2069 1918 
22223 2069 3284 1475 2977 
22224 1447 2395 1622 1874 
22225 1447 1622 2395 2890 
22226 517 2666 4136 516 
22227 517 4136 2666 3309 
22228 4341 792 377 1566 
22229 377 792 4341 2279 
22230 4169 1782 1763 2232 
22231 4169 1763 1782 675 
22232 4007 490 3887 1706 
22233 4007 3887 490 2603 
22234 1055 4332 3597 4346 
22235 3597 4332 1055 1325 
22236 866 3709 3708 731 
22237 866 3708 3709 4246 
22238 1450 2405 1659 3692 
22239 1450 1659 2405 600 
22240 950 4301 2555 3634 
22241 2555 4301 950 902 
22242 297 2358 2353 1904 
22243 297 2353 2358 2360 
22244 2370 1809 782 2106 
22245 2370 782 1809 2371 
22246 1296 4176 3389 3550 
22247 1296 3389 4176 4499 
22248 1165 3101 3103 3370 
22249 3103 3101 1165 995 
22250 4499 3050 4024 4055 
22251 4024 3050 4499 1362 
22252 2369 1549 2036 782 
22253 2036 1549 2369 2368 
22254 2036 2366 2369 782 
22255 2369 2366 2036 2368 
22256 2458 637 2459 2109 
22257 2458 2459 637 2451 
22258 2546 1557 1555 1556 
22259 1555 1557 2546 4079 
22260 608 3293 3642 3994 
22261 608 3642 3293 606 
22262 1215 2499 2500 2501 
22263 1215 2500 2499 1530 
22264 2658 875 3934 876 
22265 3934 875 2658 3933 
22266 2599 2602 874 733 
22267 2599 874 2602 3933 
22268 875 874 2602 733 
22269 875 2602 874 3933 
22270 1062 2602 875 3942 
22271 1062 875 2602 733 
22272 3159 1347 3156 1035 
22273 3156 1347 3159 3157 
22274 3929 1659 3922 1742 
22275 3929 3922 1659 2449 
22276 3483 1369 3643 1368 
22277 3643 1369 3483 4350 
22278 523 2724 525 524 
22279 523 525 2724 2646 
22280 573 2675 1601 552 
22281 1601 2675 573 2679 
22282 3672 1590 3166 3671 
22283 3672 3166 1590 1991 
22284 2791 1783 984 2952 
22285 2791 984 1783 1714 
22286 4319 2008 1428 3461 
22287 1428 2008 4319 2032 
22288 2412 1769 595 672 
22289 2412 595 1769 2410 
22290 4057 614 612 613 
22291 4057 612 614 3631 
22292 3976 3277 1349 3890 
22293 1349 3277 3976 715 
22294 1349 1374 3976 3890 
22295 3976 1374 1349 715 
22296 1005 3195 931 1172 
22297 1005 931 3195 2888 
22298 1835 3504 260 1936 
22299 1835 260 3504 3980 
22300 198 256 4258 84 
22301 198 4258 256 2164 
22302 2007 197 256 3802 
22303 2007 256 197 83 
22304 985 2792 936 984 
22305 936 2792 985 2954 
22306 2948 1596 3539 3305 
22307 2948 3539 1596 366 
22308 1342 800 2557 1871 
22309 2557 800 1342 2385 
22310 2557 2790 1342 1871 
22311 1342 2790 2557 2385 
22312 3987 1109 3436 967 
22313 3987 3436 1109 3437 
22314 485 4124 2594 2600 
22315 2594 4124 485 487 
22316 500 3895 540 3995 
22317 500 540 3895 498 
22318 1496 3097 1811 3314 
22319 1811 3097 1496 897 
22320 2417 589 590 588 
22321 2417 590 589 2416 
22322 1140 1002 3601 3350 
22323 3601 1002 1140 1141 
22324 3601 3698 1140 3350 
22325 1140 3698 3601 1141 
22326 988 3185 1973 3184 
22327 988 1973 3185 989 
22328 3186 1973 3185 3184 
22329 3186 3185 1973 989 
22330 2561 1597 2563 703 
22331 2561 2563 1597 3726 
22332 2960 1248 1250 1251 
22333 1250 1248 2960 2959 
22334 1250 2768 2960 1251 
22335 2960 2768 1250 2959 
22336 2755 948 837 2793 
22337 837 948 2755 880 
22338 1232 1198 3343 3143 
22339 1232 3343 1198 1231 
22340 3342 3343 1198 3143 
22341 3342 1198 3343 1231 
22342 1771 4403 1794 1053 
22343 1771 1794 4403 3560 
22344 4103 1794 4403 1053 
22345 4103 4403 1794 3560 
22346 642 640 2715 2802 
22347 642 2715 640 641 
22348 2468 2715 640 2802 
22349 2468 640 2715 641 
22350 3333 4219 1339 3845 
22351 1339 4219 3333 1161 
22352 1339 1878 3333 3845 
22353 3333 1878 1339 1161 
$EndElements
