$MeshFormat
4.1 0 8
$EndMeshFormat
$PhysicalNames
4
2 1 "epi"
2 2 "base"
2 3 "endo"
3 10 "wall"
$EndPhysicalNames
$Entities
4 6 4 2
3 2.73 -6.68635069187018e-16 -1.224606353822377e-15 0 
4 1.671587672967545e-16 -4.094073770574435e-32 -5 0 
5 3.051 -7.472547971024147e-16 -1.303226081737774e-15 0 
6 1.868136992756037e-16 -4.575464862279342e-32 -5.321 0 
4 -2.730028785188973 -2.732165391275328 -2.863813648296548e-05 2.730028752772502 2.732165391275326 2.863813648296548e-05 0 2 3 -3 
5 -5.000000005139782e-07 -5.000000006686351e-07 -5.000000500000001 2.7300005 5e-07 0.5748547408054594 0 2 4 -3 
6 -5.00000000163114e-07 -5.000000000890993e-07 -1.0000005 5.000000001307325e-07 5.000000002371289e-07 -0.9999994999999999 0 2 4 -4 
7 -3.051031965672475 -3.053351513619909 -3.18122882222832e-05 3.05103192547146 3.053351513619909 3.18122882222832e-05 0 2 5 -5 
8 -5.321000005054088e-07 -5.321000007472547e-07 -5.3210005321 3.051000532100001 5.321e-07 0.6120978534392849 0 2 6 -5 
9 -5.321000001631139e-07 -5.321000000890991e-07 -1.0000005321 5.321000001307325e-07 5.321000002371287e-07 -0.9999994678999999 0 2 6 -6 
3 -5.460000499999999 -4.728499204663035 -5.0000005 2.7300005 4.728499204663033 5.0000005 1 0 4 4 -5 6 5 
4 -2.730028785188973 -2.732165391275328 -2.863813648296548e-05 2.730028752772502 2.732165391275326 2.863813648296548e-05 0 1 -4 
5 -6.102000532099998 -5.284487545992645 -5.321000532099999 3.0510005321 5.284487545992642 5.321000532099999 1 1 4 7 -8 9 8 
6 -3.051031965672475 -3.053351513619909 -3.18122882222832e-05 3.05103192547146 3.053351513619909 3.18122882222832e-05 1 2 2 -7 4 
1 -6.102031812288221 -5.284518826180868 -5.321031812288222 3.05103192547146 5.284518826180864 5.321031812288222 1 10 3 5 6 -3 
2 -5.460028638136482 -4.728527342799518 -5.000028638136483 2.730028752772502 4.728527342799516 5.000028638136483 0 2 3 4 
$EndEntities
$Nodes
12 4581 1 4581
0 3 0 1
1
2.73 -6.68635069187018e-16 -1.224606353822377e-15
0 4 0 1
2
1.671587672967545e-16 -4.094073770574435e-32 -5
0 5 0 1
3
3.051 -7.472547971024147e-16 -1.303226081737774e-15
0 6 0 1
4
1.868136992756037e-16 -4.575464862279342e-32 -5.321
1 4 0 80
5
6
7
8
9
10
11
12
13
14
15
16
17
18
19
20
21
22
23
24
25
26
27
28
29
30
31
32
33
34
35
36
37
38
39
40
41
42
43
44
45
46
47
48
49
50
51
52
53
54
55
56
57
58
59
60
61
62
63
64
65
66
67
68
69
70
71
72
73
74
75
76
77
78
79
80
81
82
83
84
2.721790720755516 -0.2115542997893597 0
2.697212302167841 -0.4218363005457223 0
2.656412518217521 -0.6295813291813609 0
2.599636779367946 -0.8335399834163894 0
2.527226440423566 -1.032485608130913 0
2.439617105680066 -1.225221757584702 0
2.337335633333385 -1.410589286122673 0
2.220997150329852 -1.587473356537438 0
2.09130132734612 -1.754810177432 0
1.949028191081144 -1.911593382029218 0
1.795033329024559 -2.056879998355424 0
1.630242955519867 -2.189796330069779 0
1.455648117105627 -2.309542983472695 0
1.272298828633069 -2.415399753281289 0
1.081297760258848 -2.506729982336204 0
0.8837936564271318 -2.582984471459835 0
0.68097432239109 -2.643704620773113 0
0.474059522080328 -2.688525184704881 0
0.2642936688991731 -2.717176633368311 0
0.05293832910456069 -2.729486679842461 0
-0.1587353959212842 -2.725381269509555 0
-0.369454461284339 -2.704885081860122 0
-0.5779515920308127 -2.668121437101538 0
-0.7829728389172053 -2.615311363854187 0
-0.983285212094569 -2.546772532625029 0
-1.177684021627864 -2.462917142236403 0
-1.364999966506562 -2.364249305860121 0
-1.544106768797756 -2.251362778691087 0
-1.713927110067553 -2.124936237202806 0
-1.873439662643834 -1.985730044589369 0
-2.021685159042453 -1.834581468792846 0
-2.157771971518931 -1.672399480043315 0
-2.280881725604411 -1.500159506121606 0
-2.39027397394048 -1.31889739170173 0
-2.48529083063259 -1.129703273937475 0
-2.565360879313492 -0.9337149957359636 0
-2.630002523615248 -0.7321112359933217 0
-2.67882700212612 -0.5261044673605086 0
-2.711540734665628 -0.3169336529354362 0
-2.727946993033608 -0.1058567625431388 0
-2.727946993015463 0.1058567630107188 0
-2.711540734635186 0.3169336531958823 0
-2.678827001878491 0.5261044686213856 0
-2.630002523310032 0.7321112370897647 0
-2.565360879228606 0.9337149959691921 0
-2.485290830745525 1.129703273689023 0
-2.390273971446009 1.318897396222527 0
-2.280881722255755 1.50015951121299 0
-2.157771973869216 1.672399477010856 0
-2.021685155622888 1.834581472442039 0
-1.873439657817016 1.985730046727743 0
-1.713927106773099 2.124936225561783 0
-1.544106736536683 2.251362784727715 0
-1.36499995943519 2.364249298944507 0
-1.177684017748867 2.46291715944645 0
-0.9832852104827733 2.546772533250905 0
-0.7829728424043889 2.615311362810184 0
-0.5779515827953644 2.668121439102066 0
-0.3694544610160576 2.704885081896756 0
-0.1587353948686934 2.725381269570859 0
0.05293832651103365 2.729486679892763 0
0.2642936731309296 2.717176632956699 0
0.474059523026446 2.68852518453805 0
0.6809743230782361 2.643704620596109 0
0.8837936574997648 2.582984471092823 0
1.081297761203904 2.506729981928547 0
1.272298829192367 2.415399752986682 0
1.455648117775393 2.309542983050558 0
1.630242955853371 2.189796329821498 0
1.795033328653975 2.056879998678831 0
1.949028189431364 1.91159338371131 0
2.09130132706203 1.754810177770569 0
2.220997150796629 1.587473355884396 0
2.337335634968242 1.410589283413741 0
2.439617103578279 1.225221761769715 0
2.527226438903459 1.032485611851703 0
2.599636779657557 0.8335399825131872 0
2.656412518829156 0.6295813266006977 0
2.697212302469625 0.4218362986161254 0
2.721790721134773 0.2115542949099739 0
1 5 0 28
85
86
87
88
89
90
91
92
93
94
95
96
97
98
99
100
101
102
103
104
105
106
107
108
109
110
111
112
0.2131605154689081 -5.22075443254556e-17 -4.984735180005749
0.4221187867696565 -1.033858696691829e-16 -4.939868304900019
0.6233833869342886 -1.526798513014087e-16 -4.867900738171262
0.814559439524095 -1.995029330414402e-16 -4.772246068672302
0.9943439862861044 -2.435359926982068e-16 -4.656547947284654
1.162286791999603 -2.846687580893083e-16 -4.524213405004591
1.318498892575161 -3.229284242710621e-16 -4.378193796813163
1.463411034432881 -3.584204902040569e-16 -4.220937525841441
1.597606848520382 -3.912878995216409e-16 -4.054430629042763
1.721719456906533 -4.216857172854706e-16 -3.880269985707458
1.836374805714472 -4.497672510154553e-16 -3.699736866574258
1.942161479408179 -4.75676657566465e-16 -3.513863487040966
2.039617724730217 -4.995457650146727e-16 -3.323486813913456
2.129227684489795 -5.214931502321424e-16 -3.129290902192513
2.21142225094661 -5.416243478986804e-16 -2.93184009402343
2.286582396607419 -5.600326662847689e-16 -2.7316043609682
2.35504330994619 -5.768002001773974e-16 -2.528979091437981
2.417098777456016 -5.919989041377874e-16 -2.324300302364774
2.473005369595375 -6.056916177286706e-16 -2.117856445522976
2.522986204138383 -6.179329872388132e-16 -1.909897814658699
2.56723430571 -6.287702885046491e-16 -1.700643902515329
2.605915497925004 -6.382441352566329e-16 -1.490289357561097
2.639170881850542 -6.463890861474362e-16 -1.279008760794891
2.667118913666485 -6.532341536151627e-16 -1.066960566438676
2.689857120607057 -6.588032241539533e-16 -0.8542904204823133
2.707463502631334 -6.631154016129041e-16 -0.6411339048274073
2.719997630725743 -6.661852761937115e-16 -0.4276189630816795
2.727501478032456 -6.680231280116939e-16 -0.2138680326387801
1 7 0 89
113
114
115
116
117
118
119
120
121
122
123
124
125
126
127
128
129
130
131
132
133
134
135
136
137
138
139
140
141
142
143
144
145
146
147
148
149
150
151
152
153
154
155
156
157
158
159
160
161
162
163
164
165
166
167
168
169
170
171
172
173
174
175
176
177
178
179
180
181
182
183
184
185
186
187
188
189
190
191
192
193
194
195
196
197
198
199
200
201
3.043567908800932 -0.2128269880576728 0
3.021307890442066 -0.4246171245030231 0
2.984328340157641 -0.6343385656700862 0
2.932809513457821 -0.8409695912724768 0
2.867002192714609 -1.043503457637899 0
2.78722719581957 -1.240953497634668 0
2.693873101115434 -1.432357734157191 0
2.587394738214693 -1.616783679194463 0
2.468310847256976 -1.793332807216062 0
2.337201592966052 -1.961145001240578 0
2.194705747849351 -2.11940271609852 0
2.041517472424591 -2.26733486540814 0
1.878383160719489 -2.404220823283365 0
1.706097552820438 -2.529393657051103 0
1.52550004738746 -2.642243602396711 0
1.337470373288155 -2.742220652115551 0
1.142924719337961 -2.828837958341389 0
0.9428108440891368 -2.901673428640425 0
0.73810370706397 -2.960372297868035 0
0.5298005926995096 -3.004648482607438 0
0.3189163356638193 -3.034286303318694 0
0.1064783566861923 -3.049141412002824 0
-0.1064783729987582 -3.049141412144034 0
-0.3189163494607475 -3.034286294717792 0
-0.5298006034369447 -3.004648448816451 0
-0.7381037160377778 -2.960372258234059 0
-0.9428108754706181 -2.90167344310057 0
-1.142924734570032 -2.828837954457569 0
-1.337470436081084 -2.742220737289466 0
-1.525499962060327 -2.642243455416227 0
-1.706097554682746 -2.529393655531051 0
-1.878383160677534 -2.404220829957743 0
-2.041517489869962 -2.267334882724062 0
-2.194705726109936 -2.119402692409116 0
-2.337201589156032 -1.961145002351182 0
-2.468310843344932 -1.7933327998996 0
-2.58739474126267 -1.616783673433843 0
-2.693873105736651 -1.432357735383686 0
-2.787227193309314 -1.240953493193957 0
-2.867002212140533 -1.043503460351896 0
-2.932809473913341 -0.8409695822962503 0
-2.984328325909591 -0.6343385639218044 0
-3.021307900402136 -0.4246171296233963 0
-3.043567949789326 -0.2128269991848962 0
-3.051000153384223 -4.544114198073779e-10 0
-3.0435679498547 0.2128269982500028 0
-3.021307900604909 0.4246171281805913 0
-2.984328325980361 0.6343385635888594 0
-2.932809474593143 0.8409695799254878 0
-2.867002212216676 1.043503460142689 0
-2.787227192592636 1.240953494803644 0
-2.693873105152272 1.432357736482747 0
-2.587394739990424 1.616783675469859 0
-2.468310842673965 1.793332800823118 0
-2.337201591280748 1.961144999806797 0
-2.194705727237081 2.119402690672598 0
-2.041517485076098 2.267334881964386 0
-1.878383161989187 2.404220815848767 0
-1.70609746338785 2.529393691561714 0
-1.52549995522531 2.642243447152026 0
-1.337470451482405 2.742220750111612 0
-1.142924743407936 2.828837950938325 0
-0.9428108771271002 2.901673442562361 0
-0.7381037142154276 2.960372258688416 0
-0.5298006041499166 3.004648448690743 0
-0.3189163519099199 3.034286294460378 0
-0.106478370102458 3.04914141224518 0
0.1064783555895183 3.049141412041117 0
0.318916338431377 3.034286303027811 0
0.5298005899530611 3.00464848309172 0
0.7381037048216283 2.960372298427129 0
0.942810843076749 2.901673428969372 0
1.142924715440828 2.828837959915933 0
1.337470373465309 2.742220652029159 0
1.52550004737535 2.64224360240372 0
1.70609755255968 2.529393657226994 0
1.878383164499483 2.404220820330112 0
2.041517472514732 2.267334865326975 0
2.19470574915101 2.119402714750603 0
2.337201593203359 1.961145000957772 0
2.468310846688825 1.793332807998045 0
2.58739473997703 1.616783676374138 0
2.693873099731717 1.432357736759592 0
2.787227196328217 1.240953496492231 0
2.867002194033506 1.043503454014321 0
2.932809512953544 0.840969593031575 0
2.984328340034179 0.6343385662509992 0
3.021307889609721 0.4246171304254848 0
3.043567908672804 0.2128269898901414 0
1 8 0 31
202
203
204
205
206
207
208
209
210
211
212
213
214
215
216
217
218
219
220
221
222
223
224
225
226
227
228
229
230
231
232
0.2087781354284381 -5.113420623697083e-17 -5.308527366029397
0.4146548303632958 -1.015577879812064e-16 -5.271629014295812
0.6150706099037038 -1.506438753874961e-16 -5.211752838849891
0.8080364037107748 -1.979053028207997e-16 -5.130995118610218
0.9922036193902272 -2.430117713181664e-16 -5.031767387538423
1.166805314285029 -2.857754403094324e-16 -4.916513130824272
1.331532176411238 -3.261205527104281e-16 -4.787520367537295
1.486397540121388 -3.640503743877208e-16 -4.646826648471688
1.631621159461746 -3.996187277815777e-16 -4.496190733805263
1.767542424021509 -4.329087366214694e-16 -4.337102176855253
1.894558433540859 -4.640176590803813e-16 -4.170811542160414
2.01308614831159 -4.93047617602838e-16 -3.998363256770003
2.123537405697555 -5.200994799193425e-16 -3.820630322522806
2.226305241031296 -5.45269508742997e-16 -3.638344145148783
2.321756487410991 -5.686475493023648e-16 -3.45212026326291
2.410228586472899 -5.903162482318078e-16 -3.26247951143404
2.492028787780597 -6.103508574848792e-16 -3.06986543664777
2.567434827916351 -6.288194006582448e-16 -2.874658319580971
2.636696337370493 -6.457830175688193e-16 -2.677186574404982
2.70003661549228 -6.612963989769827e-16 -2.477735951279415
2.757654512034203 -6.754082474168063e-16 -2.276557011130473
2.809726271591349 -6.881617289384851e-16 -2.073871235231725
2.856407271715333 -6.995948988094077e-16 -1.869876017359643
2.897833599041734 -7.097410875412951e-16 -1.664748819430984
2.934123461681933 -7.186292468150008e-16 -1.458650610329659
2.965378425122604 -7.262842521785871e-16 -1.251728757014665
2.991684470748613 -7.327271623020976e-16 -1.04411951960843
3.013112899711373 -7.379754403541431e-16 -0.8359501387433728
3.029721070254967 -7.420431345887534e-16 -0.6273407268411086
3.041552993847213 -7.449410243505543e-16 -0.418405907852231
3.048639788353581 -7.466767310667007e-16 -0.2092563376560371
2 3 0 1909
233
234
235
236
237
238
239
240
241
242
243
244
245
246
247
248
249
250
251
252
253
254
255
256
257
258
259
260
261
262
263
264
265
266
267
268
269
270
271
272
273
274
275
276
277
278
279
280
281
282
283
284
285
286
287
288
289
290
291
292
293
294
295
296
297
298
299
300
301
302
303
304
305
306
307
308
309
310
311
312
313
314
315
316
317
318
319
320
321
322
323
324
325
326
327
328
329
330
331
332
333
334
335
336
337
338
339
340
341
342
343
344
345
346
347
348
349
350
351
352
353
354
355
356
357
358
359
360
361
362
363
364
365
366
367
368
369
370
371
372
373
374
375
376
377
378
379
380
381
382
383
384
385
386
387
388
389
390
391
392
393
394
395
396
397
398
399
400
401
402
403
404
405
406
407
408
409
410
411
412
413
414
415
416
417
418
419
420
421
422
423
424
425
426
427
428
429
430
431
432
433
434
435
436
437
438
439
440
441
442
443
444
445
446
447
448
449
450
451
452
453
454
455
456
457
458
459
460
461
462
463
464
465
466
467
468
469
470
471
472
473
474
475
476
477
478
479
480
481
482
483
484
485
486
487
488
489
490
491
492
493
494
495
496
497
498
499
500
501
502
503
504
505
506
507
508
509
510
511
512
513
514
515
516
517
518
519
520
521
522
523
524
525
526
527
528
529
530
531
532
533
534
535
536
537
538
539
540
541
542
543
544
545
546
547
548
549
550
551
552
553
554
555
556
557
558
559
560
561
562
563
564
565
566
567
568
569
570
571
572
573
574
575
576
577
578
579
580
581
582
583
584
585
586
587
588
589
590
591
592
593
594
595
596
597
598
599
600
601
602
603
604
605
606
607
608
609
610
611
612
613
614
615
616
617
618
619
620
621
622
623
624
625
626
627
628
629
630
631
632
633
634
635
636
637
638
639
640
641
642
643
644
645
646
647
648
649
650
651
652
653
654
655
656
657
658
659
660
661
662
663
664
665
666
667
668
669
670
671
672
673
674
675
676
677
678
679
680
681
682
683
684
685
686
687
688
689
690
691
692
693
694
695
696
697
698
699
700
701
702
703
704
705
706
707
708
709
710
711
712
713
714
715
716
717
718
719
720
721
722
723
724
725
726
727
728
729
730
731
732
733
734
735
736
737
738
739
740
741
742
743
744
745
746
747
748
749
750
751
752
753
754
755
756
757
758
759
760
761
762
763
764
765
766
767
768
769
770
771
772
773
774
775
776
777
778
779
780
781
782
783
784
785
786
787
788
789
790
791
792
793
794
795
796
797
798
799
800
801
802
803
804
805
806
807
808
809
810
811
812
813
814
815
816
817
818
819
820
821
822
823
824
825
826
827
828
829
830
831
832
833
834
835
836
837
838
839
840
841
842
843
844
845
846
847
848
849
850
851
852
853
854
855
856
857
858
859
860
861
862
863
864
865
866
867
868
869
870
871
872
873
874
875
876
877
878
879
880
881
882
883
884
885
886
887
888
889
890
891
892
893
894
895
896
897
898
899
900
901
902
903
904
905
906
907
908
909
910
911
912
913
914
915
916
917
918
919
920
921
922
923
924
925
926
927
928
929
930
931
932
933
934
935
936
937
938
939
940
941
942
943
944
945
946
947
948
949
950
951
952
953
954
955
956
957
958
959
960
961
962
963
964
965
966
967
968
969
970
971
972
973
974
975
976
977
978
979
980
981
982
983
984
985
986
987
988
989
990
991
992
993
994
995
996
997
998
999
1000
1001
1002
1003
1004
1005
1006
1007
1008
1009
1010
1011
1012
1013
1014
1015
1016
1017
1018
1019
1020
1021
1022
1023
1024
1025
1026
1027
1028
1029
1030
1031
1032
1033
1034
1035
1036
1037
1038
1039
1040
1041
1042
1043
1044
1045
1046
1047
1048
1049
1050
1051
1052
1053
1054
1055
1056
1057
1058
1059
1060
1061
1062
1063
1064
1065
1066
1067
1068
1069
1070
1071
1072
1073
1074
1075
1076
1077
1078
1079
1080
1081
1082
1083
1084
1085
1086
1087
1088
1089
1090
1091
1092
1093
1094
1095
1096
1097
1098
1099
1100
1101
1102
1103
1104
1105
1106
1107
1108
1109
1110
1111
1112
1113
1114
1115
1116
1117
1118
1119
1120
1121
1122
1123
1124
1125
1126
1127
1128
1129
1130
1131
1132
1133
1134
1135
1136
1137
1138
1139
1140
1141
1142
1143
1144
1145
1146
1147
1148
1149
1150
1151
1152
1153
1154
1155
1156
1157
1158
1159
1160
1161
1162
1163
1164
1165
1166
1167
1168
1169
1170
1171
1172
1173
1174
1175
1176
1177
1178
1179
1180
1181
1182
1183
1184
1185
1186
1187
1188
1189
1190
1191
1192
1193
1194
1195
1196
1197
1198
1199
1200
1201
1202
1203
1204
1205
1206
1207
1208
1209
1210
1211
1212
1213
1214
1215
1216
1217
1218
1219
1220
1221
1222
1223
1224
1225
1226
1227
1228
1229
1230
1231
1232
1233
1234
1235
1236
1237
1238
1239
1240
1241
1242
1243
1244
1245
1246
1247
1248
1249
1250
1251
1252
1253
1254
1255
1256
1257
1258
1259
1260
1261
1262
1263
1264
1265
1266
1267
1268
1269
1270
1271
1272
1273
1274
1275
1276
1277
1278
1279
1280
1281
1282
1283
1284
1285
1286
1287
1288
1289
1290
1291
1292
1293
1294
1295
1296
1297
1298
1299
1300
1301
1302
1303
1304
1305
1306
1307
1308
1309
1310
1311
1312
1313
1314
1315
1316
1317
1318
1319
1320
1321
1322
1323
1324
1325
1326
1327
1328
1329
1330
1331
1332
1333
1334
1335
1336
1337
1338
1339
1340
1341
1342
1343
1344
1345
1346
1347
1348
1349
1350
1351
1352
1353
1354
1355
1356
1357
1358
1359
1360
1361
1362
1363
1364
1365
1366
1367
1368
1369
1370
1371
1372
1373
1374
1375
1376
1377
1378
1379
1380
1381
1382
1383
1384
1385
1386
1387
1388
1389
1390
1391
1392
1393
1394
1395
1396
1397
1398
1399
1400
1401
1402
1403
1404
1405
1406
1407
1408
1409
1410
1411
1412
1413
1414
1415
1416
1417
1418
1419
1420
1421
1422
1423
1424
1425
1426
1427
1428
1429
1430
1431
1432
1433
1434
1435
1436
1437
1438
1439
1440
1441
1442
1443
1444
1445
1446
1447
1448
1449
1450
1451
1452
1453
1454
1455
1456
1457
1458
1459
1460
1461
1462
1463
1464
1465
1466
1467
1468
1469
1470
1471
1472
1473
1474
1475
1476
1477
1478
1479
1480
1481
1482
1483
1484
1485
1486
1487
1488
1489
1490
1491
1492
1493
1494
1495
1496
1497
1498
1499
1500
1501
1502
1503
1504
1505
1506
1507
1508
1509
1510
1511
1512
1513
1514
1515
1516
1517
1518
1519
1520
1521
1522
1523
1524
1525
1526
1527
1528
1529
1530
1531
1532
1533
1534
1535
1536
1537
1538
1539
1540
1541
1542
1543
1544
1545
1546
1547
1548
1549
1550
1551
1552
1553
1554
1555
1556
1557
1558
1559
1560
1561
1562
1563
1564
1565
1566
1567
1568
1569
1570
1571
1572
1573
1574
1575
1576
1577
1578
1579
1580
1581
1582
1583
1584
1585
1586
1587
1588
1589
1590
1591
1592
1593
1594
1595
1596
1597
1598
1599
1600
1601
1602
1603
1604
1605
1606
1607
1608
1609
1610
1611
1612
1613
1614
1615
1616
1617
1618
1619
1620
1621
1622
1623
1624
1625
1626
1627
1628
1629
1630
1631
1632
1633
1634
1635
1636
1637
1638
1639
1640
1641
1642
1643
1644
1645
1646
1647
1648
1649
1650
1651
1652
1653
1654
1655
1656
1657
1658
1659
1660
1661
1662
1663
1664
1665
1666
1667
1668
1669
1670
1671
1672
1673
1674
1675
1676
1677
1678
1679
1680
1681
1682
1683
1684
1685
1686
1687
1688
1689
1690
1691
1692
1693
1694
1695
1696
1697
1698
1699
1700
1701
1702
1703
1704
1705
1706
1707
1708
1709
1710
1711
1712
1713
1714
1715
1716
1717
1718
1719
1720
1721
1722
1723
1724
1725
1726
1727
1728
1729
1730
1731
1732
1733
1734
1735
1736
1737
1738
1739
1740
1741
1742
1743
1744
1745
1746
1747
1748
1749
1750
1751
1752
1753
1754
1755
1756
1757
1758
1759
1760
1761
1762
1763
1764
1765
1766
1767
1768
1769
1770
1771
1772
1773
1774
1775
1776
1777
1778
1779
1780
1781
1782
1783
1784
1785
1786
1787
1788
1789
1790
1791
1792
1793
1794
1795
1796
1797
1798
1799
1800
1801
1802
1803
1804
1805
1806
1807
1808
1809
1810
1811
1812
1813
1814
1815
1816
1817
1818
1819
1820
1821
1822
1823
1824
1825
1826
1827
1828
1829
1830
1831
1832
1833
1834
1835
1836
1837
1838
1839
1840
1841
1842
1843
1844
1845
1846
1847
1848
1849
1850
1851
1852
1853
1854
1855
1856
1857
1858
1859
1860
1861
1862
1863
1864
1865
1866
1867
1868
1869
1870
1871
1872
1873
1874
1875
1876
1877
1878
1879
1880
1881
1882
1883
1884
1885
1886
1887
1888
1889
1890
1891
1892
1893
1894
1895
1896
1897
1898
1899
1900
1901
1902
1903
1904
1905
1906
1907
1908
1909
1910
1911
1912
1913
1914
1915
1916
1917
1918
1919
1920
1921
1922
1923
1924
1925
1926
1927
1928
1929
1930
1931
1932
1933
1934
1935
1936
1937
1938
1939
1940
1941
1942
1943
1944
1945
1946
1947
1948
1949
1950
1951
1952
1953
1954
1955
1956
1957
1958
1959
1960
1961
1962
1963
1964
1965
1966
1967
1968
1969
1970
1971
1972
1973
1974
1975
1976
1977
1978
1979
1980
1981
1982
1983
1984
1985
1986
1987
1988
1989
1990
1991
1992
1993
1994
1995
1996
1997
1998
1999
2000
2001
2002
2003
2004
2005
2006
2007
2008
2009
2010
2011
2012
2013
2014
2015
2016
2017
2018
2019
2020
2021
2022
2023
2024
2025
2026
2027
2028
2029
2030
2031
2032
2033
2034
2035
2036
2037
2038
2039
2040
2041
2042
2043
2044
2045
2046
2047
2048
2049
2050
2051
2052
2053
2054
2055
2056
2057
2058
2059
2060
2061
2062
2063
2064
2065
2066
2067
2068
2069
2070
2071
2072
2073
2074
2075
2076
2077
2078
2079
2080
2081
2082
2083
2084
2085
2086
2087
2088
2089
2090
2091
2092
2093
2094
2095
2096
2097
2098
2099
2100
2101
2102
2103
2104
2105
2106
2107
2108
2109
2110
2111
2112
2113
2114
2115
2116
2117
2118
2119
2120
2121
2122
2123
2124
2125
2126
2127
2128
2129
2130
2131
2132
2133
2134
2135
2136
2137
2138
2139
2140
2141
-2.34280871312592 1.398315406105573 -0.1724080408838151
-2.335763629002337 -1.409640567253204 -0.1833491646557356
0.3160336598291773 -0.1849232478571854 -4.954822167412217
-1.269786676750164 2.41489766343216 -0.1719181385838481
1.525019840970869 -0.1850637624911685 -4.133260150706591
-1.27112780216854 -2.413945586522141 -0.1831576542840224
1.073714269855071 0.1850118698544707 -4.584541498638186
1.777534639434068 0.191539233806748 -3.77866096413415
-0.05254454562660438 -2.727752031960153 -0.1785871399319881
-0.06472399353994476 2.726769749206833 -0.2123084275515577
2.078592018485192 -0.185107771650154 -3.223698340285551
-2.728442497193654 -0.01390400311726963 -0.1669403441239284
2.241839725974079 0.2160134706926303 -2.825736578089021
0.781373975300528 -2.613727641288464 -0.1901812301980014
2.314997635962378 -0.1851217374113544 -2.628326941202306
1.173356960529383 2.461897550789612 -0.225757342062651
1.364790735033677 -2.362389652645823 -0.1772055268799124
2.538924155789784 -0.1876482329612373 -1.805262842077639
2.492231929368914 0.1851308113690832 -2.012491842994371
1.873773901840276 1.982505775955396 -0.1967668355111358
2.017576436642638 -1.836945916225211 -0.1629421537640501
2.280198954639349 1.497727696449787 -0.1868174472403479
0.3160336598365644 0.1849232478617664 -4.954822167410063
2.375441183737335 -1.34234580632332 -0.1667262185877869
2.616830660493444 0.1851366081335581 -1.383749911972325
-1.786924326770437 -2.06158903601866 -0.1799360553228316
-2.657988560662121 0.6149682896664987 -0.1814094390645299
-2.651395253805933 -0.6433268975043787 -0.1750374554538981
-1.955979584444259 1.9021492394733 -0.1725128510832949
-0.673461367709148 -2.644002378213013 -0.1698584427209771
-0.6793509354017936 2.64230264167016 -0.1796278172906236
0.5775628555400272 2.666326950579635 -0.1833491640085371
1.072236394127233 -0.1790418504383048 -4.586496433306627
2.649068740310767 -0.1733921545137105 -1.165949040453246
2.563521708486783 0.9336098404501695 -0.1797217194862714
2.628605435335713 -0.7314130142681236 -0.1675445610953882
2.692984107308501 0.1851399446298105 -0.747243317397023
2.692984107308156 -0.1851399446340107 -0.7472433173976984
2.447291846083766 -0.1876132553311864 -2.188980989776915
2.380271378714991 0.1851252038952133 -2.424881327488915
2.078592018480785 0.1851077716563086 -3.223698340293899
1.88926284388122 -0.1913314679099866 -3.592255501557919
1.525019840966551 0.1850637624932898 -4.133260150711615
-2.089894791729937 -1.753629954935008 -0.1833491653035915
-2.520183364261041 -1.04510529187287 -0.1769152976207877
-2.530924873572606 1.018643480146817 -0.1802401106592869
-1.629428375819061 2.18820575079369 -0.1796250523493604
0.3927621951535799 -2.699562789283045 -0.1920773500713588
1.547635500466744 2.246499842366967 -0.191764591036525
1.709260186208367 -2.126171409896425 -0.1896710192410402
0.7226490255203099 -0.1873834999939718 -4.809415637355744
0.7416382782350477 0.2215365664043319 -4.794826396778263
2.674922459359623 0.537112314989299 -0.1756733699675106
2.718468298840521 -0.176240733557481 -0.3264459330567226
2.718086038623666 0.1851410234767348 -0.3205446769364579
2.708135235068205 -0.1846071298792566 -0.5334160846943319
2.682410867188332 -0.3687855759721901 -0.6385854615916392
2.664673705920769 -0.3693161530413033 -0.8512437892086535
2.642873060202289 -0.550359383322094 -0.7444700955461502
2.622615049829362 -0.5598790048138764 -0.9362643818341498
2.589488112300398 -0.7309657781829529 -0.845551748463467
2.565969142142326 -0.7375776858360584 -1.043604977488585
2.522535237591718 -0.908321073457061 -0.9422339178464785
2.49705544939272 -0.9064555304532437 -1.152468003601504
2.444038428585034 -1.072782253188123 -1.050066298152167
2.414487675588491 -1.074468683373458 -1.253831644181186
2.350887117308167 -1.236516093425773 -1.154365997748969
2.318224583892731 -1.239474915769072 -1.348906646630115
2.244331281384874 -1.399520161944643 -1.238426294290361
2.209425293925804 -1.39703968312549 -1.441683968087518
2.126349509378079 -1.550455629248739 -1.330362772024574
2.089082126742767 -1.544584124798491 -1.53551058904557
1.996416371141579 -1.693701096743267 -1.417017080587152
1.956720135149101 -1.684121246320439 -1.625690733353438
1.855331877837495 -1.826480490668128 -1.50430048134476
1.812905886168054 -1.814367826681351 -1.712568444800965
1.703576113708501 -1.948835048020273 -1.589053863233568
1.660265558826516 -1.933437740232725 -1.792849255555686
1.542664878262264 -2.059159433945889 -1.671537682275769
1.494667184560596 -2.042752208061876 -1.873182700071451
1.371605539404002 -2.158023840619089 -1.751485940611752
1.320765091812449 -2.138256888788908 -1.952364673076428
1.19196703622969 -2.24471542833519 -1.825417761264241
1.139962378518281 -2.219565475748952 -2.028684790031473
1.002673061622378 -2.32104439637786 -1.885913045076878
0.9512123259212513 -2.288853860790017 -2.095643992103109
0.810791055195022 -2.380172167826711 -1.947170124921585
0.7568584217491804 -2.342210948829544 -2.162501299090727
0.6162271640643007 -2.41927558706721 -2.023183497634457
0.5576700860299938 -2.378818228551787 -2.230471411891916
0.4139759221834632 -2.446025740349196 -2.087013826922933
0.3547204488670792 -2.401005508896942 -2.289191164157187
0.4991578237806812 -2.333509475769425 -2.428708851860278
0.2951277444486414 -2.349980230516735 -2.486659201703963
0.1492602749047061 -2.407066610999525 -2.343071223890336
0.0891163527542153 -2.350203317344381 -2.538796262873504
-0.05729758039625982 -2.396661136789219 -2.391938855523832
-0.1175495110307554 -2.33555808625167 -2.579916265952933
-0.263289630184025 -2.370237143232544 -2.433592822793456
-0.3240860150445138 -2.302679744506757 -2.619453751324692
-0.4675483052226767 -2.32723919496605 -2.4696471567369
-0.5261421647684186 -2.250654863042655 -2.660805400607734
-0.6690709630708835 -2.265400702095663 -2.506685572371434
-0.725592142169689 -2.182916991157529 -2.692550294903843
-0.8652028753310412 -2.188950556705851 -2.53305340529033
-0.9195698939749143 -2.098576560819378 -2.718572904834549
-1.055457798378918 -2.095847317226408 -2.555147141505666
-1.106324362923667 -1.99880700094553 -2.737293901246062
-1.237861726727359 -1.988130239531858 -2.569288643516238
-1.284559913558851 -1.883686723750882 -2.750017019095674
-1.411942539003184 -1.865033753311808 -2.57778099699015
-1.453338221472385 -1.7541877144013 -2.755502556209094
-1.574153992627618 -1.728224525671963 -2.582469017465361
-1.609914388292464 -1.610790916213443 -2.757263985329973
0.01715394791050476 -2.276240453823528 -2.76024713087155
-1.489187318920461 -1.636463691122893 -2.928804346941795
-1.639639379471185 -1.486605785813021 -2.927245289864498
-1.754038515546786 -1.454645361989714 -2.753506774512681
-1.777453660065148 -1.324996310761081 -2.917751572389987
-1.886477737812311 -1.286652023099641 -2.740301533219101
-1.901067630578367 -1.152785396936863 -2.901602805110906
-2.002916086436162 -1.11194846234806 -2.719516746884246
-2.009601062890152 -0.9714057880534442 -2.878882239785594
-1.912011806476577 -1.019230743137517 -3.041770870877563
-2.104715070578278 -0.9270700948283618 -2.693998815363742
-2.102349035803516 -0.7823529264529513 -2.849708811599458
-0.7805522208824873 -2.084695865027375 -2.894515472959214
-2.190758190615141 -0.7352917060767292 -2.662190231805237
-2.178781553591639 -0.5871800018480903 -2.814220770168277
-2.260598636217121 -0.5381236343006918 -2.624240324856402
-2.238544848157416 -0.387462424340233 -2.772587597905482
-2.313957054088924 -0.3370893243227295 -2.580321246169131
-2.281459459141439 -0.1847721598895054 -2.725002685194316
-2.204836831313809 -0.2349834309400809 -2.91685129717679
-2.237072441566275 -0.03125644566483727 -2.865249796228879
-2.160276861355679 -0.08189755776666745 -3.053392425437274
-2.30769183650053 0.0192378410502923 -2.671161312246614
-2.252412930390483 0.1727715268204383 -2.807451556149749
-2.317973918050882 0.2235457353643582 -2.609439726858779
-2.251123595438183 0.3755952931273885 -2.743752797329373
-2.310836683351565 0.4251590925356805 -2.545836013525881
-2.233620591915048 0.5757909795185804 -2.674434079227263
1.268220475571336 -2.112351494265431 -2.15346610706005
-2.288493455433634 0.6242860975757063 -2.47487649425853
-2.200442119383823 0.7720272770368733 -2.599783375987923
-2.143645697025157 0.7229614673795182 -2.798670145590519
-2.099766592096814 0.9155465343451741 -2.720045251799073
-2.040820940081141 0.8656464286889495 -2.918132592906928
-2.152435973937244 0.9629825457062369 -2.519619372340632
-2.041369419342566 1.101891709842397 -2.636055812750494
-2.09034472746467 1.147509157111589 -2.434300651762305
-1.969272167788424 1.280950218053958 -2.547061154026676
-1.997718749545201 -1.228528166036977 -2.559348249936829
-2.014983836264013 1.324614535735877 -2.344133800304995
-1.884362176107998 1.451788941695241 -2.453384077863118
-2.335040912274986 -0.4875550384991779 -2.431675830666919
-1.36391218119968 -1.968391581592927 -2.400649815289176
-2.364242797318097 0.4733352223453989 -2.344901601553345
-1.927215016941047 1.493416841499919 -2.249430549279122
-1.787914838361344 1.613442949242688 -2.354788892304829
-1.742486380033857 1.570125130322027 -2.55843715459102
-1.63716576184993 1.724275506889178 -2.45685047969354
-1.589813902822194 1.678593673123823 -2.65896918347033
-1.476581701975072 1.824438294465471 -2.553636007869206
-1.426928222251924 1.776138744008642 -2.754634168260068
-1.30646567832752 1.913079454531005 -2.64534711192626
-1.262817951168458 1.861221324847137 -2.833828755745119
-1.128930309890851 1.990208045174348 -2.727332106462487
-1.073480139332815 1.934293107827607 -2.929859475401812
-0.9409284534445256 2.051841780154876 -2.812115225063928
-0.882196788648073 1.995486644418042 -3.005372223221418
-0.746905467831406 2.101323768672286 -2.883944128734237
-0.6894626471284611 2.036548189007788 -3.081069905375383
-0.54846308089234 2.133137350135433 -2.954237601406351
-0.4889121796154764 2.064458570010904 -3.146707605133407
-0.3450728274973615 2.150771805337182 -3.013922766786613
-0.284516436346851 2.075888061424068 -3.205201021614247
-0.1391453278784116 2.150803664647003 -3.068835401379783
-0.82965550344822 1.917657183805129 -3.218007962890607
-0.1996519717232197 2.223451815194368 -2.878023817038453
0.007238612335383037 2.210386368206299 -2.934429299900742
0.06796661602991984 2.134149254236364 -3.115538851664494
0.2141968047398571 2.185884799578471 -2.969591089485119
0.14082903605992 2.274466258445521 -2.753272051556231
0.3583854419195681 2.228772518986425 -2.811837267413675
-1.001191190065661 2.104647924208283 -2.603680239035797
0.4195897231974888 2.141793078812942 -3.003644505290147
0.5635538259232455 2.172896315926994 -2.845513034482639
0.5027782768678198 2.254813734825932 -2.664145288866326
0.7040946449746402 2.19057687832176 -2.690826927694273
0.6436988989812072 2.273462683233921 -2.50448694703745
0.8418911167225765 2.1994131004088 -2.528999221271163
0.8995056687973653 2.109010082961666 -2.714002707638483
1.033755404657482 2.108992752907995 -2.548618429948127
-1.679435062459517 1.762843262268595 -2.261575886025557
0.9757237905525212 2.19871779452101 -2.364342702125869
1.163761914187861 2.099929589000835 -2.380144923891845
-0.6061435100706809 -2.341004394713594 -2.320440158573694
1.088293919403619 2.011605542804651 -2.730080325459278
-2.05567984563106 1.364736199026766 -2.139469692953989
1.105590331287515 2.189334344146939 -2.195805830865857
1.289231135477645 2.082328356520823 -2.208985356875028
1.76663534147101 -1.799255674933588 -1.916155857654515
-1.51781853673569 -1.511539700973266 -3.09971857583502
1.230972670476261 2.171536703534585 -2.024646065271603
1.409898026528307 2.056962651683863 -2.034527504237019
1.463715603850398 1.960672853310024 -2.217704902569103
1.578670467343593 1.928015617641596 -2.042313706696642
1.043673294101192 2.271532521253733 -2.009472245764771
1.627870497492204 1.825119992966147 -2.221993431380993
1.737666274990462 1.785516458521317 -2.04386651266347
0.4707317408994442 -2.484001898277806 -1.886576862998053
1.522547501017544 2.022807893777003 -1.87046228632094
1.780536647944807 1.676589440984374 -2.221814107466979
1.883506513067285 1.632843829658086 -2.038753803464808
-1.384922039170901 1.722264639500155 -2.935375506854339
1.060530522102026 -2.343593452719262 -1.674342045664508
2.178614837346202 -1.382730068996219 -1.632601746345811
1.92062569623434 1.516118535161209 -2.217162531830382
1.816731779961656 1.56164210817251 -2.397560815240733
2.018019881119539 1.465650665366731 -2.033184727905074
1.981197413825231 1.581095925904524 -1.856868726237065
2.108738950963246 1.409556326997804 -1.849065053872063
2.077324472780159 1.5172469267341 -1.674181823084495
1.585874711922584 -2.073427263179179 -1.46382809076932
2.193276455610288 1.348516241954736 -1.66247746113604
2.160592073407912 1.456614207711368 -1.491315976125408
1.949950919367178 1.395419639000776 -2.390369825135409
1.845775961935209 1.440776154154022 -2.570749607697449
2.270831279122573 1.283584801763757 -1.475053141750241
1.97171737139454 1.269029191517337 -2.560696009220371
1.867140919100389 1.314134295482255 -2.740979309523059
2.234183475948458 1.398862380594596 -1.300892732470428
2.10716014812068 1.576832591775267 -1.328785929363252
2.341247327005922 1.215598355313719 -1.286988911855124
2.221620460167902 1.228992231718732 -1.837791968984915
2.02659424941851 -1.706518696674375 -1.206026483813542
1.985371461293816 1.137129262393636 -2.727731130163769
1.877978089798453 1.188642707578331 -2.903509150636216
1.755091373136421 1.354339544941983 -2.917967357632619
1.766955331705939 1.229076216385901 -3.075691205344704
1.6355020597869 1.389057269831673 -3.091145892273421
1.64824371007267 1.257442562543121 -3.253188017788428
1.508914206420835 1.418370810841009 -3.257964375630949
1.519869583852289 1.284609728922275 -3.422838443450932
1.373428278401526 1.439463302819625 -3.423752603113705
1.386117083656833 1.308756545462919 -3.579045008621698
1.230896512988252 1.453688517573306 -3.581784304437621
1.239422076944493 1.319329001559563 -3.742768838273363
1.077074822899394 1.487715493559063 -3.699231307723965
1.088116206832718 1.333718330959241 -3.880925385477124
0.9232601043391498 1.455893463268829 -3.876932924584247
0.932406036144691 1.320767375326399 -4.028926274347971
0.7608568516784951 1.444092259807576 -4.007849305729088
0.762432982681168 1.298989365320231 -4.170125994511867
0.5916313492712363 1.417023363208525 -4.13405185401895
0.5908932172574822 1.272416116050467 -4.289275012393401
0.410819576264291 1.378436403786268 -4.24973168163203
0.4114655103939547 1.228330180312476 -4.401248323308368
0.2294950137011343 1.326824156709731 -4.349487049713637
0.2369525100763966 1.46280116532801 -4.199281146166105
0.04526553769084495 1.411264645803302 -4.27928477775952
0.04656097322002919 1.262050001504569 -4.432825419033057
-0.1394985235339124 1.33126132767726 -4.357736549465068
-0.1376620196101454 1.176680453839262 -4.504665145200058
-0.3220665741605178 1.238215591979076 -4.416918436722765
-0.3190249897733862 1.077318502579577 -4.556910494384696
-0.5009049375405008 1.128442496671878 -4.459476333158874
-0.4969368947179323 0.9657951296597386 -4.58724249542384
-0.6733581641863687 1.006196591887156 -4.481403624082843
-0.6452732763246759 0.7987878269220512 -4.632816521857023
-0.8356682538354386 0.8680812668800297 -4.486616352352844
-0.8219526304247001 0.6889181937953921 -4.598012831590992
-0.9891465700523657 0.7207022411030697 -4.469418892611715
-0.9672069162677757 0.5349190266394491 -4.571889511395328
-1.128244485990266 0.5627538669309662 -4.434834275597682
-1.097977836086864 0.3726342966903807 -4.526622026309762
-1.144198856157265 0.7351625072709517 -4.335379961835911
-1.252854525933161 0.3978828227420503 -4.382208217734754
-1.213229457152681 0.2047262322695644 -4.463404704696785
-1.364990860258855 0.2293005543769422 -4.30972314795948
-1.312568373505837 0.03373055729317835 -4.383731873054801
-1.157645966015738 0.009344474923120152 -4.528170584868737
-1.247135452208814 -0.1618421700939932 -4.437891931528871
-1.106938197918668 -0.2211877965366209 -4.552549106377418
-1.397067315982166 -0.1371921419295672 -4.288328165198942
-1.326114288565079 -0.3294262545239204 -4.328625548939354
-0.6819003483980186 1.189891281433128 -4.323302903742072
-0.7958976614039894 0.5003080180920798 -4.694199862550601
-1.469056176203823 -0.3065266249078706 -4.176794188546403
-1.386691295492111 -0.4985887160783048 -4.209027330097863
-0.1499033560907983 1.476485248725242 -4.196665863261187
-1.525641743211192 -0.4724372515516843 -4.055079195228509
-1.429028817195658 -0.6607722049841218 -4.08476512974738
-1.282300591703356 -0.6743258288047438 -4.237815782038003
-1.319804674272986 -0.842790840999913 -4.095657132269098
-1.173516361308258 -0.8580625564399387 -4.232112118584107
-1.192693598620779 -1.014464729908709 -4.095871737488265
-1.032179324108337 -1.029485791637986 -4.227423969502839
-1.055466204219816 -1.176366178822428 -4.076913905034844
-0.8832612239478727 -1.18139090248941 -4.207301014963571
-0.9031107768292351 -1.322718765670285 -4.049112975642285
-0.7267652022474996 -1.320679983535287 -4.168635256043671
-0.7048179308270971 -1.176117725874264 -4.323616400036907
-0.5432073018952299 -1.306576483699062 -4.27595226740373
-0.5622371366250617 -1.44512102276319 -4.11514237716804
-0.3747237827472001 -1.421181303437072 -4.213539352748908
-0.3918770345574847 -1.55399272445828 -4.04775951644825
-0.2012061251633517 -1.520892340767013 -4.135830663236843
-0.1835225358137555 -1.381801642157818 -4.299094552616995
-0.009005037176181422 -1.469540336678459 -4.213756013285389
-0.02679162046643789 -1.60229972726178 -4.047916466410953
0.165990820404893 -1.541427598691591 -4.115522772668366
0.1480144816391936 -1.669822269147697 -3.946317111603222
0.3397250703759306 -1.598074118703217 -4.005777966930492
0.3567027611376538 -1.463362419966181 -4.170130415555279
0.5281086230923016 -1.509656508823566 -4.052107677887783
0.5101797636309529 -1.640984968374368 -3.885109255274696
0.6952550817147475 -1.542529645105983 -3.923914205138216
0.677676698864153 -1.672408988593459 -3.751988057634257
0.857914662107327 -1.56396570292057 -3.785007453462467
0.8371786409771427 -1.689231556039293 -3.616243979894245
1.013987178887639 -1.572925557157208 -3.640330558746984
0.8732316737103387 -1.429080365034494 -3.948615904162847
0.9927802599889191 -1.697176979741384 -3.468691204276577
1.163279961325582 -1.570849138944112 -3.490494965893492
1.141231559984616 -1.693785851506506 -3.317789714248123
1.306534360414443 -1.560130709347117 -3.333061683778864
1.323389828833565 -1.430571317099604 -3.501477572861615
1.460455813336307 -1.412774447088602 -3.3391835607001
1.44265612654602 -1.541351040186224 -3.170075340310609
1.590141661232525 -1.38744688500834 -3.17190559677179
-1.603472087936332 -0.278310398322471 -4.014424986142253
1.471116102907724 -1.276845649758382 -3.503095028562878
0.6531859872189721 -1.7904660927899 -3.579861948956076
1.570779382911109 -1.512980359322361 -3.007481358909332
1.712440979673939 -1.355303208768858 -3.000310323680151
0.7383790205254219 1.570189256801031 -3.86017074307111
1.087951090715699 1.174368027191793 -4.050113663215991
-1.655286389525972 -0.4428472420311647 -3.892453441375157
2.082588985488474 1.089231337422421 -2.543941019464656
-1.352827940280736 -0.9951769658749458 -3.941934618615694
0.5877076195430029 1.113465492060481 -4.436506263334987
1.520857299562516 1.159625703255814 -3.567980538384075
-1.729948832370027 -0.2496577478842781 -3.840851065513379
-0.3152024455697151 0.9118287351359621 -4.677368744117206
1.68680282915601 -1.503477975043087 -2.805936237205411
1.827378867703594 -1.317008883707881 -2.824953733616259
1.839573465851394 -1.184679522910279 -2.990121743206232
1.94736207527872 -1.14120563643156 -2.812611216263663
1.944082546704167 -1.280085490216093 -2.612587250609426
2.047899631704014 -1.093523240583718 -2.630749505947061
2.282212625403265 -1.390485069197346 -1.021309542800281
-1.071510274651112 -1.313871040771203 -3.918946866980535
-1.778907101149335 -0.4125880972727259 -3.71671273933781
2.190733267067619 1.508937571819084 -1.124093342272718
2.06238925572703 1.678263552332335 -1.133286814917456
2.36944856393529 1.096097840905778 -1.46197335101071
2.431390793420075 1.030687254954815 -1.267476802326996
0.2668797493621293 -2.500727425817543 -1.945221826295359
0.3233582787726862 -2.537781676119519 -1.745223850924978
0.1184299321194262 -2.544101644676264 -1.800489426676815
0.1753779943183287 -2.580721584923022 -1.598785351580476
-0.03019313304121311 -2.576435034798266 -1.652387089363551
0.02669410920079701 -2.612429158236639 -1.450708215643806
-0.1787909064791635 -2.597705895986769 -1.502342772033015
0.2298522502862969 -2.607895687739029 -1.417430996956057
-0.121959071550658 -2.633145769005645 -1.300971514779582
-0.326743998321737 -2.608129772946915 -1.35059749374411
-0.269584429419962 -2.642471329768675 -1.154818920671375
-0.4728204210074918 -2.608060016603722 -1.197308933943995
-0.5292809407261874 -2.56718471828032 -1.397622285338994
-0.6739822290057886 -2.556962749430642 -1.242980603872567
-0.7288152904804162 -2.510211288733664 -1.442785906273965
-0.8708927008261765 -2.490186562530743 -1.286513411526346
-0.9234437598360703 -2.43779720081568 -1.484868499496615
-1.062258644760346 -2.408171986570381 -1.327319912157185
-1.112605233071222 -2.34983112607922 -1.524996977465558
-1.247089951393901 -2.311234878521564 -1.365494844298436
-1.294526327089029 -2.247139501122835 -1.562117160190571
-1.424189595589777 -2.199882606803533 -1.400949873681691
-1.468182326886884 -2.130149367292628 -1.596460725124302
-1.592912369427381 -2.074485473203388 -1.432838799620971
-1.632409087297678 -1.999518134504139 -1.627944289808107
-1.751071630000268 -1.936227933319476 -1.462531377590389
-1.78609236444302 -1.856005404339504 -1.6564898862891
-1.897726722708633 -1.785922809621391 -1.490186475343892
-1.86245036034583 -1.866257217307533 -1.296701555863817
-2.002508093194341 -1.70925092290233 -1.322393304279745
-2.03269157517112 -1.62401888027579 -1.514318273306786
-2.130217972742753 -1.541351973851228 -1.345007711864151
-2.154778615294522 -1.451745413120353 -1.534820799572564
-2.244506819713717 -1.363711821627087 -1.364904180888528
-2.263305791406579 -1.270187915522404 -1.550806862542657
-2.344603939906072 -1.177421923499496 -1.382037713240096
-2.356816465384244 -1.079832314415706 -1.567275865413092
-2.429829278349851 -0.9836413356131282 -1.396367794424362
-2.435411800041658 -0.8837854318336593 -1.576148247117838
-2.50017894860311 -0.7833140277281561 -1.404923505715243
-2.49819367313476 -0.6801298191246047 -1.585441547286148
-2.554074365678189 -0.5781018571762004 -1.413229321281302
-2.542533908150242 -0.4719635989532219 -1.602612963325654
-2.590979215651436 -0.3697571681120309 -1.42222496158797
-2.57044090113132 -0.2542378479977883 -1.618675361250243
-2.61177197950172 -0.1576617773147828 -1.426562280061749
-2.631110862520713 -0.2646962954728341 -1.24230851623817
-2.643643590160789 -0.0529238245511732 -1.243868398701415
-2.616267992769224 0.05354130801090441 -1.424780259153729
-2.639562460361363 0.1591705141656971 -1.24255591157318
-2.603618771539932 0.2652386949949496 -1.423063637157153
-2.61875590539344 0.3702710013298794 -1.239369174583942
-2.57436187545573 0.4752998845438201 -1.418262505877905
-2.581500672507613 0.579030978969024 -1.23334671899461
-2.528609072774394 0.6823219003134966 -1.410937685016696
-2.528000952048 0.7841415229845666 -1.22482601876113
-1.376445185640612 -2.263856932792654 -1.205526781419157
-2.495429122763118 -0.8839200552960067 -1.220966034596915
-2.466672143638082 0.8849847055322857 -1.401105612727636
-2.458819720648043 0.9841308987534961 -1.212935447073465
-2.219203817464193 -1.454396623344689 -1.176680958822297
-2.389080678816537 1.081905223623191 -1.388411995951243
-2.373805378565283 1.178301348966532 -1.200373001115549
-2.296033696759461 1.272128103437547 -1.374016247222729
-2.274424524073436 1.364627578311457 -1.183672665009876
-2.188233437881897 1.454034083552406 -1.358672331498336
-2.160265617050363 1.542947802146678 -1.166228898208516
-2.067205296294803 1.6261007770029 -1.340076894137232
-2.032943424136537 1.711369013226754 -1.145614475155424
-1.932709639107564 1.78939999125035 -1.315091167763143
-1.893001085512269 1.869140910483692 -1.122695903383007
-1.785794449071753 1.940845691742599 -1.291119403692513
-1.741345551737349 2.015320736470151 -1.097523554463498
-1.627839819980059 2.079959014608806 -1.264675578652888
-1.579189226407699 2.148923386547107 -1.069806646179576
-1.459682917494517 2.206072766932872 -1.236051708003989
-1.406873807242806 2.269529700873103 -1.040642881105507
-1.282485746571994 2.31845629415807 -1.205026218335206
-1.334538114747227 2.255846959827664 -1.398507879951703
-1.152947735890059 2.359142617947237 -1.368191478283984
-1.097170326834923 2.416517407782391 -1.172105212431428
-0.9636576488670873 2.448216093832413 -1.333984632519607
-1.019534392863319 2.390637756432139 -1.530483346135992
-0.8263033599681642 2.470724235176458 -1.494268133462948
-0.7682016484564688 2.522206366143614 -1.296673901662575
-0.6278085159657525 2.535211759769453 -1.455390459021148
-0.5680160315267764 2.580575467307796 -1.25680005147684
-0.4252258067271544 2.583860191118472 -1.413641252182668
-0.4850702452837021 2.538188562365462 -1.612559804332272
-0.2807575979646026 2.576788817997496 -1.56936791064857
-0.2201869997833651 2.616321889809787 -1.369685989367866
-0.07462728932448771 2.599134313147283 -1.523377551643117
-0.01371969800055303 2.632705568975324 -1.322711024633021
-0.3404625724706062 2.530843418393865 -1.76796080236555
0.1320110495303231 2.605210644903124 -1.474729299025796
0.1927863368863755 2.632968076889922 -1.273140849328661
0.337870654706899 2.595115625305998 -1.423535681567698
0.3984446441737839 2.617255867177809 -1.220546667720696
0.2761722815382078 2.568145798265467 -1.618840453158876
0.5417644140471907 2.569079529994958 -1.369617701675932
0.6009072733029419 2.585738876336806 -1.166660790164811
0.7414002223973148 2.528149714972594 -1.310112484444577
0.8001629000581372 2.538952498039239 -1.108564874008081
0.937844647868982 2.471319241600384 -1.250164183771553
0.9945147803980351 2.47705253211737 -1.049006331744326
1.128924806616685 2.398594916958614 -1.194233582060609
-2.199317497410339 1.007587215318533 -2.317172333537645
-2.382137105281092 -0.2854630688753838 -2.385761308667593
-0.8154800785416449 -2.536682280751026 -1.088373331302431
-1.967083877440455 -1.789763103286609 -1.129353771079057
0.04796248892313942 2.659938566707591 -1.122049266210409
-2.357418456503604 -0.988694710194335 -1.754767047879426
-2.654918526154888 0.2642344737641787 -1.059247563967084
-0.7083650861709234 2.567420163814354 -1.09809586971443
-2.057120096605099 -1.534414467765087 -1.70509687578838
1.183016934734802 2.400354211597825 -0.9891306924494242
1.312739083143044 2.312265304456645 -1.133528396642015
2.380389165434286 -1.077229312202366 -1.449346948116388
1.777161479135179 1.077650606157894 -3.241947723258136
1.984883769328083 0.9916394757872503 -2.913059697046391
-1.357439218187812 1.953686656346955 -2.45268610464426
-0.055185892631892 -2.659364577961863 -1.125494100663955
-0.5436441817169788 2.486205743595498 -1.80951269089994
-0.6056614450411067 2.206524685238471 -2.727230473301114
-0.3991190629600627 2.478337185845548 -1.965303677446188
-1.918055167465549 1.234018686949804 -2.747962212920161
-1.360729181355453 -1.654860854281835 -3.098840290697329
0.4407298782724252 2.330735848437828 -2.475122487898788
0.4394211473295079 -2.281278687675382 -2.625875858004009
0.6412174867326256 -2.253606627047593 -2.566062375858851
0.9660650070088124 -1.812685303084054 -3.293542641490839
1.420997602876339 -1.660779368384848 -2.995766949952348
2.404944867466186 1.144956027115829 -1.0961747015425
-2.663062237350452 -0.1589903369492951 -1.061199397465615
0.4579514304455229 2.633078040261355 -1.019869490479609
-0.9992353755882829 -2.183623011019446 -2.378287611297828
0.6212181579569234 2.079244690430166 -3.033737535921443
0.4777003108832601 2.048801032435782 -3.18655884130484
-1.673515442551477 2.005949054956913 -1.451879053165448
-2.08038560500642 0.671385703342536 -2.995016239351352
-1.975240953704187 0.8132482684918005 -3.113526410467727
-2.010287227003383 0.6172800938829414 -3.188397226756482
-1.396714561248556 0.4204251216156378 -4.226497991229127
-1.902639657588755 0.7582934565455829 -3.305773728283375
-1.932935519902969 0.5605979365610725 -3.378309376445898
-1.822577358233376 0.7007292935826351 -3.494326097929636
-1.781673991656841 0.8943195646431052 -3.41599902061265
-1.698594514184109 0.835414702354194 -3.602875989762992
-1.647439161821696 1.023953538500197 -3.518373347060009
-0.3617866886967811 -2.218961727325838 -2.836297610770536
-2.089387078755928 -0.6339204484295954 -3.001376385606336
-0.4278820518428738 1.988066871575588 -3.335851735447917
-0.2224160972654259 1.993583693130554 -3.391521632703667
-0.3654470275545418 1.903502746437852 -3.521071566388652
2.052078484267885 -0.9563841993148837 -2.793987804037668
0.5436335246137826 -1.370206243528908 -4.208429930390049
-0.9164292998634336 -1.455380307008863 -3.883010870206428
-0.0449524750702124 -1.724956850407693 -3.874569347730686
-2.519973875856532 0.883720741470616 -1.038752722733373
1.215535127075438 1.582385670208956 -3.412412782024614
-0.159003670905654 1.902827805183077 -3.573477470167122
0.009515680844090593 -1.32613838861625 -4.370412558416703
-1.010666116988651 -0.8815966846507339 -4.355063843520082
-2.581979437669549 0.1592454719401273 -1.597635606340345
-0.1646934565913465 -1.233086518492533 -4.450690279230735
0.02871861519055358 -1.171498795837892 -4.5159301003494
-0.1451945251894561 -1.072863075756069 -4.590016688263154
0.04856568454222984 -1.005164864007621 -4.647897348190916
-0.1251262420391485 -0.9007826410357885 -4.714413098413092
0.04864460968036262 1.102295057208572 -4.573432551271799
-2.125826287710095 1.627380781696715 -0.9784306979668795
2.487708624719621 0.9582056728620978 -1.077395935083388
2.145653045732324 -0.9051869603280891 -2.609301761453366
2.143250178955602 -1.037445276755384 -2.445645459788858
-0.4117876248043315 -2.64181833950371 -1.010031021934861
-2.351823970585621 1.271152270443814 -1.013129993858528
-2.474509453574179 0.7661308624244877 -1.578438459861693
-1.847863994170774 0.5012932839730029 -3.564143835002493
1.36006062260082 2.311776791195451 -0.9317704512237635
-1.562746992232417 0.9648555068187501 -3.699350662490473
-1.500149038970589 1.145754549187429 -3.612146665046556
-0.6013664865251581 2.427298492392663 -2.005875302727949
2.140280912341143 1.614085485537385 -0.9460653897083654
2.005204643142553 1.777778943016119 -0.9544152141767501
1.939107306952999 1.818685667695429 -1.136631415185108
-1.954042850198465 1.712066728521076 -1.536109374782797
-1.413818761657312 1.08531638626457 -3.787315891172335
-1.341037859034111 1.258704363611166 -3.694997995876995
0.5811103186127916 -2.199930629561177 -2.762786379243483
0.7801348353023457 -2.161871396692781 -2.698344694844773
0.859913758137252 2.542971161388596 -0.9097716903413839
2.463159189471454 0.8881677010300341 -1.415011419216185
-2.187830060625455 -0.9153656308847148 -2.476530058061552
2.544565328496509 -0.7088966001048933 -1.263009956615194
1.705987833218619 1.601680395885136 -2.575280073725566
-0.2353952144870885 -2.556030255769266 -1.702605736990265
2.46217820181586 1.070538551232201 -0.9056692533758384
-1.389198552382267 -1.529349319481334 -3.268149666342407
-1.227330396817304 -1.666389809044162 -3.260744622274894
-1.842336146664339 1.947210641196451 -0.9464953413686004
-1.850152290541609 -0.2120546862489666 -3.656069128255127
2.231738244144083 -0.8506097122527884 -2.421954315828236
2.226576301136686 -0.9873301544545258 -2.258351780339068
2.114731294688674 -1.186949888246131 -2.296298339941362
-1.583063824291489 1.204091163908108 -3.424944367805181
2.539666761795083 0.8772726520230741 -0.8847981993687914
-0.9738690229085142 -2.379120431613721 -1.682855301564684
-1.248139316237484 1.192627127821388 -3.873394195124757
-1.168373999356821 1.359755014279552 -3.770789848126826
-1.260445027379125 1.423983426747239 -3.58733638232941
-1.080888217773711 1.517044347011728 -3.655283581623869
0.06892732044800239 -0.826988064476639 -4.763397823731625
-0.1046268682354737 -0.7169383411171878 -4.820696744280982
0.2441700340121256 -0.9278397693119048 -4.681052961617526
-0.2976731413727212 -0.7833179265569177 -4.758629377503802
-0.2756389877157307 -0.5937700697350683 -4.85412265172418
-0.4660783890443715 -0.6538186460717476 -4.778848452940961
-0.4409032928030698 -0.4589910934437809 -4.862225675520002
-0.9855566670711011 1.448269034713206 -3.83484070471815
1.491071540635668 1.544879976833631 -3.088105181417321
2.546146505297016 -0.9010114384231453 -0.7285058667751191
0.6772977373168297 1.978956128730458 -3.213176924682781
0.534025530334759 1.948213940839596 -3.36327731669926
-1.338428743995113 -2.17728061099775 -1.757628897902567
-1.526192965306804 2.212578093907979 -0.8747855768511811
-1.350439620917678 2.327352789646948 -0.8445623179633703
-0.456512811002913 2.419109488612315 -2.161176301833807
-0.2524351129035969 2.460037980015687 -2.118050625375926
2.083368284464179 1.713725091990193 -0.7675345426417408
1.941719846674184 1.871797687020021 -0.7748734604381615
2.310505431407657 -0.7930129679546448 -2.232325828204025
-2.312342341341996 1.179875190639387 -1.547448276065574
0.7102637106366544 2.506124474978942 -1.496646971431068
1.939195823042224 1.695738221987853 -1.655348846553094
-2.485314052889228 -0.5843452459737024 -1.770650932776372
-2.642362429453657 -0.3700161992737292 -1.05833045095533
-2.674586136812919 -0.2644041164644294 -0.8775540447554057
-2.645761923614578 -0.474439662312696 -0.8740521811456718
0.5812663549902312 2.348552997821626 -2.316200549674426
0.3848585422713618 2.396845645369511 -2.287482626045656
-1.821951823660826 -1.941869171853136 -1.102764380799598
-1.926661939023173 -1.865480583744393 -0.9354223513217803
-1.776481326779871 -2.012715458645947 -0.9083779715254936
-0.5065852659066663 2.619757479671174 -1.057114737049198
-0.6470091106672056 2.606429793397243 -0.8987486526383243
-0.4441201095685533 2.652640378918198 -0.8574017884971805
0.52620400037499 -2.515567100168573 -1.686505437138623
2.211644297493825 1.546020865932257 -0.7581377524737317
2.140839139372648 -0.7640066584976579 -2.769144525653167
2.048066205104631 -0.8161117831007836 -2.948823956067999
-1.540113359623759 -1.379500664467202 -3.264971808617145
1.332816869070822 -1.293494369219168 -3.664547069677284
1.473857538007849 -1.133550619316917 -3.661037453568369
1.334005640844829 -1.148905327998203 -3.821368551194525
1.467799359472615 -0.982999681762786 -3.812066224201473
1.326021656914929 -0.9969199959067644 -3.970904242453683
1.600735835816508 -0.9626359824794679 -3.646426201118181
1.586359640807594 -0.8067708893376505 -3.79146706050543
1.712318948900873 -0.7825022730844087 -3.620890705481503
-1.667844266362745 -1.918996892225905 -1.821075110491606
1.168565648343531 2.254041049592923 -1.837584471076398
-1.664047399166252 -0.08588421782808402 -3.960649772062833
-1.696305474012258 -0.6047707532025502 -3.757793707497127
0.1296733326305906 -1.788425296091748 -3.770234396112211
-0.0633588609964702 -1.838125919574549 -3.694997075735257
0.1111376447057874 -1.897842008586087 -3.588409024543721
-0.08189163843862246 -1.942399582604716 -3.510219170851925
-0.2558936715332879 -1.871291184802747 -3.610283489915094
0.0843129932434708 -1.99311237158962 -3.413329034353917
-0.2740209135133873 -1.970981261901809 -3.423020284315378
-0.4464084190599437 -1.888507052075806 -3.5168462866394
-1.947417906665446 0.3580945623399257 -3.442167138468142
-1.814270658589406 -0.572509153767872 -3.585982951220945
-1.722772069742174 -0.7618749569798148 -3.619013762819379
-0.3017228650477785 1.810239872240918 -3.70167087388551
-0.09443230899203571 1.80307172837704 -3.750294563404428
2.559294687033022 0.7513865760783499 -1.065312241076046
-0.9908545171577705 -0.0141840771135263 -4.658969930257288
0.5174290307804376 2.416431064600409 -2.124880063545278
-0.8910755708577883 1.595937613181023 -3.713871825029248
-0.7930406875551586 1.522293600229035 -3.888053935513952
-1.169390831396615 1.577703066093294 -3.473233590885274
2.305005435095077 -0.9295878069301314 -2.068637702200431
2.382115010662117 -0.7327430842747386 -2.04072016660946
-1.410068982562783 -1.401095935920653 -3.427177776868237
1.233928462601472 2.397233088307322 -0.7847596801527809
-2.678378916384414 -0.3688344518607358 -0.6929458253171566
-2.641600789277238 -0.5774926222398518 -0.6885753738896604
-2.698814996655468 -0.1579041553996907 -0.6958836737937798
0.2613622356550884 -0.738664952994383 -4.789636028069112
0.4324179417717933 -0.8277426762572989 -4.698349040831582
-1.592100107381305 0.7738155061103995 -3.806408458915235
-0.6273523345653493 -0.5141176058491415 -4.774220526210788
-0.3096796095271059 2.400385755839976 -2.313170689681661
-1.881473959221193 -1.936328326195036 -0.7407702775838144
-2.02519031594091 -1.781934629198797 -0.7688232861970224
-1.727088111085715 -2.07734950551658 -0.7203315294818388
0.7310817614262635 1.870539873173229 -3.386793081523841
0.8715485099416664 1.892903710992422 -3.230002242840496
-0.6574309647883966 2.361701121953632 -2.200130281836849
-0.7987366696216788 2.36058394050057 -2.041580926389893
-0.5973471633725886 -0.3148930473817985 -4.844631763081807
1.434944421414482 2.28782743945174 -0.7318680281544078
0.4488348384900575 -0.636741940770059 -4.792101701188519
0.6163098507908359 -0.7198056603343606 -4.689124710421186
0.5995088343339363 -0.910199664193702 -4.584255204687002
0.7789023293470687 -0.7958582969936279 -4.565115485514884
0.7541281341515457 -0.975724730922456 -4.460807607916371
0.9286328013376143 -0.8560764173960065 -4.432716608599005
-1.965439191992152 1.531372395925614 -2.043456560258315
1.489388084599495 2.212000523479295 -1.070570110331803
1.436779771122848 2.214408272588887 -1.275440690655604
0.7180103954230193 -2.110450739938889 -2.886204426767016
0.9147762899540389 -2.063573622268941 -2.812263902535288
0.5191696904899252 -2.140699873831553 -2.953643465830383
-0.463787817915134 -1.984186933328896 -3.327493109404867
-0.6331992538874017 -1.891161345908478 -3.414396646269562
-0.2022285979560505 -2.43198759114097 -2.24120748961413
0.9735923353382904 -2.110424205631184 -2.623032674105728
1.724825587375836 -0.9374237190755881 -3.474602488974304
1.829487750226601 -0.7538056943115321 -3.444806912704355
0.9031887084497489 -1.035730043715479 -4.320331309928402
0.04904980527482803 1.884948081615104 -3.615750547547798
0.1137194246016018 1.77806075862574 -3.788362184096148
0.2965753599762874 2.455516833752245 -2.116458772215243
1.688694188286129 -0.6221383101551717 -3.759781913085701
1.570268689084687 -0.6500011017044751 -3.913013333502787
2.513054327659321 0.9927191726125377 -0.7139723896249902
2.583085044376016 0.7963960354962127 -0.7005943584133107
-1.856658590734721 0.2975014122938186 -3.624898776537155
-1.554801805045851 -1.240222442657232 -3.425123712531677
1.105288744672609 -1.996227340696383 -2.745001027861146
2.124309298425673 -0.6281073101600679 -2.922201900865405
-0.6146622208264892 -1.791535664141935 -3.600888320853419
-1.469907640021488 2.27046520854837 -0.6785442807169597
-1.298163130584669 2.375153449689071 -0.6509400145664829
-0.4856607619129585 -0.8387840151138403 -4.674269328914779
-0.5829543210686283 2.638857647557605 -0.70814154539608
-0.3774304263329009 2.679298183575584 -0.6649323251306529
-0.7846406578231324 2.583686294400422 -0.7367195803756533
-0.08112762635256011 -0.5224416152973975 -4.905339452726934
2.301023491127834 -0.6603532103313995 -2.403475136819211
-0.7983369898150682 -1.781733749693582 -3.49475453143449
-0.8042506995528415 -1.882718132321664 -3.307599639346229
0.9443130186046884 -0.6665799804504301 -4.529716914002896
1.090827940717963 -0.7246342627309172 -4.387163594749418
-0.29071795481365 -2.062735252905448 -3.231708905385438
-1.839761016456976 -0.7292252957734765 -3.444202315036583
-1.924355549821598 -0.5374541328876923 -3.407232783411185
-2.091571227891611 1.401405580096575 -1.933334060945848
2.020099450724348 1.808030611164608 -0.5881474494789862
1.870884894447505 1.962072466754525 -0.5876848091831779
-0.4069611996154811 -0.2568317957906027 -4.92170583486481
-0.5585966035414565 -0.1099449654556145 -4.890069397660242
-2.402360565492449 -0.4357463558705051 -2.236899516556227
-2.443339121779179 -0.2327933750259068 -2.189239409540572
-0.1052270812035273 2.431435857278258 -2.265403363674857
-1.32526804983728 1.015016799232536 -3.956343044824538
-1.15442682186751 1.121593825301558 -4.038545015873383
-1.090852546046065 -1.445695736142731 -3.741334884171505
0.6567355158301591 -2.044209920542925 -3.0880252038913
0.5960091185798458 1.840424928110542 -3.527963753486462
-1.945321106177137 0.1524091448463246 -3.496872420866096
1.065891993766292 2.388075209476573 -1.434980284189888
2.376361169571874 -0.8692180999986262 -1.876969941897903
2.448212227168573 -0.6640737755072418 -1.848059687880812
-0.885866254640556 1.371804464528096 -4.006886309755655
-0.6866607707936853 1.44741145347489 -4.048570765658524
1.788036426636938 2.018685988077497 -0.7786201304323532
-2.702987823393928 -0.2623263119621572 -0.5113195349314127
-0.8537892793362676 2.288037622697636 -2.234753252333672
-0.992721327624999 2.277001111542504 -2.07426804710733
-1.420599216999183 -1.242907440853382 -3.612276479852112
0.9783427670199204 2.346634814382691 -1.821447197722542
-0.1616909154685255 2.37013276303753 -2.46350731089728
0.4564615548291126 -2.073199596977902 -3.143780378782612
-1.167056421467721 2.42768045889054 -0.8134155096852816
-1.637877758812131 2.149538855657812 -0.7087205840902968
-2.172599970909916 1.22837291671436 -2.026115689907788
-2.412622001691179 -0.08140691869917217 -2.335095158440169
-2.467938385854277 -0.02835943520594049 -2.136959940580474
2.213282788484047 -0.5657275182199261 -2.737609248727919
2.177635672641931 -0.4122864016711107 -2.919406336156
2.38935111003667 0.9731687355784913 -1.63491048634598
2.46459720354912 0.7745960263952 -1.616150280105952
2.400646095826897 0.8468262171930392 -1.806313683995745
2.466995685692755 0.6451818036918487 -1.785665188541042
2.402974752483083 0.7174308065467584 -1.97590561107912
2.523043669795115 0.5697218333451904 -1.599361187487617
-2.345043387596682 -0.6357895355732146 -2.27979178408548
-0.5839483851478315 -2.52014419403547 -1.597482812710125
-1.192391698318853 -1.784582302511844 -3.089960194069152
1.51227059676539 1.857931144243695 -2.397819590437175
-1.925551262058838 1.003046672783805 -3.031149203404726
-1.816806666185693 -1.770252364435664 -1.848202341813772
-1.703883001663985 -1.828820143538816 -2.01056828804481
-1.842419705790351 -1.679233063785386 -2.038294462778917
-1.539811704890382 -1.967273258761601 -2.01607994587851
-2.104655406043831 0.4719906701782816 -3.064989958114269
1.110147880593323 -1.809694787860338 -3.143294953370873
-2.600686680345087 -0.6814207466692604 -0.8687470901686186
-2.588632552284933 -0.7827569645693152 -0.6832583060421875
-1.61549652807458 -2.147627717236132 -0.8798191593752633
-1.560811354332521 -2.207859291530353 -0.6904671178992285
-0.2376607816255637 2.682974219216002 -0.8151041068963302
-0.1733070640946484 2.703715671430515 -0.6150853689716339
-0.3137368033442951 2.700022562970531 -0.4645931302570626
2.427034931627376 1.184260700145373 -0.7324359584654031
-2.337000972249509 0.6712582348612858 -2.27337914862669
-2.411068948854799 0.5198610440834347 -2.143241425353775
-2.379403795166859 0.7166975449878135 -2.07023087360899
-2.449841905325132 0.5665797445978245 -1.947052732505289
-0.564926483374466 1.889032468741901 -3.458249110828714
0.3312286639299041 2.007080074717447 -3.334549322274093
0.3140680847372053 -2.156157386811651 -3.012387134649291
-1.692854863056579 1.52217838086743 -2.759505879446444
-2.133285186641632 -0.2885231618085378 -3.074932144972193
2.329395543223236 0.9167841681399028 -1.994843673301234
2.331611376740725 0.7873378750820591 -2.164419440874546
2.396114850152422 0.5850589974604072 -2.143122924541167
2.324646319252063 0.6551854975522059 -2.330870470774514
-0.5851503714807154 1.581311135596493 -3.932381638547709
-0.2363645769203963 1.709955737694347 -3.873564960200141
-1.345178327311629 1.480421454533196 -3.40272515847256
-1.756992833594928 0.4522971924509783 -3.736130605434026
2.251381467813164 0.9834624159714735 -2.180166701375884
-1.444667671750293 -2.26947716431576 -0.8498419513804266
-1.386725369494875 -2.322859288745764 -0.6709835735692391
-1.264366325984578 -2.377680654227309 -0.820938902463819
-1.203974036899886 -2.426557110853985 -0.6215435795194881
-1.51180861896503 -2.256780001270037 -0.4991597734658112
-2.539566892665948 -0.8842500933901575 -0.8621721096183402
-2.520049625553281 -0.9829119001382869 -0.6757573681585113
-2.462994580077801 -1.081430180053194 -0.8533038857442304
-2.435936355299254 -1.177423778514207 -0.6673991636628676
-0.03150864463312359 2.697252226464128 -0.7699665767135749
0.03299054054308794 2.712048620123313 -0.5692521785480477
-2.472455327325545 0.3663945206147484 -2.011002113059244
0.2028033694836037 -1.254647653690699 -4.425126008349764
-2.034164829165966 0.2157697981422576 -3.311179471364643
2.477199970509332 1.108563556909542 -0.5416638300782187
2.383401442422639 1.296101965861708 -0.5567803473311124
1.160606696954487 -2.041422486443024 -2.549991473780505
1.285024702191182 -1.916754218767357 -2.6715232586187
-0.5192623015077789 -1.158019119155054 -4.426879875631172
-1.500478165682583 0.249823246180387 -4.151919569553668
-1.113029256810758 2.473298203036275 -0.5700117224469737
0.1749900421340331 2.695599481995915 -0.7234360778088319
0.2402196799534041 2.704363047891293 -0.523229688048385
0.4076080000877588 1.06728995787578 -4.541108190113092
0.5808424285706245 0.9457163098820961 -4.568171922199023
0.3985290933051804 0.8951229612077027 -4.666855508118471
0.5683826429274574 0.7670810149917094 -4.68428851538737
0.7461611478466447 0.8108666690325705 -4.574591069125002
0.383450464379516 0.7120545322218133 -4.775566512790421
0.7286601451687758 0.6261657660758477 -4.680148704965824
0.9009982543357448 0.6646152056960155 -4.560177984334359
0.9149021233685996 0.8461231394806012 -4.448676001733695
1.063765620044549 0.6949009295384172 -4.425423657833053
1.185341806283633 -1.15730873125596 -3.974190718588184
0.3009124815374228 -1.941329433592585 -3.471936100516558
1.840379880841372 -0.9070522381721505 -3.298309606335549
1.714521939739635 2.09955700050028 -0.5939685525969771
1.615239098732351 2.100237024716788 -1.205049005290075
1.549551177293114 2.108749847702898 -1.424533163344378
2.290329583469491 -1.063031536871866 -1.900931580132754
-0.578052565658922 -1.573773277672945 -3.946022827682198
-2.371587648322953 -1.271467698133227 -0.8429723081298388
-2.337357724369963 -1.364234068266154 -0.6565985800166131
1.374729410043051 2.215244978813841 -1.483074068027928
-1.077864952686913 -2.471402828752543 -0.7840778954296672
-1.019496335562631 -2.512778481251634 -0.5776393191427329
-1.979905361126577 -1.853434309515495 -0.5723436521404478
-2.115029291560429 -1.694658588994217 -0.6010099494598955
1.339933341959871 -1.959267960164607 -2.469980847921515
1.457591985100655 -1.825969768321316 -2.586350374892506
1.509556455676922 -1.86549311046892 -2.383821012050809
1.620617747170624 -1.723015926463418 -2.49630020122696
0.2101736860466023 0.8331373114806739 -4.745890669809314
0.1965918324979845 0.6520152613018725 -4.841933792288599
-1.044163403380628 2.198470736816331 -2.264960791181822
-1.1797364968686 2.175876221935054 -2.109556585466783
-1.127597991284372 2.255834561659873 -1.914452315940119
-1.309760346056172 2.149236592127807 -1.93672975595785
0.3804706186287614 2.678100133394061 -0.6752302498464197
2.031501026050127 -0.6733763783961707 -3.104094572033628
-2.071889763484364 -0.1517218343808379 -3.243958036013972
1.286129846261133 2.387195886285078 -0.5793623039734997
1.102007951265865 2.473051094335627 -0.6410171641306847
1.657508447415852 -0.4601870410317807 -3.882521949321835
-1.722060773765807 -1.73247187946269 -2.23259087516877
-1.862595610906861 -1.582963280439718 -2.226510339215139
-1.974005907165023 -1.513877732978523 -2.059421716906471
-1.530093458723744 0.4405202972670295 -4.061499691949291
-1.419888879488581 0.607967618542315 -4.122787895216527
0.5695817353727287 -1.082523948951527 -4.469997209272839
1.07415407056278 0.8736663995339878 -4.309208969248267
1.216817431778626 0.7178811278041227 -4.278390639920421
1.198066631385205 0.5339102114914157 -4.38508977179576
1.344909360362591 0.5536630219278169 -4.231354347436453
1.359834012923416 0.7357597841681665 -4.120842082575679
1.481814768549333 0.5686009552999883 -4.068168356734251
1.493185207653161 0.7490704388558638 -3.954598591816988
1.610941540250049 0.5836630439162298 -3.892579049276978
1.618878737323673 0.7602990620390374 -3.777548326513952
1.727647271622416 0.5861748815796475 -3.719587646968909
1.733439773852453 0.7648290962614713 -3.599785518903269
1.837545653984507 0.5897134899882512 -3.536536596197782
2.44296230360382 -0.5308114907707406 -2.008878126798658
-0.8847392594336908 -2.550081821455296 -0.748945746753981
-0.8178277747699545 -2.586997152132216 -0.5540208750444989
-2.266359966296656 -1.45393571409253 -0.8243456122506687
-0.6858671313851825 -2.613761218793478 -0.7110817812535017
-0.6169013059144107 -2.644274155378517 -0.5185025675719844
-2.497791966359435 -0.1796822593457924 -1.990910373590077
-0.04979476753180093 2.48435800670871 -2.070800790686286
1.669816934044939 -1.759156754952761 -2.294849809641279
1.773344673816325 -1.608908810820004 -2.401685654826633
-0.4709432027595728 -2.069770184020977 -3.144195201894711
0.2550966444250575 2.367181251710535 -2.446463234354099
1.361737304825203 0.9112756876720356 -3.999283827772059
-0.9564307611135231 -2.548917701717614 -0.3715681162500759
0.4527559548330137 2.476055064856409 -1.935736597677982
1.839831448359289 0.7665114314714504 -3.416809127663897
1.939380603996181 0.5902487425051454 -3.348849536401115
1.941252544241415 0.7650239225110708 -3.22426363054119
2.029553799632736 0.5736023689229227 -3.174786628895572
1.916345773788217 0.3811941913863194 -3.491982843875433
-0.7822442931543552 -0.3691867336993549 -4.742385686457179
-0.8043150245876399 -0.5630347063654225 -4.665468007775454
-0.3639944569330057 -0.05029343313453619 -4.954501425596193
-0.5111026528131731 0.09741848828043947 -4.908351004182464
-0.3123229953565341 0.1568468914822271 -4.958857889622289
-0.455480705998571 0.3033562144896929 -4.898509863584468
-0.2528994105017968 0.3605112861491253 -4.934520559563593
-0.3979157771587099 0.5144457316181855 -4.856039349831938
-0.2087421428840023 -0.1957831971380791 -4.972450116271244
-0.1871703571519926 0.5569871823477081 -4.882810172288235
-0.04515331447692566 0.4092315865226259 -4.942812775762603
-0.7048327538956635 2.292724397547246 -2.387653029662348
2.659730670243304 -0.5467324025648285 -0.5174323038912844
-0.6776829895026469 -1.021385931382848 -4.46766953373306
0.2903929854913905 -0.5410230203169464 -4.871886447907016
-1.727084302358714 -0.9162174194823821 -3.489780256490208
-1.609691585033127 -0.9378634303140008 -3.654846772915794
1.314005627086288 0.3657571095001665 -4.331225335147262
1.106109850513409 -0.5377867523822443 -4.463834919499366
1.244320147362407 -0.5866613555056166 -4.318771349038554
0.9472328658456715 -0.4687802712158269 -4.610110567078579
1.249447253828391 -0.39506082142123 -4.386325870790349
-2.714723228447048 -0.05146178860707846 -0.5197383905557662
-2.702721679400997 0.05395375501252009 -0.6980990110669892
-2.710284473205928 0.1614769023378057 -0.5218439655316779
-2.690165715830109 0.2655878721039827 -0.6983079694461319
-2.689595729098585 0.3711939187696988 -0.5218651914652319
-2.661134042412193 0.4753702812824633 -0.6981090726979554
-1.254004704005259 1.627788677434538 -3.291956403389256
-1.425246948866304 1.526073597431327 -3.220877324354193
2.441735253222668 -0.8025519277964033 -1.685319440148969
2.50631323028088 -0.5971719998853612 -1.653106282964583
-2.652586408692931 0.5804446932212055 -0.5172794847532983
-2.616138811519595 0.68179250282953 -0.6947084706575918
-2.599547453461956 0.7856609892536075 -0.5114773329534312
-2.55494555483098 0.8849002714478591 -0.690417214183721
-0.4808354208421371 -2.662026009283023 -0.6737209397185311
-0.4123419684965743 -2.685822638001789 -0.4819003203026012
-0.2716305758495152 -2.69384025894889 -0.6406107750391468
0.7981353887671279 1.747038751444969 -3.553177514504521
-0.3664606983217777 2.337780723874041 -2.493391716727246
1.820160240326599 -1.64064174997724 -2.20405958110487
1.910997129272873 -1.487439209231031 -2.308356909614249
1.969205006879338 -1.498992643518648 -2.110723577141501
-2.516644049737127 0.02493867462705775 -1.937224074593649
-1.991022417031117 -1.414872804357754 -2.233279503869803
-2.093299029112975 -1.337917397940817 -2.072897794978219
-2.101794005605334 -1.233577870342886 -2.253303778752309
-2.196017844332019 -1.153333212722361 -2.088416595919204
2.435019702013712 1.217973450115349 -0.3668481509344955
-1.757097425369823 0.235048474736746 -3.802411670904392
-2.530557173959007 0.9859997640752727 -0.508171148341003
-2.47817685154114 1.082300112060064 -0.6856912935246372
-2.446221633104115 1.180355974834443 -0.503777857054695
-2.386355013835753 1.27301705674244 -0.6794780988892386
-0.6999277486789494 2.622070156073912 -0.5425366072552923
-0.8821408846158235 2.41297879354274 -1.690805354118554
2.516292937626406 0.443815533553437 -1.760717907113835
0.06135456086632527 -2.501566757951664 -1.999023105832441
0.7187568868881524 2.356710199665266 -2.153246138441356
0.8949911999875364 -2.253025946231317 -2.2990745813031
1.722811336619714 1.984316529750203 -1.354951204715546
-2.569423090636443 -0.8816926991458669 -0.4968164883706943
-1.356095122179277 2.066339717543378 -2.123394118994142
-1.482213581738081 2.028160315037177 -1.957659259008407
-1.434398296840015 2.111680176243078 -1.772121989480007
-1.601113832016661 1.983031699392164 -1.791616783997882
0.9540466013232428 2.011332841906744 -2.894256973450443
1.138883403648279 1.906371622755167 -2.908337154663081
1.268849660721753 1.898794819524234 -2.739610109220804
-0.4864352217889389 1.492204926167188 -4.091103347443454
-1.416919352140617 2.317840529185119 -0.494352271731534
0.8768764348377889 0.4746474694993073 -4.654572822669626
-1.677853090712648 -1.217789264375783 -3.253016559795987
-1.994081063285348 1.568266940011982 -1.84707619655932
-1.863171371349441 1.689317689210039 -1.944929207101705
-2.12466960720344 1.432911771257476 -1.723406160938835
1.665137448063302 1.989896757352527 -1.554650750844391
-2.42708843477888 0.1226141913849408 -2.27807281557047
1.726637379028334 -1.086846064035705 -3.322239819301529
-0.4072741491061541 -1.678133951928996 -3.872617057281607
0.3729216674043218 0.5305365646565057 -4.85688607529807
-2.186830866797565 -1.260906347377137 -1.904044968595547
0.5873985675555019 -1.977798939198466 -3.274331026851055
-2.624923620876876 0.5776900496907521 -0.876350547713089
1.170705788929531 -0.9884837112993055 -4.138240963001669
1.4580564488085 2.290892136296129 -0.514076862225561
-1.07385968339593 1.715847052528283 -3.354996562517565
-1.138983451221762 -2.423326524683935 -0.9744988273834168
-2.398467308203488 -1.176908031222503 -1.028159612914169
0.9182406555861511 1.018775162547817 -4.323210034138609
-2.347057026532058 1.367552023360672 -0.4983057665082467
-2.279946683266735 1.456033005479612 -0.6722160860657147
-2.232934965560036 1.546864936752697 -0.4985935586415385
0.6403293694881885 -0.532110830867713 -4.761811904646954
1.334204230469694 -0.8214706100232778 -4.09453734178039
-0.6502250442856911 0.242242625441705 -4.83579815414813
-2.404573220244881 -1.264410615194415 -0.4921031889020598
-2.159537187131939 1.630271075739969 -0.6641949838609296
-2.107371485647158 1.714406088090644 -0.4938171392682167
-2.025763949093929 1.794553002121299 -0.6572002935745569
-2.304991083287823 -1.439333153391102 -0.4784259289691919
0.2551250044279996 1.850550072173919 -3.6461497165752
0.320665933701789 1.734975615323038 -3.81547725016573
1.314912231218051 1.786399191091291 -2.914726702154224
1.184139047085224 1.795030090722339 -3.080290810574795
1.439686716659091 1.771393530097488 -2.742588910238712
-2.513753665517909 0.4245627335028712 -1.788589771267393
-1.876657712411026 -1.481771114815753 -2.412728361623559
1.561317266605841 -1.894090655755159 -2.188325862090093
-2.708772190834122 0.2808889983278285 -0.3501694940308586
1.511863127035672 -0.495660725190857 -4.063082824743597
-0.7760302426028414 -1.682003292904349 -3.672853964968709
-0.9475871146905546 -1.672506930725092 -3.550327079815303
0.4381204577515806 2.681762209241436 -0.4814513478998659
0.5833719998902426 2.644828839134858 -0.6276937052172202
0.2977495223720616 2.707487977094253 -0.3364886874421857
0.03198166520854693 0.765296196564112 -4.799163516334581
-1.635613110980324 1.905734695378078 -1.960515582393779
-1.967082225892417 1.875120161476567 -0.4755274921315006
-2.409295941170459 -0.5823441455985263 -2.095504129562532
-2.34649231574748 -0.7779650032784764 -2.121417009527428
0.9513965644976905 -1.90586138024281 -3.127225408878671
-1.938218585202701 -0.7043314595147467 -3.276354532746393
0.1775079222030239 1.669353333322865 -3.942900763326443
0.3860271065129646 1.620712922152285 -3.960947263589698
-2.172987229534977 1.642415326916769 -0.3352118413502765
1.233185486462804 -1.881075886747891 -2.833628148515076
-0.2082352558147055 -2.71071584726265 -0.4544106032508047
-0.06756962757027488 -2.709082198903967 -0.605249660235489
-0.1339703213204194 -2.692127419231911 -0.7928560886006527
0.07656742534729959 -2.697133563992701 -0.7606974077090078
0.1505768932776424 -2.707928276911515 -0.5714492526837801
0.2814383923948259 -2.68612829923095 -0.7289450718353278
0.2113153608354054 -2.674740711743202 -0.9230622840618948
0.4165664857708578 -2.654543237264344 -0.8836356985481625
0.4865712647119558 -2.659816686799914 -0.6890040684535969
0.6208068073599086 -2.618443430379551 -0.8417995847006018
0.5508152893416798 -2.612672531820078 -1.041615457422254
0.7532243636225908 -2.566833695873575 -0.9979884163484278
0.8209349065811316 -2.567021098757428 -0.7970054533982575
0.9511409622559976 -2.505522535396061 -0.9527114362868296
1.01690235011828 -2.500128919997299 -0.7510609028768377
1.143396451115608 -2.429175645101429 -0.9058998361204769
1.077549652880982 -2.434395699098849 -1.107270215371315
1.265622817563998 -2.348712119793142 -1.059504832649184
1.328893211387804 -2.338377809305363 -0.8569629238749921
1.446132473529959 -2.248916749897974 -1.009777770583618
1.506439978850444 -2.233702316622694 -0.8069268482405784
1.618037911445669 -2.135652935625928 -0.9584195984844084
1.675002513740167 -2.116001787498126 -0.7547099139825869
0.6839192302221709 -2.560672456789632 -1.198355239090932
1.773067467126464 -2.016200931220815 -0.9048167034947621
1.83246535030765 -1.987144700463718 -0.7003589229308184
1.563311689144536 -2.213677906199853 -0.6035255425424559
1.199635586357896 -2.353646155077308 -1.261111353411279
1.926155013478225 -1.873753293164942 -0.8819312915168914
1.98197919447361 -1.843891473918511 -0.6468150524477765
2.072739778660274 -1.722777949131993 -0.7955676887117992
2.118500004479035 -1.691398012947594 -0.5907281750481986
1.009075363950402 -2.434067339715021 -1.307932247819747
0.8866894498000791 -2.561448094144156 -0.5953521463530953
1.080487119460768 -2.489083503221309 -0.5491785000215836
1.707483435809725 -2.044799664619115 -1.093077744906311
1.884439513132319 -1.955646509515544 -0.5089942657554596
2.199677657262388 -1.566762817520971 -0.7316213182369012
2.242162155016861 -1.530147368834206 -0.531633908721035
2.316059567091064 -1.398282525772924 -0.6693733540623248
2.158142715746171 -1.658418213962601 -0.3883865617027446
2.354078834616774 -1.35641338286146 -0.4892392739420283
2.418934165071942 -1.217020877538623 -0.6358179058771333
2.453859582347611 -1.173409408369552 -0.4278958643057981
-1.877948221114073 1.953040903205299 -0.6125044595449592
-1.815509102452643 2.022900760273677 -0.4658615381289466
0.2495530124316969 2.509945162631011 -1.912844374955027
1.727086639359529 0.9403616264088475 -3.468166103063042
1.827476844783266 1.855510470008992 -1.499494829070456
-2.413334715923691 0.7625267026739776 -1.874288297731905
-2.332948614966527 0.9089562613461629 -1.992930920738832
-2.363104955896156 0.949730867658223 -1.800699076072456
0.4853561466762317 -2.602394103701809 -1.221591594011899
0.6122801168702399 -2.553441696321638 -1.368057774853786
-1.148862221651113 1.76164796943182 -3.187871928177483
1.792696573741342 -0.3955205026320943 -3.700677384471446
-2.198426169074977 -1.036979439624942 -2.276149345812197
2.364138431860779 -1.287640856739405 -0.8307238842238173
1.036481878513118 -1.170015073700716 -4.099320916391308
2.374612800787969 0.4596119039439772 -2.318764461071284
2.306293420642646 0.5249071017719094 -2.496749616133133
2.245099739906009 0.7228772346678977 -2.517815908897184
2.227991936216365 0.5883187107657777 -2.68102906990816
2.157750831887352 0.7885149370297685 -2.701235814170206
2.143743575026849 0.6579838227637359 -2.851690564990138
-0.3368471430380945 -2.703482442477012 -0.3204693086404227
0.950210720334937 -2.550261087357835 -0.3935299244824729
0.7439909858776205 -2.616115339227552 -0.4307649665537927
1.135078339629941 -2.475475570393151 -0.3499935465064319
1.26066886031987 -2.405587940398237 -0.5074307479399043
0.6428001203364262 2.644703728431139 -0.3895987731427998
0.7848089392398789 2.596048113630474 -0.5719130114185332
0.8641088365783224 2.581725906683968 -0.3704312010692422
1.624558191286128 2.152659815017847 -0.7765360507905072
-1.235059912300549 -1.294476540607545 -3.77656277149846
-0.9501062703125676 -0.4122880918609395 -4.626207078672365
-0.9770220770647202 -0.603879365908472 -4.535938114031151
-0.8135040277077847 -0.7421773939502808 -4.575194188197951
-1.110761048338326 -0.4521884900368177 -4.491713140275549
1.576029960824768 -1.677779201220374 -2.688059813603413
-1.222205796842744 0.9431380214490854 -4.123769300958952
-1.03726526197664 1.040191806695177 -4.2144372548385
2.205473211586019 0.4542286515259569 -2.826965790942672
0.2640872153358427 -2.086958459640089 -3.186898619140758
0.1068028125622263 -2.156175706732571 -3.060526410824389
1.672472085208169 2.090457954675911 -0.9789932616705317
0.5828191103151469 -2.661963989468222 -0.3018901943466445
1.711119322540679 -0.2781816274719938 -3.862509114635897
1.768206502212801 1.862719560423533 -1.695125546691864
-2.018362220760013 -0.5099537229272985 -3.23459046271743
-1.991928752991485 -0.3409213387669398 -3.361637910287126
-1.963764167623904 -0.1758027777717531 -3.458399102263233
1.103541553153956 2.328744287093993 -1.650432229649549
0.8945359422645609 2.423902512754871 -1.61484260824905
0.7819866102647416 2.421736642814809 -1.809935826629363
2.563929345767267 0.3762919840998912 -1.572929187589573
2.571718562363151 0.5108672637886073 -1.392638001398648
1.321141730048887 2.380107029318638 -0.3779070396269754
-1.0645850650962 -1.786081746507174 -3.239983493192588
-1.014272084869986 -1.899640422840541 -3.073169698429145
0.7002268867725314 0.4332575192159114 -4.767139356302343
1.583104505704769 0.3948332542675931 -4.0087666854948
1.949986145725811 1.897994480712961 -0.4015585314555203
2.092645987038092 1.739773275217227 -0.396729355316667
0.04395218094909156 1.552141003500559 -4.112456394791614
0.08996809404538665 2.450221744651423 -2.198732361233227
1.980650879719393 1.706455248490164 -1.439719554217608
-0.3060265711177143 -2.147020483639192 -3.036954111541648
-1.900934316349878 1.713437228444607 -1.740872683965944
-1.255730791512395 -1.423683352933447 -3.593276784922925
0.5264303631380363 1.670121114937356 -3.8358778363147
2.175149076578166 -1.571899363451044 -0.9171397633847402
1.130273902409557 -2.352678323801622 -1.465528363539861
1.313114928349463 -2.265884053699422 -1.412037598501759
0.9372641550997803 -2.428068152911354 -1.509096326401621
0.8577186188737785 -2.416515523155444 -1.715826435372897
-0.8435049356010327 1.039902470141879 -4.357281921346386
-0.8638317790307162 1.16284910493686 -4.238047992637084
1.374741540758683 -0.440779256857983 -4.243672876847446
1.39508413396422 -0.226754561100737 -4.277732238460461
-0.5827713984617122 1.347966014770586 -4.214947948024931
-0.3593604370337373 1.385458960650203 -4.257705486200513
-1.374854336052975 -1.125797838064676 -3.79578689733653
-0.324450051235306 0.6942888888844918 -4.798952496648819
-0.5270730229217179 0.6383970590527929 -4.764560834170201
-0.2295140764011869 2.295272487294412 -2.674210624994817
-0.01993698081471904 2.33069035301791 -2.603301235754201
-1.546188655047464 0.6256734630561178 -3.95821969093479
-1.421099093260209 0.7899581148776641 -4.016522995833099
-2.416701569449438 -0.7025582262227673 -1.937297381424942
-0.0916869348475912 -2.137915931255765 -3.104819131569047
-0.136718498428065 -2.212099278547803 -2.919407504575074
2.030893128324752 0.7631421513374667 -3.034985414173608
1.91239022268321 0.93984049419478 -3.12557659168717
1.864459860431571 -1.453915086769585 -2.499728513283836
-2.545751221591222 -0.125795417564539 -1.790967412486073
-2.517484822789089 -0.3496909696645493 -1.824975912739942
2.550056784664577 0.2447038441267553 -1.728059028562992
1.988950427576515 -1.327184546182167 -2.412830673379059
2.331896303400312 1.404160655092632 -0.3819569949476604
2.023407343924623 1.829364524380947 -0.2018657148459378
1.792434062058415 2.048045221738758 -0.3910627534944675
-1.126960694972453 -0.6435153810690643 -4.398940868312151
2.497755252420755 -0.7437200119976506 -1.489045053607822
2.555518483348566 -0.5508736386132308 -1.440687229166606
2.596061534205341 -0.498017690808124 -1.249378127940378
2.551803790539107 -0.4002385766873264 -1.618581903418167
2.594488389674466 -0.3496905734360212 -1.41778412717935
2.584595497426481 -0.181939988780671 -1.575159674783537
2.507037925212236 -0.4128418249521954 -1.828956536414915
2.486335202311983 -0.2899451427389232 -1.995386637340173
2.443013489044235 0.3682319535763865 -2.127216897080412
1.614779379326022 2.189974213732538 -0.4070736829891815
-1.627252972845063 0.2588475244388416 -3.986597571223677
-2.354184590474458 -0.8918755068987053 -1.934184730165338
-2.066138875200231 -1.772104149641097 -0.3825034955138591
-1.934016832362437 -1.914608582539113 -0.3960148622087502
-0.4425534751590193 1.704097952991311 -3.821259303306872
-0.9122037077477534 -0.208753466566382 -4.697081461098621
-0.8503484870621465 -0.03285491505687509 -4.750877625696664
-0.8757961133648464 0.1602387263158403 -4.726624987533074
0.2006619374640782 0.5211882837152202 -4.894257326627896
2.505293047010864 -1.036513987197658 -0.5850652346708269
2.535315607141595 -0.9936684557511052 -0.3556028232668573
2.573875503765126 -0.8644519635279927 -0.5205709905501062
-2.719955877958207 -0.1431168638719484 -0.3389890975336072
-2.701223389078912 -0.3504644777686821 -0.3350539865303602
1.368033902273075 -0.6316125556820791 -4.169412540351243
2.672800636062958 -0.1857228806090203 -0.9596506349683472
0.9832897517443017 -2.544790489600733 -0.1839052945838073
1.067146861217819 -0.9133883705784699 -4.287365161001077
2.70808538513417 0.1851452479329464 -0.5336393679490153
2.682407691666387 0.3688088188552521 -0.6385851786694946
2.66467008155828 0.3693281149870581 -0.8512644373329301
2.638525975587987 0.5805413209575951 -0.7188556048268755
2.663792838244595 0.5332306211494144 -0.4940739522033685
2.622520025926185 0.5512498449156022 -0.9541620463238948
2.642417045977739 0.3684293209771239 -1.059729165675285
2.597717109057999 0.5462920569170121 -1.167474044897605
2.539249410837705 0.7166696354472815 -1.284008269836757
-1.254209116154554 -1.541621043505592 -3.428023524663398
1.837116003614689 1.744921247813791 -1.86161564483028
2.638417005809129 -0.3856122113622848 -1.072576833595916
1.712722973219768 2.123160699627481 -0.1978417115818865
2.672801858635057 0.1851390770204427 -0.9600175423626695
2.647466734299349 0.1854363888630513 -1.171922532461066
2.439251886279108 0.1849715421759285 -2.219622877217227
2.369377786986572 1.259091378606239 -0.9223894957145684
2.380246080846568 -0.1849638731280251 -2.425005918779272
2.333682911930557 -0.3592373158612482 -2.50974072622009
2.321255471375883 0.1930527894321104 -2.60781914948728
2.465188043280639 -1.08233486308757 -0.8278290126557158
2.164432156713956 0.1849298050037382 -3.028317474371343
2.102300746445289 0.368898194312217 -3.117399958061192
2.244206461004083 -0.1887293796774218 -2.825989273035584
1.051323117561235 2.476731402498732 -0.8461087756537327
2.155116427940089 1.646418793448348 -0.5724090471910215
0.6870121142096104 -2.618935541534411 -0.6399545845886627
-1.823425970886243 -2.011767893477224 -0.5206353513233092
-2.674422656301917 -0.4694600304443363 -0.5179321877792714
-0.8457314303445755 2.544677616085194 -0.9379259786156149
-0.9058032460166863 2.499385078959769 -1.137146886892411
1.150992829507822 2.463439688399388 -0.4470530826366879
1.857816216510832 1.930352235772301 -0.9607255442401967
1.206427849755265 -2.418594784313096 -0.7041906917008043
0.6754101709864141 -2.451003442451794 -1.821679914607776
-2.686957998241112 -0.0529119854476779 -0.8790389107927195
-2.667312627002299 0.05285503655083362 -1.060927682430972
-2.230245441553852 -1.535988678977674 -0.6335091725062697
2.166434437252233 -0.1940031717495095 -3.021603150485568
2.095801552027142 -0.3846587610169784 -3.125678550540973
2.006844659188283 -0.3773472395921387 -3.318549701974325
1.986017314819859 -0.1916877556146652 -3.412639397106267
1.909163251931906 -0.3804048389073684 -3.505442754185583
1.925382835503449 -0.5599842824521524 -3.3930856601996
2.555344303510439 0.9162385896696396 -0.5296250383317438
-2.063276040379498 -1.708265796989568 -0.9650119505049888
1.895652314166167 -1.831185960132335 -1.30302092346402
1.925985667607707 -1.840723120079065 -1.091577555151357
1.747435525210522 -1.955056959445655 -1.391364554848551
-2.602301105296786 -0.4745579354024675 -1.236397663777631
2.21106934636468 -1.122295579068204 -2.091864534454616
2.187858810236439 -1.245099086438205 -1.934730165573759
2.266538620534398 -1.191150937567401 -1.734483606193825
-0.3650310307531809 2.623005656960696 -1.214181662484075
-0.1591230782986376 2.649560407065669 -1.169022663044847
-1.226189309956384 2.376053409609847 -1.009371833323685
1.728352519432807 -2.091363067675466 -0.5552142377568188
1.607628524590878 -2.196842064362854 -0.3767531982954709
0.3753870841275281 -2.568573759315375 -1.548039889056639
0.09390063379424735 2.720808908342804 -0.3721220310145518
1.988579174927853 0.187794127683521 -3.408358591200003
0.6604912149796925 2.595635322963004 -0.9679770912933447
-0.1081351843160492 2.717874604308009 -0.427036233067228
2.028399803990955 -1.810620154731028 -0.4491807826502608
2.305074855540319 1.330917328479076 -1.111329255778089
-1.710546911116742 -2.011688879383349 -1.268950750385726
0.2539156121361177 2.654322921531456 -1.072635884303988
0.09018038296191021 -2.638814106947189 -1.270787262035197
-1.453005939747525 -2.309302718014066 -0.1717583123705833
-1.07657166754686 -2.5067585089144 -0.1836551885710415
-1.174679746056068 -2.454116734841218 -0.4109203891456545
-0.8753512011659152 -2.583950552227145 -0.1818619369559585
-1.630208636293865 -2.187849487499846 -0.1701860653402306
-1.691108938306544 -2.133830054677279 -0.3654746028147571
-2.219409078958245 -1.58654001823264 -0.1832793572321297
-2.445966711579636 1.20861160789247 -0.1776162781721458
-2.697782263759773 0.4070289284683224 -0.1756553364889918
-2.433972141879993 -1.232848821824387 -0.1714523937607385
-2.592323978108359 -0.850583068927361 -0.1762894045235635
-2.603479377986796 0.8155362450486793 -0.1803425961229967
-1.798350521235528 2.051859519024879 -0.1709088282687438
-1.455203683862816 2.307995375920208 -0.168254952702405
-1.080570532782977 2.505044028412505 -0.1833491537889743
-1.177706999838285 2.455317270033823 -0.3538323415005898
-0.9800256857459316 2.540161737982329 -0.3664285497731595
-0.8827785757085352 2.581480438636189 -0.1790824022953031
-0.4815834915867926 2.685381226918523 -0.180428557937263
-0.5926129020004369 2.657841489383135 -0.355087377463809
-2.462038379265252 -0.3833368294472847 -2.04302358223286
-0.2848151811039992 2.713418058630271 -0.1751240612328161
0.1586291373396524 -2.723557233158096 -0.1829008788498218
0.2508291316914905 -2.710577414313152 -0.378704039528144
1.887295171635864 0.189411619259917 -3.596064263102384
1.812869431128209 0.3757217170447604 -3.674541178356654
-1.583888002229869 2.205897716425139 -0.5122120312835211
0.774129247503439 2.615809677186093 -0.1935130626317603
0.9708155040785492 2.549494600772878 -0.1876242687806493
-2.206038888206777 1.257508171429798 -1.836043473821025
-1.665520125791249 -2.082066908675437 -1.074110007356634
-1.687840015697324 2.087953909746744 -0.9057041411108697
1.541545048029457 -2.251148113535882 -0.1725021545285771
1.868096792201982 -1.988516515276796 -0.1729430790119757
-2.133735112117027 1.189863270938118 -2.231352489199838
0.2992260632787827 2.30206753943065 -2.631154174341979
-1.830288553342955 1.648809094575254 -2.154933241171461
2.3887931986925 1.317616258642089 -0.1872655662741397
2.164007970982707 -1.660985579490459 -0.1929294523000796
2.475537365578358 -1.145094933173639 -0.2117927815333376
-0.6150745354150552 -2.597084232694481 -1.051698052007519
-0.6864239201692741 2.483477149720582 -1.652481039072631
-0.741411478915784 2.425676258168386 -1.849094724942215
1.249392837086414 -2.261558721904124 -1.614705120285576
0.7814228263629381 2.281703118463279 -2.342682895747636
-2.492939348049235 -1.079414126901598 -0.4949074122781405
-2.251564099074927 0.8181923610859088 -2.397743251045646
2.628024881185311 0.7327627506330688 -0.1779855624167266
-2.099013870080366 -1.627859940345812 -1.154155415016899
-2.605334724627267 -0.5786339624521855 -1.052617672945324
-1.991119091212548 1.791452614767608 -0.9674808418171841
-2.244949624375407 1.454267972855342 -1.000150680230762
-2.27238244285583 -0.6906864071173493 -2.465483331931082
-2.35140538162603 -0.1339839756329372 -2.528428593351673
2.675024180247317 -0.5367939254271725 -0.1737314089785209
1.379158438455916 -2.261495491212919 -1.209984072404235
-2.443006490411759 1.081230886989561 -1.028839623874684
2.298804787464903 1.164642531799743 -1.650389788231013
-0.19534034335601 2.512957179116433 -1.920710532699929
0.03628607051872274 2.531056837297267 -1.872556893353551
0.3539139994904421 -2.642698243206484 -1.073876975060123
2.360964172019422 -0.993210658882721 -1.730047881077495
-1.508891513050962 -2.052546068465695 -1.797487290976063
1.908724288490485 -1.678614017756692 -1.824093597744094
1.349683235203678 2.146649169611887 -1.852582442130208
1.485321834182072 2.105842594624089 -1.650533776998653
0.883036995525482 -2.50532378943918 -1.153262214300583
2.283402408511039 -1.485823491949128 -0.3240360596565124
-0.08712764349562106 -2.534397595766221 -1.851663387939528
-0.2915520323202998 -2.508246408854446 -1.900351830563008
1.670954868041083 1.715839936449389 -2.399688986151445
1.662715605765679 0.1969282718183103 -3.949210652329058
1.734975107848152 1.480339966983015 -2.748079825013125
2.04711535236466 1.344920271090672 -2.208010631275741
2.253505049526966 0.8535585732007741 -2.34979097872745
-0.7811432426898252 -2.457586643922479 -1.64119643809415
-0.8312884376938721 -2.398712564383298 -1.838847509878827
-1.021824921696706 -2.314301293287876 -1.879216694289783
-0.8795174928804509 -2.334223516913392 -2.031852607466525
-0.686717644563869 -2.409405362233065 -1.986216809987159
-1.070039998808347 -2.245830146838703 -2.059247805529151
-1.160315572923313 -2.285408049018386 -1.72149269005705
1.616484562156478 1.515130892950021 -2.921378065780786
0.6992539041452881 -2.301299317851311 -2.365379777601705
-1.509075944189187 2.137994438950663 -1.42406725560617
-0.4053597344885658 -2.394667622567656 -2.28325221891292
2.137707092491455 1.289393721473132 -2.023434253024273
-1.819835909566118 1.868202360982464 -1.477645417615365
0.2104909199562269 -2.457035687935799 -2.144945290482922
-1.83640287831852 1.406549758123239 -2.655451705953712
-2.629546636264126 -0.6793172135365927 -0.5079326555838395
1.218111033124857 2.003101904679275 -2.561935420162301
-1.18302944973472 2.036054642678595 -2.529742844200685
-1.228793305529586 2.084531717572939 -2.315017250543183
-1.927731414770625 -1.701008646802511 -1.681914288760216
-1.953637371380567 -1.609919772864757 -1.871683173807095
-2.0778313420746 -1.439290225573888 -1.889166005465185
-2.212950499891319 1.362432384896855 -1.531827754225983
-2.096912061726652 1.536342673460309 -1.527423110261342
0.3780983929928696 -2.222506692711849 -2.819802492536094
-0.802436411892691 -2.271006623401164 -2.353693439187805
-1.986492411472914 1.053398157327888 -2.835635816964282
-2.395855718614882 0.9740096220700317 -1.60094699331177
2.261543160626322 1.441233873962755 -0.9359806798076207
0.007369459854667705 -2.721836332297832 -0.3861502222447253
-1.538539605923264 1.627852159326555 -2.858488710668129
-1.640466523534216 1.469428183508436 -2.954656045553301
-0.5136629333303937 2.352941923954923 -2.354541239134466
-1.520061748868516 1.868617717688718 -2.353020226185079
-1.545103570527942 1.920859965509989 -2.148291494652298
-2.561255617633469 0.3661806174234696 -1.595385719403353
-2.526026867981229 0.5595118578048661 -1.595652014795686
-0.3833513236467306 -2.56695183917347 -1.55051533182418
1.283483854048727 -1.681712533327906 -3.160289262295006
-1.18313926108847 -2.085555955771344 -2.39046973854743
-1.308767343527754 -2.0649080172005 -2.225243009931216
-1.473795779103999 -1.956286551213494 -2.208284625811751
-1.554971325963318 -1.838770039875058 -2.355377519087433
-1.681671087911489 -1.698160416021073 -2.416703659765228
-2.085289465386592 -1.067972067621676 -2.566654609312879
-1.259053550238799 2.225970399097886 -1.749769671782314
-1.073122387121549 2.327688359134295 -1.721197874241119
2.377160961566931 -0.5711683431327496 -2.224933637771261
-0.8218258573232012 2.159326432067572 -2.663441738842039
1.35891590576135 1.56604346900555 -3.252530380775236
-1.32608957756734 -1.772425401107992 -2.926333386343334
1.258648827064387 2.309672843961447 -1.338518983427166
1.548126975776339 -2.158817901342526 -1.152112389671456
0.5085643233006539 2.538023905021602 -1.588976396349057
0.2744911968273864 2.100036956902609 -3.154970892404999
-1.661997104381998 -1.355998692094237 -3.092979415211987
2.460204983861856 0.5168495656444517 -1.949631732961418
0.8178276820223158 -1.806072281692208 -3.437256537736068
-2.181271418105604 0.121890264740562 -2.998352405697328
-1.206290565641002 2.296271753347712 -1.559359101193322
-2.171455589085019 0.5262961035847522 -2.873002986043385
1.085277220961796 -2.189633404973053 -2.228553867192943
0.7617193046239935 2.100162407145711 -2.873766776334019
0.8177771322548943 2.000397502344376 -3.055124244013152
-0.09939309691675054 -2.038116312123476 -3.32159048928199
1.604299787956633 -1.112295408311706 -3.495204771712926
0.2331369981060096 -2.292025650028412 -2.682487860175083
-0.6447453732606433 -1.98389191504469 -3.225407469025794
-0.6243149332978877 1.968738327457802 -3.269731065473661
-2.029779749654923 0.4163249733254824 -3.255526155792388
2.698099966496033 0.3489162460879993 -0.4152868269117745
1.342942725817732 1.986157138164329 -2.391204090189635
1.385670335217041 0.1850492811300748 -4.294695859956545
-2.159431147639158 -0.4384860511520969 -2.951780484542261
-1.742628968631672 -1.576496327522049 -2.544933321118945
-0.588718804167625 -2.166593007660411 -2.844543996217971
2.226258161994292 -0.713006635713698 -2.58254496190537
-1.857561705033833 0.9496184568447 -3.224998219261793
-1.799116654224448 1.133006316705162 -3.136296994251736
2.466391043253711 -0.9052036201811093 -1.358798636695645
0.07155598347490637 2.57366806145792 -1.662548196753676
2.697712246221634 -0.350359663027524 -0.4196367720125979
0.9217128554101299 1.776180466100201 -3.401138038014341
0.9680789098932435 1.650304416742021 -3.566596974257085
-0.3948554980830498 2.220481359851515 -2.81744973426155
1.725025095938498 -1.569319517517438 -2.599458408341157
-0.9364011107554403 2.349085894684737 -1.883731837556394
-1.896225662533162 -0.3778622227548749 -3.529835940880356
1.614534266934372 0.9295039103327851 -3.654845118323209
-0.8893519992288667 2.205818295346391 -2.454703541008724
1.952364501293338 -1.00552318477853 -2.970251035411219
-0.07865030029002412 2.07095535932598 -3.254645247590408
-0.01532861844391543 1.981868909444843 -3.438573675992046
1.401618421784566 -1.770841248277459 -2.80912445232119
-1.038922460770355 2.467789179691247 -0.9752754735343836
-1.205839614427079 -2.217849687617561 -1.903346885127118
-0.4391276969865052 -2.519391229329832 -1.749764648470967
2.068677562288741 1.22084516530562 -2.376023515982942
0.3056485342500699 -1.838490850673121 -3.653573192730014
2.051532475177413 -1.523700236611311 -1.759054387379198
1.165215399290554 0.3442098026498852 -4.477522944626008
-0.9836294848477891 1.661249129523065 -3.535142217058691
-0.7924430864714936 1.734362463236989 -3.578194399423459
-0.965091450081995 -1.997567313222639 -2.913886215384244
-1.829449022755011 -0.8950982826145194 -3.329514848661591
-2.009611329821527 -0.8283826300953756 -3.025109112310711
1.491446445968286 0.9233456934288671 -3.831263794195555
1.355785972695921 1.075553750591749 -3.866997647454852
-1.852338601198831 0.09681273194614481 -3.668662753747777
-1.794351536763854 -1.191251074238747 -3.072408296303772
1.724177050302091 -1.22258704941827 -3.164522694882717
-0.5041223655162903 1.800007939383223 -3.644059096117442
1.187103027155233 -1.303535826092572 -3.817475830232142
-2.556768596194906 -0.6817969474145109 -1.229955780601444
-2.184831135985419 0.3240209727799384 -2.938646438774239
-1.428259363245093 1.318873995685486 -3.510347675888671
-1.223531001053755 -1.161846841200542 -3.930687889746812
-0.6385522191624298 -2.46683356656468 -1.794388828525664
0.3232756152588495 -1.725106699968091 -3.82972233586902
-1.547777860875718 -2.144870624369942 -1.237875354493592
2.391306032431559 -0.366031857024062 -2.317103997190764
-1.735670639837372 0.6426489949360199 -3.675505086118277
0.1772218131480771 -2.22669852258658 -2.874528044555936
1.815799837230916 -0.5922786330153683 -3.572591607372142
-1.566715416413106 -0.6334043483507614 -3.926896137525493
-1.599959434369924 -0.7887672307715686 -3.78499963306845
-0.2153467159402517 -1.648726441650033 -3.965625231159564
1.388556818193138 -2.323082529618822 -0.6555075884717522
1.178592585595827 -1.440614254891323 -3.657711417669902
-0.03055076943391377 1.6938763574178 -3.920761440444145
1.432127892151657 -2.310344262022065 -0.4641297809213571
1.225492735911841 0.8965149109579772 -4.155260953451374
-0.4266251961321674 -1.787313739102381 -3.697820131799722
-1.534556064944002 -0.1111096601136595 -4.130307621273233
-1.079266656674777 1.29194831372852 -3.936217888135489
2.483653185804509 1.128958877643429 -0.1814823809931352
1.463385157182323 -0.8318569709229942 -3.936415941615804
0.7111726545375745 -1.406572950633228 -4.082518231604426
0.7191546314152014 -1.272053877867072 -4.223427159218535
1.600994272880508 -1.253684967108924 -3.336145485593455
0.8996818736716996 0.1844068721733554 -4.708586623128102
0.4936205939112465 -1.765425647891135 -3.705120053005394
-0.7445096364134155 -1.454718774061929 -4.005255695358388
-0.3017277985145474 2.656200932203107 -1.013892919269744
-1.728352652540199 1.078084576806765 -3.32881730959964
0.8996449383269095 -0.1844307118245609 -4.708607163651452
0.8111582148323385 -0.3766812926481965 -4.724079680456124
-0.6745486543977989 1.692195552201837 -3.724014938729249
1.452456701420007 0.381369616385104 -4.175593924873731
-1.37488138765236 -2.35086785069645 -0.3476068813752764
-1.456040639544667 0.05969120971207486 -4.228065758296527
2.103608195910835 -1.30770357147164 -2.102356634268578
2.073687183824374 -1.42380824780208 -1.943025383337039
-1.276853089773945 0.5858447619548341 -4.287174582160336
0.001918043867173826 -2.452389624503533 -2.196795748444314
-0.9979189884756742 0.8835560459951242 -4.363583922658802
0.9291690246737668 1.172037949041694 -4.182835820828771
-0.3555254837762622 -1.277879580872958 -4.370166552626289
0.813838361570847 -2.499719540020604 -1.348325405121562
-2.682793478962136 0.158927421513934 -0.8788560802536374
0.9146759557591734 2.281216709630143 -2.176575008014882
-2.279111954231343 -0.8371623224225661 -2.285863931242294
-2.295276575091808 0.8643513015784051 -2.195895289419602
-0.8615347614482198 -1.039462932994162 -4.34578554885248
0.7570089233849295 0.9871690556263443 -4.450713282355663
-2.371148202317245 0.07041999913425645 -2.474627534663048
0.1798176121804517 -1.400425444405793 -4.279359664195066
0.3730916736195756 -1.316188870609207 -4.326901063943929
-0.1315640391021192 2.56033849990218 -1.718352527904295
0.8366707120359262 -2.21062039978196 -2.501887524035784
2.318889856344903 1.041732101504363 -1.822729967143074
0.5190276631663016 -0.1841855554899273 -4.89719957937387
0.4109704629539478 -0.3521843057619976 -4.900754453500879
0.8506852860805436 2.355760908573573 -1.989204152213116
2.242377377195088 1.105133508836075 -2.009086239508602
0.2313723978829588 1.172956612921268 -4.495036702273958
0.5190241194091841 0.1841876170304498 -4.897200579140906
1.035313462367923 -1.306092975227974 -3.960089495835243
2.158054505279827 1.668691230324074 -0.1935710298391904
-1.861301854087432 1.183551515192033 -2.946192135324524
1.044199979443232 0.5105007074564439 -4.524193392760092
0.2221904453288387 -1.094683336701092 -4.56231473516562
0.1247363859763205 2.048530254444794 -3.29714314863731
-1.152768688857953 -1.894278250389426 -2.916481503768981
1.786576495117458 1.964100643641767 -1.163188368621104
-0.2355374677103925 -1.763402872978339 -3.792505842819532
-1.053825464726839 0.1810375334644024 -4.600526005811796
-0.1341926287139422 1.016016665768704 -4.634315814652995
2.326138050316155 1.369722513369047 -0.7458553857248416
0.1045326764441329 -0.1839614852848822 -4.984960102137058
0.2120774030998994 -0.3734710409341666 -4.937737958233368
-0.0136523120498914 -0.3182894308060211 -4.965837975198274
1.28708150989914 2.228959097872219 -1.6666289563101
-0.6466811798671748 -0.7058052774794087 -4.682538936606191
-1.784049174436223 1.357671710339235 -2.853146019901108
0.1060336866939535 0.1849169073963775 -4.984735180005756
0.2076569462075051 0.341583319348448 -4.946106057273473
-0.1237816427170069 0.1965121937277895 -4.981873872820322
0.8014925679477758 -0.6089811150948128 -4.647704900272445
1.392251430678655 1.883231351122862 -2.569314190722795
0.6519753412515669 2.423725511536564 -1.966953497285142
-1.378776185927546 -2.101690561714794 -1.951020607181293
-2.552105755722173 -0.7831807458295624 -1.046177398533509
-0.09570212898104492 2.67652577111299 -0.9690546962766529
-1.49949417539945 -2.209078028991982 -1.043138745314205
2.275468436053659 1.476849571881767 -0.5617032443188237
0.5473991593151832 0.578662561063758 -4.782431035577865
-0.4921219296853226 -2.465973766855559 -1.946645552020531
-0.3177514217501172 -0.9598914144048282 -4.644416549834933
-1.50957900254693 1.371320585596298 -3.323835786496026
-1.661355855025848 1.253195105440912 -3.236268789562128
-2.662121915370012 0.3690664092916848 -0.8779695093885155
-2.427009335564479 0.3205126063661061 -2.212858496407911
-0.9810114286117396 2.513409399193194 -0.7624191895786832
0.08878821216835167 -0.6510350212631257 -4.853020247251182
-0.5659444047959168 2.280073652229608 -2.546954084254816
-0.6220436744463078 0.4644044973660896 -4.793600533962165
1.029819035488908 -1.440500118576605 -3.80552946523158
-0.143046093015516 -2.486077236927999 -2.049202395636609
-0.3353627951664443 -1.123518909489289 -4.515362290098464
-1.463555971682111 -0.8155037940572614 -3.947665068415124
-0.8864973854276678 1.789987504309722 -3.408250768622905
-2.239994053394714 1.050848341888734 -2.113020103995261
-0.2477298572038905 -0.3949471401176797 -4.926551555681863
-2.375261196028382 0.274808137123885 -2.412801034379519
-2.626421706039189 0.4711186748938965 -1.056661036042879
0.4161368275907422 -0.9990158218182831 -4.59035071089278
1.028429644491185 -2.152829473023604 -2.430146704290975
-1.323562346588882 -2.322940060101178 -1.011533324614217
-1.287478751883272 0.7616796890560692 -4.182543319724338
-2.483263206139697 -0.9827083270786054 -1.037005641519505
0.1108146087573277 2.68085967471613 -0.9223417164999294
1.004665048922039 1.905594732042907 -3.071389176240345
-0.1620209235866946 0.00861368409815849 -4.991161741567391
-2.172933161715473 -1.359601799211206 -1.720778013295432
1.8437246613303 -1.049568642118619 -3.146765885816402
-2.11086120108533 0.2733097180708118 -3.130993380698214
2.219304846935001 1.576604756743798 -0.3749144525483242
-0.9134362315394412 2.554359970337843 -0.5608685208863788
1.555735884869765 1.749107922015479 -2.572727079492187
1.933235377030443 -0.7212208316229665 -3.273904421909531
1.947284765999161 -0.8649323010842276 -3.12585060926675
-2.585275902316607 -0.04669737394315208 -1.604073453707612
0.3901786151171208 0.3600204216229269 -4.90454371466848
0.5568197672462353 0.3737900354408301 -4.8467825643129
0.7142121512311965 -2.491113752719371 -1.572484077799297
-2.275145051135065 1.086481751656966 -1.917550405052741
-2.419961135108933 -1.076632943722318 -1.211493274035001
-2.579801940098979 0.6846515357356927 -1.050161852412179
-1.195522097362236 -2.369710791853357 -1.170009583352911
-2.2740923018534 -1.176820564686494 -1.734131046314267
1.053953223417167 1.791605133393147 -3.241413471064227
1.646568451436653 1.124943094183986 -3.414764005940828
-0.3459422458664794 -2.454532952425209 -2.095042726988495
0.2219321138192892 1.008613548121482 -4.628428297665051
-2.477333815288176 0.1714934731524875 -2.077206630494115
2.15808795850751 1.16688883042247 -2.193162701354504
-0.8250507374409108 -1.97112049442891 -3.111869441933944
0.1859840528769513 1.953239390825302 -3.476558018432829
-0.6360839458648945 -2.072702755342875 -3.038417103963059
2.282273023839007 0.3892306107331238 -2.649436506332572
0.7553251698120171 1.152649156060587 -4.316202802532593
-1.585265461049543 0.0800424739045274 -4.068007020479933
1.592162535590557 1.633532697329487 -2.746941000027164
-0.9321652558755952 0.3426869493509582 -4.657395575096232
0.787689598622255 -1.923202267537026 -3.242191841184174
-1.490433563041463 -0.9537654256876095 -3.807515367167692
1.213796599128409 -2.080599072481372 -2.353109472953556
-1.725633721546785 1.307239846602018 -3.046141734408004
0.6084666406885632 -0.3329673152603985 -4.83592828712187
2.168797566553633 1.042065001176518 -2.362081918292124
0.4654879178200002 -1.872132174867925 -3.537853885642503
-2.323510198659884 -1.275805164980083 -1.196128505670362
-1.006590008469094 -2.461399180286826 -1.130780903987227
0.316472989526682 2.669371946666772 -0.8729911783943214
1.059819453256555 -1.93338886135115 -2.948484870831933
1.392260428628076 -1.994465071134473 -2.270338401491765
-0.1727080987663843 1.597983063246637 -4.041573909775018
-2.105386776984788 0.06811147225833825 -3.180495267048395
-1.947669192435017 -1.909350452612493 -0.2156632559780453
-2.097595144366393 1.74490409834989 -0.1669009532729148
0.5488696980267409 -2.66064858074923 -0.4934569821017873
0.167732588817198 2.723064471267789 -0.1802486647071159
-2.571916821275496 0.7830335982983997 -0.8687619395892743
2.522016605943674 1.026616308649422 -0.3588584424465124
0.5786504195168459 1.541600092349595 -3.988106423597733
-0.5421618215662923 -2.408002154220406 -2.136261557197681
-2.518612222097514 0.2197886238949205 -1.886700643969247
-0.5913837134729589 -1.68637476619907 -3.77986901509166
-1.38452129672743 2.188203795578391 -1.583761944123261
0.3896329507875502 -1.166496687895587 -4.46389700225219
0.5203574119782074 2.642005151242566 -0.8230292077029772
0.05828363723755781 2.392165468065826 -2.406907968792947
1.375625496490418 2.355772614768663 -0.1911256267248527
-1.78706985813695 -0.04276711217346087 -3.779046645607113
-1.751735422341424 1.843703963549707 -1.81778628613636
-0.5404257567482196 -2.670041831916856 -0.326175087804134
1.228459398326855 -0.1814630533662372 -4.452794421250151
-0.9486004788841491 -2.508080155231034 -0.9385282093314871
-2.299099074445525 -1.36501898531002 -1.009432721470598
0.390159545482325 1.907230783156669 -3.50537501989987
1.471247744546298 1.659702904831003 -2.915320815798131
-0.4903499629608871 -0.9995720557053955 -4.565296198579933
-1.093778443118871 -1.674045322431761 -3.403894799316941
1.686925853959211 1.88608788028389 -1.876600133537154
-2.50329250230209 0.9823036258430776 -0.8619862427095133
2.707500304538743 -0.3323920294208617 -0.1994373442054818
2.707434130444142 0.3330974872726712 -0.1985004403620098
0.8808718027566149 -1.29607134117277 -4.094200964337023
1.441523860376694 -2.023066786681127 -2.073814737503279
-1.583504180234797 1.418173802152328 -3.137270995748999
0.5849855792722105 2.481269820066452 -1.788873838683212
2.266661016645756 -0.3704408609823263 -2.702890543540463
-0.7523450412860597 -2.577825683807438 -0.9004056469073506
-0.7503100289183443 -2.617720653254311 -0.354543191909151
0.05223566195543378 0.9276836117988971 -4.701495721171558
1.782627863379016 -2.05830403034034 -0.3594712276251046
-1.55472833872194 2.064960604810745 -1.608865156641339
-1.809338911752466 -1.05781911620767 -3.203930398788627
1.42480893850945 -2.170776752014397 -1.543846086553114
2.564164624798573 -0.9321870177260702 -0.1736273484401425
2.170939574689322 0.9122784725817958 -2.529641098344726
0.7233482745081322 2.598812932006082 -0.7680057798087065
-2.187031636655663 -1.542118040244898 -0.9891204833882272
1.610978191507523 -1.917282747105478 -1.990932744717316
-0.7811842147297643 2.608857958224899 -0.3499624596922125
-0.7570706691331374 -1.579243148542469 -3.835558001772555
1.083303573248439 1.037461021702222 -4.177682574645171
2.617425613284677 0.357576384943122 -1.261108761651106
0.358152580072529 -2.69042963191124 -0.5377731175313359
0.8760037766347319 2.465222199189285 -1.428332951760853
0.3933736059164398 -2.014997881169221 -3.295655483183946
-2.419268645811755 1.176345567986593 -0.8516982223187514
0.455582116998865 1.796313867726399 -3.671510919236986
2.285223501127251 -1.235211236212368 -1.537705587681597
2.647503268245699 0.6402031589263649 -0.3365499109913422
2.593536795377427 0.8308780676216997 -0.3480264471999802
2.648708237362391 -0.6353168740891266 -0.3358054628709315
1.344029636519936 1.677642398958999 -3.082151669839718
-1.698969140906878 -1.085292539816008 -3.371428233775683
-0.3742495034109977 1.608213604469368 -3.981773569952876
2.018914986919159 0.3806193854810116 -3.292636461337026
1.699936294182971 0.4004282202248531 -3.843001427510353
-1.710680241336592 1.932244961826883 -1.630862160173221
2.161964573937962 -1.54771037568297 -1.134055779775184
-1.469368227132305 0.9083924779037655 -3.871658034869531
1.602980924229779 -0.3114587736207385 -4.00690811721506
2.610724697195538 -0.7166806602789281 -0.643338023484021
0.9251078225064746 2.539382911095434 -0.7060432376335669
-2.191378459820137 -1.60974165321102 -0.4467222411709601
-0.7408355198530743 -2.345086072494964 -2.170645751480046
-1.65216172594166 0.4424796901560316 -3.897043996214043
-2.152840716013498 -1.621134834748492 -0.798540467431795
2.080143977658297 0.9618464244306063 -2.717020768118172
-0.548136139315231 -2.632526859821554 -0.863430464323871
1.25188781589256 0.1773020420530035 -4.431417326333836
-1.009930184464828 1.882170144684571 -3.113755955989495
-0.1789457298744235 -2.275496702427826 -2.742971745687117
1.716154686775444 -1.785450884317164 -2.104138342163488
-2.320267161690095 1.36326090024895 -0.8408568647477483
-1.869638905130207 -1.405939977200019 -2.577596065924538
0.6762791368868142 1.695638020967844 -3.717704313075072
-1.588296194863482 -1.089701294076537 -3.54326563163974
-0.3406288840239248 -2.67102701825229 -0.8241486180590931
0.5479749726557568 -1.229350198706249 -4.350085404581919
-2.431698861417009 -0.7864059020037375 -1.757961673239488
-1.492898192032583 1.572196777075098 -3.03850088534676
0.006655334596240778 0.5938051332780878 -4.880274083752442
1.181714796733032 -2.459325117843068 -0.1655469362766976
-0.6543879180399421 -0.8728314948759006 -4.583456060344728
1.230385870387138 1.055757283030024 -4.022816609468487
-2.011381795451063 0.008854341681302344 -3.380678970904503
0.892834420666771 1.588496545899034 -3.723144306805141
-1.712007635760688 2.11748430783011 -0.3579171712745191
0.9792870430562021 2.532828884596247 -0.5137182378415873
2.119991521260077 0.52213734052218 -3.001601045254969
-0.9347881856559542 -2.265308030813368 -2.203480586849623
-0.13305534741552 0.8531781930920418 -4.743300953404022
-0.9310809546513005 -1.568593117362257 -3.720024992735366
0.08225295782808503 -2.078167800756754 -3.238887122244269
2.435548053908206 -0.3872053301658468 -2.1445609436016
2.081717717786543 0.8295111872089698 -2.855770388487675
-1.245976711266374 -0.4911043579600692 -4.356995635695519
0.386536196410969 2.523589611837522 -1.770964007306451
1.210684957260974 1.688044439664748 -3.244213750998976
1.845255996839384 0.9064648345794147 -3.289701462382192
2.615609077215271 0.7311212015910543 -0.5080592147287997
-0.4755965280933404 0.8024099790446698 -4.69909484175703
1.862143206604505 -1.665734481725925 -2.015194161557383
-1.10157082342746 -1.55665857702029 -3.577882679341038
-2.278032011165653 -1.07470526193147 -1.92828420759111
1.479478227286731 -2.172988973986914 -1.348566393518693
-2.207348865921294 1.541374169509568 -0.8285934793427953
-0.9825899732226027 1.221274447043913 -4.093685475958518
-1.684644308722887 0.08899068542273078 -3.931101933119745
-1.131584972409584 -2.16717810049853 -2.224920102387809
1.89587023357735 1.827963787137131 -1.317057978155629
-2.720741882904452 0.2069929256547089 -0.1598507197601289
-2.679624537771458 0.4853560930602962 -0.3520192236038689
-2.722721705852846 0.07170875075103407 -0.3404050389170438
-1.67036038296492 -2.138151745819615 -0.552808126106399
-0.1999351453607422 -2.670051925168265 -0.9756055511312188
-1.539903903394502 2.246785752678091 -0.3354686960689622
-2.634517695121637 0.6891966355302647 -0.3533636415505109
2.044702512189882 -1.725750000160891 -0.992867554741914
-2.720203071480451 -0.21475403987028 -0.1562256275745618
-2.55409040797393 0.07812012075844922 -1.759976474288127
-2.572566028483575 0.8935573515345482 -0.3492328161250303
1.219350241787601 -0.7626944262891375 -4.249866591470585
-0.4571520707984905 -2.689927056942353 -0.1658941612225962
-2.69525400381894 -0.4256910020681101 -0.1564088158247187
0.1228700600452403 2.490485448060221 -2.035593114086708
2.620564714191933 -0.166266482650911 -1.367993377369395
0.3750750656199533 2.702482500427569 -0.1718787141346425
2.517052715541063 0.6953868577331718 -1.458067275837089
-2.498011146878943 1.083970043962532 -0.3563165695565267
-1.331365403419077 1.669044481112199 -3.116060551777044
-2.080349799686951 1.710674268278176 -0.8162793446322808
1.376689602678334 1.183670792683782 -3.733995752976675
2.590219775743083 0.1934721229768974 -1.539148253963089
-2.664471799142204 -0.5641719327243137 -0.3436205043265463
0.02327783197651736 -2.680953872119708 -0.9425465726409914
1.813476614819826 -1.427885854696402 -2.670066208393414
-2.475121679884007 0.6377973570741369 -1.756607147173928
-2.304663435769316 1.116199539424948 -1.733190193944352
2.280073660124604 -1.499376120910759 -0.1422848550250894
1.10282975284918 -0.3465993155232652 -4.529602647836751
-0.7345322856239804 -0.1929894090680794 -4.80262855929108
0.7284037316950306 -1.140388416841136 -4.342568575331804
2.499249439928098 0.3374569573347593 -1.914576572744586
-2.406347927141986 1.274790423634763 -0.3537171542502174
-2.281775259111431 -0.9594362766165851 -2.10891984108402
2.593033521236861 0.7106712752562567 -0.8668703378392738
1.220432763743974 2.297493574651936 -1.515801132518701
0.4149372984835587 1.503665961546887 -4.103428952214209
0.9957036009380792 0.3442126588346087 -4.612691807253892
0.649955403477839 -1.880343293044234 -3.423863758031636
-0.3126316484098638 1.512440325609557 -4.122989168327493
-0.504672342155824 2.668154535935106 -0.515291012298267
-2.611306449464747 -0.7734419072019056 -0.3463729909241061
2.281081615037279 -0.5350314334502426 -2.56626546058106
0.8476083523329424 -2.013149808218296 -2.999241771288114
-0.7077321287947137 0.06038398410172613 -4.827794710515528
-1.903478870307472 -0.04626326889930533 -3.58316279330632
1.230474561001991 1.198023695733529 -3.886743600507345
-0.487555678617114 1.264748428147751 -4.340157338611056
2.272868495248662 -1.440762963300412 -0.8416361465054022
-0.06087225220104208 2.271372564959998 -2.771602251267258
-1.064377090694367 2.134100433096392 -2.433635755143265
-2.300127727591427 1.457930277753298 -0.3511125247207436
1.535827709489685 -1.627569619788582 -2.863915132664969
2.420977724406991 -0.9364823307605668 -1.548423726148258
-0.8150643110974932 -0.9030954296951733 -4.476135326077816
-2.00352131336785 -1.313443980825221 -2.397566195046903
-0.9464924577958562 -1.784634985485845 -3.363252792642692
-1.405256198921847 1.981709293606363 -2.280924535473503
1.573157814971628 2.20604830780517 -0.6113633023783234
-0.7947121303845485 0.3307447430970892 -4.744947457532525
-0.7301672406127179 1.86108255455122 -3.404883342241968
-2.540986946128135 -0.979517633968673 -0.3514887475044501
2.014740576589746 -0.5458654500642354 -3.222481187332777
1.080988519607344 1.684615670843853 -3.400105021661696
-1.250960166592378 -2.14645086663019 -2.072712604186593
2.345533192421865 0.345423298640645 -2.479001690626993
1.944322143882927 -1.908053444742031 -0.3268266282994547
1.633163128118468 1.973484158378441 -1.72884311839879
-1.727515232842846 1.785350551673508 -2.073009705380525
0.1693959145165438 -2.65814601989016 -1.096555434693318
-1.936822690627211 1.874709244174964 -0.792181422244803
2.599084372237438 -0.8136772682938583 -0.3455172211034028
1.645082231146258 -2.064000685152057 -1.277471706196228
-2.224653788715754 1.579984004076247 -0.1582534931528539
1.273989259258885 -1.773961835742913 -2.999925516111583
1.466900735293405 2.294969061547355 -0.3387993223130871
-0.4265196507786752 2.273184421355607 -2.656380842867078
0.4285056429024778 -2.688362406408459 -0.3753036662248858
-1.772528901273799 2.035027843483642 -0.7544875527129146
-2.465545109520747 -1.158106527371944 -0.3315806686699059
-1.209686573143754 1.811702417509014 -3.013526168042277
0.5050475217854625 -0.4719878061695368 -4.837056500717257
-2.042063639484943 1.80283288796279 -0.3310394361465351
1.510274540365464 2.220746846402251 -0.8977241387268492
-1.361146452104933 2.359703401019081 -0.327527606902795
-0.6922996809877504 0.6350388749419564 -4.694631443942419
-1.540248475203609 -2.247270368138682 -0.3188629809303612
2.622007463931103 -0.3312550543627827 -1.253270551394736
-0.2423380717842168 -2.717820278806209 -0.1599310257518993
-0.4670262474846925 -2.142372594582376 -2.97866966346106
-0.720946283784883 2.234949998983033 -2.549760358332855
-2.005974939027173 1.610874418607735 -1.672641698295219
-2.462945591105756 -0.5178251983093612 -1.937116100671478
1.293740785059805 -2.397056505361877 -0.3339912758332429
1.668613088105749 -0.1438036805615406 -3.948554360469986
0.2923266923440732 -2.628176229664442 -1.242366986905211
-2.380512245916539 -1.324763821397397 -0.322792856009926
-0.01395876580962538 -0.191585607769466 -4.987606945205882
1.869576161457382 1.087397112998662 -3.051060248542387
-1.60628759687631 -1.8638206438194 -2.166220560865144
-1.889681922918558 1.962362425422528 -0.3231754472374751
2.020602111884326 -1.365577306160525 -2.24705624877766
0.4695994002726986 2.683947822026493 -0.310818821906588
-1.649824242440937 0.6106665456290871 -3.823439968176149
2.05454831602592 -1.180663349979379 -2.482860832183116
0.8793971203946896 -1.175527277286368 -4.215517410304512
-1.41254814567604 -2.036570160258732 -2.096241433551361
-0.7560419276479264 1.307102957214807 -4.165522309092959
1.118622736925028 1.573984491257868 -3.534445499325602
1.485727722543944 -0.3406176340488584 -4.148055590208275
-1.708468420686608 2.107139576353316 -0.5615232325142251
2.169626393551463 0.3445845244138589 -2.968436118458852
-2.270126598861649 -1.506088519705802 -0.3231061798446246
2.724177585810963 -0.1563290143602001 -0.1566733963848312
2.724177585823747 0.1563290138981026 -0.1566733971858042
0.9707688911247478 -0.3143576636865396 -4.637602426003825
0.5791498794505602 -2.666913664092455 -0.1302418724060025
1.976752595566394 -1.557482030207735 -1.937932245839419
0.8291233938721305 0.3363240429129417 -4.723833630341482
-2.110365807213515 -1.130072293085259 -2.403522756648447
1.505216315633357 1.053014454486789 -3.698719831365785
-1.214903484392804 -0.3277234373447492 -4.437191424857578
2.340314699561278 -0.5009509224551261 -2.405393906269451
0.1467634225241031 2.335379924616653 -2.575433562232187
0.4070053873394142 -2.59115818561922 -1.386564068307031
2.497226281437845 0.8756278538823274 -1.228658960758426
0.09656992110180568 -0.4970303494893906 -4.913252465126608
-1.268347498202445 2.402725143473945 -0.4883846832360905
-0.9776968135289518 1.824762618478557 -3.259481737821671
1.79521152267986 -1.950352965952606 -1.195732124022661
1.792471219010836 -0.1600530292759754 -3.759859574403289
2.151136724510359 -1.360561719803755 -1.807890476710222
-2.548623261830447 0.2648435504302097 -1.725190500433055
0.2523306926368621 1.56682501458644 -4.068362388750113
2.012346707863966 1.706684769598552 -1.28282005282614
1.45299823167593 -0.6846767490236219 -4.042981235736192
-0.9496001618517651 -0.75061542087928 -4.481657670949015
2.384569441076775 -1.215790760537991 -0.9838786368678014
-0.4163121968134355 2.691842849653746 -0.3355510672793912
-0.1170183333093985 0.6876396575787352 -4.834040277079792
-1.921662609712055 -0.8720879931208406 -3.172029700327508
-1.320913964065182 -2.372540834799553 -0.5152229399633514
0.7013240903310199 2.476696112742588 -1.665580378440256
-0.6477808276786877 1.798518891857081 -3.569601201950095
0.02578899478165503 -2.210624323104682 -2.933477685109156
2.060423364817133 1.586385532534559 -1.522391761601766
-1.125253210525734 0.8892529359375398 -4.254423207373271
2.596357131815993 0.3379890969507934 -1.415826749755028
-2.239856795830368 1.267164663621541 -1.668814026870834
0.2355064503037409 -2.021164088978688 -3.333299338316506
0.5315384047627753 -2.545139592591832 -1.524257843940537
-1.829099352904998 1.819663918100682 -1.63416645866996
2.622016157854589 -0.7145013428680574 -0.4755528944841334
-2.01390156138432 -0.6935116349092487 -3.127603566398426
1.452369989653386 -2.305796695347487 -0.2999584745801959
-0.9332825657831717 -1.875106555735862 -3.206885471723482
-2.153671122552236 -1.669855254611199 -0.2963646403790022
2.393041025764767 -1.301235600119625 -0.3329132420475616
-1.832624128122456 -2.014973170634569 -0.3390600463902578
-0.15560335961234 -2.720700703116304 -0.2980077964880987
2.528552715205255 0.1482445427475511 -1.865386837977485
2.091160879542466 -0.5376708788353641 -3.059680561411244
2.075626837628835 -1.765445342781933 -0.3057893610734963
2.341084006176803 -1.099276321274157 -1.600671038360206
2.399782016690216 0.2962635934125719 -2.321152497176531
-2.088602791726725 -0.5029990651193664 -3.085213799252201
1.02056893177069 -1.048164812698652 -4.221478461232862
1.826502284601002 -1.948525081200992 -1.036117691827755
2.597918945321311 -0.5830253347646119 -1.104683523545528
1.623977313890722 1.03442091704615 -3.544593013502479
0.2005463788648121 2.547526897110244 -1.759374500066982
-2.425528152397583 0.8242260931298482 -1.72818918239133
2.498035187893606 -0.1279746322169346 -2.003250030730067
-1.791371573927347 -1.60401385465685 -2.367549935860886
2.680830142920345 0.4842286043365278 -0.3254326928896485
2.680547221419386 -0.4848539698840108 -0.3300934486005177
-2.064353778597259 -0.356778829054896 -3.205940422429734
0.4854576837779848 -1.940586970904961 -3.402530685040591
-0.2346195566553518 2.713907431009998 -0.3304839347004991
0.2251206333367796 2.415077071401138 -2.294589992051542
1.027299454082138 2.522173452884876 -0.3484520930232884
-1.50199113527298 -1.062783221145686 -3.693742114829828
2 5 0 2321
2142
2143
2144
2145
2146
2147
2148
2149
2150
2151
2152
2153
2154
2155
2156
2157
2158
2159
2160
2161
2162
2163
2164
2165
2166
2167
2168
2169
2170
2171
2172
2173
2174
2175
2176
2177
2178
2179
2180
2181
2182
2183
2184
2185
2186
2187
2188
2189
2190
2191
2192
2193
2194
2195
2196
2197
2198
2199
2200
2201
2202
2203
2204
2205
2206
2207
2208
2209
2210
2211
2212
2213
2214
2215
2216
2217
2218
2219
2220
2221
2222
2223
2224
2225
2226
2227
2228
2229
2230
2231
2232
2233
2234
2235
2236
2237
2238
2239
2240
2241
2242
2243
2244
2245
2246
2247
2248
2249
2250
2251
2252
2253
2254
2255
2256
2257
2258
2259
2260
2261
2262
2263
2264
2265
2266
2267
2268
2269
2270
2271
2272
2273
2274
2275
2276
2277
2278
2279
2280
2281
2282
2283
2284
2285
2286
2287
2288
2289
2290
2291
2292
2293
2294
2295
2296
2297
2298
2299
2300
2301
2302
2303
2304
2305
2306
2307
2308
2309
2310
2311
2312
2313
2314
2315
2316
2317
2318
2319
2320
2321
2322
2323
2324
2325
2326
2327
2328
2329
2330
2331
2332
2333
2334
2335
2336
2337
2338
2339
2340
2341
2342
2343
2344
2345
2346
2347
2348
2349
2350
2351
2352
2353
2354
2355
2356
2357
2358
2359
2360
2361
2362
2363
2364
2365
2366
2367
2368
2369
2370
2371
2372
2373
2374
2375
2376
2377
2378
2379
2380
2381
2382
2383
2384
2385
2386
2387
2388
2389
2390
2391
2392
2393
2394
2395
2396
2397
2398
2399
2400
2401
2402
2403
2404
2405
2406
2407
2408
2409
2410
2411
2412
2413
2414
2415
2416
2417
2418
2419
2420
2421
2422
2423
2424
2425
2426
2427
2428
2429
2430
2431
2432
2433
2434
2435
2436
2437
2438
2439
2440
2441
2442
2443
2444
2445
2446
2447
2448
2449
2450
2451
2452
2453
2454
2455
2456
2457
2458
2459
2460
2461
2462
2463
2464
2465
2466
2467
2468
2469
2470
2471
2472
2473
2474
2475
2476
2477
2478
2479
2480
2481
2482
2483
2484
2485
2486
2487
2488
2489
2490
2491
2492
2493
2494
2495
2496
2497
2498
2499
2500
2501
2502
2503
2504
2505
2506
2507
2508
2509
2510
2511
2512
2513
2514
2515
2516
2517
2518
2519
2520
2521
2522
2523
2524
2525
2526
2527
2528
2529
2530
2531
2532
2533
2534
2535
2536
2537
2538
2539
2540
2541
2542
2543
2544
2545
2546
2547
2548
2549
2550
2551
2552
2553
2554
2555
2556
2557
2558
2559
2560
2561
2562
2563
2564
2565
2566
2567
2568
2569
2570
2571
2572
2573
2574
2575
2576
2577
2578
2579
2580
2581
2582
2583
2584
2585
2586
2587
2588
2589
2590
2591
2592
2593
2594
2595
2596
2597
2598
2599
2600
2601
2602
2603
2604
2605
2606
2607
2608
2609
2610
2611
2612
2613
2614
2615
2616
2617
2618
2619
2620
2621
2622
2623
2624
2625
2626
2627
2628
2629
2630
2631
2632
2633
2634
2635
2636
2637
2638
2639
2640
2641
2642
2643
2644
2645
2646
2647
2648
2649
2650
2651
2652
2653
2654
2655
2656
2657
2658
2659
2660
2661
2662
2663
2664
2665
2666
2667
2668
2669
2670
2671
2672
2673
2674
2675
2676
2677
2678
2679
2680
2681
2682
2683
2684
2685
2686
2687
2688
2689
2690
2691
2692
2693
2694
2695
2696
2697
2698
2699
2700
2701
2702
2703
2704
2705
2706
2707
2708
2709
2710
2711
2712
2713
2714
2715
2716
2717
2718
2719
2720
2721
2722
2723
2724
2725
2726
2727
2728
2729
2730
2731
2732
2733
2734
2735
2736
2737
2738
2739
2740
2741
2742
2743
2744
2745
2746
2747
2748
2749
2750
2751
2752
2753
2754
2755
2756
2757
2758
2759
2760
2761
2762
2763
2764
2765
2766
2767
2768
2769
2770
2771
2772
2773
2774
2775
2776
2777
2778
2779
2780
2781
2782
2783
2784
2785
2786
2787
2788
2789
2790
2791
2792
2793
2794
2795
2796
2797
2798
2799
2800
2801
2802
2803
2804
2805
2806
2807
2808
2809
2810
2811
2812
2813
2814
2815
2816
2817
2818
2819
2820
2821
2822
2823
2824
2825
2826
2827
2828
2829
2830
2831
2832
2833
2834
2835
2836
2837
2838
2839
2840
2841
2842
2843
2844
2845
2846
2847
2848
2849
2850
2851
2852
2853
2854
2855
2856
2857
2858
2859
2860
2861
2862
2863
2864
2865
2866
2867
2868
2869
2870
2871
2872
2873
2874
2875
2876
2877
2878
2879
2880
2881
2882
2883
2884
2885
2886
2887
2888
2889
2890
2891
2892
2893
2894
2895
2896
2897
2898
2899
2900
2901
2902
2903
2904
2905
2906
2907
2908
2909
2910
2911
2912
2913
2914
2915
2916
2917
2918
2919
2920
2921
2922
2923
2924
2925
2926
2927
2928
2929
2930
2931
2932
2933
2934
2935
2936
2937
2938
2939
2940
2941
2942
2943
2944
2945
2946
2947
2948
2949
2950
2951
2952
2953
2954
2955
2956
2957
2958
2959
2960
2961
2962
2963
2964
2965
2966
2967
2968
2969
2970
2971
2972
2973
2974
2975
2976
2977
2978
2979
2980
2981
2982
2983
2984
2985
2986
2987
2988
2989
2990
2991
2992
2993
2994
2995
2996
2997
2998
2999
3000
3001
3002
3003
3004
3005
3006
3007
3008
3009
3010
3011
3012
3013
3014
3015
3016
3017
3018
3019
3020
3021
3022
3023
3024
3025
3026
3027
3028
3029
3030
3031
3032
3033
3034
3035
3036
3037
3038
3039
3040
3041
3042
3043
3044
3045
3046
3047
3048
3049
3050
3051
3052
3053
3054
3055
3056
3057
3058
3059
3060
3061
3062
3063
3064
3065
3066
3067
3068
3069
3070
3071
3072
3073
3074
3075
3076
3077
3078
3079
3080
3081
3082
3083
3084
3085
3086
3087
3088
3089
3090
3091
3092
3093
3094
3095
3096
3097
3098
3099
3100
3101
3102
3103
3104
3105
3106
3107
3108
3109
3110
3111
3112
3113
3114
3115
3116
3117
3118
3119
3120
3121
3122
3123
3124
3125
3126
3127
3128
3129
3130
3131
3132
3133
3134
3135
3136
3137
3138
3139
3140
3141
3142
3143
3144
3145
3146
3147
3148
3149
3150
3151
3152
3153
3154
3155
3156
3157
3158
3159
3160
3161
3162
3163
3164
3165
3166
3167
3168
3169
3170
3171
3172
3173
3174
3175
3176
3177
3178
3179
3180
3181
3182
3183
3184
3185
3186
3187
3188
3189
3190
3191
3192
3193
3194
3195
3196
3197
3198
3199
3200
3201
3202
3203
3204
3205
3206
3207
3208
3209
3210
3211
3212
3213
3214
3215
3216
3217
3218
3219
3220
3221
3222
3223
3224
3225
3226
3227
3228
3229
3230
3231
3232
3233
3234
3235
3236
3237
3238
3239
3240
3241
3242
3243
3244
3245
3246
3247
3248
3249
3250
3251
3252
3253
3254
3255
3256
3257
3258
3259
3260
3261
3262
3263
3264
3265
3266
3267
3268
3269
3270
3271
3272
3273
3274
3275
3276
3277
3278
3279
3280
3281
3282
3283
3284
3285
3286
3287
3288
3289
3290
3291
3292
3293
3294
3295
3296
3297
3298
3299
3300
3301
3302
3303
3304
3305
3306
3307
3308
3309
3310
3311
3312
3313
3314
3315
3316
3317
3318
3319
3320
3321
3322
3323
3324
3325
3326
3327
3328
3329
3330
3331
3332
3333
3334
3335
3336
3337
3338
3339
3340
3341
3342
3343
3344
3345
3346
3347
3348
3349
3350
3351
3352
3353
3354
3355
3356
3357
3358
3359
3360
3361
3362
3363
3364
3365
3366
3367
3368
3369
3370
3371
3372
3373
3374
3375
3376
3377
3378
3379
3380
3381
3382
3383
3384
3385
3386
3387
3388
3389
3390
3391
3392
3393
3394
3395
3396
3397
3398
3399
3400
3401
3402
3403
3404
3405
3406
3407
3408
3409
3410
3411
3412
3413
3414
3415
3416
3417
3418
3419
3420
3421
3422
3423
3424
3425
3426
3427
3428
3429
3430
3431
3432
3433
3434
3435
3436
3437
3438
3439
3440
3441
3442
3443
3444
3445
3446
3447
3448
3449
3450
3451
3452
3453
3454
3455
3456
3457
3458
3459
3460
3461
3462
3463
3464
3465
3466
3467
3468
3469
3470
3471
3472
3473
3474
3475
3476
3477
3478
3479
3480
3481
3482
3483
3484
3485
3486
3487
3488
3489
3490
3491
3492
3493
3494
3495
3496
3497
3498
3499
3500
3501
3502
3503
3504
3505
3506
3507
3508
3509
3510
3511
3512
3513
3514
3515
3516
3517
3518
3519
3520
3521
3522
3523
3524
3525
3526
3527
3528
3529
3530
3531
3532
3533
3534
3535
3536
3537
3538
3539
3540
3541
3542
3543
3544
3545
3546
3547
3548
3549
3550
3551
3552
3553
3554
3555
3556
3557
3558
3559
3560
3561
3562
3563
3564
3565
3566
3567
3568
3569
3570
3571
3572
3573
3574
3575
3576
3577
3578
3579
3580
3581
3582
3583
3584
3585
3586
3587
3588
3589
3590
3591
3592
3593
3594
3595
3596
3597
3598
3599
3600
3601
3602
3603
3604
3605
3606
3607
3608
3609
3610
3611
3612
3613
3614
3615
3616
3617
3618
3619
3620
3621
3622
3623
3624
3625
3626
3627
3628
3629
3630
3631
3632
3633
3634
3635
3636
3637
3638
3639
3640
3641
3642
3643
3644
3645
3646
3647
3648
3649
3650
3651
3652
3653
3654
3655
3656
3657
3658
3659
3660
3661
3662
3663
3664
3665
3666
3667
3668
3669
3670
3671
3672
3673
3674
3675
3676
3677
3678
3679
3680
3681
3682
3683
3684
3685
3686
3687
3688
3689
3690
3691
3692
3693
3694
3695
3696
3697
3698
3699
3700
3701
3702
3703
3704
3705
3706
3707
3708
3709
3710
3711
3712
3713
3714
3715
3716
3717
3718
3719
3720
3721
3722
3723
3724
3725
3726
3727
3728
3729
3730
3731
3732
3733
3734
3735
3736
3737
3738
3739
3740
3741
3742
3743
3744
3745
3746
3747
3748
3749
3750
3751
3752
3753
3754
3755
3756
3757
3758
3759
3760
3761
3762
3763
3764
3765
3766
3767
3768
3769
3770
3771
3772
3773
3774
3775
3776
3777
3778
3779
3780
3781
3782
3783
3784
3785
3786
3787
3788
3789
3790
3791
3792
3793
3794
3795
3796
3797
3798
3799
3800
3801
3802
3803
3804
3805
3806
3807
3808
3809
3810
3811
3812
3813
3814
3815
3816
3817
3818
3819
3820
3821
3822
3823
3824
3825
3826
3827
3828
3829
3830
3831
3832
3833
3834
3835
3836
3837
3838
3839
3840
3841
3842
3843
3844
3845
3846
3847
3848
3849
3850
3851
3852
3853
3854
3855
3856
3857
3858
3859
3860
3861
3862
3863
3864
3865
3866
3867
3868
3869
3870
3871
3872
3873
3874
3875
3876
3877
3878
3879
3880
3881
3882
3883
3884
3885
3886
3887
3888
3889
3890
3891
3892
3893
3894
3895
3896
3897
3898
3899
3900
3901
3902
3903
3904
3905
3906
3907
3908
3909
3910
3911
3912
3913
3914
3915
3916
3917
3918
3919
3920
3921
3922
3923
3924
3925
3926
3927
3928
3929
3930
3931
3932
3933
3934
3935
3936
3937
3938
3939
3940
3941
3942
3943
3944
3945
3946
3947
3948
3949
3950
3951
3952
3953
3954
3955
3956
3957
3958
3959
3960
3961
3962
3963
3964
3965
3966
3967
3968
3969
3970
3971
3972
3973
3974
3975
3976
3977
3978
3979
3980
3981
3982
3983
3984
3985
3986
3987
3988
3989
3990
3991
3992
3993
3994
3995
3996
3997
3998
3999
4000
4001
4002
4003
4004
4005
4006
4007
4008
4009
4010
4011
4012
4013
4014
4015
4016
4017
4018
4019
4020
4021
4022
4023
4024
4025
4026
4027
4028
4029
4030
4031
4032
4033
4034
4035
4036
4037
4038
4039
4040
4041
4042
4043
4044
4045
4046
4047
4048
4049
4050
4051
4052
4053
4054
4055
4056
4057
4058
4059
4060
4061
4062
4063
4064
4065
4066
4067
4068
4069
4070
4071
4072
4073
4074
4075
4076
4077
4078
4079
4080
4081
4082
4083
4084
4085
4086
4087
4088
4089
4090
4091
4092
4093
4094
4095
4096
4097
4098
4099
4100
4101
4102
4103
4104
4105
4106
4107
4108
4109
4110
4111
4112
4113
4114
4115
4116
4117
4118
4119
4120
4121
4122
4123
4124
4125
4126
4127
4128
4129
4130
4131
4132
4133
4134
4135
4136
4137
4138
4139
4140
4141
4142
4143
4144
4145
4146
4147
4148
4149
4150
4151
4152
4153
4154
4155
4156
4157
4158
4159
4160
4161
4162
4163
4164
4165
4166
4167
4168
4169
4170
4171
4172
4173
4174
4175
4176
4177
4178
4179
4180
4181
4182
4183
4184
4185
4186
4187
4188
4189
4190
4191
4192
4193
4194
4195
4196
4197
4198
4199
4200
4201
4202
4203
4204
4205
4206
4207
4208
4209
4210
4211
4212
4213
4214
4215
4216
4217
4218
4219
4220
4221
4222
4223
4224
4225
4226
4227
4228
4229
4230
4231
4232
4233
4234
4235
4236
4237
4238
4239
4240
4241
4242
4243
4244
4245
4246
4247
4248
4249
4250
4251
4252
4253
4254
4255
4256
4257
4258
4259
4260
4261
4262
4263
4264
4265
4266
4267
4268
4269
4270
4271
4272
4273
4274
4275
4276
4277
4278
4279
4280
4281
4282
4283
4284
4285
4286
4287
4288
4289
4290
4291
4292
4293
4294
4295
4296
4297
4298
4299
4300
4301
4302
4303
4304
4305
4306
4307
4308
4309
4310
4311
4312
4313
4314
4315
4316
4317
4318
4319
4320
4321
4322
4323
4324
4325
4326
4327
4328
4329
4330
4331
4332
4333
4334
4335
4336
4337
4338
4339
4340
4341
4342
4343
4344
4345
4346
4347
4348
4349
4350
4351
4352
4353
4354
4355
4356
4357
4358
4359
4360
4361
4362
4363
4364
4365
4366
4367
4368
4369
4370
4371
4372
4373
4374
4375
4376
4377
4378
4379
4380
4381
4382
4383
4384
4385
4386
4387
4388
4389
4390
4391
4392
4393
4394
4395
4396
4397
4398
4399
4400
4401
4402
4403
4404
4405
4406
4407
4408
4409
4410
4411
4412
4413
4414
4415
4416
4417
4418
4419
4420
4421
4422
4423
4424
4425
4426
4427
4428
4429
4430
4431
4432
4433
4434
4435
4436
4437
4438
4439
4440
4441
4442
4443
4444
4445
4446
4447
4448
4449
4450
4451
4452
4453
4454
4455
4456
4457
4458
4459
4460
4461
4462
-2.527873875551268 1.705072459632855 -0.1844259351346449
-2.528557007021435 -1.704082181181406 -0.1837800005367966
-1.222842810451542 2.792729887738716 -0.2057367756349073
-1.240207899108825 -2.785552511039367 -0.1844259229581602
1.826476221226586 0.1811225962442169 -4.250462991128787
1.823879819005553 -0.1710027337948156 -4.255126544844563
0.5130760715594835 0.181032934748877 -5.235710708830839
0.5337615852032948 -0.1848437729890223 -5.229011549671159
-0.03240493734311662 3.049428711014665 -0.1611255553814526
0.006319417323291997 -3.049057440407462 -0.18952745896048
-3.047314941959105 0.1063700278259306 -0.1842236702584958
2.361145730866022 0.1811473054771572 -3.355038732490422
2.375418540679623 -0.1907683777873105 -3.322615955065069
1.041448774707749 2.866239668606329 -0.1622556899945939
1.044705852204867 -2.864954278453687 -0.1675316843651622
1.959966660542189 2.3357973185051 -0.1844259328298903
1.976897345017801 -2.320836834698676 -0.2077818663930295
2.721614435832242 0.1835809635245179 -2.383450988637834
2.716632061059 -0.1920699502737455 -2.398656412487912
-2.959193069917619 -0.7358044792624997 -0.1775916279740683
-1.972211630507978 -2.324790823152509 -0.2087722776476033
-1.95304291212715 2.342003408471077 -0.1676836971481112
-2.9000850804167 0.9420170917198069 -0.1804981083431139
2.531602907964139 -1.699871481611254 -0.1746167613545928
2.527873874300778 1.705072461478494 -0.1844259353676678
1.272842554527426 -0.1985818370768707 -4.823413148744547
1.245416504606954 0.1810848506191438 -4.847225047479959
2.907862406098685 -0.1792063537305185 -1.580067452842324
2.91115147157138 0.1811656763338492 -1.560849764261025
-0.6339574461622093 2.982535226974304 -0.1844259318844084
-0.6245884621919876 -2.984132963715342 -0.2021911398203747
2.826985931837024 -1.142618603249433 -0.1843574135418935
2.825569538595759 1.14665499773386 -0.1738787063278099
2.997592091819127 -0.1811680957712398 -0.9395400506209146
2.995654128691655 0.1856653395506564 -0.955533830536097
3.031447593645916 -0.1670611657837778 -0.5261534690342292
3.031261511144534 0.1867593894355136 -0.5089892440322847
2.828223643691108 0.1811632539022653 -1.970765354938341
2.826835205864062 -0.1871177127702763 -1.975127297418802
2.597199736915028 0.181155905185016 -2.774215793620375
2.596829094051713 -0.1958349299403509 -2.772236815670275
2.170130063116603 0.1811393950558015 -3.726786055660904
2.170130063115308 -0.1811393950601438 -3.726786055662555
2.957658135077744 -0.7415172757671775 -0.1830096589897276
2.95859355487523 0.7376602201775893 -0.1844259344033988
1.603115120853236 2.592982999583539 -0.214039253530674
1.628240130849281 -2.577455806993243 -0.2075062272856025
2.272707892122695 2.032640759851003 -0.1892189869492726
2.272459831230995 -2.033297173029843 -0.176395378985754
0.6386721580160213 2.981689210464234 -0.1763816286944094
0.6417797689538146 -2.980877545872359 -0.1836508853927943
-1.617120865027408 2.585343329756948 -0.1701734359204483
-1.621652268565788 -2.582099885947205 -0.1878778031060653
-2.270710500542156 -2.035220400523231 -0.1774511381673934
-2.272062536775647 2.03367208591012 -0.1787995309170987
-2.740573004365995 -1.336666761340694 -0.1844259364568728
-2.740764660540064 1.33626391519332 -0.1846422508483232
-3.002843146027641 0.5294822598345462 -0.1844259365228317
-3.032463186308377 -0.3187247194657394 -0.1844259366103278
1.562828305126133 -0.180377835285242 -4.559076313728733
1.560191387194461 0.2007910871521876 -4.559227838068387
0.8971816286932051 -0.1810583216934954 -5.075927598299066
0.8971816286933202 0.1810583216934233 -5.075927598299013
0.1040165033223465 -0.1810217580006349 -5.308527366029375
3.032428727749447 0.3206730820338693 -0.1756684992611018
3.030607315054376 -0.3282216463375217 -0.2225988730148274
3.003095258552244 0.5281563175731496 -0.1835016653006793
2.977498649046992 0.6313869558750929 -0.3677080079843161
2.926194364926762 0.8374060485731109 -0.3688862618512256
2.945067581102566 0.7315322374835512 -0.551613260981668
2.886754162823288 0.9353735141664753 -0.5524101877751453
2.905650908683088 0.8295482771617415 -0.7350648472080991
2.841918582208758 1.026100188708555 -0.7383156536192041
2.859261859547549 0.9253300286518956 -0.9178690174169629
2.789448040984243 1.117638190183699 -0.920315531931853
2.80593012631934 1.018634013549537 -1.099896217076952
2.727683598684435 1.212574360230867 -1.10026219713495
2.744680912330037 1.112321589499296 -1.279292292159059
2.660532929351467 1.300867444262113 -1.279103325146909
2.677734223157685 1.199887712801712 -1.45770089778577
2.587674197761266 1.384503491829544 -1.454654886666516
2.604767912155067 1.281878637659118 -1.636566122118512
2.494500725119813 1.489682735384981 -1.623822964018657
2.52211867635017 1.365842874614567 -1.814107424449184
2.415520872050092 1.545059674072333 -1.818008868388779
2.435658803728573 1.438696154770861 -1.993314993068561
2.322872634625858 1.617742254193977 -1.985251969239805
2.340989826259597 1.511278202182741 -2.167363560243314
2.222142278740466 1.685410133701178 -2.157286113183615
2.239495688216097 1.579240162167195 -2.339365511447563
2.11419993427453 1.74853393119989 -2.32771819539603
2.131210758572402 1.642186450177733 -2.509063247410965
1.999668455900409 1.806429690741601 -2.495067312914268
1.977501739047786 1.908390041671375 -2.311160147959697
1.856994511712106 1.960732612452649 -2.47607616623883
1.878672974956726 1.858268799395942 -2.65985723207517
1.730100351658512 2.006450375504297 -2.638896679277601
1.7513634015963 1.903574371536347 -2.821718136772302
1.597225793156714 2.045430645434838 -2.797877416976587
1.617875772260084 1.941857150808605 -2.980317543438148
1.4584087393748 2.077028723864625 -2.953317112732945
1.433922442547947 2.175429606713871 -2.768528727394306
1.290179301209758 2.199833039333095 -2.920787141283718
1.314247059242722 2.100752889020947 -3.104251245398769
1.14129513685472 2.215660758321466 -3.069122397782925
1.114482909235791 2.309743639428873 -2.882442481873306
0.9618417472230324 2.317746160213733 -3.026519721534179
0.9323756245534348 2.406360032151464 -2.838364068300985
0.7760112388831614 2.405655070430629 -2.979787542675985
0.7991833389645803 2.314438775599728 -3.174535077582857
0.6162653826638013 2.394746878108115 -3.116871315140616
0.5860690222795927 2.479830689246665 -2.92640036182879
0.4241602427340497 2.460101936367091 -3.059043765819932
0.4557995896489478 2.375749979395159 -3.24249540146529
0.2618558377232212 2.431671140716507 -3.181104769415957
0.230127190720343 2.512021986711334 -2.993107456688566
0.06472385692297007 2.470555157586944 -3.120169733700455
0.1028295722493472 2.384088749954998 -3.315538020347874
0.03734464296362713 2.551391263851749 -2.917054607480875
-0.1300457337245567 2.499175742433689 -3.043704140648066
-0.1603853586759251 2.572159212946027 -2.848081037612816
-0.3270766176951787 2.510099775198693 -2.970479010149816
-0.3584494527502897 2.578129517227513 -2.775874188259503
-0.5209047877094501 2.509330099859036 -2.887138845879346
-0.5516062296053668 2.573970201044055 -2.689980248759662
-0.7121116425743915 2.495171445801957 -2.798928033214741
-0.6801338691859961 2.43113972837511 -2.988119099564894
-0.184047459526412 2.638409916820201 -2.652697577651435
-0.7409855250091103 2.557031496453341 -2.599190883001387
-0.8997871153518283 2.468061695446087 -2.706127374761898
-0.9276400194212712 2.526783786002807 -2.505231643800499
-1.083091147330325 2.428490003922335 -2.609013492884927
-1.109788781554818 2.484359715930436 -2.40707809934361
-1.261253026295099 2.376986667829625 -2.507857270104715
-1.28783959978814 2.429311532441353 -2.306140762992233
-1.433738322829443 2.314157965214599 -2.402487886375199
-1.406740865104679 2.258660222749544 -2.603285593056071
-0.944963427831898 2.584331697224298 -2.298451310120432
-1.458930300043471 2.364297484275714 -2.199276147953323
-1.599402646268533 2.240458762964868 -2.294465906387213
2.301803231720514 1.708808645155817 -1.821039041477399
1.82986416333887 2.057668572012678 -2.291376105312136
-1.622131221184097 2.28935398028675 -2.090022205346036
-1.758175094447514 2.156624968583501 -2.182735006188979
-1.495563578933663 2.40292594155953 -1.986832295372419
-1.777321114355333 2.204061149592774 -1.982240172098934
-1.90720491803192 2.063327996172239 -2.073730948960728
-1.88631094468096 2.013287829488394 -2.271984149382441
-2.03027222786736 1.913055071814739 -2.154985729855329
-2.004211450946738 1.860969827193045 -2.358315738401467
-2.052367580653802 1.961126867867251 -1.950160140377418
-2.166187810326071 1.804138998228231 -2.034839605813262
1.76916564096837 1.797177180925339 -2.99484470815698
-2.188650128447413 1.849321851105983 -1.827828008035574
-2.293197464652876 1.687580630894407 -1.912002568390931
-2.312686622897318 1.729457972197032 -1.716823491125289
-2.411319864651924 1.563435717399594 -1.786922149060304
-2.388612323875868 1.516196520572393 -1.991757746069862
-2.498196164466421 1.387396521881509 -1.864344865684909
-2.47241680337863 1.337549689705399 -2.068494715991437
-2.573679285675348 1.204032478610365 -1.938201382955983
-2.544193802379509 1.152318296135284 -2.141553304737436
-2.636291645072542 1.014931501594181 -2.010151507353274
-2.602869722020571 0.9615829357034072 -2.212243436518401
-2.686140192158386 0.8207324960713364 -2.077981613424102
-2.648476647839958 0.7659595269201696 -2.278917832386572
-2.722581335393954 0.6224004913236045 -2.142212254907216
-2.68040146792057 0.5664650737403002 -2.341903206612649
-2.745233579601505 0.4208814107835623 -2.202683742529482
-2.698271716532363 0.3640807596372092 -2.401036341321698
-2.632157942302306 0.5094166651096514 -2.539832215509796
-2.645115014370292 0.3063156374148978 -2.59743902204983
-2.577646721285061 0.4513672163078372 -2.735722813370315
-2.585556676655785 0.2476284916436334 -2.791616029641327
-2.516629820033182 0.3924192587701045 -2.929318807138839
-2.519353364307219 0.1881169704334131 -2.98327664419329
-2.578949929477024 0.04256649476370969 -2.842164785033655
-2.50727010161028 -0.01719188137558059 -3.031735051280008
-2.446166310441724 0.1282872618136638 -3.172202919626036
-2.428447561660914 -0.07706826342833906 -3.21831826966873
-2.480372224412614 -0.2223409187992129 -3.07408609755612
-2.395632030187264 -0.2818543390874805 -3.258144781806531
-2.438633014139136 -0.424969382365544 -3.110553931784186
-2.347699677734581 -0.4847988582061624 -3.291474751829583
-2.381091707675789 -0.6272360862890346 -3.141934218948695
-2.284751326140249 -0.6845898330724465 -3.318152078456013
-2.31079099569903 -0.8249443515894711 -3.162551541891648
-2.20702632006555 -0.8799120114127665 -3.3380487045992
-2.225223879132302 -1.017306387595038 -3.178741933407109
-2.114905315554308 -1.069466051635059 -3.351066199827999
-2.125763651526267 -1.203332946591105 -3.188130292815259
-2.008908272911637 -1.251988401773941 -3.357139565610957
-2.012986063433455 -1.381821132646879 -3.190675963004464
-1.889705660993575 -1.426258272458681 -3.356227662072271
-1.887596911618758 -1.551631832576673 -3.186363800258122
-1.758079950316363 -1.591140876621996 -3.348345648554996
-1.750462998185252 -1.709408370810472 -3.178902639281072
-1.61493457503649 -1.745594857201022 -3.333533085247448
-1.601205529994432 -1.860512428928049 -3.160108972519927
-1.461785323070943 -1.889080077453026 -3.310494671569054
-1.444404006631219 -1.998957387391038 -3.132670330705493
-1.298158751638588 -2.019612242787057 -3.28345962976517
-1.277657549981777 -2.124538292075089 -3.101475290057402
-1.126753525244593 -2.137678114981213 -3.248446513430332
-2.365711204273702 0.06833524489422339 -3.358012935414787
-2.103191045362033 -0.929052271510417 -3.497637529659321
-1.10322833180048 -2.237237585651731 -3.063846769155197
-0.9482346021859531 -2.242335538480784 -3.20699486135513
-0.9211741784323991 -2.337800792948737 -3.018072306326887
-0.7637724129705028 -2.333611395786802 -3.15831590770917
-2.330359739785126 -0.9512017528019342 -3.00722562525926
-0.7357714385856754 -2.422580952059119 -2.969107591504317
-0.5747391604012341 -2.409861658899918 -3.105549093247272
-0.5455185048494138 -2.493779215265206 -2.914168452810665
-0.3821774729152896 -2.472274197055538 -3.045997668408881
-0.41390884289053 -2.393414713307537 -3.219991851840432
-0.2164990315415352 -2.441763819620383 -3.167935589695453
-0.1869696458646676 -2.520873507508597 -2.979587914932937
-0.02080827824804938 -2.479148665612471 -3.101210824124522
-0.0528735726983861 -2.398007338983988 -3.288464971935142
0.141816679939871 -2.430200575871884 -3.207578431368681
0.1740576059132753 -2.505256566768932 -3.021732365381254
0.3390880764464226 -2.438716156724294 -3.142275739747934
0.2991893456771057 -2.351616985159197 -3.349688746248592
0.3679446154366928 -2.513426189497649 -2.947291200933787
0.5319952809198948 -2.439778343309496 -3.057291363838805
-1.146832280870829 -2.032143767644574 -3.428124579190376
0.5601800695914422 -2.510782622759312 -2.86081209069906
0.7196446972879712 -2.431374786432128 -2.959249787872216
-1.879057149440601 -1.671431032831932 -3.012694425490965
0.7496184708909466 -2.496144168568556 -2.766310785956267
0.9056901808783226 -2.408446584433709 -2.859185703632582
-1.253481797635052 -2.222899784127648 -2.916268275821838
0.9349091012339309 -2.468896411766966 -2.667319985420101
1.091005467391938 -2.366759670087004 -2.766761163579964
0.5867530558073697 -2.57577756727316 -2.661952395106157
1.045129689189924 -2.316391253172673 -2.944570600944398
1.115581446374066 -2.426766774924148 -2.571987812918445
1.267107131585687 -2.315812016081407 -2.667866566553796
1.290967937229518 -2.375119116004752 -2.46691502287617
1.43778696551105 -2.255491535428112 -2.559686402531696
1.46049947255558 -2.312740543499153 -2.357183536046969
1.601895296001766 -2.184643690811951 -2.447762164867175
1.315215050161719 -2.426102174304231 -2.269127135556513
1.623322292938469 -2.239867271530108 -2.244586407101729
1.757357765032314 -2.10722584181417 -2.326741377450455
1.732155896143614 -2.051672466369635 -2.52664688001251
1.77871893942688 -2.158260218414076 -2.126467472377701
1.906253527691286 -2.018847091812103 -2.205376485409098
-2.753782976698 0.2171669203546319 -2.259240208037729
-0.7060992743181451 -2.50493243123905 -2.776956088553943
-1.759166240378558 -1.464927482369929 -3.517526616475239
-2.799587779884813 0.2738155666805352 -2.060551817122085
-2.798837308660269 0.06920419660156507 -2.114741095775361
1.926658466023052 -2.067146588159548 -2.006374032390368
2.049878606119531 -1.916338779643899 -2.088635378009101
1.796778382136657 -2.20493494686389 -1.925107409021131
2.067073356530804 -1.965958728477166 -1.887101210741353
-2.84362217641101 0.1258117001163346 -1.915711350235349
-2.833602236338747 -0.07921189927801993 -1.967748048967231
2.180880801403655 -1.813421698001788 -1.960653385605191
2.167986985676154 -1.749520315033387 -2.1696121745378
-2.662845614384761 1.067912843609422 -1.810267859214587
2.198318570028396 -1.859230464583169 -1.760731896078072
2.305797546982547 -1.697768216470498 -1.837008364458433
-2.877483216849643 -0.02258678274844314 -1.768421861642043
-2.85824925153384 -0.2275379975141254 -1.818500805462157
-2.51435125594579 1.089892436867128 -2.339048678070031
-2.212732822129535 1.892485810446999 -1.589748942053846
2.32152463601094 -1.743967429912559 -1.633896668691989
2.206442777866011 -1.906051736999549 -1.566879942906034
2.419452667056057 -1.58210237375136 -1.701470126287978
-2.418673487966815 1.611836630691638 -1.617902276097587
-2.901388161531354 -0.1708909542098341 -1.618599389344898
-2.873023742410608 -0.3752897946213948 -1.666877551327823
-2.915353561407113 0.03436862707232836 -1.567806938194252
-2.82503477156981 -0.4302228695371084 -1.864295927044358
-2.83107999453084 -0.5763431589464194 -1.710041459647232
2.4352197135205 -1.623248182169665 -1.503674871517128
2.250751120898697 1.468732027964819 -2.518610460021242
2.568329209537685 1.482139077561219 -1.252236544093302
-2.878247830876971 -0.5214348925467216 -1.512774908403487
-2.826628248135854 -0.7224560894081263 -1.556804747384156
-2.773243715197241 -0.7774810536029351 -1.755528830217963
-2.760973900312712 -0.9198877939154988 -1.59787735284298
-2.701957552912146 -0.9748245414069463 -1.793664583795424
-2.681381097923623 -1.11279068961776 -1.636492714916355
-2.61721042332809 -1.163794490349542 -1.832790693027483
-2.588475000971658 -1.299762527904793 -1.671908396792754
-2.518803713564931 -1.348392235049486 -1.867050647488848
-2.482144771102173 -1.480367116297835 -1.705282148240832
-2.40734724542068 -1.525953494973487 -1.898295019063631
-2.363352471217038 -1.653406881105213 -1.734760761070713
-2.283347162003886 -1.695515192974127 -1.926453575139984
-2.232446697821103 -1.817979603666938 -1.761141566307196
-2.312134118489365 -1.775646896849631 -1.569340277069747
-2.174764439396628 -1.934926649081516 -1.593711699227305
-2.089952640031352 -1.973181193528118 -1.784749463544058
-2.026082408779574 -2.084488768269312 -1.615922790180589
-1.93677932129518 -2.1180909737121 -1.805018966483845
-1.866935600492518 -2.22350893477905 -1.635253661192656
-1.773228118827707 -2.251963652294231 -1.823248159636205
-1.699342190287773 -2.350301136961417 -1.651689141142426
-1.60080012826828 -2.373978635738398 -1.837656992727287
-1.520345565969955 -2.4665304226622 -1.66677252438317
2.528279719960006 -1.448559554898499 -1.57742374700952
2.504426124988284 -1.398178281006711 -1.813735721776973
-2.651889545392067 -1.248317536970115 -1.477571797782023
-1.79189730192441 -2.321716553989468 -1.466777813342205
2.540605008026981 -1.494515710632484 -1.373628961595241
-1.419575880294504 -2.483608151642219 -1.849889623649218
-1.336118316903088 -2.569248560127555 -1.67493935606106
-2.25403371241171 -1.892489403858328 -1.402191711127607
2.625046135540695 -1.315112731520804 -1.44681253621297
-1.233350101469894 -2.582493661341167 -1.844191192236494
-1.143578389110728 -2.65980604889355 -1.678486293788563
-1.245477495685144 -2.648535430611234 -1.50294203736385
-1.053910486736922 -2.730198076333611 -1.504201575282624
-0.9455884409172453 -2.735190088743464 -1.684760256374589
-0.8533754339045129 -2.798799006839236 -1.507416604857735
-0.7431986562433208 -2.796377113421179 -1.687766314804476
-0.6487472340171437 -2.8528056417568 -1.509586662228827
-0.536424728696123 -2.843510142959114 -1.686655630040532
-0.439564848949865 -2.893073022323674 -1.505838642721729
-0.32744938687138 -2.875543521307141 -1.684244455597212
-0.2300291748885419 -2.918051674621018 -1.500932231625817
-0.1163714853809046 -2.892981499390125 -1.677992848637347
-0.01853113562503489 -2.928310976877714 -1.493405696861376
0.09529811366005897 -2.895451022945123 -1.669056220520136
0.1931501434103347 -2.923767040688331 -1.482805711521348
0.3065468894006831 -2.883090998715517 -1.656740604437539
0.4036022474927226 -2.904285086854026 -1.470399199135676
-0.9586475382423199 -2.793682158114273 -1.333844457327783
-0.3430588013947337 -2.934945903068079 -1.324770169413666
-2.873627644058066 -0.6661620972200946 -1.358872606845893
-0.2154351141598015 -2.850045954872495 -1.86163381949452
0.2901619652439454 -2.944845524354531 -1.296090648247677
0.5000095167988545 -2.918574697835539 -1.282195386870192
0.6122493417837552 -2.870135321904614 -1.455053836193007
0.7073556186330637 -2.877712705524517 -1.266088395530463
2.535217475207729 1.252704074849119 -1.997647875446023
0.817763627496051 -2.821349817001872 -1.437994543103484
0.9111476455589186 -2.822507612284977 -1.247749453746616
-1.842698921338377 -2.146327290054565 -1.993330468078117
-2.32694802385387 -1.567809285950615 -2.089831758850221
2.636166348152566 -1.361110750022833 -1.241326441020889
2.712970428738255 -1.174345081123215 -1.315903261982774
2.550441898423343 -1.53301236785629 -1.174749070399563
1.019158584621959 -2.758341549688432 -1.418422763115857
1.11040005692893 -2.753308855530809 -1.226905520695155
-2.637462962148778 -1.024961200564301 -1.989897170087643
-2.499393471492012 0.5945372330847558 -2.870041066129255
-0.514559893989712 -2.571192334654384 -2.720220905604119
0.3864942413739729 -2.959014265801245 -1.107771267273274
-1.498825738855425 -2.390902479502115 -2.023142279907767
-0.8360107111849353 -2.732069572147789 -1.86657465590269
2.722237794023248 -1.222593847343233 -1.107536349768259
1.215409965141122 -2.681428240648804 -1.396655160780755
1.304068585759258 -2.670393426624392 -1.204515933119238
2.690354602447614 1.081778612792788 -1.654841061867316
2.71493281412029 1.292476604642328 -0.9015833423527581
2.703151296648713 -1.111333033111919 -1.526900725708061
-2.839319313860776 0.3292620821679849 -1.860838420639181
2.790436496205869 -1.031124241764144 -1.181368681202886
-2.374166615057963 0.2732350245757968 -3.30779024352495
-2.291845275264979 0.2131654731289327 -3.492658224156986
-2.290991383044719 0.4170226553544323 -3.43799572310432
-2.206549291027756 0.3566780963732186 -3.621735342487787
-2.1969399170485 0.5588072233922349 -3.561296791488092
-2.109568878813546 0.4980422049564921 -3.744677532713474
-2.090189107845537 0.6979031119803641 -3.680102608687803
-2.000712252335227 0.6363328341925016 -3.860876939040991
-1.972264573997506 0.8331728046490863 -3.790822193073081
-1.880977303583222 0.770506103267943 -3.968109635245312
-1.903704275593171 0.5720850551049024 -4.036650843584262
-1.779770435147865 0.7051212760104288 -4.143217309776279
-1.798768801189101 0.5050951680607711 -4.20663252746522
-1.747216029643313 0.8999715167646665 -4.069915763063816
-1.643747536621097 0.8330311476473403 -4.240782136242228
-1.603873764035419 1.023641715817888 -4.159528595991837
-1.495809225848776 0.9545638202956408 -4.328526959443183
-1.447110995511887 1.140035655232693 -4.241511968918498
-1.336339071925215 1.068399067070948 -4.405613475945829
-1.28841847512855 1.237345233609755 -4.313601425841393
-1.169830012181434 1.172793658122466 -4.468450634312308
-1.220047575625036 0.9915079670975453 -4.560198439592364
-1.044493425312355 1.091901250896748 -4.622598256563484
-0.9877490360944987 1.26927638718903 -4.521648113617448
-1.554775003337506 1.195701071739723 -4.075772997773194
-0.8606479020086305 1.182606462434853 -4.669713977848301
-0.8005410433122045 1.351450106243627 -4.561639168643537
-0.6684842713370969 1.26150890746772 -4.702490919004867
-0.5963112116422494 1.422188591419087 -4.591240046793936
-1.093951946156067 0.9065325083845819 -4.708871826240189
-0.4696465149658118 1.327495431415188 -4.720394058917844
-0.3993364403988418 1.483036220074808 -4.597642227830236
-0.266013824837681 1.379699958338259 -4.723124243343579
-0.1906652031450014 1.528579780397677 -4.592994646813676
-0.05961267540071302 1.417569191009954 -4.710640038992663
0.0128964012476618 1.559376904003939 -4.573446095493114
0.1460074353181241 1.44533343775357 -4.679137894408043
0.2196582539343163 1.57640449207392 -4.539576303611311
-0.5356289619884868 1.161316338562004 -4.83097711114246
0.3526859103454607 1.455040381980843 -4.636292022317626
0.4243385970596067 1.579569663141557 -4.49181989149576
-0.549303608270336 1.589325675562895 -4.439857806436045
0.5625292634848414 1.454635383319723 -4.573253017278698
0.6270816919230395 1.572291807093771 -4.426945240475832
-2.057859426141154 0.8930984721260739 -3.606447244630175
0.7575200384443062 1.432685258009533 -4.508271370314339
0.8208604244534904 1.546613787867195 -4.357525035545854
0.9449527179271989 1.395842029931798 -4.435190027842176
1.015654055413818 1.509787133614532 -4.271097265526504
-2.201963150184723 0.1522008207236116 -3.673547783722388
1.129018977845861 1.353837151892332 -4.34293562300449
1.19163684238546 1.466867896806182 -4.177242971164528
0.07290621636080111 1.70228507723245 -4.41395548241763
1.304852571550542 1.301550302173707 -4.240485708679379
0.07276390363233516 1.298606256851808 -4.813278403293436
0.683289482043921 1.307223015724781 -4.657830134158952
1.365050249736075 1.411891675284558 -4.07212440437784
0.7029639563490837 1.688443351503218 -4.258977709894138
1.471835281477061 1.240052325735213 -4.128785138648797
1.530564933036374 1.348785125671407 -3.956558725606204
1.630307454625664 1.170965481431339 -4.007273917002666
1.685174044569535 1.276761705221377 -3.83631277345596
1.238666447391742 1.18467180915814 -4.402000146064078
1.253432264215006 1.571530350561262 -4.002816930520615
1.777714951517727 1.093575807990925 -3.881145242280226
1.831277906196118 1.198527275888912 -3.707240990995792
1.567141674257598 1.058758649516796 -4.175348254642429
1.915709124983402 1.015356170224854 -3.743636611692874
1.968293443747728 1.114854751980977 -3.570564347344181
0.9587406923460984 -2.526005834360141 -2.471780306367819
-1.054081094313139 2.369025242962784 -2.804148016930505
-2.919844182519558 -0.4640353263944992 -1.314140877983439
-2.914935383160644 -0.608561615247755 -1.158697067570779
-2.955832478384358 -0.405414386903847 -1.11302608468076
-2.784581863135645 -0.132328528770104 -2.162297233824105
0.208188460598086 -2.569458250234636 -2.8460877350281
-2.522505262667312 -0.3658629340195295 -2.92439820141874
-0.2963461834718525 2.440605160747133 -3.150947643801485
0.7226551243971182 -2.813605875499884 -1.626705060595531
0.1986049268069234 2.586049023738858 -2.802126577773692
0.208716217769788 -2.854486762902842 -1.843175648432494
0.8006987467098992 -2.878715162764779 -1.075766064606414
1.198964366842957 -2.742061459140657 -1.034989894931702
1.390055372858179 -2.653319316713491 -1.011295572726429
1.491423409662945 -2.574182855697464 -1.180070193958553
1.57433950034801 -2.551521306028367 -0.9862499547066815
1.410872523290348 -2.196690708561815 -2.753445249965516
0.7099595055137476 -2.354904665134943 -3.148415680656841
-2.254715363813188 -0.5377666443702862 -3.45987338067223
-1.472960781344454 -1.77212540099758 -3.487408413572276
-0.5662620462567962 2.631308285575348 -2.505666440638264
-2.128255041353477 -1.320323198365401 -3.038737729285357
1.64718380193911 1.833390724058542 -3.136356500560756
1.084828689726306 2.397388145047725 -2.692957369681581
0.9004342721767563 2.488860828204962 -2.646883792019294
1.052676837822614 2.47890827673746 -2.50039336163475
0.866001338885041 2.565173086442587 -2.453140035004775
1.017793704841691 2.554045384440737 -2.30682221414565
0.8295192334548233 2.635551307079269 -2.256714026617566
0.9808335209166787 2.623331070308107 -2.110695070287699
0.7904758578697553 2.699768757146948 -2.0598603489245
0.9418237126592371 2.686746700930939 -1.912832191269054
0.7497440124700041 2.758283157962756 -1.860761286356827
0.9009276788831293 2.744392768476541 -1.713438034383015
0.7072463312059823 2.811071560154887 -1.660283774627915
1.090166848744058 2.664115064937064 -1.763639940970855
1.04896866664396 2.72103816698226 -1.564003368370158
1.234963415812924 2.632286222413141 -1.612189664422232
0.553658203165753 2.816010811095753 -1.8058353865711
0.5100606194954735 2.863954695317835 -1.604309836605312
0.3547156260111762 2.859737250526594 -1.748095187812273
0.3112274813699087 2.90273804264207 -1.546040853790015
1.19352982417575 2.68855367005144 -1.412296029797603
1.375657369474785 2.59146727729491 -1.459635167715726
0.1540917833315528 2.889424450330519 -1.687361929169813
0.1081992721900312 2.927688815035236 -1.485522975619492
-0.04771964115140703 2.904910444665447 -1.624671883140127
-0.09249879304256796 2.938830858165619 -1.420404354663523
0.4645310709020053 2.905751396722633 -1.405445847048769
-0.24923415520197 2.906400023450701 -1.559236525002538
-0.2933432552980653 2.936038798277076 -1.353415450267511
-0.4496580266383112 2.893966205321083 -1.491485742434647
-0.4936512312421367 2.919153019275569 -1.285680006876654
-0.6480528841223592 2.867794244078109 -1.421545748097213
-0.6907464904712084 2.889039770839264 -1.214467424958545
-0.8435054731133536 2.828128972908792 -1.34954347831083
1.333938179644849 2.647216128120695 -1.259389821186002
1.512047933729712 2.542085118166782 -1.305238178508059
-0.8856343161921161 2.845201111521563 -1.142409892022751
-1.035133766619373 2.775270428194389 -1.27560742418085
1.149251467918112 2.739529221768404 -1.211812560167022
-0.1377637528393976 2.96693838960067 -1.216943392333257
-1.075972827934491 2.788540468705195 -1.067882715364153
-1.222087691204253 2.709570829936934 -1.199865099594418
1.551141186338034 2.481617260654248 -1.504449907108884
1.682871630918788 2.424610889131222 -1.348438755520242
1.643515588599662 2.484616444184442 -1.149119698915999
1.809301765768187 2.359702756837859 -1.191601124391744
-0.5437031546450637 2.936707518055329 -1.087373882166676
1.164925228667801 2.534738284499992 -2.154870037738163
0.403283185341453 2.810460137298515 -1.94774722111474
1.289561084523989 2.697631387669387 -1.058574757714178
1.102650043985278 2.785198847498123 -1.010073130404348
-1.261421758183105 2.719217810476414 -0.9915946789503588
-1.403509356726796 2.63148153715678 -1.1222421434035
1.164972812321983 2.115531486334763 -3.251537772376943
-0.7912534825774807 -2.240939631033633 -3.336826492430732
-1.572135010285951 -1.976707737233368 -2.985084472358358
-1.261538622424975 0.8000132337972172 -4.639580574349353
-1.132963729984553 0.7130679741366619 -4.781450876861344
-1.293574175378645 0.6022095778881136 -4.703229973340936
-1.160442332345041 0.5128006029278812 -4.839143456286704
-1.313826807626522 0.3987098252626231 -4.751766950447807
-1.17544213765778 0.3073762937863722 -4.880901571062616
-1.321542033387674 0.1912512556081628 -4.784319690350658
-1.177270382360154 0.09875527634404424 -4.905896923246915
-1.316236795801096 -0.01818119970987246 -4.800263169558216
-1.165565281473703 -0.110870933860397 -4.91360457052556
-1.297759214817041 -0.2274511733157828 -4.799279939103863
-1.146878113161213 -0.3199470104484612 -4.899079336908429
-1.269791638410303 -0.4350999260229586 -4.778393318613365
-1.108910035520683 -0.5260097903666495 -4.871475420187379
-1.222455089791872 -0.6369571838503425 -4.746963623642619
-1.063472096498677 -0.7267066559617285 -4.823566837288752
-1.167019296667588 -0.8332754543694794 -4.696664088384975
-0.9992180815896246 -0.9191058112335225 -4.765163938623579
-1.105017107818217 -1.024086409364228 -4.62700435139488
-0.9190047905817601 -1.099811027080798 -4.697353067892559
-1.412819078096992 -0.3399118053057823 -4.678718322229457
-0.8033358640375008 -0.9716480425205104 -4.845469494747538
-0.7253269554852726 -1.164190549007423 -4.752941891550078
-0.8377580835168321 -1.271128233657524 -4.611270083094412
-0.6412079795934701 -1.330543139616783 -4.655943803134593
-0.5259822840084649 -1.218443594557017 -4.791240547931142
-0.4386319270754865 -1.377665255069001 -4.68561665438916
-0.321242176676281 -1.25969248210808 -4.813800058705641
-0.2318485763546152 -1.411743999628288 -4.699741532543793
-0.1137308444824717 -1.290654838033007 -4.817367763875176
-0.02287824319067064 -1.432258622086996 -4.698086619523238
0.09614689723065263 -1.300677772196893 -4.810328304616728
0.1862090305255404 -1.439053203801669 -4.680684392492267
-0.1435939878660293 -1.547533085102275 -4.57887796518744
0.3044316872439902 -1.300048554020872 -4.784397725246053
0.3933863081727275 -1.432296721800566 -4.647857771338721
0.5096395351767169 -1.285706299335376 -4.742905245157812
0.5967652748050969 -1.412466413632264 -4.600180534561201
0.4791713932821068 -1.555152255588131 -4.500951959358093
0.6806667991283961 -1.530006998570838 -4.447887015727981
0.7948375847103138 -1.379403793962216 -4.539167325434096
0.8763912769126365 -1.492306727519899 -4.382159754183192
0.986107420141479 -1.334080695231616 -4.465648088748955
1.065044040092018 -1.443009485513908 -4.304584187118408
-0.7516361882909961 -1.433935954087234 -4.51005699810649
0.9529346727028676 -1.597626520646843 -4.217534749699584
1.13915287349366 -1.544531738203031 -4.136432659249417
1.245791487791495 -1.382415423473848 -4.216606545594931
1.317366576841268 -1.481474786730873 -4.044610852293841
-1.274334408803312 -0.9307926832173448 -4.553958137690612
1.417724607318482 -1.311694144757809 -4.119028888793449
1.48666690988491 -1.407418209534125 -3.945336686560804
1.581392824985948 -1.232872680762492 -4.010416636059441
1.64668836162863 -1.325511669635703 -3.836855146198078
1.549945987858512 -1.497967794692144 -3.765771776945049
1.707232391271705 -1.413866445787255 -3.656179743186155
-1.039128718885451 0.414750939719841 -4.950307596472338
0.1040165033238771 0.1810217580019033 -5.308527366029153
1.797118122996331 -1.235488519074872 -3.721154698543349
1.855469026427901 -1.3221946290763 -3.53895534779223
1.024694024435031 -1.69577651529257 -4.046327487124981
-1.024199536396668 -0.2019780717286943 -4.99983666136467
0.4194014733160929 -1.149373763793152 -4.874412230815834
0.6226930941542493 -1.131428683155373 -4.820790868152125
-0.2018178049221514 -1.131205539616437 -4.929203277196266
1.937621308216758 -1.138405476680803 -3.598877119083723
1.993927542563953 -1.223786489845966 -3.415427670554705
1.761735776101426 -1.497651985839032 -3.471396834691912
0.5309796268465786 -0.9901445439029898 -4.947075043199295
1.508326580014793 -1.133715717428903 -4.181369241254066
0.7284847095100143 -0.9594721525430722 -4.888643728518989
2.068042436058595 -1.035189221332009 -3.470633666416596
2.122472974163022 -1.119521410422335 -3.286158820539746
1.662613183631296 -1.047664480419755 -4.070225568677995
2.007005231047469 -0.9472822649667998 -3.65128780360107
0.8335800189099181 -1.740882414853838 -4.120858805758402
0.9039016157381452 -1.837112118845382 -3.94494559062484
0.7085840588998356 -1.87328883092525 -4.014008407608515
2.043829739169779 -1.305553466087934 -3.228503086271155
2.170691085822936 -1.200259722770437 -3.098310237459208
2.241536698736982 -1.010709392166918 -3.150153279962197
2.287776440411397 -1.089714025564475 -2.963396298578034
2.087676340951851 -1.383779187090509 -3.038480239072278
-0.8945956892854693 1.441854230555348 -4.422163399894658
-0.9453321566862234 -1.369527882181219 -4.45982748835588
-0.8571574803025641 -1.529099964932377 -4.355067482500324
-1.048641432649722 -1.460773161198153 -4.298605097959158
-0.9578017237731382 -1.616461096853531 -4.192277103420651
-0.7624164800627132 -1.677958769247013 -4.240431518897778
1.718869951840216 2.359580862420941 -1.546645627775636
-0.002235562350380819 2.868005831600657 -1.81506866078187
1.671401515075731 -2.465220052280682 -1.153833988369511
1.750899220121717 -2.437294431611409 -0.9592874226799034
-0.927056529274733 -0.6079421865156099 -4.957300767304162
-1.448372331571528 0.07486163694770705 -4.681386551313732
2.045753714307895 0.9031177539507473 -3.61978186037722
2.097575086301704 1.023282084397312 -3.427195106864497
-0.4059962641711748 2.864136472053937 -1.691329455025115
1.585357312406855 -0.9456650843503265 -4.236550756603912
-0.9925569162864788 2.756955893939496 -1.482544824291423
1.769678568543744 2.419357269232934 -0.9920217516862223
1.930240757465778 2.287293994664243 -1.033333156606683
1.966350471777412 2.223316451919614 -1.231887925600541
2.081410862625578 2.144339826378867 -1.072445838984172
2.798483313389767 -1.080059154387349 -0.9719118208073502
2.729011678160265 -1.261156229572155 -0.9071933972196525
-1.145755108725409 -1.542622877706844 -4.13305154536657
-0.9259994298769446 2.85727766082579 -0.9344593315022259
-0.8615914136532273 -1.76246589001987 -4.07517616219614
-0.6623471585898567 -1.81589850284807 -4.116921419689612
1.854162153909675 0.9199279026180537 -3.909253753683329
2.350307853421811 -0.8961497627490528 -3.011435230813291
2.395058465175171 -0.9746804070890477 -2.824175923302243
2.328454560874546 -1.167000697495095 -2.771293858209569
2.434319822483195 -1.051430474761091 -2.631782037677186
2.817752256068954 0.9106726026108732 -1.281050794270954
-2.950242736790957 -0.5485612761455251 -0.9611888155700431
-2.90046943527145 -0.7495112915685544 -1.008083159409014
-2.98543274595612 -0.3446171710034067 -0.9179425273320129
0.7785471040754947 -1.961043364107183 -3.843483434094438
0.970912944510397 -1.91817602986184 -3.775519706790819
0.5782128335920743 -1.992324325251869 -3.901659732026445
-1.441181033270491 2.637638890522537 -0.9136714129734488
-1.578891781663766 2.541219027734928 -1.043365587027238
-1.538625836312302 2.535785381637786 -1.246728002823243
-1.709828432909101 2.437316615400065 -1.162850242711052
-1.747477249330549 2.43962163626845 -0.9602726203966335
-1.871722655883 2.328081171990854 -1.082547126019321
1.734813911934631 -0.8586358648159953 -4.11298772401562
1.242878719288594 2.742771236627293 -0.8562747079912506
-1.907571291539809 2.327278349730111 -0.8781755885582768
-2.026055547511874 2.208548809554969 -0.9957903051670539
1.581001848293129 1.451073515252644 -3.782316987162831
1.124106949025569 -2.686291515391167 -1.587748851844247
-0.6750808689121396 -2.580673967777398 -2.582671960149361
-0.4820957008077008 -2.642295685336396 -2.523985785863642
2.012853711531874 1.214750560579391 -3.391387981182464
2.138077151668705 1.124349491707137 -3.250180846217153
2.213682030047854 0.9312609422050573 -3.281798598352576
2.25449712120435 1.029498242656807 -3.103165482428231
2.321579556238299 0.8327547310008904 -3.132146710174691
2.361978727197647 0.9308643902693561 -2.951025922648135
1.053810648069893 2.825547218797795 -0.8074767923542566
2.492800243573555 -0.8563731327790531 -2.679877582378581
2.530754112526332 -0.9318910717393467 -2.488185340434116
2.467255505466165 -1.125649806644547 -2.437987819019995
2.562514662640544 -1.005299671022435 -2.294887064100466
2.045119552806003 2.207958622878706 -0.8737614360102676
2.190384670971056 2.058420693914249 -0.9124404024052507
1.84312270737803 -2.344088186289538 -1.125871929241016
1.918889780034361 -2.311215230232125 -0.9306379549946984
2.856644858043219 -0.8898818097190759 -1.041007345821495
2.84603465744801 -0.8347096717609439 -1.247853959411487
1.284833818891796 -2.724879992833565 -0.8415355411720731
2.12909105323602 -0.8400875618587907 -3.518349093021113
1.316942911480374 -2.601874757340853 -1.564288331150559
-1.848528876648373 2.309912324653492 -1.300255506712417
-0.7604194953835199 -1.89778339806576 -3.949645744785173
-0.557960624420779 -1.942939217448673 -3.985480006545166
0.6335222842267982 -0.8205215517600578 -5.004449925689059
0.4322804916525811 -0.8386191083713013 -5.060194216536922
0.8281898733806468 -0.7814246354486845 -4.936551107486221
2.864624174087112 -0.9346384772858879 -0.8345455995037371
2.113682809159593 2.076064219057684 -1.270746084833536
1.587422473067421 2.416298284652572 -1.700031924482204
-2.982412451996405 -0.1999813567457245 -1.066313449864803
-3.006805152531946 -0.1381713372863196 -0.8696208853628277
-2.99467094203028 0.006405110060612695 -1.017685031947402
-3.015508856469332 0.062596067652992 -0.8018484871711309
-2.992963209795843 0.211721490143849 -0.9646585282750535
2.131001713312706 1.549006988437977 -2.68375472264849
1.950057550413441 2.004914033519875 -2.126126666322606
0.1756173329181338 -2.977396909155712 -1.120614508834953
0.2720936705133555 -2.991485161904944 -0.9320021042432421
0.06039996108233715 -3.001981232092307 -0.9441270816814169
-2.197814730463652 -1.733626299865227 -2.116487720929912
-2.240955181842288 -1.605659788304423 -2.279651160313905
-2.106727297822352 -1.767512500155729 -2.304613622204634
-2.363129245180672 -1.435257676278047 -2.249889514773808
-2.361413024781926 1.465476156881103 -2.195461549388153
-1.858250279628936 1.960013670720842 -2.474941669435806
-1.974005056728667 1.804837210891269 -2.559888461614669
-1.827000422619102 1.902128559276397 -2.674995227878936
-1.939520428778001 1.744524435576958 -2.759462535901295
-1.790385752951687 1.840260484246725 -2.874489975856891
-1.900080790631137 1.681746206989153 -2.954566651726798
-1.750135535621078 1.773961415611609 -3.070011070793832
-2.047320192536187 1.581988247455493 -2.819918704053286
-1.856953362355828 1.610893580941539 -3.151488497664667
-1.704270557176858 1.703081553236427 -3.264426000532976
-1.590142427172377 1.859073345885334 -3.179615879917867
-1.542771117267614 1.786160876960964 -3.371908558651096
-1.422265125202291 1.934636441162134 -3.28271546737888
-1.372942192934397 1.859279011941906 -3.473492793669354
-1.24699696089353 2.000003975992853 -3.378890378143387
-1.195379946257241 1.921576433383937 -3.56872855288193
-1.064116002328658 2.05410834599371 -3.4691927174165
-1.01080204365864 1.972208355915572 -3.657150529874524
-1.140492459879717 1.83708819193773 -3.753889588624782
-0.95402225551069 1.884231242175414 -3.840055622002275
-0.8200186840875691 2.011253823709052 -3.73685323808388
-1.808435962096818 1.537305310069021 -3.343266698425747
-1.954749814448492 1.449939694671741 -3.208817965325955
-0.7614010325817507 1.918744412880497 -3.918141827604497
-0.6235467895291534 2.037289684130265 -3.80869058415902
-1.491018975887824 1.707868461439368 -3.560809187809439
-0.5634988328333036 1.940868683312464 -3.986178505891871
-0.423415113704348 2.048255105418017 -3.873908661837048
-0.6813075672381738 2.125224004155332 -3.628163473815504
-2.386690919942027 -1.729023440886266 -1.37632266065812
-2.32834547611187 -1.845753505185626 -1.209049251917474
-2.456029937838074 -1.678385728632915 -1.182258311608342
-2.397463716306172 -1.795033185740719 -1.014869727335111
-2.263045646474251 -1.957340759370507 -1.040643569558836
-2.520112751051786 -1.623931212249121 -0.9873056265701446
-2.335389296878847 -1.907880289271905 -0.8078225129535996
-2.191154646980423 -2.063458947793792 -0.8712754806618026
-0.8645738511312104 -2.504629926036158 -2.637992495092082
-2.05928496297948 2.204718348239926 -0.7937936396312109
-2.171889844942503 2.077260151580571 -0.9170382249134371
-1.913778967859764 0.3695170583607129 -4.09361945911699
0.9102399061800189 2.859535537547603 -0.960193887079122
-2.275809995295677 0.6181300812962043 -3.376018218910946
-1.931141422383239 1.024477700209532 -3.711826369170712
0.6745703023753324 2.637792425422588 -2.401182703452026
1.427483619910558 -1.02909948866932 -4.346717173663786
1.500627801965763 -0.8387433996668699 -4.3959042863753
1.339798046720718 -0.9202190464289853 -4.503060491538508
2.617428394342951 -0.8081128751510792 -2.342849100416107
2.648429295137845 -0.8815019585667536 -2.148314603629961
0.5078380166460612 -1.895422344348376 -4.074467219284681
0.3752657334675181 -2.006389639232221 -3.954800427023457
0.3036879980704887 -1.905007523525386 -4.12242592115452
0.1649759931520544 -2.010028633908308 -3.992685709139529
-0.9613666514546013 0.8165768688874766 -4.844975079342392
-1.230558380019483 -1.378559399859433 -4.234015773796012
-1.325201828883136 -1.457453807042228 -4.063326797911808
-1.403774884926861 -1.286397165923708 -4.157645899807973
-3.009120027598928 0.2620104550263515 -0.7504310169188425
-2.976778147341903 0.4142954208107238 -0.915820830394023
-2.961382171442428 0.3578352627191265 -1.11776551310182
-2.935919136045154 0.5615624670910446 -1.066032445660368
-2.947567493585549 0.6091293143227436 -0.8709767162293408
-2.896477406996521 0.7621201524527725 -1.014222030586033
-2.885470447572067 0.7044120532863548 -1.216401175036964
-2.837244586720617 0.9030627061902538 -1.160947712897448
-2.842957544433472 0.9617352155031068 -0.957240146945685
-2.775066173463394 1.098442988203555 -1.104435662409726
-2.77653931765494 1.154726796238956 -0.8995423572096701
-2.699859735614256 1.288244915111159 -1.046096237995557
-2.696782021452968 1.34288605864533 -0.8411607942958483
-2.611765295949565 1.47216204712678 -0.9865995932434071
-2.604846283721185 1.524125158618005 -0.780765948239889
-0.4600434668519374 -1.853450691060197 -4.149767548449502
1.407966940538357 -0.7268764833835437 -4.547134701943452
0.8596341714084462 2.895022167784266 -0.7571465211762776
0.7134074366053269 2.920278956151996 -0.9089358664326281
2.063429233936188 -0.7502060227458421 -3.69470678229378
-2.149355556362025 -1.639229121664835 -2.46752378756878
-2.010070221907587 -1.796894600592116 -2.490583083747042
-0.3620519467051826 1.946848546612836 -4.047963954053314
-0.2200263155117325 2.046115044043936 -3.928341879128024
-0.2806289052525324 2.145463396704419 -3.751397357923653
-0.07615152275989062 2.134203304182499 -3.800190863679518
-0.01512313793887134 2.029004062305025 -3.97372766355711
0.1286543674491697 2.107300259111081 -3.841330451913965
0.1897781067391471 1.99666201246586 -4.009697354171421
0.3328527835133012 2.066195386304033 -3.871817629494263
2.005772287134165 -2.211418673976366 -1.09624557416288
2.07747694885332 -2.173996988208377 -0.9002034556120516
2.158585937461465 -2.067897321873435 -1.065006219903432
2.226065371159306 -2.026142999634211 -0.8684765030264308
-1.081859402868332 1.745960972432591 -3.934608036007643
2.050206294283941 1.310923840758007 -3.209531072218454
1.763555738028453 -2.371858944682223 -1.319885840633809
-2.98203404751127 -0.4825200304156469 -0.7465709710832713
0.09715521926843336 -1.897594931733363 -4.16316408790432
-1.803473396352222 0.3012689192053135 -4.259591852833851
-1.909581314583535 0.1641116487565447 -4.140039347664985
-2.698884946453384 1.232202263866085 -1.24095040749213
1.826583032473003 -2.404181988772827 -0.7643982716875045
2.420347569676523 0.7306585424261786 -2.978473298758627
2.459808236055606 0.8284330487677453 -2.796767738919478
0.6458407254585985 -2.073105008725654 -3.737951077225295
-0.8329335182446448 -2.579300585766796 -2.442890556051744
-1.019532572581463 -2.494622028637029 -2.494626240901942
-1.298384759309344 2.724230294139798 -0.782610278944706
1.917164409139256 1.396576259138824 -3.346814564051631
-1.780078903228423 2.440385075875738 -0.7489960477464573
-0.9573046519086349 -1.838868673769673 -3.903926090544464
2.27349022634182 0.7315872729719062 -3.311166284317867
0.1568361980937095 -3.016009949851871 -0.7555593738971375
-0.05517486390917159 -3.018649631203633 -0.7667953851967457
0.3681882552768343 -2.99860686414878 -0.7427865753399204
-1.793349763464304 0.09512996994061781 -4.301559636575639
-1.890699942307178 -0.04262156611888106 -4.175472104944898
0.6614563666792527 2.950846439127249 -0.7053724604987868
0.513104748929726 2.967186995125946 -0.8563926659834878
0.4601598294374895 2.992814741074831 -0.6523511250577297
0.3102926954506079 3.000084486993527 -0.8026511989970254
2.914089733857425 -0.7409659528055729 -0.90226866658095
2.917350826223793 0.7220530239717932 -0.9167377152896851
-2.84233240163171 1.021528110210515 -0.752615837005303
0.2407779851667614 -2.10585370721923 -3.827318562129859
0.03405140714052931 -2.0966139431994 -3.865136379301489
2.694849272261087 -0.6825066412566756 -2.19259461079869
2.724886828409086 -0.7547247767908821 -1.999152716424605
-1.497009177368814 -1.356950931340762 -3.986998637500646
-1.56683480759014 -1.184576372050394 -4.071604428657945
2.144719480891314 -2.132150073256351 -0.7035021001106557
2.288589557520325 -1.979221576270806 -0.6836035604104082
-2.202071430704852 2.072097506125859 -0.7103409220840096
1.566117048730939 -0.652693711746517 -4.422339949080406
-1.768047686913981 -0.111685179815187 -4.33209904449372
-1.858146293794341 -0.2494641184212984 -4.197856528599582
-1.976821745704259 -0.1798041496641549 -4.040874816248152
-1.934719894890006 -0.385385787135586 -4.059083381124324
-1.807777232699511 -0.4534674025206248 -4.212773640614315
-1.877721448621928 -0.5880283320220346 -4.066587789939851
-1.748567683133345 -0.6523825840568228 -4.20937861970399
-2.11755769620996 -2.109957224094472 -1.064609882152301
-2.039543007337188 -2.210359485066854 -0.8946937701520118
-2.110797207202864 -2.16575424483195 -0.7033492206588899
-1.956391326791775 -2.30380124946997 -0.7267217535667597
-1.877871978032721 -2.346446356183395 -0.9168749717970546
-1.789288941845186 -2.433656877333278 -0.7488325913205575
-1.706986303322972 -2.470973030312723 -0.9377096164515718
-1.613414376525144 -2.552048275283437 -0.7652736845654983
-1.527952139244889 -2.583271642661737 -0.9563056813712772
-1.429720085591645 -2.657528959893515 -0.7839188957472419
0.7299006334712119 -0.6330125701709352 -5.047160538777114
-1.467331062810398 2.004671903626651 -3.088848583831262
1.225551573409045 -2.606416214224261 -1.755507477502206
-0.6552323153748534 -2.022455803446172 -3.816549827542329
-2.514048039820454 1.645479494396568 -0.9237712874650332
-2.509314063832653 1.684419930688714 -0.7288941601505955
2.153785561990527 2.121894401011223 -0.7134994240540438
2.292793070806502 1.966254747113488 -0.7512311315324762
2.324830093020481 1.899396159167834 -0.9489451622092294
2.420661023951894 1.801466668320885 -0.7871669879835328
2.004480837086803 2.267399981927349 -0.6744524994185526
-1.442863074860893 0.4865133954212295 -4.610958891199501
0.9195592144931839 -0.5988881207620783 -4.964894311953776
2.176414861983328 -0.6396129472382647 -3.558273864665971
1.193873537045298 2.782566036973771 -0.6539329962056103
1.378979373589952 2.69162999520208 -0.70226761131148
-3.024722835389533 -0.1089888875585893 -0.6704252261810812
-1.113512037477839 2.129015641940815 -3.279489295629284
2.396843496295092 1.021378121964369 -2.768833873360875
2.493199610856739 0.9223171157641502 -2.61130735399661
2.549008449230513 0.7228931959474308 -2.638361638152746
2.580961719253204 0.8179923139146111 -2.452889851899099
-2.052226168142575 -0.3157491994304481 -3.898679286872687
1.797907001688911 2.149571468623112 -2.104036475336272
1.672189465402153 2.19600171611045 -2.267196932312271
1.923846146181445 2.089248517131708 -1.943980242374175
0.9186966801373408 -0.9238818955731807 -4.811417501172723
-1.340939693423836 -2.682869823139393 -0.9752341845722945
-1.241494625950958 -2.748916171642203 -0.8006392519164207
-2.142907222877269 2.070181275913054 -1.144824340033302
-2.825717609746229 0.8437853943385438 -1.364294180631105
-2.869319089076032 0.6437643146557395 -1.41810943585337
1.414558971456421 -2.514501971155835 -1.730804228417216
2.494261081618286 -1.197266805597015 -2.24282038780433
2.390479379151328 -1.313613650951983 -2.384034506390269
2.919192567979002 -0.7886183822043528 -0.7084167313402602
2.363806144210105 -1.868285381538991 -0.8373672085186221
0.2718311686616796 2.175252741729468 -3.700848175747895
0.480684562514725 2.133780353801395 -3.709689284217246
0.5367917619734702 2.015941161645521 -3.88271791265391
0.6770147188517586 2.067007363802131 -3.731438283055065
0.7322098511599565 1.938427033841202 -3.905577291415929
0.8691615449954295 1.981364760224541 -3.751607211050865
2.5187244033017 1.019101773099821 -2.420393357300491
2.605031344558909 0.9197957675464417 -2.258075090522068
2.660975217358543 0.7111131012519752 -2.288674462712461
2.684957851053722 0.8081322033784573 -2.097557984251841
-0.44303348174113 -2.063588852763487 -3.842355196818229
-1.811100713248743 -0.7790955460166212 -4.060801839476745
2.423100589141851 -1.816077694194761 -0.6503255811523763
-0.7001478821974693 1.819235448707733 -4.093347552822728
-0.9818940043237367 -2.574016274728887 -2.286544002993857
-1.655889219235466 -1.257618532826134 -3.893900333803715
-1.939045784131751 -0.7194024347030523 -3.911877327151077
-1.170754406558879 -2.4749010896417 -2.348150688278618
2.674678981817032 -0.9460987107520515 -1.957337660173257
2.749143074290168 -0.8259826517808724 -1.802817355463547
2.791959784204043 -0.6258701188938675 -1.847217740348631
0.2569502904463062 3.020754599861105 -0.5981225192373522
0.1059336735900194 3.018861814324938 -0.7478004227779538
2.864770612345972 -0.9859671711883325 -0.6277474717235759
2.961050269112999 -0.5903859366579379 -0.7646416713904441
2.658458257955001 -0.6067951983174565 -2.386821670237399
0.2528364018765505 -3.023120773848019 -0.5662436848039648
2.413886033747489 -1.382803905864858 -2.184976309286603
0.8286051859695724 2.107748965335093 -3.565401762439437
1.330108383721593 2.730814402193605 -0.499609934729065
0.1051933537454454 -2.194116475801044 -3.692786724623015
-2.01165155953809 1.082608182884961 -3.526980594488611
-1.886607151039349 1.192617597464291 -3.627800371731257
-1.411041114818744 -1.512442252978399 -3.911457368589507
2.388190495241671 1.868438419063885 -0.5890679397132633
2.509361504403423 1.698033003758511 -0.6249082266857701
-0.5468745594454227 -2.136627685274272 -3.676675014625183
-0.3397487013434624 -2.164970503551606 -3.702117828069624
-2.518511796441854 1.595572912191042 -1.13004639680334
2.815558615757531 -0.6961850319023919 -1.651353396917316
2.732020588268683 0.5991149134296654 -2.125790136247072
2.75562437528104 0.690079132956227 -1.941215503159011
2.490409573525305 -1.701290583712911 -0.8031417662864946
2.54378328632637 -1.648433222309529 -0.6052409692867676
-2.688952336752513 1.394786866696282 -0.6353253897750196
1.501788196836084 2.637068656138577 -0.5490254948978074
0.8061057000441672 2.925681365263598 -0.5492499149221607
2.811836153608459 1.131681150064191 -0.6078503704730056
-1.672882634563182 -0.5193210607445947 -4.35668572645925
-1.599604251992933 -0.7167234031526417 -4.355220936502478
0.9242999357255096 1.852453484497541 -3.908580819713726
1.060579075077544 1.889397332894528 -3.746170402045907
1.272722078142575 2.571786851387686 -1.807977575794901
1.998308534750937 2.154790647565575 -1.429926238053126
2.141540707058162 2.0035479022106 -1.467672223026461
2.250325932222721 1.919190615991965 -1.306666199295964
0.4190510930473182 -2.834075693910051 -1.829983212057207
0.3216552321185928 -2.805478594853457 -2.014646013942516
0.5304803333165509 -2.776935170162482 -2.000551494321472
0.43285630713384 -2.747939622163061 -2.185293448770545
0.2227927370318226 -2.769284549757454 -2.199142472285256
0.6403805684700661 -2.711435571034627 -2.168924270735924
0.3339917881437361 -2.711739689065327 -2.367962295943936
0.1278412116381435 -2.72646296236911 -2.377665284106304
0.007200991525021484 -2.774329165483227 -2.214042687974887
1.030662711794542 -2.685024380027543 -1.775972051265423
-0.3196991576205948 -2.623728051560996 -2.657808763512609
-2.118440359935941 1.698377196104074 -2.426835437458896
2.298098215328606 -0.8133137554362252 -3.199627961927047
2.398196854683441 -0.6958065645367955 -3.057312462090149
1.090172938541109 -2.806138007204839 -0.8645010297725463
1.177749054284559 -2.788068435196454 -0.6713509479209407
0.9817339797587468 -2.860740862919625 -0.6996994427316141
1.36839734214762 -2.701519057223952 -0.6476028801746512
-2.087694950188856 2.1994093134003 -0.5855578105407574
-1.476525199702662 2.639215394010292 -0.7041525426419759
1.233363359651945 2.378928827168123 -2.544183550814347
-2.75895790654273 0.6736297367618128 -1.944385131557611
1.952823098328743 -1.483961373280662 -3.16477664425646
1.992992308188659 -1.5596837566746 -2.971988038034703
1.850305025838141 -1.653862871908793 -3.095182989149704
1.888741934039793 -1.723908668382816 -2.902307404554324
2.027856195130618 -1.630757836888978 -2.777881900610358
1.739770809518063 -1.810334043052918 -3.02298765508285
-1.263189821260686 1.690618474218402 -3.842686968567829
-1.202277651143358 1.596145210985162 -4.020879577255075
-0.9262598525406746 2.174224534355934 -3.365273724268768
1.33408963920949 1.994576964956807 -3.2861992125018
-1.961092181144342 -1.919639163523918 -2.325309514560917
-1.859513870014447 -1.944400704412805 -2.509275201060072
-0.1509048052072348 -2.997768819000544 -0.9539809853542666
-0.2669425355074741 -3.006493322866894 -0.7767063275985514
-0.1702523011107636 -3.027760736826524 -0.5843894908250843
-0.3824010470967346 -3.00797598216789 -0.5900118225626477
-0.4770268260387719 -2.979828043442504 -0.7832006410170138
-0.5906589275206297 -2.973669601282932 -0.5965769929319521
-0.6848261623482732 -2.938411571694315 -0.7903146952156443
-0.7932110252880886 -2.925355967553425 -0.6084343225422337
-2.571636112016818 -1.502703222731743 -1.153126857135421
-2.630436121136184 -1.444868468954642 -0.9580391758344196
-2.578728527194927 -1.566136566200239 -0.7915162293845062
-2.683829179924596 -1.383841902449275 -0.7614862707964416
-2.727951971689604 -1.258606665390829 -0.9274313480553247
-2.77582609919631 -1.194978256001889 -0.730444846057722
-2.631868785105279 -1.505146437711073 -0.5950193430327669
-2.522772766606004 -1.677812064094105 -0.6267926402935735
-1.327720817445909 -2.724619296654894 -0.6096787826501674
-1.670555471175805 1.990840734057141 -2.787374894733464
-0.5719540361058787 -2.944649388192708 -0.9718260584896037
-2.135688531594078 0.94974889785105 -3.419971757811695
1.698897428189215 -1.740157999893631 -3.21306625024378
1.581444296186316 -1.890704063836542 -3.135778504969894
1.538997966637306 -1.817552902306029 -3.325814974422685
1.415797841448418 -1.959440687866321 -3.246268778840309
1.371058306623067 -1.885217368271346 -3.432995295354766
1.239569130640663 -2.023927317882801 -3.34369190994611
0.7646641671883422 2.8840984339853 -1.111072380644408
-1.200540156924455 -2.396578659100846 -2.541553025006671
-1.32740805944386 -2.387651960731759 -2.369367494334519
-0.7908905995078533 -2.653610678037272 -2.234415889820478
2.341003931557675 -0.6120834675189083 -3.241085991268566
2.432432418485731 -0.4922736475400874 -3.095099593737494
2.488278194156649 -0.5756155208836257 -2.910859842082136
-1.621405356775333 -2.502259399305332 -1.128022076093391
-1.805131525096803 -2.061000069798332 -2.341392472438755
-1.700947269522588 -2.080311786298298 -2.519899680683498
0.3627875239020792 2.974006217152586 -1.005307053633034
-1.375041626388309 -2.284810102860472 -2.585329608624221
-0.1371385168040452 2.229640411199625 -3.62424372617604
-0.3411541201296336 2.235357404926253 -3.572212874124792
1.636199787855973 2.282895873746694 -2.078118940162285
1.505389975472213 2.322498148030002 -2.239148672940865
-1.85041324976965 -0.9346222944571696 -3.904051591074504
0.4637024808459198 -2.998717825415839 -0.5550046602529385
0.5769627637401306 -2.966615404275937 -0.7293834479563607
0.2310010434002632 -1.794083216790999 -4.284930982086418
1.147278029187148 -2.591612115764728 -1.969969490759371
0.67078741054048 -2.960149866286514 -0.5408088688180074
2.949662876795005 -0.5473850773165874 -0.9686126122140483
-1.372560137637459 1.540510742082531 -3.919778276504429
-1.472103750852391 -1.106202964523441 -4.242600777181962
-1.686726550626674 0.2322770787047702 -4.415364682797815
-0.2913116768272094 -3.028820224047199 -0.3899219330730179
-0.7786092580063767 -2.89600016679306 -0.9796846061424304
-0.9751666540434045 2.245708286186463 -3.175093205765888
-1.161340248871195 2.196150413887511 -3.088839758419366
-2.409730170195138 1.768103853117573 -1.068857431851373
-2.053384241360763 -1.668589814140496 -2.649543421178107
-2.185409522173049 -1.505443284691125 -2.625443827523431
-1.019945129071259 1.650680037656824 -4.106253475162305
2.967094172648689 -0.6322492193754463 -0.5657023902231516
-2.809241160205426 0.7822465680982466 -1.564623991171682
2.106015189729016 -0.5509323489891468 -3.728193452841333
1.989835680424993 -0.6576413050493584 -3.867107693994536
2.024338795261373 -0.453253062695902 -3.901776821454569
1.911770369065464 -0.5629978845506431 -4.028934722061054
-1.333005883297498 2.724654208512232 -0.5730255136320704
-1.150565288257994 2.800999131248557 -0.6506950575742569
-1.689753654199804 -2.5197904963996 -0.5624004713165673
0.3005970462871689 -2.196531645377785 -3.6555769401276
-0.2863789773893816 -2.690436847558122 -2.45908916480729
-0.4470069211742066 -2.707312059616194 -2.326318635804101
1.951419654032661 1.48911988335066 -3.160036281078793
1.249735358589847 -0.8091909964731547 -4.644452992531964
1.310278398234056 -0.6118225624793261 -4.685358029610707
1.168797614927373 -0.9950084639202412 -4.598547252136681
2.111768936915627 2.181638125096915 -0.5217152952694583
1.264320649978317 -2.763091178071623 -0.4789591218842959
-1.154770086729615 -2.767288678981488 -0.9822716619696363
2.087875936118987 -2.098912875136955 -1.286253226195829
2.244041048938629 -1.942430828820224 -1.233013879672734
2.448424962386041 1.730548251576541 -0.9850523096849021
0.02449131499600038 -1.784391320707613 -4.315854813407176
0.05125701987130568 3.034212119183204 -0.5502109354338205
-0.09876697547511631 3.023402837985188 -0.6929732747773965
-0.1542235730624724 3.033935755543183 -0.4934367645956901
-0.3035726726369712 3.013938227724742 -0.6351220447690362
-0.2468440815413656 3.003131521574162 -0.8343447669447615
2.078747663061971 1.403500424278071 -3.029574092681563
0.3471052291521119 -3.023518080908299 -0.375905241662402
0.04706502810503357 1.921555279948618 -4.132260465268387
0.2516524067940217 1.88372168256659 -4.162641440098344
-0.7502311661868591 -2.093669092883832 -3.642579267042168
2.234366419773933 1.380847548795738 -2.707145573705683
-0.3558978403935881 3.020081675423894 -0.4308974951162558
-0.4982627701861286 2.992428466382841 -0.5670261663195585
-2.08846729452668 1.134503391759821 -3.336415787600598
-2.208378531124071 1.003110707619424 -3.227816700051706
-2.158422459351789 1.185153541455594 -3.141763059447428
-2.275047334736176 1.053244674908496 -3.032504551048055
-2.217254310458077 1.238212732089325 -2.948997118221638
-2.334270665508554 1.101301281252469 -2.837404209066512
-2.274841666570863 1.283766493366934 -2.749604084932246
-2.317791356007029 0.8635832563299061 -3.115242596155422
-0.1266009155374994 -2.661493304523972 -2.59209863779201
1.811624868992904 1.565842495947001 -3.297418787816628
1.50289418697709 -2.504274306072047 -1.538813584426269
1.596278005546472 -2.409673369604431 -1.703408520848246
1.497967146000151 -2.415897617887358 -1.932742298944601
2.987975806817122 0.5295475399081089 -0.5520058636438887
1.92253174399617 -1.789682843048976 -2.707168193635773
2.060685086411019 -1.692897018778102 -2.58460793405279
2.159963464441872 -1.527499886420418 -2.650622719074765
-2.938445073241726 -0.1139538840415738 -1.418087549450923
1.63390442950909 -1.947770218795809 -2.941734812628872
1.600578426861769 2.539780355043794 -0.9492739287105508
1.727180855866865 2.473657992490052 -0.7924513643928793
1.183422450343878 2.010364501832592 -3.42935694463851
1.376640809846754 1.868921237641567 -3.453241995392119
1.541041784707779 2.235065804661291 -2.428054439080444
-2.946946414925368 0.09272122132170819 -1.368260597333503
-2.914345172957097 0.2395777193295049 -1.518193500933369
-2.758870298952662 0.9801806794159668 -1.496690406948498
-2.436730243465262 0.5352797662618745 -3.06293632162695
-0.1970725141261817 2.318012367432457 -3.442650746700103
2.06438235646103 1.945653629780539 -1.958710763670772
-1.147087111555596 -2.804585306628574 -0.6217453963378099
1.807455224813808 -0.9561793152422193 -3.94912449600317
-2.016916230020509 0.2319214878133317 -3.971946703795997
0.7366660190263863 -2.733925751028033 -1.982032291763913
0.8442117298981086 -2.661430298143424 -2.144998174583647
1.77442182855759 1.475055554262718 -3.481158183385908
1.663447733321658 1.635723486268256 -3.429092824936773
-2.036661719551151 -2.250944865842707 -0.5342997443365184
2.727044772400925 -0.4845543283578764 -2.231413324287899
-1.799297726759261 1.142224313819713 -3.807576846207077
-1.739634194477824 1.32816485020142 -3.70711685542592
-1.644923716836886 -2.187740778497933 -2.350621847948211
0.5616555562578084 -1.669087398897702 -4.345123395589698
0.4052628165388865 3.012744926442243 -0.4538841114508406
2.189304090790294 -1.591668423809999 -2.455377314337314
-1.532660006763751 0.7618144591515231 -4.40487839408092
-1.205221773955798 -1.122591409795981 -4.479048635076349
-0.1216132680770068 -1.887149298955842 -4.175632580466305
-2.198329501778524 -2.09535008630658 -0.5098276581962338
1.299707763252992 -2.085736409618452 -3.153281818397451
1.115674828739142 -2.144726514512711 -3.245945135329402
1.06680107695757 -2.072918711263718 -3.432458735215584
0.9030349277351181 -1.223267252419143 -4.613166291631977
-0.7860639350476536 2.27930636968329 -3.26064600801488
1.494901789984489 -1.736592318483024 -3.513284505512427
1.325142837498089 -1.802649881577291 -3.61775615564604
-0.6652599930482106 -2.902987272682584 -1.155134118506251
-2.087440873268406 -0.1092271076794398 -3.875984582423972
-2.160685247893885 -0.2450086733081476 -3.732366753713511
-2.117081864273985 -0.4505095837216636 -3.750088214101976
-0.1835559258000277 -1.770038287273227 -4.322166133505138
1.47725369782075 2.398903301977132 -2.042501986409176
2.84942204468241 -0.5011462075277282 -1.689311571456014
2.872118535134574 -0.5678925263966593 -1.4972518940273
-2.847887370892038 0.5818610935068308 -1.616937524946053
0.9215287717623007 -2.186789746119952 -3.344396246993429
2.702920772477198 0.8920914311488486 -1.916035091119358
2.773776679950189 0.7768662757377838 -1.753794707722983
2.817955268278362 0.5764866402528722 -1.774612385520717
2.833089262315027 0.6661089807725652 -1.596996243180124
0.4128129166929577 2.231403720883606 -3.55669611786789
-2.811607083647278 -1.067864696693573 -0.8946178347499283
-2.853760282829089 -1.002496748130213 -0.6968515940743714
-2.76332039304646 -1.132523588512236 -1.08921133884137
-2.8179025056964 -1.12901856931407 -0.5328355363471652
-2.890645348977886 -0.9316243491035353 -0.5080051511387739
-1.758182265842147 -1.966060738289799 -2.674667677345568
-1.596221126768749 -2.093327283539234 -2.689782947000618
2.70156095886354 0.5098756299536431 -2.307248769192232
-2.412287310827353 1.721110975299664 -1.266363829136334
0.1575584887505448 -1.671944338345648 -4.442415113222513
-1.250138502449022 -2.70342567911882 -1.153222588942896
2.275984005015768 1.843886687115929 -1.488639651751116
-2.85912282304593 -1.045826332947804 -0.3499570195254976
2.219246346176568 -2.074038706067258 -0.4991370193504355
2.064318273902643 -2.225243423611655 -0.5389066657305863
-1.509498258167467 2.636220590464676 -0.4943823158267763
1.979441855114714 1.563519196986303 -2.99332626150035
2.354180095050938 1.289316068903277 -2.529789342312102
-1.524314157480208 -0.580368996676071 -4.496808248354514
2.024596856242853 2.08552569019215 -1.617515831925028
1.448461539328588 -2.67199433549581 -0.4647291575925572
1.553610366133334 -2.601212211112266 -0.6253974509478962
-0.4121060723928165 -2.248065211346868 -3.524890368565027
-0.2126783911103933 -2.266268778301064 -3.54314604383557
2.378575707176533 1.747625673077552 -1.347284500864504
-2.915939948658922 -0.8119268392341141 -0.6679158230978607
-2.241347330264748 2.050034824147944 -0.5003854750305913
0.588064201398908 1.891706073492088 -4.046810218784715
-2.305856003693787 1.943567784124592 -0.8071119454669957
-2.38854795440407 1.146129449111016 -2.639078952272298
-2.436369687463281 0.967013981170577 -2.722896769843676
-2.323740855174625 1.3283534625717 -2.553844698916938
2.206071125401847 -0.4465356032746912 -3.592194001118212
1.750678629128122 2.292115180771409 -1.735217927130093
2.607175075046519 -1.5251433042899 -0.7504894780600913
2.653238395317938 -1.472135125685461 -0.556298633870395
-1.136705370060631 1.494915065049974 -4.193532243404586
2.42630902241157 -1.7595603416872 -0.9951194079488321
1.968543443939163 -1.837002246635199 -2.502444805457536
-0.4016062626763753 2.315554515651024 -3.393234419557506
-1.133177222052758 -2.548850373526792 -2.155730962960469
1.952168228791252 2.327053466630061 -0.5008168788852202
2.525515424954649 -1.261595945294515 -2.017904233087193
-2.086798205994476 -1.53384381877412 -2.812792567528382
-2.520130027083677 1.547069764936196 -1.309896867650578
-2.947808276919917 -0.7277030210577589 -0.5216792280820495
1.139382059436079 -0.6875936469233629 -4.788156099989258
1.197064469434075 -0.4886069177465343 -4.819584842032738
1.331010698399539 -0.3899764789908342 -4.739409545459115
0.8761658002791883 -2.109449578103137 -3.527557670775247
0.7248389117891428 -2.217469463724427 -3.42913159294896
0.2189724047506858 -2.671444551035815 -2.541745116448506
0.7672563077567526 -2.625240673376456 -2.357994187651983
-1.623264818132446 -1.005850631100823 -4.149839118751923
1.15004948189273 2.813917267814968 -0.4543052295114855
1.285316933141889 2.761478549555087 -0.3060620624412452
2.869635343030586 0.4687763470014012 -1.61172466616482
2.882922542638469 0.5595645002483953 -1.442637586308975
1.003842504422194 2.120363664120952 -3.401935310474179
2.763713010657264 0.3911488585318565 -2.148397001690861
-2.111674213577049 2.191590502835026 -0.3755276256909029
-1.966180477406373 2.31765616629922 -0.4653792153983274
-0.2260748992448729 -2.083330554514438 -3.867328727171384
2.537222738082977 1.119454623168473 -2.218349613678476
-2.212248411265381 -1.366049344575865 -2.78413680574062
-2.305447196014202 -1.334050127535428 -2.594912059500631
-2.326531430283512 -1.191990286631767 -2.743719285798527
-2.413357287186924 -1.155645987294578 -2.556513167828632
-2.426812219456853 -1.010127619898388 -2.701160514837462
-2.507272397102212 -0.9704875907283268 -2.515464584468278
-2.512982963545106 -0.8210479119285216 -2.656064919755608
-2.58752042852764 -0.7798502535841645 -2.469601802981165
-2.581502174382883 -0.6279512874571875 -2.616100026445185
-2.653062704079171 -0.5856267818258 -2.420921474622622
-2.633790684663533 -0.4368320670316729 -2.575558709453885
-2.49344525924575 -1.117100091495433 -2.36789857237507
-2.656008353112188 -0.738856202967961 -2.279474114794262
-2.716022996140448 -0.5368820885953051 -2.235868061805769
-2.501784512142656 -0.6856620972652222 -2.80106002481677
-2.718801421750646 -0.6873280189678836 -2.095944412918178
1.936398628560507 -0.360195980872992 -4.06368260280373
1.815633895602155 -0.4650483589923461 -4.198633031941926
1.349968049412687 -2.729899218346319 -0.3208118005919368
0.8168084717647627 -0.4435412446333225 -5.068075353761079
0.6237355026272623 -0.4788778560210755 -5.141226202089443
1.023959177818538 -0.4114358515163237 -4.96075257309887
-1.987012016424321 -0.8466656243258337 -3.758163930654951
-1.904465794861117 -1.039293350284295 -3.741104487470293
-0.2479928965032737 -2.761644311468843 -2.2200615347204
-0.4259283059855201 -2.757059992269932 -2.154273057252917
-2.19773481996391 1.460076342788634 -2.671674311365039
2.114263607504763 -2.190729034827916 -0.3452834562096879
2.998606197627733 -0.4447101842165503 -0.6021151666004085
3.004020554349639 -0.4840020227555316 -0.3907673500082789
2.513900709497882 -0.3702732317064535 -2.945172472400001
2.573426027345276 -0.4438117829877755 -2.751522996904937
2.646845010664889 -0.3150120939239989 -2.588901037151979
2.451269244143582 -0.2903083238497934 -3.127390699394371
0.2055684500648865 2.276980152125668 -3.52347995181641
2.45607729248632 -1.78925719896014 -0.4771221439938684
-2.292869125317774 1.888048696930809 -1.21660036884494
-1.604696456600573 -0.3832594639018645 -4.475934840394823
-1.18466538021453 2.800222995354279 -0.4409301732732054
-0.9979012589362509 2.867862208679469 -0.5178308257225219
-1.023933859418162 2.868447426544305 -0.3128061747450889
-0.8425297822280613 2.924045895476005 -0.3848719652297985
-0.8154826692844047 2.919664511089411 -0.6019975434254264
2.774863657714835 0.8738970040114368 -1.603204187700842
-1.902554260588104 1.368310088241962 -3.407142301390405
2.679968017588901 -1.048646552754963 -1.767158671988848
-2.565883695875416 -1.635530084899396 -0.3895186055870233
-2.446282980660075 -1.801151606603622 -0.4937558016739569
2.84288021724567 0.3623695330364886 -1.825247810301253
1.61025284617216 -2.580120644846297 -0.4224134485215731
2.828729480886495 -0.3967057551979249 -1.869856960996854
2.395060182334641 1.672193306324646 -1.536377494881118
2.48296983889878 1.758937604526461 -0.3884124358388645
2.590779182199272 1.589453136302498 -0.4617630931884897
2.616327419544815 1.523627659962165 -0.6571746906845943
2.689055444360394 1.413754943825664 -0.489813930645045
2.668207503789654 1.468955113069065 -0.3092405323449196
2.055858064463681 -0.231053542311718 -3.910905409371999
-0.7097581761618649 -2.958538638187403 -0.3972897458004164
-0.9044141169108447 -2.904145655733662 -0.4148202389639659
-2.22965062233561 1.514687237600457 -2.492776184279604
1.123819702249225 1.730791452228717 -3.919190403617734
1.215163883236851 1.791155720090523 -3.750141918320906
0.9621080360081592 1.736214462183866 -4.040897854655835
-1.223201029311753 -2.785435335992068 -0.404259658440938
-1.409446488880042 -2.69546943587847 -0.414570864007636
0.1366214051258496 -3.039766229099735 -0.3890250362960496
2.34586935799781 1.938321893322159 -0.3837085845905162
-2.098544560933588 -2.206287187574226 -0.3355074850700425
0.7030323858307748 -0.2676902722702608 -5.156720001209064
-2.683289169252594 -1.435201974568977 -0.3850906517056205
-1.445764202172807 -0.7753191564630005 -4.486314617976106
0.1756806888582669 -2.283430567865334 -3.515692773184957
-2.306197086479563 1.828469965546904 -1.402556848428106
-2.178816176124446 1.984721251842806 -1.375722783052914
-2.065825775847175 2.063771725931972 -1.542062495756153
-2.029303162651889 2.143964422217296 -1.344078445178271
-1.915936906357673 2.211662029465538 -1.506672222087595
-1.744128256941786 2.351264747400696 -1.498406851230071
-1.936018085138938 2.151409757936186 -1.683561384987234
-2.092005806828815 1.354116012602374 -3.06990953043491
-1.754422544487467 1.45935283836882 -3.531752068462485
-1.607892711424108 1.503838047039043 -3.683865971625624
-1.583182796917323 1.391405255113638 -3.847181413946573
2.433812564809892 -1.436074204465206 -2.005885179295062
2.322526114118223 -1.562006858484787 -2.117821473839111
2.592493378292156 -1.214008901971044 -1.840547991552083
-0.1950619090365488 3.039862639261242 -0.3009985007526263
-0.4005783906073097 3.022398796736439 -0.2007020873856906
-0.1055551172376166 -2.185240241308323 -3.708729644269969
-0.08160106636935466 -1.996770911404737 -4.020651984209434
-1.36859399404663 2.718941627737813 -0.3612598552011672
2.718724691227962 1.32924107682081 -0.6760297767571236
-1.537754626080388 -0.9146731804863224 -4.309978795954551
2.833200996516312 -0.7659388106360324 -1.453836600634031
2.889069571882344 -0.6354019222584504 -1.302937432890663
2.919038000436541 -0.4351711593534727 -1.349158231744407
-0.3068774123581154 -1.964756117761322 -4.035494412303239
-1.299311361636656 -2.499251662141054 -2.044397287633919
-0.6279825069474417 -2.223750137727103 -3.474570566715853
2.760757711547976 1.284811146387588 -0.3312633116428477
1.025846160509129 2.009796878460627 -3.581381995085981
0.7996651841530796 2.212312831739636 -3.388429975450423
0.6236032108595367 2.20147322289431 -3.519822970567796
2.781675678613607 -0.9694769658277498 -1.385365271423378
0.2261939920748739 -3.040676976440066 -0.1888120608962814
0.9550382672374721 -2.265411309585541 -3.151038437180574
2.899802770018681 0.9427197496155461 -0.1831166841177493
1.089292293579998 -0.2015372243391442 -4.957869061888529
3.000134763431555 -0.5433150049371028 -0.1957749484603494
2.956627383782794 0.6245530213849374 -0.7335023507399376
2.96048873971795 0.5209243633415852 -0.9108138648533153
2.924052594569377 0.606458773468444 -1.090151235679236
2.96270433775174 0.3830481240304952 -1.081091842591422
2.992485945909386 -0.3726530972163244 -0.8082138068271298
2.899616677980013 -0.9432187997796286 -0.1842596166621897
2.92523049746066 -0.8459512863369829 -0.3308764467700207
2.871284690387471 0.8175054770932937 -1.097499016103804
2.300445112069982 -1.914522628338198 -1.033478248049686
2.403046681134041 -1.877481095339913 -0.1657495164439199
2.341341816579623 -1.945507836355597 -0.3562187123216794
2.403092436061088 1.876863892693193 -0.1839891593168508
2.902094219243644 -0.6949957727337507 -1.10773453250917
2.126609537113824 2.18525054423374 -0.181352212830976
2.741130049102706 -1.335555644614164 -0.1837286216492633
2.780480342774983 -1.238189598994109 -0.3675560798637539
2.863799464637232 -1.026384068127038 -0.4044820788330675
2.643186429762642 -1.519927975426772 -0.1909317573195444
2.611766173530683 1.175452757558308 -1.833783069456622
1.792312280523915 2.466790977426667 -0.1842393633231762
1.71294891601643 2.515481133320894 -0.3771343579129129
1.792312279588789 -2.466790978091529 -0.1842393639168005
1.873771113971292 -2.39852535939879 -0.3685573904102508
0.8428967827095099 2.930450461040956 -0.1794399888873117
0.9609855013322084 2.887750236012387 -0.3740764505154223
0.8442251625562746 -2.930040068842064 -0.1808242594258252
0.9569140229911112 -2.89032029728737 -0.3442620301219553
2.535148830823328 1.631274368914389 -0.8190674816481379
2.555188857509255 1.559280092295659 -1.029202101804495
-1.435932971489435 -2.689274024535312 -0.2100273329981734
0.9257127236052657 -2.75706404412129 -1.608146463517347
-1.788178405796939 2.469919846363577 -0.1788358088762106
-1.683360818402668 2.534936916935397 -0.3860241216543792
-1.791064654915911 -2.467716980234032 -0.1834232066815228
-1.872615661336187 -2.399444955239284 -0.3682130042382423
1.845461930650379 2.295159461613765 -1.389879021215945
-2.40257950912248 -1.877997117966067 -0.168544078213033
-2.333564486605394 -1.954091056180508 -0.3683387037891502
-2.337086819781443 -1.932130556471752 -0.587549687934957
-2.403519652601255 1.876333789294701 -0.1834603751795093
-2.461747621490166 1.789912076253348 -0.3683736993968226
-2.580806046085415 1.613456731181353 -0.3691330478957367
-2.64068477379853 1.524513902707829 -0.1849176491566812
-2.688065808504301 1.423758392699072 -0.4120287133550389
-2.78901843048018 1.218778059426323 -0.3681375977654652
-2.828341271609685 1.139398890582051 -0.1817198455579509
1.929938552735793 -2.244059868131524 -1.291202090155203
1.855673289629195 -2.267244869604873 -1.484648667110396
-2.63815585918748 -1.528620063191522 -0.1914878548945134
-3.003922789909942 -0.5236793034933591 -0.1813180267832628
-3.015024836544042 -0.4177365072175347 -0.3646727181295576
-3.03672078735765 -0.2126753488660851 -0.3561260524676221
-3.018107246431482 -0.3134115051106873 -0.5553620390082864
-3.047370341454583 -0.1062419728734863 -0.1816430509027135
-2.958531145922163 0.7379359550295364 -0.1841156871591231
-2.977075153501087 0.6332155917500748 -0.368572377054543
-3.014061411211511 0.4234987301742985 -0.3686593890396535
-2.987968874177852 0.5323650309943939 -0.5438163589174783
-2.940991183497494 0.7474011800191187 -0.5530582618086843
-3.017941567150466 0.316642929086425 -0.5525179866279525
-3.032468953892224 0.3186577255147248 -0.1844895920356342
-2.613372428811458 1.421686315931055 -1.179881673909438
2.791055684565702 0.4919827194128495 -1.970480023196187
0.4304602615889648 3.019015241701608 -0.1640854695682388
0.2059996041519282 3.042077079131718 -0.1905072261808666
1.414461859156679 2.530878639231602 -1.656865132801151
-0.2077989016941479 -3.041991586312329 -0.1887073414773819
-0.4168645722437099 -3.020358214808556 -0.1931155441672821
-0.5019115903812376 -3.000827867462462 -0.3966170195590017
-0.8801684376661248 -2.885826306509235 -0.7913905824909948
-0.8353023466396032 -2.932198821966952 -0.1994676584310812
-1.042923408474115 -2.863443457051801 -0.2563370750730573
-2.770746323851704 1.038281491737072 -1.297551241380854
-2.920122725259676 0.5027311130530235 -1.268161237561039
2.629953756041909 0.6155730843597863 -2.474425889528534
2.591194881002517 0.5182165399684387 -2.659706159646935
0.5153279863102754 -2.855832224444189 -1.642769359178339
1.472881757372374 -2.63048624207088 -0.8175753789149501
-0.4489733335342597 2.986465629623905 -0.7562828341928778
-2.27678240791397 -1.472597432541968 -2.439332274612533
0.1611532642708316 2.997700846848093 -0.949521913240031
0.2131245275107561 2.971461967168233 -1.148396972505075
0.6264874054020461 -2.798980778566369 -1.813964492050012
2.762915868690591 -0.5526602811808484 -2.040921424231773
-1.180804694976578 2.695053845068958 -1.407138645204152
-1.137721196344563 2.675439891303143 -1.613771072912673
-0.9480960735049214 2.733577837112748 -1.688428695726406
-1.092651655501188 2.650757938641588 -1.819300991074823
-0.9017018996544115 2.705045611812378 -1.893093903956738
-1.321855202880167 2.604829139860082 -1.53648410462195
-0.7541005297701102 2.778695456045852 -1.760322793249415
-0.7034202851484759 2.747065763182889 -1.963419701781458
-1.041778191025684 2.622903185315567 -2.021616007136176
-1.232850126038818 2.557636444210385 -1.947669059095288
-1.134357695677076 2.534901949313159 -2.203341827562052
-0.848452128914062 2.66600312344061 -2.122519297619264
-0.6424184555072914 2.71146453788218 -2.166980238777457
-0.5037729122258101 2.777303147367828 -2.01990236277028
-0.4350226460167209 2.741558454215848 -2.208242363538719
-0.2992965272210387 2.793481679188159 -2.074929444790333
-0.2320001465619175 2.751469260909687 -2.263325874539748
-0.09301763266843359 2.797045044227913 -2.119170862199562
-0.02600479221067444 2.748606092966157 -2.309154919353167
0.1128781830606235 2.778965802555333 -2.187480574239837
0.178467791768854 2.728834594201224 -2.359400956341068
0.03348409118722045 2.684202276136232 -2.528849440569205
0.2594742705236506 2.670267055450729 -2.53390200017154
0.3696927921075602 2.709352930825311 -2.360124653367531
0.4900616135687549 2.643737938517119 -2.514708966060623
-0.3951629741635995 2.696621809011865 -2.391708672833841
-0.7997438590429836 2.806009760455455 -1.555328029949671
-0.6042648075402316 2.841834523406746 -1.624318423279764
-1.275728123942896 2.586234468321516 -1.7374747550069
-1.472900417678428 2.498023853622664 -1.65364044856131
-2.4435901127327 -1.39425736908847 -2.058765283460144
-2.547254359226666 -1.212612992122113 -2.026115498915388
-2.268833306707033 1.641775667630154 -2.111320666259776
0.5648556934516108 2.936047434571611 -1.059646532549108
-3.036296347977317 0.2119095910018948 -0.3683134407724889
-3.032364504570669 0.1004020648872114 -0.5604948773454571
2.3736226974602 0.630528444990654 -3.15708278437557
2.462398232065204 0.5252254380688216 -3.005249893636896
2.321231430725567 0.5326870595963589 -3.325880105483562
2.225881555619455 0.6285869828436116 -3.470084108170848
2.265454998095022 0.4397610691142909 -3.480583905021916
2.147654310503767 0.5362082050869835 -3.661883208592649
-1.440544655395728 -2.608497070022873 -1.142531876621417
-1.53179354900117 -2.528672907896886 -1.314419380147749
-1.733683421813726 2.105133002524897 -2.385774932727609
-1.795899087167591 -2.383002256017895 -1.109403670087955
2.581548820245454 -0.7323935390157982 -2.532015791608107
-0.01083914373515163 -2.859481131990845 -1.855434865199595
1.330984166815079 -2.521270534885417 -1.894711234657907
-2.702123489624536 0.1597398924428591 -2.455050625959743
2.869992167381285 -0.1822031064232172 -1.777314710438566
-2.147478659906755 -1.856142784140729 -1.951174165587761
-2.057036878363228 -1.890112043156677 -2.139304751731435
2.779275003623627 0.2028004493544577 -2.166449498968948
2.777125397372045 -0.1798360661921437 -2.180953713154702
2.221797446189001 1.991681849688824 -1.110462541179528
2.942517383906258 -0.2024973329122018 -1.361214175053497
2.973782543664497 -0.1801019791810148 -1.147322407415692
2.944851495730343 0.1805648629313263 -1.355234681931651
2.973617652149487 0.1815562586280727 -1.147924994994375
1.575563168756517 -2.130122747858611 -2.638474860024782
1.689314893737927 -1.999681483079827 -2.733211274473186
2.351070826225907 1.403477494283599 -2.347190776712804
2.445730153462014 1.32859383612186 -2.179564870652928
2.614776743703833 1.051582417161924 -2.038128528683518
1.588446140585174 -2.487729699109955 -1.347123853988523
-2.189116140745018 -2.003986243047709 -1.233713530013058
-2.038987698758909 -2.152014885550999 -1.257583684823537
-1.962071862724488 -2.251768025808487 -1.086924741825462
-0.2054562947491404 2.8734670915506 -1.7523484585017
1.237310501637118 -2.259237418589012 -2.851622012173639
1.366359963593174 -2.141661394194259 -2.946796508405064
2.662479251661757 0.1820006383056532 -2.57895501757505
2.671149288000987 0.3885763532092139 -2.480292662029924
0.2043894415198333 2.847019040361577 -1.879424401261682
0.9594194114660657 2.818572332260887 -1.161790365029169
0.8132080453316376 2.842716864509657 -1.312371787689976
-1.675155316929748 -2.275182344452342 -2.008274024955989
1.89001535194455 1.760641665632376 -2.831860453866368
2.011755182041141 1.709837554634192 -2.666636357638442
-2.606996778468885 0.7081615025156051 -2.472988560051913
-2.568013795085782 0.9013724041855077 -2.404870371554515
-1.034778134533899 -2.667430454516011 -1.847877758683597
-0.945024090052425 -2.648536438012909 -2.064128947432776
-0.7248856123016834 -2.721498462680668 -2.046223347748072
-0.6371611836156851 -2.785685088239763 -1.864212223719004
-0.430544905887555 -2.829221040701578 -1.844657362367139
2.524866699791904 0.1811533960807827 -2.970382548411176
2.548171438241992 0.3771378013393614 -2.8514515563142
-2.449487825592243 1.273849119912466 -2.264484642127648
-2.810495413934761 -0.2803534342155152 -2.012145620394305
-0.3632910780868312 -2.978468546056055 -0.9637113293770119
0.4821790932272615 -2.966256172940095 -0.9186005404552043
1.704373613110539 2.103155197027803 -2.454330085075251
-1.573630769887418 2.186886385793197 -2.496941681421822
-2.674238084594667 -1.320267217602272 -1.122077800945222
3.016667704032499 -0.1802893986570603 -0.731267324885897
3.014708370087888 0.210617183813333 -0.7311886028383117
2.993202374969079 0.4169195048130266 -0.7306555873518926
-0.1882548555963433 2.699567319598604 -2.457455782491931
0.01640988289029797 2.624631094584225 -2.712855914618968
-2.859761382359284 -0.8075884745562177 -1.205981683011349
0.5414824546694712 -2.683189323997997 -2.350153098823023
-2.731986881609338 -1.319527226073108 -0.5616079726722737
-1.633962126642874 1.926831223570147 -2.983286112425587
-2.644111298906394 0.1017350697589842 -2.648914387394462
-2.69133605327395 -0.04180714687978829 -2.505301282146468
2.441995098666003 0.2082687230179429 -3.169071428809033
2.411650543180482 0.4330734349185015 -3.170561122178644
-2.089189899129106 1.639124247736522 -2.620185609750814
2.161876372328662 1.935978269590628 -1.642416903634623
2.091871426870278 1.849715617303351 -2.143956222478598
-2.142776330351681 1.755892683238959 -2.229310849930307
-1.937977999267832 2.324851743745159 -0.6707256155969903
-2.557913992024815 0.6504997704705358 -2.669275248003808
-2.813316668815083 -0.8643955231208326 -1.402466975245563
0.04087438908308379 -3.03294607981592 -0.5735894785230046
-1.234270119993711 2.319406113615095 -2.704934546350386
-1.376349574104107 2.197855316884192 -2.803313455323118
-0.0413855869080526 3.00781064947813 -0.8892156489394731
2.510159976519597 0.6260943424743352 -2.820624865564898
-1.515396608364307 -2.626182489967539 -0.5922981327707195
1.005780496615713 2.859956413004284 -0.598215858469252
-2.51714774536439 1.43284882580979 -1.672360352768941
0.5951280672763668 -2.926048941119848 -1.092848684171669
-2.507344007470556 -1.557118833861557 -1.347763985420342
-0.3513442418389012 -2.55188666908727 -2.851367421233785
0.5962362287380444 2.762252337877658 -2.006049773150136
0.444565054344997 2.750394344779379 -2.168687953473976
-2.316787765911961 1.950099034820049 -0.648364952860238
-2.437577703622934 -1.607884364770915 -1.541779112603411
-2.550667092053778 -1.432359791256181 -1.511414860448771
-2.91557081094481 -0.3184185068284494 -1.466072805056133
-2.461279797054652 -1.740544908296406 -0.8202565027855535
-0.8692900953990184 2.408088513248989 -2.894253733918439
2.197488841533525 1.783780060476555 -1.98678253079513
1.002090576067088 -2.817349669837906 -1.05647259131494
0.499091606597081 -2.36625929895629 -3.244214251473564
0.4922484942714344 -2.285301980079788 -3.419204485249808
2.448981544420828 -0.7782204681965695 -2.868612421495255
-2.972707314917689 0.1522829188916282 -1.167870184401286
2.267676787629801 0.1787365257219907 -3.546107095873578
2.271429670804355 -0.1766989732867823 -3.539105178452724
-1.91012894139705 -1.822373890320239 -2.667243212640268
-1.814295142462339 -1.833644573460509 -2.841562942935297
1.40555130239524 -2.591037936486582 -1.372741816041804
-2.450324295612798 0.3324278154668926 -3.11687044951822
-2.368475625651314 0.4755024338626158 -3.250066828967463
-0.03555272614663629 -2.981067183492909 -1.131027100129804
1.991443718158477 -2.272659358745971 -0.7353314921545896
1.572500030177883 2.142418931823825 -2.61363467667067
2.016275226080953 -1.873846324702872 -2.295180609888718
-0.4916903796378727 2.444707931602338 -3.065825882950582
-2.697296431158527 -0.3831564804487109 -2.395334181180336
2.063570233962447 0.181134549975014 -3.90655018105544
2.100641792984848 0.3615715782386017 -3.807065060046468
1.989534559665971 0.3608664434262346 -3.98466352414358
2.029187192125509 0.5418564999776471 -3.859521631565847
1.90154270842329 0.5380663032416654 -4.053940928536194
2.05426919629276 0.7077880871436879 -3.735463848603305
-0.09084728014130881 -2.72346934717011 -2.393224373043505
-0.1206584932654679 -2.819887720414739 -2.020560817571664
-1.614997319179227 2.544062016118085 -0.8330004166293608
-1.647958087789422 2.542515730261065 -0.6250521449170057
1.470040048216647 2.597376432159245 -1.104693394021324
1.128747179143994 2.601974359660598 -1.960962509724542
-2.718130319665195 0.8698189533410702 -1.881426076627966
2.126119650993582 -1.457659342334709 -2.846249427310648
1.890375068588177 2.346597988575843 -0.8337811954335532
-2.908475346599963 0.8074327327834391 -0.7749106308681679
2.588939256431327 -1.075869597293009 -2.098989043164325
1.48114314519336 1.974171633821591 -3.128295627503064
1.517271931994898 1.86646874279318 -3.273360922281795
2.36304791521817 -1.240259723014394 -2.578766524743763
-0.1024159123237088 2.404857396078533 -3.269638096675873
0.7072351708615821 2.569422854894141 -2.590607393211755
0.7447148574755459 2.488756040243328 -2.790480680986859
-2.785519818984832 0.4772108096212223 -2.005052462999477
0.07890465086701728 -2.956379412650338 -1.307660059751466
-0.9746999444910005 -2.145616055896642 -3.379479530262524
-0.968326298826729 -2.037558792342603 -3.582376443507424
-1.163909782254434 -1.921152917064616 -3.60091709885737
-1.31008289517104 -1.910338924892298 -3.463046529559579
-2.280978867045342 0.008909134363315642 -3.533803408005618
1.200896914214661 2.459061734577372 -2.352462254731897
-0.606340942061638 -2.325292294658156 -3.278553848662064
-1.659595673730389 1.619428551482119 -3.458170879031555
0.9894603603303672 2.220871360509369 -3.214533639859763
1.461672166268955 2.670764361182375 -0.3450037077432255
2.254828331357272 2.030558295931924 -0.5547601573566342
1.263001442534212 2.292442501364603 -2.734349228100019
-2.557682911888769 -0.161351871601436 -2.887298469685692
-2.600466604428139 -0.2995211486870102 -2.73341789959907
-0.7537016021286271 2.611358171350032 -2.417427995584472
2.08038648773083 -2.012170924877756 -1.683462200136623
2.088037789928195 -2.055385801326018 -1.484044230912575
1.942100969847828 -2.113325694316905 -1.804616056957058
1.792140646501102 -2.269195215692291 -1.697697713234443
-1.296061751476665 2.0707381547432 -3.187724186701112
1.641966651092701 -2.289604955507594 -2.041511611058873
1.483221690710267 -2.362719012720415 -2.154560362235348
0.1069964808911972 -2.819434550520416 -2.024820758289788
2.766312561546769 -0.9043290764882156 -1.596805465455931
1.950641676215112 0.1814056126786513 -4.07917283122203
-2.882320583447808 0.1815763886851566 -1.715762269612869
-2.307984799016639 -0.33819086715103 -3.429750378065942
-1.319877798306905 1.77818074910063 -3.660194227746324
-1.434958126949886 1.623841154714254 -3.745636660653774
2.187129366406881 -0.9278242451412619 -3.338421192384253
-2.248553649427351 0.8115443178850938 -3.30628500456127
-2.381029495927473 0.915638336300343 -2.91877297475949
-2.580610311701491 -0.929563692224521 -2.330052096547429
-2.748757798072357 0.01387096073316631 -2.308924311997514
-1.621991309399446 -1.623889678861967 -3.505749115325711
-1.623227178440294 -1.504683682922521 -3.662297999708859
-1.743557862333779 -1.327867034815189 -3.701830911615616
0.7766954210960281 -2.556251826744992 -2.569645083929395
2.289496354787133 1.123594328300919 -2.920563373475399
2.448693688943553 -1.65968023323094 -1.302726542208898
2.323018996779541 -1.807379469468243 -1.401265508198084
2.170689510561683 0.8312594361719433 -3.446683225363309
2.87785785760342 0.7009864049951475 -1.275822095485393
-2.189180846998203 -0.7336040822649267 -3.478393463319142
-1.363183722243915 2.62108638845096 -1.328476471160591
-2.596707259405842 1.255093261183117 -1.73567359346338
-2.6074190157162 1.308859088365879 -1.556828209311251
-3.044134726159087 0.0005518729341591812 -0.3567549914127448
-2.771073131110463 1.210952428799353 -0.7048702505467426
-2.835256537856607 1.083087798190214 -0.542729393766551
-1.114680273549956 2.797052688151379 -0.8589802033202449
-1.048735141806079 -2.415389301699207 -2.687514812328899
2.645249259806566 -1.396979706783635 -1.045982263150765
2.552022494869709 -1.577728572766258 -0.9656173634695971
-0.8767307940675004 2.09615060979243 -3.551164304841362
-0.7368480753232102 2.903654718463121 -1.008587376752035
0.6055725925913126 2.975827250768345 -0.5124417667030161
-1.882019585671248 -1.300048972271823 -3.521222704245049
-1.987055249566143 -1.1069962887226 -3.546310976863867
-0.3407588021135415 2.958292131112457 -1.158154393136083
1.202144133101037 -1.945206916064808 -3.522580575674821
2.369369041472718 -0.4072387389034313 -3.276178263567958
-0.6428594976450573 -2.650052810197029 -2.386536516268563
2.353127061603496 1.827398964740907 -1.146295193028664
-2.926200388154364 0.8403093700329461 -0.3480723830050534
-0.8908597545596924 -2.424767231656624 -2.83126421850265
2.213433057685806 -1.277041828650229 -2.907064257595894
0.01037452487197479 -2.554226675401748 -2.910170147702248
2.575778669891931 -1.620826018684264 -0.3776444562148314
1.695543859599618 -0.1744229244003873 -4.413196547598705
1.602389061213654 -0.3493460902489154 -4.486877479346091
-2.17307946213718 0.7560924683026273 -3.49441870015045
-1.844615588174929 0.9616091764578353 -3.892445072875705
2.174236292924361 1.221065482899288 -3.065851642307452
1.60723019005833 -1.581748387135321 -3.584152549597364
1.720557410449718 0.9951900074428496 -4.036895845005764
1.675283429879995 0.8662190468594978 -4.18262399041037
1.502114196802861 0.9436363972763805 -4.32917359992287
1.574200529346985 0.749688216911942 -4.366480497488935
1.42242354183696 0.8235363057969498 -4.482873651129119
1.491953035491823 0.626664076628532 -4.510899099877489
1.333836576038081 0.6970420994599422 -4.628590969551697
1.643676450877818 0.5470960721649706 -4.380095973866154
1.25484370992269 0.8883394257490348 -4.596016612269772
1.164959772326723 0.7612837847592903 -4.735231998199555
1.077359012319118 0.9470016344938292 -4.696264977609702
0.9834386477342832 0.8167856835653823 -4.831374877114254
1.063819514352929 0.6260868752332143 -4.866062574607821
0.8812810080926479 0.6805823727111724 -4.953979968548885
0.7952719738360968 0.8667523568558861 -4.909615754331355
0.6919860728847673 0.7307497252997788 -5.02318496383268
0.5990390717133387 0.9085461099773459 -4.971002152955736
0.4904724756446591 0.7653779143118249 -5.079327153131425
0.3963213451893128 0.9411479874136648 -5.01409700895724
0.2854382627353244 0.7935161052864107 -5.113709906745881
0.3797498020655842 0.619741163671358 -5.167803895182887
0.1707439247879929 0.6378591335740055 -5.19488684818011
0.07705828408580456 0.8127277766632292 -5.126979891874298
-0.0384109260885476 0.6525163634010364 -5.197452092582523
-0.1322274956523421 0.8227106202540034 -5.118705495077212
-0.2471431147675275 0.6576343229539076 -5.17801322117828
-0.3335341441066286 0.8077735635241093 -5.098042742349739
-0.4528272645382528 0.6533861519951166 -5.137202859119799
-0.3722503642781504 0.4965759599759455 -5.209754731756528
-0.5695795539064513 0.4811796235929792 -5.15965591658296
-0.4634270079617144 0.3033208558150458 -5.232587795658572
-0.6628233845653875 0.2926048676280145 -5.168785701103174
-0.5615723780562049 0.1182130755854742 -5.226024008422341
-0.234185264456047 0.9731292562588391 -5.026519199949689
-0.359110396510647 0.1276654742650321 -5.279320219714995
-0.4540181338077998 -0.05819404183901321 -5.260776365483117
-0.5434161697560989 0.8152208986410123 -5.039191499661453
-0.7570419576737799 0.1061707883820653 -5.151269386810735
1.396764210366412 0.4973281357936215 -4.650455426395811
0.7645206161685231 0.5517662123400874 -5.0605580714766
0.5026752530610246 1.080256225738663 -4.89847694140458
-0.248973883173464 -0.04898096210075829 -5.302565521198453
-0.3413548170889235 -0.2343731830179171 -5.271768850575639
0.2613101518051861 0.454702681033289 -5.241801871726104
0.3267299826593232 1.100216602373804 -4.930168058207377
-0.7570815165088408 0.4629579186083722 -5.090950157866208
0.3963183819833971 1.224234394587564 -4.82459372308686
-0.152029984755213 0.1365030743065337 -5.309055070375474
-0.05303807461359046 0.3255094959020741 -5.289821148197378
0.4900581342533701 0.4543056743657214 -5.191802444482507
-0.1343361252086917 -0.2241889157061643 -5.301441204012146
0.01755134927009351 -0.3790704120138167 -5.279682113024022
0.2344104366771449 -0.3607009790280563 -5.267844191440041
0.1452777840103262 -0.5384154126072558 -5.231358633632707
-0.06322284988723596 -0.5789379887639373 -5.223163093659286
0.06466290308742187 -0.7213415102306305 -5.168914448331179
-0.1429977938278321 -0.7443882713066347 -5.154168448443506
-0.2839021970969018 -0.6016568921965585 -5.192962041546163
-0.5437825398182913 -0.2426794926640549 -5.218669521266883
-0.3541976832337477 -0.766560763672444 -5.113136317838359
-0.4848138195771756 -0.6045959679979883 -5.146485660774404
-0.5504079195675927 -0.7655331396271041 -5.060542402279165
-0.01568082643838334 -0.8962585461296009 -5.086161472285823
-0.4282138073784725 -0.9272363751310326 -5.014004737512298
-0.6714952226508321 -0.5961437588341757 -5.085333768725658
0.3675566519101352 -0.51844988520284 -5.204284265466911
-0.7533046177853669 -0.7725813232614827 -4.977103051069919
-0.8295441969003897 -0.4284330075209946 -5.065736183187878
0.1973851619966375 -0.8795302369971973 -5.08346697975239
0.1111362305152013 -1.038790221551478 -4.999332761949589
0.3326151288321627 -1.030368858865959 -4.974675383017781
0.3037318818862458 -0.7019386391255942 -5.151096336722469
0.5180203166478708 -0.6720730129085687 -5.111067041667044
1.695198028636161 0.1782769400750348 -4.413132214167888
1.753759126516292 0.3548343819470394 -4.30988627788391
0.06822447609718511 2.210494711748011 -3.665617735393378
-2.345366841470702 -0.1370600908590305 -3.394824755462759
-2.391546622105101 -1.298552295905444 -2.405776881531734
1.878589939924559 1.297668364119241 -3.529454384015794
-1.415341972790758 -2.104815412876653 -2.957209369996719
-0.8943751094408612 1.78932066391188 -4.017692068740041
2.802269124322937 -1.123810315794312 -0.7660572164138743
2.717921221392275 -1.325710882595386 -0.7062647540005516
-0.2614331867218525 -2.349281431099143 -3.364251840305592
1.139061572503081 -2.482828471349491 -2.370006415968309
1.156498355019031 -2.531286734211895 -2.180859928205312
0.3938211300921191 1.952902638612183 -4.030032542074297
-0.4818483699312155 2.143058710733078 -3.69292438106286
-1.386883041178587 -0.5504608001914474 -4.641235350207911
-1.314505236798994 1.435350832868941 -4.097680506750481
-2.237213280724304 -1.136453872128949 -3.026738871669174
0.4428121186223741 -2.099537429887599 -3.782735610971586
0.3906577796081582 2.537626759486544 -2.874424753240598
0.5502419402304566 2.558414410958045 -2.735580772094803
1.005995299989803 2.772233115194179 -1.363570329891945
0.8585238440583965 2.79614946405314 -1.513468316336718
2.846366951155584 1.075781008255545 -0.387985886729345
-2.019381574676939 -1.515032890313845 -2.988015198899005
0.4054547862419537 -2.578116255680137 -2.756169264883293
-2.739275919303392 -1.058867534950544 -1.442133387261656
-1.648838932167461 2.328476093185453 -1.884936344118597
-2.004425168412268 -0.5202849033226119 -3.907607051298094
-0.8561048219560762 -1.974547738214558 -3.771617320863994
-1.704414280470558 1.084634870912582 -3.987338663060811
1.875550907638383 -1.049291804953216 -3.776875599902823
1.733391546828568 -1.143188692172781 -3.898602503240669
1.908388309681127 -1.405785343901202 -3.350341704803733
-0.158218085175745 1.94237728122683 -4.094076507003391
-0.2999945096547009 1.836980351518175 -4.216092674830915
-2.406081235898426 -0.7671067087147599 -2.985747903480382
-2.115225024988351 0.2950086433388234 -3.799957062045646
1.088711954069288 -1.786158985543638 -3.873504953808133
1.204172621131144 -1.638531350289047 -3.966936157236731
1.382107254117073 -1.573467973047256 -3.869433630676521
-0.07909581890226523 -3.041964336370616 -0.3852576718457197
0.7720523890713957 1.796268560202395 -4.084860091204301
-2.015583542313035 0.4363253288020133 -3.921383363090683
-2.110259276046895 -2.046049111086564 -1.426570579933668
3.017227910567985 0.3954312571769886 -0.3843606617203492
1.878254123096666 2.227675452206377 -1.577565131446564
1.422568183074622 1.513889792824901 -3.897027827126161
1.470104377966531 1.614744017712561 -3.716026311882787
0.8311923162128526 -2.749066722180434 -1.795875317946643
-1.713182327541349 -1.079507467596772 -3.980135299474085
-2.003760173534912 0.0258858784277805 -4.012332491561708
1.424431332829123 -0.1887734188728467 -4.693956950598762
-1.672388251634322 0.6362186265311895 -4.309858721831374
-1.052913871990874 -1.697378374013307 -4.022176727042931
-1.13725141465031 -1.765616951001553 -3.85970490611894
-1.236350856879729 -1.617440286768054 -3.963154400300401
1.397697625565195 0.174588865088225 -4.719998424140726
1.652137695100859 -0.7534300721886791 -4.276006225339302
1.342357520196219 -1.21105071807274 -4.286183134069581
-1.737494039900249 -0.3190288371232525 -4.338343746093392
1.408442853356951 1.128153476121408 -4.290483463677366
0.6452561921739641 2.700648848254867 -2.205160176609506
1.539267131228081 0.4288211450677971 -4.532894650655543
1.772733915842143 0.5393826881689147 -4.227250745486861
-0.6592476596303853 -1.585923526771812 -4.397845853915915
-1.499243389573357 2.524867106120275 -1.44439717555634
-0.5608667023576911 -1.725664295267146 -4.277687137443015
-0.4589425745163079 -1.63271822478003 -4.423142723802338
-1.999752762179908 -2.007517838650283 -1.972716832231271
0.6371880924418981 -1.77452462892569 -4.18333792392149
0.7610751521476671 -1.639940783413562 -4.286157017318084
0.8767559397632485 1.274300522389288 -4.586489155197174
0.7972358193168385 1.158040181843293 -4.722381455047515
1.06159191575351 1.233815744707854 -4.500554953301694
-1.705105101775134 2.049439079970096 -2.587395119486306
-1.380979158331595 0.8811447819317972 -4.488969574589474
1.25946912246063 -1.104810403659032 -4.446984339442222
-1.108321230721501 1.372543846947109 -4.341291690303177
-1.674755071797913 0.02514827102756789 -4.447473867651257
-1.307542812557893 -1.207608312477284 -4.321723566354093
-0.5513163126205273 -1.485975055600297 -4.546682762521513
0.4941304755841778 1.704155984545306 -4.32864106750296
0.2792130732425276 1.701090274612254 -4.3902637002015
-0.5009137245335648 1.83562406823782 -4.15946393003421
-0.6344610058946126 1.713171573252241 -4.261655571042422
-0.8319474944893442 1.691568391126681 -4.183849051208304
-0.7703724653608783 1.588162848682501 -4.34007159513574
-0.4355487540926851 1.716885497651178 -4.332473839113694
-0.2369213977669788 1.732034193814213 -4.360927155602737
2.539893289344396 -0.6541574547573918 -2.718443598653478
1.473263462468788 -0.5242376250026429 -4.568952205346331
1.063745747721308 0.1714752555028473 -4.978139085332259
0.945125011846443 0.4870645471644523 -4.9874375161034
1.120397955630744 0.4367722221335757 -4.890265856734873
-0.9641573271264211 2.86455060804849 -0.7261307127275322
-0.7817718431425944 2.912816495392931 -0.8047730120871174
-1.689968774293395 0.4356611594632498 -4.364510344460639
0.7081567033181548 -1.258588818673287 -4.687183337859842
-0.9163074498245897 1.004881969303584 -4.763180059592416
-0.7979983357237066 0.9110316217250011 -4.883818490035859
-0.8216126107258246 0.7196657258748194 -4.968351383511337
-0.6854795752899348 0.6548021761673719 -5.057639054355693
1.653800265705734 -2.523283519604095 -0.7926864846282586
-1.026044728939704 -1.205144819059554 -4.549000064277038
-2.951932878542047 -0.2602537806925591 -1.26601949032927
-0.7310761954717675 1.088667073159181 -4.804424789568258
-0.5945741607400161 0.9841179490531079 -4.928694126002902
0.8911629008647258 -2.87346266684568 -0.8852366187768997
-0.1546420496641313 -2.594434362784021 -2.786937605669525
-1.011737355441578 0.6270188616505559 -4.899368138101268
-0.1321071597142277 -2.952989838423565 -1.31785914944242
1.845120840177958 2.401662597449634 -0.6435093406084404
-0.3381093276522886 1.230780109599086 -4.832996591599077
-0.130802618041046 1.28128384343718 -4.823654439007116
0.003294205366364539 1.139070351997935 -4.936252520327877
1.234769205367464 0.5658414761400749 -4.76464072806912
1.425158271585335 2.647440670274961 -0.9038370677571747
-0.4072320694157217 -1.096590493220722 -4.914373984719833
-0.6055169884372428 -1.061232575733157 -4.87568882909516
1.873877406788372 0.3616083591924333 -4.151505140304245
1.800273519506797 0.7024287438855292 -4.117586380849493
-0.2835746648278901 0.3035220336629151 -5.271455460971515
-1.444970611492865 0.2828194176378966 -4.660372787869203
0.7205426485158626 0.1765832036778244 -5.16130369819794
0.2140379837066453 -1.166170408489039 -4.902781259390591
2.239451843965058 -0.7290555199160423 -3.382646895137352
-1.416815823083949 0.6879551620327286 -4.557180903621452
1.16876751285172 -1.277377456544757 -4.381233179786313
0.3106144690392363 0.1810247088645127 -5.283929433919759
0.2042721358955462 3.035573656190384 -0.3983334575202563
-1.955957635131838 -2.189453511495808 -1.447770605757623
-1.027580844147568 0.2128823635774647 -4.996349213459569
-2.596686802513939 1.567304106777523 -0.5767837755654371
0.8110232326935249 -1.095134652780394 -4.760730061234032
-1.431781948532365 -0.1333321044063857 -4.692940489520082
2.471393001335604 1.655982112626043 -1.180973300728928
0.6884943359558288 -2.926839144232718 -0.9031745095773938
-1.075763968099275 -2.330244138547848 -2.876993457573442
0.5927958851544718 0.6049905536388819 -5.111842593063273
0.1814875384486362 1.028221308211612 -4.999715918597716
1.685823806923951 -2.390124873347726 -1.514288246098027
-0.7340548798232917 2.206651897673595 -3.444359793518913
1.087859105499868 -1.167120047048138 -4.535451884508995
-0.3467019197350534 -1.520337084855278 -4.573511128634633
-1.810727786055592 2.435897925853724 -0.5411157506555525
1.80866163771444 -1.576896257068755 -3.286325878304647
1.656217821855513 -1.661548623601694 -3.401864024686514
-1.486784805726819 -1.663813009251239 -3.628982547906405
-1.32672456435032 -1.68338953022914 -3.786810719994427
0.6627069196471754 2.857887931301248 -1.46112636930946
-2.778396154241562 -1.243235012544893 -0.3636707501716061
1.735222184334615 1.377833552842988 -3.657942725503291
-1.574412087228289 -2.604245477672287 -0.3810313788064915
-0.2243886617646753 -0.8946440129758592 -5.07202481550236
-1.041683727205115 0.003481244698719718 -5.001254721114727
-0.8573699439761593 -0.08326013965247263 -5.104520224810244
-0.1576723460336687 0.5007717008560244 -5.241629142899359
-1.905526344774609 -2.035268909440032 -2.160930103812321
0.05316608220005595 0.4752022384657635 -5.255244810076833
1.898383767136607 -2.365939748552219 -0.5706676938487143
1.740383086705081 -2.485999503070071 -0.5500551561801302
-0.00410279061265663 2.310740368355513 -3.474521904054323
2.249379826668214 -1.35129759891423 -2.714673221766069
-1.543442445088954 2.129949691384131 -2.696018136798937
-0.6513193884931818 -0.06899429544013966 -5.196947571908598
-0.7411765960211431 -0.2329768015492749 -5.145587191616261
-2.969588471860259 -0.05427411373011285 -1.217319350065835
2.608907730289991 -1.267213886083828 -1.651181484240306
1.941123676555778 -0.8543294590362706 -3.825233444553773
2.620243949133443 -0.5223094007698511 -2.569167854243663
1.555151166320997 2.589518047111927 -0.7491206133896047
-2.47262531350061 -1.257955820646481 -2.214472215994042
-0.2466139577560127 -2.969926029592506 -1.140062456777303
1.334292933575389 1.009571277851718 -4.449478998780816
1.163668594414821 1.063630864575317 -4.555583519267588
-2.615323770309729 -1.378172502034386 -1.315922964179593
-2.055802036235337 -0.6512881876958589 -3.764051703163312
-0.8676210538354542 0.2948955163745217 -5.075324546508727
1.405028881606174 2.267379643118399 -2.582963837356567
-0.08168437918234293 1.806809093293325 -4.285237845237112
0.9350290796153867 -2.677412480397945 -1.962143912377138
-1.649430449821458 -0.1812098219637216 -4.465212612111819
-1.880535925540403 -2.288094900586332 -1.277792343673202
-0.4595697789526144 -2.943423120900521 -1.148482036085945
-2.898978485307407 0.4427711691798374 -1.467960496176981
2.278556780343972 -0.5301812523020207 -3.415644626011331
-2.627509043124034 -0.09904429732128019 -2.698998683882979
-1.22622552077221 -2.313070590885357 -2.732424533723886
-2.989069989544287 -0.5269013215863905 -0.5415916812069969
-1.745433913106044 -2.170164547464867 -2.172998784203378
0.4327453610421677 -1.79285151675353 -4.238723824583772
2.280447906063651 -1.421701928663613 -2.519440795073514
-0.5424813687971842 2.226502707166965 -3.512801345416834
0.4520032649389367 1.828273142131756 -4.186265807897456
0.6175978491091093 2.899103971246384 -1.260492279903209
-1.129573006671611 -1.298264827958339 -4.393809891394335
0.06257830151811639 -2.627400728350192 -2.70263787678991
-2.567971475169785 -1.073453417518136 -2.179549400044252
-2.349188306021416 0.672016227434258 -3.186503134285072
2.801750111631993 -1.16407951995189 -0.5616610588492704
1.624457487277227 1.546456027466356 -3.607299768233728
-2.710350939403861 -1.192329496928384 -1.282712346748736
-2.106344683417446 0.09102842810875911 -3.846193921585764
-1.509666393161426 2.067197958782869 -2.895386150623915
-1.707322675341061 -2.416577309782711 -1.29786418344823
0.4264343556836611 -2.641784040970589 -2.555883634486074
1.678136636069378 2.526352431188386 -0.5784302469255637
1.449201646754769 2.466581221992497 -1.84931142477159
0.7800220020923686 -2.920786661165099 -0.7173237941261891
-0.4021766000992799 1.078004728817386 -4.928128303916442
-2.940814730777297 0.2986722095387544 -1.317864824735878
1.373925058446366 2.353255107399614 -2.393261767423809
1.924255911053919 0.7190361234336113 -3.934231443070197
0.7728111552508601 0.3373422521480569 -5.113741411185977
0.4154041825049039 2.942594614924911 -1.204733363802177
-0.5529070149858706 -2.902047978007372 -1.329363466168069
-1.336182255483301 2.137775715835978 -2.99704009002038
-0.5559372419097979 2.992188772593737 -0.3754346664244825
1.867468802451164 -0.7632667751909338 -3.991701461428476
-0.8440057966230862 2.929902771765363 -0.1904493857457537
-0.5570052812351445 2.811709218487403 -1.82301012083014
-1.405597948416621 -2.196835290222889 -2.761288412920623
-2.336050670545814 1.953056376480834 -0.3356456319759442
-1.796206971811017 2.241718568901694 -1.792982659478244
0.9821503243655636 -2.577904915069325 -2.272843361118411
-1.200765862524426 2.259600404071018 -2.897889130809675
-1.665739312459647 2.366165696451473 -1.686541892340228
0.6421771333787167 2.304982155880356 -3.301342809550463
2.971425193540755 -0.3543278984606621 -1.037192597692144
1.290199492199729 0.3572717681999055 -4.781392004148003
-1.579051169447005 -2.290534930128378 -2.184307718790847
0.520358569104061 -2.19269933181824 -3.586872820399089
-1.617929494262126 -2.443131234947375 -1.481917878069472
-1.557964632727484 0.5664898977844917 -4.467015053775316
2.20412290740122 1.30681838864684 -2.888269691273103
1.786820615915472 -0.6620843097709157 -4.155567013892253
0.983199454378625 1.110495234245239 -4.649933699889758
-0.008614969793749207 -2.275155240036555 -3.545206011710444
-2.728875627855284 -0.1845631773806355 -2.35782976755117
0.9019415768928658 0.9889272574808191 -4.781640762892271
2.306671525719859 -1.487559095387966 -2.323563586687567
-0.7610816964506185 -2.854229445106981 -1.331326915291146
-2.791420617575489 -1.002526412934156 -1.247323984289134
-0.5979850189891921 2.299826041261921 -3.337330801265543
2.689141769046192 -0.4050349451692525 -2.412213968662827
-2.872161724041522 0.3835602613415514 -1.665669518127398
1.340264376098604 2.434624902689278 -2.195589574503798
0.9907150071759612 -1.056640298166901 -4.683134539398136
-2.649197649824226 -0.887592524807575 -2.13777976948916
-2.899520742317634 -0.9443045806803988 -0.1714940681266215
-2.414284657561452 0.7284892903853689 -2.995010162450924
0.3625528019740067 -1.677374253143898 -4.39948189861021
-0.6451284663186321 -0.4137761129445219 -5.150378710322434
-0.4280575420366006 -0.4172868185744383 -5.217862599496553
-0.2145956195792376 -0.3950414689635254 -5.262918024547672
1.445179000030435 -1.651719982617684 -3.696282127260087
-1.40710792193721 -2.394614908085278 -2.202210958531544
-2.141650593809427 1.410638160799894 -2.882664357967563
-1.43510031401157 -2.552430153045484 -1.494358544941108
0.2640221599854961 2.93983830852415 -1.346675840802213
1.267623062698831 -1.722108839952526 -3.795423891819037
2.874472466348005 0.1745425498758828 -1.757520544675433
2.78243334127286 -0.3544272754420444 -2.093582720989516
-0.02534997553674857 0.9853362621292283 -5.035676202061786
2.518033225439854 -0.1658110675659089 -2.990681995772689
-2.190370229853299 -0.04966644134824144 -3.703078119409786
0.5526787952198996 -2.993230944166342 -0.3646444366234904
1.511310490424747 1.699722446972482 -3.54661696367558
0.4365441906051671 -3.017705672516881 -0.1868839462017766
0.05913486004467801 2.960277657535171 -1.283792107073629
-1.962356880873122 -1.679270694778386 -2.832516905500409
-2.778974657569999 -0.628796570040525 -1.902911626389004
2.692561437977851 -1.419711504390091 -0.362206820596257
1.958291090495912 -2.151436713636124 -1.603185561473972
-2.119258663009386 2.191800106342067 -0.2015530940603068
0.2794933882587627 -1.560836417334155 -4.545928323357997
-2.820440748000093 0.5261559470951074 -1.809812901414934
1.617456792375036 2.349252220012757 -1.889222347586045
-1.571026623973902 0.3613029459219365 -4.517625824111501
-0.8659333442193788 -2.849509572408992 -1.155608776508089
-2.837833244502791 -0.9440915933180393 -1.052200456223769
2.424685085357345 1.110991140967645 -2.583974885972153
1.942214389659796 -0.1763698991945491 -4.092055019267812
0.3566135303894408 -0.1922108923372695 -5.273884618216937
-1.345031148648104 -2.63159489036687 -1.321547721906491
-1.322018371829764 2.472074603422352 -2.099870219320444
3.040654663016033 0.1770587528848105 -0.3103687242518667
3.040822842834005 -0.1626291589463413 -0.3288258395477708
2.914957679928832 0.3543676575852733 -1.444533974202651
1.307418749025042 2.506440605392126 -2.001455938978436
1.838045814138947 1.652905341123487 -3.118864901236362
-1.33411602030809 -1.797652019795412 -3.615288490632014
2.934627316238261 -0.5032842641612552 -1.161139685941157
2.367426489669441 -1.800170614095246 -1.187058603069143
-2.713505741223793 -0.8365875375477323 -1.946443939401807
1.073456709577324 -2.841034516227432 -0.5079094395009695
0.7363872942051891 2.95379631972874 -0.3549497454851644
-2.475132575592308 0.7848044530281649 -2.793916154221905
0.06173137741676442 -1.562748290595007 -4.568731628323109
-1.37816804806282 -1.024197602658904 -4.398341369496384
0.3171888643934273 2.340199911762908 -3.36891651215152
0.01225503582878915 2.986737494087739 -1.08613278789362
2.647066766618176 1.389995151189511 -1.06020253244935
-1.868413242889132 -2.391805876817972 -0.542884653062441
-2.864153619943313 1.031932202410242 -0.3502871653889975
-2.668268578521869 -0.2383063210540868 -2.54659759638869
-0.6011678599812016 -2.713940947013409 -2.193391875715643
-0.356971257172117 2.831485632109599 -1.881489191843213
-2.879048813447974 -0.8823173687972048 -0.8565154337508538
2.204296363825031 2.099045185709196 -0.3645284101091572
-2.774538196170755 -0.475387822837231 -2.052128835661499
-2.067962471695957 2.006612236964829 -1.748929176642919
2.896261363002268 -0.3738687479693417 -1.540762267954604
-2.256025937251692 -0.1941448375099975 -3.566189505055763
-1.53916572284144 -2.200435090021236 -2.525911396222206
-1.019946216906761 2.308378135578945 -2.990216534253008
1.151914298251764 -1.867637365404019 -3.697000170853605
0.7545781202969045 -2.948977295603597 -0.3605766716110251
2.44310739417381 1.225205993018795 -2.364864153025719
-0.337516403306682 1.618567700166208 -4.471944067104514
1.702495427022532 -0.5696586221423796 -4.302320209988157
-2.78810111509249 0.7246903786645883 -1.752644758964272
0.6838487162507025 1.037374305047496 -4.859777316789341
-1.432414952625115 2.691946547376476 -0.1762424352847182
-1.152078788904737 -2.720266175447857 -1.329883924557481
-0.3703402787994335 -1.756249211644509 -4.302828634173371
1.740000841143427 -0.3630421022401182 -4.324743033213183
1.203606848015701 1.900207090742672 -3.595024090000506
-2.469439913211525 -0.5634277576925636 -2.966378193372826
1.773309288011893 2.224779370300655 -1.921851191290678
-2.295254771122575 1.926918913028719 -0.9978925529950301
-2.68153522486658 1.122596649805613 -1.615215798511693
-0.1897768309313606 2.987816173180611 -1.025180614209613
-0.968457686398438 -2.837903281155197 -0.9819236509476251
-0.9630585859068774 1.550610776859378 -4.26366134203216
-2.525636414331405 0.8406154620484211 -2.600358472931513
-2.934839930330293 -0.6878732212736979 -0.8219971553055453
0.4972999719701544 -0.3489350721785909 -5.214450990602662
2.294857634439979 -0.3383179064615897 -3.456400820092874
-2.561777954446196 -0.4916657250682518 -2.759828195814326
1.08053140580133 -0.880599037457138 -4.733202266088532
0.8742852818960499 1.653873021944981 -4.203384641286072
-2.757511340684223 -0.3311900851628274 -2.202609797565716
2.132359029431242 -0.361796284908287 -3.752983816640913
-2.827011305676326 -1.143240341226924 -0.1709636185390133
-0.006713148446826108 -1.169930159814886 -4.914239994013933
-2.741823866765336 0.9245200707125771 -1.687526365171047
-0.3884227522256379 2.637178874932379 -2.588569985240464
-1.998664703081648 1.523274338495299 -3.017492319078895
2.755033125420105 1.012545033480863 -1.451989321166042
0.8703211190501569 -2.908566617086854 -0.5272083650885893
-1.062738599130502 -2.781651085198501 -1.158958801713891
-0.8377594747442026 2.341215154417991 -3.083250667299661
-1.312516215710004 -0.7435931800124782 -4.625093064700542
-2.212710893055454 -0.382170493396232 -3.602340400959398
-1.041233543600771 -1.899080235955086 -3.747784651901492
-1.569275557802161 0.1670896416570882 -4.553877481046048
-0.0515092295426103 -1.669777365025733 -4.452472830984856
0.1378573295125385 1.809564927780769 -4.277316971385131
-1.683391943896452 -0.8333647984042168 -4.193011739947375
0.4156051074240119 0.3219192363199989 -5.241418284649604
-2.987014078168358 0.4593263356322446 -0.7303402785724408
1.418781610253284 2.699387985698177 -0.1651231298531302
1.90143573589673 2.160239400895589 -1.766983138068344
1.156713857510629 -2.816933747580009 -0.3285904310308199
-0.395398842005245 2.975114633126604 -0.9567553009028377
2.926005790620928 0.4731721267193343 -1.261492312806595
2.971216386058478 -0.661770970242079 -0.359679718072413
-0.1538937042303287 2.837509377208901 -1.936927122051887
-2.240005123823329 1.597279928643591 -2.30030327049783
-0.9924404064524227 -0.4075203828855203 -4.98117721595592
-1.921850096047518 2.110675561664799 -1.878480122904016
1.666168799002016 -2.322593773052578 -1.860501172573297
-3.007481074530395 -0.2801677719619218 -0.7504643024408019
2.617776066618048 0.3324743147596741 -2.670860506178172
-2.48069566270056 1.020170117111047 -2.535734893848387
2.489890942826769 1.571332326397262 -1.395169788519992
-1.723705032900432 -1.836523857037309 -3.002864397214968
1.023444275004849 -1.99630150331023 -3.606342842355807
-1.061921821906727 -2.824063925530641 -0.790765671697332
-1.548272882706095 -0.04790803183423455 -4.584200233174343
-1.664128353969598 2.436682146332221 -1.353000783769805
-2.886676591258889 0.9218980427613215 -0.6185815927045828
-1.394622990055939 2.491488482039682 -1.875215427093119
2.129737194599028 -2.182578275808857 -0.1670306381505408
1.309513153937484 1.648553644281852 -3.851101817850254
1.870460990843155 2.402115381509667 -0.3480108794589426
2.739369128634486 1.340372640575045 -0.1546085942366177
-0.9091040147688398 -0.8173143395345398 -4.875187420007626
-2.69252703355219 1.177247254855365 -1.430720287765068
-0.5997909748306068 2.948537149130988 -0.8806523678321146
2.109827508630606 1.478167230382705 -2.85095023584255
-2.429343278958662 -0.8752333795536565 -2.83415526634679
0.5830467396656082 1.200795859056748 -4.784699911195155
-2.156132996949955 -0.5785457351067278 -3.626961276764099
2.631749357768565 1.465735095882859 -0.843854317826082
2.323124076529791 1.197153187506821 -2.745663087007675
2.209434578358004 0.3387841940363671 -3.621610691132565
-2.124491881575318 -2.187794518476469 -0.1625813351702552
-0.6465693890621184 2.364964255906053 -3.166963066284679
-0.01030519726799346 3.043654212332186 -0.3685777158560795
-0.2748088449916147 -1.648152539289446 -4.45209127353267
-1.470381114411196 1.384678477582216 -3.988141724773095
-1.86239648718207 2.408463449628899 -0.3461080610323273
-1.784650275659111 -1.148767858979538 -3.822527319007182
-1.579342217196992 -1.412599866790979 -3.828444359136973
0.04326320015190956 -2.684899670695999 -2.526144848812662
-2.412255922051077 1.799448094200284 -0.8748106680744895
1.489537318755416 -0.3445344146500883 -4.604728862111021
-2.235359296391306 -2.037735594724347 -0.6963056609773218
-2.495054600042898 1.728003404830037 -0.5440324738881387
0.6059010400613173 0.3305079625899026 -5.183065696372938
1.78584747462578 -1.868313615439324 -2.827652439561622
0.9898831933649431 -0.7601747804426509 -4.855413052912222
0.4939663106148616 2.290377365469483 -3.408103626441092
1.52587959909004 -2.075294919865752 -2.851586512497781
1.872804333034251 -1.973483055034885 -2.40811586502307
-1.400173930171452 1.297017766645313 -4.151298168635939
2.042551780856132 2.020569364013983 -1.790388098884799
-2.423248049871527 1.202444607454996 -2.460609565935862
1.44770931627012 0.3288460392669862 -4.648585647775533
1.469848359489963 -2.020863764870383 -3.05290721529396
-2.613490203982724 1.365103152476424 -1.367429770872674
2.043996704009425 2.25618812154025 -0.3500815886335129
1.358220646295477 1.773516561462532 -3.624234921829174
2.486536083431876 0.3481999299711368 -3.022991142243136
2.107709423450745 -1.733214786873182 -2.3798844617772
0.2522760088416472 1.327378274993285 -4.770782763823244
-1.987285295665423 2.214943653721189 -1.174234444257473
1.339889798340206 -2.46662718046165 -2.084847336166136
0.2723258516225042 2.795233958193459 -2.079047454862144
0.05133214862863373 2.826811949617249 -2.000002208224877
-2.034642338982009 1.287560572761908 -3.26789174398096
-1.664108039506503 1.238321514281241 -3.902045815449761
0.8454643798432562 -2.031575838803421 -3.685821195433985
1.453266494185366 -2.680995020593794 -0.1643749690468328
-0.09738484378906068 1.666550282014823 -4.453817019804396
-2.92774991348503 -0.8350441678163791 -0.3469793741172398
-0.1930387119746932 1.129056957540957 -4.931770443051696
-2.979318177060458 -0.6247250970289036 -0.3573440112229148
2.72053027297974 0.9439110539399226 -1.75821613142019
1.701020784668986 1.705040186131194 -3.266471073487574
1.176704326985569 -2.206695768412661 -3.048024082895652
-0.6372275959476693 2.957650171428253 -0.6862827556069563
-0.9697952037373314 -2.872271795829528 -0.5994782299021743
1.095275061984373 1.605111801773779 -4.102185365661627
1.247329352869352 -2.782767017205939 -0.1652517295930626
2.354980933646983 0.3514103157295529 -3.326998587356468
-0.6329231642426791 -0.8943240067761656 -4.966073152273011
2.665775502844443 -0.1395981060324881 -2.576638437699557
-1.862364155671935 -1.192889256170595 -3.66543369892516
0.6195510247588293 -2.620163230784964 -2.502834762729881
-0.8182512053705021 -2.156267507111098 -3.483489008371337
1.700424650073084 0.6919166890302687 -4.249972097160996
3.012282744726737 0.3528935264699908 -0.5790031273250337
-0.2888942610854371 -1.860725884267046 -4.186675906666652
0.5295883360948518 2.998761939638805 -0.3288944132691838
1.96585035451827 0.8483745263929433 -3.790700841909649
1.831932896669701 -1.923863953897981 -2.616824048627848
2.732606447589325 -1.324385075155871 -0.5157908124903873
1.1634676577329 -0.3274531148557571 -4.885654578092075
2.220010790777507 -1.628274988562187 -2.29315113589797
0.08198866108663486 -2.351895539788786 -3.386480498043475
1.01284167733345 -2.611062159691095 -2.110987894966451
0.3462909073581141 2.601984233829733 -2.712137323129887
2.169674028583287 1.873699431788154 -1.821114328619195
-0.9094251605397493 0.1108219648531464 -5.075442614031926
-0.5299800198615633 -2.772980493473957 -2.017567210587555
-0.5841147090415763 2.680599149275652 -2.327986363311406
2.988122791558307 0.3484477783042711 -0.8863789118990034
-1.482483139522439 -2.291463715493637 -2.378548716714123
0.9784850688811628 0.3132048991897189 -5.010243496947544
0.8711068780512117 -2.360041499819377 -3.01063131646307
-2.346914122724996 1.391519076866642 -2.381252388876592
2.834077801152342 0.7713049603441214 -1.439943212529006
-2.341117301004384 -1.062828150049349 -2.864741721051979
-1.520379462778533 2.638804451461039 -0.3204362911183584
-2.958624702508591 0.6303275535762081 -0.6928562511501365
0.489091456232866 1.341579566993109 -4.702241813619923
-2.092277699659416 -0.7787222754844204 -3.626789489359445
-0.0856141106193952 -1.024270337845786 -5.009961452891709
-1.739406472057797 -2.497315999498797 -0.3759924135473523
-0.8861413209632473 0.5375524006091931 -5.004570591903343
-0.4533783950083748 2.381521446716576 -3.230628482979726
2.731144788690536 0.3413556912222136 -2.295836675567037
-0.6741905504625622 2.962273124300511 -0.4902089034646811
-1.043166235337301 2.866075612881584 -0.1352686842835656
-2.757051894501417 1.270193070766569 -0.5343514398142505
-0.3205197555156101 -2.804451889981588 -2.019538376338921
-2.519601826322541 1.491735734647936 -1.495115245313833
2.778793199040891 1.179308445128055 -0.7723874107385544
2.741469948751653 -0.3118409911438588 -2.271043207810688
2.639094098906908 1.528552418387999 -0.1491196003917386
2.195656680827926 -1.961633338635748 -1.394873887812967
0.7197905373708477 -2.133859876597905 -3.589944168664608
1.062740423638688 -0.5780650826528867 -4.884815947927
2.28000062591513 -1.678281436128694 -1.98356275990299
-2.215931265555778 -2.088376839385798 -0.3351593247129719
-1.663459662034326 -1.970146280763252 -2.844422071032421
2.919655840873885 -0.83464536047376 -0.5161171586869326
-1.533768265156174 -0.2460136909541784 -4.57971156350948
-1.058490120937835 -2.849614875743121 -0.4544321659165367
0.7832311168168891 -2.268828201800521 -3.284856884981845
2.952487116976982 -0.3356866151496881 -1.206698537754576
-0.4578903929272424 -2.314435205969097 -3.373820102197483
3.024278965888194 -0.3132036777437094 -0.4420362125313814
-1.126657131501036 -2.595322274243199 -1.991197776611802
1.236639553123531 2.787958342332425 -0.1418123628864207
0.1458332758582521 0.3255574831507448 -5.284503962619455
-2.422730979540383 -1.813940479238296 -0.6722857972909703
2.130848911326817 0.7270502220263078 -3.590934169864703
-0.7220354146842688 1.482020231986103 -4.477368256348407
1.982115760432055 -2.168778630889081 -1.43414878726986
1.994230714030617 -2.297698640549932 -0.3985599633335704
-2.419062164058673 1.666289406694477 -1.438385795858724
-1.97691881476457 1.225747233345446 -3.443249106577874
-3.035880226999543 -0.1051059713219595 -0.4963103094825803
2.448018594608052 -0.1256840172804293 -3.168171227981042
2.874007027781504 -0.3344898954767534 -1.688008971709583
3.045722265056914 0.1554834450446162 -0.1560071206116621
3.046159532053109 -0.1465491555720817 -0.1563447068255276
2.291879705637463 1.773910152941387 -1.662893090121706
2.347235663240507 -1.925290121932643 -0.5299741146261747
0.2867582034796096 2.755093383082083 -2.230592782600946
-2.958696881457581 -0.6396736210128243 -0.6653182523930128
2.655899332494976 -1.414968658734262 -0.8766419425566352
-2.235805008003235 -1.246981509952616 -2.894657590202319
-1.742267132328926 -0.9343145237718207 -4.052793445330098
2.384058192529778 -1.56091291723385 -1.901234711727841
2.002099354392018 1.628831556468561 -2.837506037409317
0.1810338005746887 1.190940287386086 -4.888694988895436
1.501351306714578 -2.649817277232184 -0.3168821893298135
-1.540503948087272 2.422689762463301 -1.800670785497032
2.470795137650418 -1.668809173849882 -1.128702390591835
-2.224409919886507 2.07920331016512 -0.3377957060472703
-2.01102236869351 -0.9554072085417716 -3.638102171666866
1.73213949603393 -2.503612063769755 -0.3497633068126814
0.6476533720658803 -2.30677535342767 -3.294271823684404
-1.814127637048228 2.268180854784636 -1.629418649446847
-1.613928732254758 2.43615962462578 -1.529337372647785
0.6533974328593353 0.4599549316650779 -5.135272115918751
0.5309450728323679 2.690248447475832 -2.332856228535035
-0.2836196603756362 -1.011739077278383 -4.995492370841148
-0.2749329368348187 2.374488839447589 -3.306658630950439
-0.8845693194102013 -0.2734880191084882 -5.070069357769594
-0.6959251896408041 0.808244928188824 -4.985278607167423
2.883420890821051 0.308018496356326 -1.654162172889385
0.6007671952650441 1.79046950525392 -4.179062011146359
-1.236421429059837 1.379516419205395 -4.227867949442523
1.647138972116439 0.3313773863857806 -4.44150604274769
-2.389378312344542 1.875252727381653 -0.50214249704907
1.797370309528479 2.449167194356182 -0.4921749098259188
-0.1026814679366353 -2.329129457130899 -3.432312081943937
-0.2120042073497178 3.04275262416944 -0.1271063283354928
2.805944014908893 0.3328527938718565 -2.007128133899897
2.585022933963336 1.611267336489797 -0.3024502015651068
0.349003112574735 -2.268711872027468 -3.505322560778379
2.230678367452864 -2.07260667017659 -0.3353625843583454
-0.7057863922068836 2.96223576246482 -0.3291802011441718
2.387184686534958 1.634857107106777 -1.688361561872542
2.660046495358743 1.03721409808912 -1.87588657002627
-2.461221914715495 -1.794048118165486 -0.3138217285188498
0.3189588775448857 1.788081894731901 -4.275381717048312
0.7152556582848857 -0.115116269093908 -5.168818076515524
2.766593049707537 1.254250690147404 -0.497638771769437
1.555578928011075 1.756797774827656 -3.40080751913955
-1.26068403541149 -2.470098233772336 -2.218327918749527
0.3395781232845972 3.02683667497541 -0.3097655530521443
-1.491982608021863 -0.4364466266953803 -4.578539216810804
-0.7601617848473515 2.656225475510626 -2.257288881255999
-1.205394510383913 -1.818930726503134 -3.718939147885057
0.2570669048213281 -2.617877024163648 -2.695756815632459
-2.325495508002231 1.762342820354619 -1.554838506878425
-1.505446774672088 -1.54380907181789 -3.764367592588936
1.856289146337581 -0.3162173647288507 -4.186660611699571
-0.421768179244415 0.9277711608787567 -5.015365396519043
1.143853787610998 0.288181406875799 -4.907219846083439
-1.52768251709541 -2.07798361212835 -2.842681031007442
1.789554597481373 0.8520949642286492 -4.045231499702133
-1.323401841520428 -2.743682709703829 -0.2991067966545483
-2.411518893697914 1.824680782877394 -0.7056653996053148
-1.985787675162733 -2.305522545987654 -0.389248718595268
-1.491490401990704 1.504961893304603 -3.828566032168303
2.21597901153274 -0.2915471605163041 -3.6219521400805
0.1617818630117638 2.636174939373686 -2.663847065955904
1.884512813619174 1.689552470123218 -2.971300048122423
1.137285311113978 2.826144070313976 -0.2923133704800842
1.614747025177814 -0.503976717407603 -4.428295972236381
2.948206570827667 0.3079501555411579 -1.259859494253135
-1.846605572232119 1.328207067514915 -3.546200846673253
1.581970906555896 2.598071431152061 -0.4126875516910998
2.61798244782169 -1.102318659728545 -1.94179231930969
-2.00729022892076 2.290467816951349 -0.3175077087510107
3.016012793053648 -0.2900902790111399 -0.6242403322730523
2.302683790257568 0.2888988191863884 -3.454206924518464
-2.887583622851665 0.9481514286665574 -0.4662459117995318
2.464525174492569 -1.790079011760249 -0.3037487027155893
-2.129506486045086 -1.417748543563916 -2.899370689215661
-0.98265212370697 2.609572444100987 -2.159435232512517
2 6 0 81
4463
4464
4465
4466
4467
4468
4469
4470
4471
4472
4473
4474
4475
4476
4477
4478
4479
4480
4481
4482
4483
4484
4485
4486
4487
4488
4489
4490
4491
4492
4493
4494
4495
4496
4497
4498
4499
4500
4501
4502
4503
4504
4505
4506
4507
4508
4509
4510
4511
4512
4513
4514
4515
4516
4517
4518
4519
4520
4521
4522
4523
4524
4525
4526
4527
4528
4529
4530
4531
4532
4533
4534
4535
4536
4537
4538
4539
4540
4541
4542
4543
-1.347431539179449 2.549417789896419 0
-1.347431547205483 -2.549417789972994 0
-1.534608298801298 2.441062566274502 0
-1.534608326207528 -2.441062561912338 0
2.138123710782583 -1.934820341970011 0
2.138123710479003 1.934820342122354 0
0.6065417003653959 -2.819079632587235 0
0.6065417004055949 2.819079632614466 0
-2.744665431091733 0.884259287210222 0
-2.744665430927543 -0.8842592871619912 0
2.881576319103118 0.1077989240743129 0
2.881326359284348 -0.1084785184942056 0
2.276952696723106 -1.768981517699301 0
2.276952696814558 1.768981517447822 0
0.3935065772262272 2.856389647791369 0
0.3935065762149854 -2.856389647986801 0
-2.670459290807562 1.087408123464929 0
-2.670459291261553 -1.08740812293548 0
-1.719514139043303 2.309708385364631 0
2.86002320898505 0.3342887437834614 0
2.860023207046524 -0.3342887471925171 0
-1.719514157992294 -2.309708386002546 0
0.1674276384099596 2.874621650519464 0
2.405781551657054 -1.582307421799718 0
2.405781552657505 1.582307419953802 0
-2.573209201245845 -1.292314227231592 0
0.1674276375816879 -2.874621651334249 0
-2.573209198970194 1.292314228974807 0
1.976028175585248 2.094467545463813 0
0.825847997790909 2.758524377332763 0
-1.140509019887629 -2.643997161893142 0
1.976028176700482 -2.094467544457227 0
0.8258479970056447 -2.75852437809917 0
-2.801876188552981 0.6640568367405475 0
-2.801876188480101 -0.6640568354099803 0
-1.140509004599956 2.643997167632253 0
-1.890635676187291 2.166428116682578 0
1.03565432445902 2.682412005785561 0
-2.840864109279704 -0.444303043896682 0
1.035654323659353 -2.682412006876891 0
-2.840864109296304 0.4443030447239744 0
1.805209769676029 2.238108959249861 0
-0.9308639493599404 -2.72055258343962 0
1.805209770028762 -2.238108959623367 0
-0.9308639505802998 2.720552583904423 0
-1.890635682840394 -2.166428114474973 0
-2.461820635428732 1.48571636859069 0
-0.05575780952031284 -2.874857393144966 0
-2.461820639089931 -1.485716363875889 0
-0.05575781033314309 2.874857393239966 0
2.517578432495615 1.3891410254989 0
2.517578431949129 -1.389141024283648 0
2.821499628118701 0.5541244489562906 0
2.82149962710318 -0.5541244512284198 0
2.767712964347735 0.7704455320248842 0
2.767712963867242 -0.7704455338577736 0
-0.7166310568952921 2.782132445331185 0
-2.051081844941233 2.011686923370076 0
2.615423932177974 1.18885603502669 0
-2.337291475831975 1.670595556159081 0
-0.7166310604422033 -2.782132446846274 0
2.615423933793031 -1.18885603073088 0
-0.2781324659503186 2.859451570309265 0
-2.337291475136031 -1.670595554201677 0
-2.051081849404368 -2.01168691883103 0
-0.2781324666360021 -2.859451570156286 0
1.624958260651298 2.369247096410477 0
1.624958260052049 -2.369247096660071 0
1.239349024840296 -2.591878689875513 0
1.239349025636737 2.591878689514671 0
-2.864307319143833 -0.2226316126044363 0
-2.864307319241979 0.2226316129974126 0
-2.872130213657711 2.461479908788533e-10 0
1.436065084489145 -2.48733769217687 0
1.436065085124028 2.487337691778573 0
-0.498740152219936 2.828495979699738 0
-2.200179301038439 1.846169623450895 0
-0.4987401569807557 -2.828495977253724 0
-2.200179302649409 -1.846169623934482 0
2.698919456899918 0.9823263772132398 0
2.698919458257032 -0.9823263759881544 0
3 1 0 38
4544
4545
4546
4547
4548
4549
4550
4551
4552
4553
4554
4555
4556
4557
4558
4559
4560
4561
4562
4563
4564
4565
4566
4567
4568
4569
4570
4571
4572
4573
4574
4575
4576
4577
4578
4579
4580
4581
2.848637580871582 0.3621114492416382 -0.6245535016059875
2.848637580871582 -0.4180102348327637 -0.4945331811904907
2.848637580871582 -0.2879899740219116 -0.7545737624168396
-2.872254610061646 -0.4180102348327637 -0.2344926297664642
-2.872254610061646 0.2320911586284637 -0.1044723466038704
2.848637580871582 0.1020708754658699 -1.14463472366333
0.5082727074623108 2.832496643066406 -0.1044723466038704
0.3782524466514587 2.832496643066406 -0.8845940232276917
-2.742233991622925 -0.1579696834087372 -1.534695625305176
-2.742233991622925 0.1020708754658699 -1.534695625305176
0.2482321560382843 2.832496643066406 -0.7545737624168396
0.2482321560382843 -2.75837516784668 -1.534695625305176
-2.872254610061646 0.3621114492416382 -0.2344926297664642
0.1182118728756905 -0.02794940024614334 -5.175263404846191
-2.742233991622925 -0.6780508160591125 -1.014614343643188
2.848637580871582 -0.02794940024614334 -0.8845940232276917
2.877459679664958 0.01709371278801144 -0.4812891080336211
0.2482321560382843 2.832496643066406 -0.4945331811904907
2.848637580871582 -0.2879899740219116 -0.4945331811904907
-2.872254610061646 -0.1579696834087372 -0.7545737624168396
-0.01180840283632278 2.832496643066406 -1.014614343643188
2.848637580871582 -0.1579696834087372 -0.3645129203796387
0.3782524466514587 2.832496643066406 -0.2344926297664642
0.3782524466514587 2.832496643066406 -0.3645129203796387
-0.5318894982337952 2.832496643066406 -0.4945331811904907
2.848637580871582 0.2320911586284637 -0.1044723466038704
2.848637580871582 -0.1579696834087372 -0.4945331811904907
2.848637580871582 0.2320911586284637 -0.2344926297664642
-2.872254610061646 0.3621114492416382 -0.1044723466038704
-2.872254610061646 -0.1579696834087372 -0.1044723466038704
2.71861743927002 0.3621114492416382 -1.534695625305176
-0.5318894982337952 2.832496643066406 -0.3645129203796387
-2.742233991622925 0.2320911586284637 -1.664715766906738
0.3782524466514587 -2.75837516784668 -1.404675245285034
0.3782524466514587 -2.75837516784668 -1.534695625305176
-0.2718489766120911 -2.8883957862854 -0.2344926297664642
0.2482321560382843 -2.75837516784668 -1.404675245285034
0.3782524466514587 -2.75837516784668 -1.274655103683472
$EndNodes
$Elements
4 22847 1 22847
2 3 2 3955
1 1827 2003 952 
2 1403 1841 276 
3 1404 1841 1403 
4 991 2034 1837 
5 920 1948 1422 
6 883 1376 1375 
7 784 2079 1304 
8 1837 2034 1247 
9 1502 1503 1038 
10 883 1907 1376 
11 792 1649 1339 
12 274 1461 1303 
13 1303 2090 274 
14 1422 1948 1423 
15 1323 1326 517 
16 1340 1341 955 
17 1242 2003 1827 
18 1604 2059 1082 
19 1453 1807 838 
20 1665 1819 359 
21 957 1397 1151 
22 1746 1958 1181 
23 1328 1376 949 
24 264 1514 1318 
25 634 1384 826 
26 1170 1956 1856 
27 1063 1489 1021 
28 1082 1605 1604 
29 1296 1354 825 
30 1170 1856 1670 
31 1197 1552 1056 
32 636 1384 634 
33 825 1336 1296 
34 1509 1591 1510 
35 902 1333 1055 
36 246 1315 1314 
37 1290 1439 1410 
38 529 1390 754 
39 418 1651 1610 
40 1857 2028 1195 
41 1113 1489 1063 
42 1304 1723 784 
43 1330 1822 245 
44 1135 1901 1666 
45 1666 1901 1880 
46 1651 2050 1610 
47 1135 1924 1901 
48 1136 1924 1135 
49 1394 1397 250 
50 1606 2079 784 
51 1355 1379 741 
52 1328 1791 1376 
53 1405 1709 1673 
54 1418 1970 1205 
55 1503 1800 1038 
56 317 1363 319 
57 250 1396 1394 
58 1372 2045 503 
59 92 1367 91 
60 1238 2028 1857 
61 1159 1934 1923 
62 496 1369 524 
63 954 2005 1933 
64 974 1457 1442 
65 703 1927 1402 
66 974 1458 1457 
67 1130 1758 1757 
68 1322 1357 964 
69 503 1949 1372 
70 1205 1970 1215 
71 1511 1512 1119 
72 1363 1807 1453 
73 1757 1759 1130 
74 237 1367 92 
75 521 2045 1778 
76 1380 1381 711 
77 1341 1892 955 
78 1170 1913 1401 
79 1119 1512 1099 
80 1318 1514 1320 
81 1056 1552 1061 
82 776 1958 1746 
83 1118 1903 1116 
84 579 1647 1327 
85 1933 2005 1339 
86 1906 1966 469 
87 964 1370 1322 
88 1339 1649 1338 
89 1402 1927 1377 
90 1392 1393 785 
91 241 1591 1509 
92 1345 1450 248 
93 498 1369 496 
94 1216 2004 1408 
95 1344 1427 1426 
96 1314 1417 246 
97 1955 2067 1365 
98 1326 2081 517 
99 1016 1913 1170 
100 902 2043 1333 
101 1410 1439 812 
102 1558 1904 240 
103 711 1943 1380 
104 1479 1511 1119 
105 281 1431 1400 
106 1778 2019 521 
107 1492 1962 1022 
108 1022 2046 1492 
109 412 1646 1373 
110 527 1390 529 
111 1151 1397 1394 
112 1100 1398 1397 
113 1100 1397 957 
114 958 2067 1955 
115 1099 1512 1097 
116 1335 2090 1303 
117 1819 1821 359 
118 1379 1919 741 
119 1510 1591 1252 
120 1952 1993 1168 
121 482 1934 1645 
122 1295 1814 710 
123 1753 1785 1128 
124 1391 1392 785 
125 1461 1685 1303 
126 1645 2068 482 
127 1352 1691 1244 
128 427 2028 1596 
129 1597 1598 1227 
130 1645 1934 1159 
131 710 1947 1295 
132 1488 1489 1113 
133 1339 2005 792 
134 517 1406 1323 
135 1441 1903 1118 
136 1989 2004 945 
137 246 1334 1315 
138 1918 2040 401 
139 1073 1580 1183 
140 1359 1966 1906 
141 824 1892 1341 
142 1128 2057 1753 
143 1228 2015 1922 
144 964 1357 876 
145 76 1388 75 
146 70 1515 69 
147 1350 1389 252 
148 1402 1993 1952 
149 1347 1819 1665 
150 1329 1365 1364 
151 953 1923 1895 
152 1341 2102 824 
153 449 1363 317 
154 1100 1942 1398 
155 1352 1839 1691 
156 1598 1985 1227 
157 1922 2015 385 
158 1078 1339 1338 
159 1408 2019 1216 
160 1709 2103 1673 
161 1392 1395 1393 
162 583 1386 1382 
163 1383 1384 636 
164 1363 1453 319 
165 1327 2012 579 
166 1013 1709 1405 
167 1333 1746 1055 
168 347 1919 1379 
169 1407 2004 1989 
170 1054 1389 943 
171 245 1822 1438 
172 1462 1685 1461 
173 282 1519 1476 
174 1305 2008 585 
175 1708 1760 1214 
176 1288 1554 1525 
177 1312 1937 1380 
178 585 2097 1305 
179 1503 1887 1800 
180 252 1388 1350 
181 1379 2104 347 
182 1197 2027 1552 
183 1302 2040 1918 
184 1349 1904 1558 
185 245 2071 1330 
186 1713 1714 1163 
187 578 1939 1371 
188 1349 1558 275 
189 1321 2043 894 
190 1360 1362 449 
191 894 2018 1321 
192 427 1596 1595 
193 1072 1580 1073 
194 1646 2036 1373 
195 1478 1481 242 
196 1344 1976 1427 
197 284 1806 1348 
198 1390 2096 754 
199 1231 1415 1366 
200 1800 1887 1175 
201 1980 2006 481 
202 1554 1987 1525 
203 1140 1760 1708 
204 1655 2034 723 
205 75 1388 252 
206 1596 2028 1238 
207 1615 2102 1873 
208 248 1855 1345 
209 275 1710 1349 
210 94 2090 2054 
211 943 1389 1350 
212 2054 2090 1335 
213 1305 1439 1290 
214 233 2033 2011 
215 1444 1799 1767 
216 1414 1982 1972 
217 1230 1961 1959 
218 1778 2045 1372 
219 1959 1961 244 
220 2011 2033 1246 
221 1972 1982 260 
222 248 1515 70 
223 1457 1458 243 
224 1380 1937 1118 
225 1400 1431 1389 
226 1409 1758 1130 
227 1113 1490 1488 
228 1370 1678 1322 
229 1332 2104 1378 
230 1682 1942 1609 
231 1411 1526 1291 
232 1367 1859 91 
233 1181 1958 1296 
234 1940 1951 951 
235 1458 1459 243 
236 1364 1717 1329 
237 1381 1947 710 
238 1038 2087 1502 
239 1935 2060 1499 
240 955 1995 1340 
241 1408 2004 1407 
242 1163 2061 1713 
243 1603 2059 1604 
244 574 1678 1370 
245 1489 2101 1021 
246 1609 2082 1682 
247 1203 1827 952 
248 1895 1923 1358 
249 1357 1428 876 
250 1054 1400 1389 
251 286 1868 1643 
252 1318 2062 264 
253 1427 1976 783 
254 1632 1869 287 
255 1137 1917 1662 
256 825 1429 1336 
257 1400 2035 281 
258 1362 1363 449 
259 812 1412 1410 
260 2 1759 1757 
261 1450 2140 248 
262 1971 2048 26 
263 69 1515 1514 
264 1807 2110 838 
265 1384 2052 826 
266 1634 1917 1137 
267 1424 1426 868 
268 76 1740 1388 
269 710 2058 1381 
270 1376 1907 949 
271 1634 1710 275 
272 570 1847 1358 
273 449 1530 1360 
274 1378 2104 1379 
275 1734 2041 1134 
276 1669 2006 1980 
277 1395 2047 1393 
278 783 2085 1427 
279 991 1837 1242 
280 1738 1806 284 
281 1526 2117 1291 
282 256 1987 1554 
283 520 2067 1368 
284 1316 1417 1314 
285 1228 1922 1636 
286 411 2020 1783 
287 1247 2034 1655 
288 240 1904 1512 
289 1388 1740 1351 
290 1740 1799 1351 
291 583 2064 1386 
292 1768 1806 1201 
293 1476 1878 282 
294 1116 1903 1119 
295 1442 1874 974 
296 2030 2038 791 
297 1134 2041 895 
298 659 1585 657 
299 254 1524 1387 
300 1459 1462 1461 
301 912 1685 1462 
302 105 1396 250 
303 989 2059 1603 
304 1334 2076 280 
305 1329 1955 1365 
306 74 1431 73 
307 97 1460 96 
308 1292 2070 2038 
309 1775 1800 931 
310 242 1844 1478 
311 1923 1934 570 
312 715 2050 1777 
313 1293 2060 1935 
314 1338 2136 1078 
315 1446 1962 1492 
316 1554 2117 256 
317 1333 2043 1321 
318 1356 1857 1195 
319 1783 2088 411 
320 1159 1923 953 
321 824 2102 1615 
322 1767 1799 1387 
323 416 2009 1374 
324 1858 1876 1105 
325 1552 1754 1061 
326 812 1909 1412 
327 1459 1461 1460 
328 1293 2070 1292 
329 1426 1890 1344 
330 1351 1799 1444 
331 1313 2048 1971 
332 1783 2020 1664 
333 1636 2133 1228 
334 1426 1427 868 
335 447 1429 454 
336 1632 2134 1869 
337 1137 1710 1634 
338 1868 2135 1643 
339 545 1728 548 
340 1873 1945 1615 
341 1938 1957 727 
342 1369 1999 524 
343 1359 1906 585 
344 1233 1951 1940 
345 280 2037 1334 
346 1130 1759 1126 
347 1603 2066 989 
348 636 1804 1383 
349 768 1985 1598 
350 1348 2078 284 
351 251 1434 1399 
352 1065 1914 887 
353 1963 1983 1250 
354 1422 1994 920 
355 1292 2038 2030 
356 1580 2017 1183 
357 2020 2103 1664 
358 1316 1930 1417 
359 243 1460 97 
360 1216 2019 1778 
361 29 1490 28 
362 1398 1942 271 
363 1371 1949 578 
364 1397 1398 250 
365 723 2012 1655 
366 1916 1925 1156 
367 1728 1729 548 
368 1387 1524 1169 
369 1374 2083 416 
370 916 2139 1353 
371 657 1585 1584 
372 237 2069 1367 
373 777 1585 659 
374 106 1396 105 
375 1939 2099 1371 
376 73 1431 281 
377 252 1431 74 
378 1405 1902 1013 
379 1368 2007 520 
380 321 1453 444 
381 564 1701 1672 
382 1252 1891 1510 
383 1512 1904 1097 
384 454 1429 825 
385 1214 1831 1708 
386 1389 1431 252 
387 627 1834 1809 
388 1119 1903 1479 
389 96 1460 274 
390 932 1785 1753 
391 1134 1752 1734 
392 1481 2138 242 
393 2015 2079 385 
394 1492 2118 1446 
395 1294 1973 1546 
396 1459 1460 243 
397 1466 1966 1276 
398 1871 1886 312 
399 256 2117 1526 
400 609 1835 1811 
401 28 1490 262 
402 524 1839 1352 
403 585 2008 1359 
404 1360 1530 1361 
405 543 1728 545 
406 931 1800 1175 
407 443 1429 447 
408 1175 1887 1506 
409 1358 1923 570 
410 1610 2050 715 
411 1471 1896 450 
412 1365 2067 520 
413 1787 1810 645 
414 359 1821 1637 
415 792 2005 1856 
416 319 1453 321 
417 1066 1838 1829 
418 1038 1800 1775 
419 1664 2103 1709 
420 1889 1932 1693 
421 1387 1799 254 
422 579 1984 1647 
423 1695 1824 1712 
424 374 1622 372 
425 1244 2093 1352 
426 1884 1910 782 
427 259 1960 1495 
428 1231 2095 1415 
429 1414 1967 1413 
430 540 1688 1200 
431 343 1604 345 
432 777 2111 1356 
433 1488 1490 29 
434 768 2131 1985 
435 562 1701 564 
436 259 1965 1960 
437 444 1453 838 
438 785 1641 1391 
439 1414 1972 1967 
440 1601 1602 389 
441 1178 1716 1575 
442 1353 1973 916 
443 1622 1676 372 
444 1695 1712 518 
445 1718 1823 487 
446 1323 1406 1120 
447 741 2049 1355 
448 1498 1965 259 
449 1670 2005 954 
450 1334 1843 1315 
451 385 2079 1606 
452 1519 2114 1476 
453 1498 1969 1965 
454 652 1885 1861 
455 1141 1859 1367 
456 262 1876 1858 
457 1201 1806 1805 
458 1604 1605 345 
459 389 1604 343 
460 1378 1941 1332 
461 341 1601 389 
462 1567 1957 1938 
463 1575 1716 327 
464 1411 1882 1526 
465 378 1622 374 
466 292 1430 290 
467 1551 1552 445 
468 1856 2005 1670 
469 541 1688 540 
470 320 1570 1180 
471 1005 1744 1616 
472 337 1587 727 
473 408 1646 412 
474 1680 1703 1660 
475 309 1467 457 
476 1664 1709 871 
477 1057 1548 1471 
478 333 1572 430 
479 789 1428 790 
480 908 1629 935 
481 288 289 270 
482 684 1473 702 
483 269 1420 1419 
484 1484 1681 1517 
485 108 1416 266 
486 1377 1927 826 
487 438 1551 445 
488 713 2029 1983 
489 381 1533 698 
490 404 1610 715 
491 805 1788 1743 
492 548 1729 747 
493 1178 1575 592 
494 762 1537 660 
495 109 1416 108 
496 278 1969 1498 
497 110 288 270 
498 1602 1603 389 
499 1276 2127 1466 
500 791 1518 664 
501 269 1419 110 
502 400 1579 418 
503 246 1417 20 
504 1590 1750 1435 
505 1160 1594 885 
506 257 1433 107 
507 1935 1964 1513 
508 767 1538 656 
509 876 1428 789 
510 20 1417 19 
511 1584 1585 1196 
512 469 1966 1466 
513 1809 1834 1209 
514 1475 1476 1274 
515 269 1432 1421 
516 107 1433 108 
517 1385 1981 105 
518 750 1543 651 
519 1422 1423 1420 
520 322 1570 320 
521 605 1527 700 
522 740 1706 796 
523 392 1523 427 
524 112 286 111 
525 713 1983 1963 
526 111 287 112 
527 705 1449 1448 
528 1686 1782 1687 
529 270 1416 109 
530 289 1132 291 
531 289 290 270 
532 1524 1697 1169 
533 109 1432 269 
534 615 1681 1484 
535 1545 1546 1107 
536 269 1421 1420 
537 1421 1422 1420 
538 289 291 290 
539 720 1628 1586 
540 110 270 109 
541 999 1032 919 
542 1277 1482 1284 
543 293 812 295 
544 1024 1532 1182 
545 1033 1169 1032 
546 307 1467 309 
547 788 999 919 
548 109 269 110 
549 598 1599 787 
550 999 1033 1032 
551 377 1533 381 
552 788 919 797 
553 719 1522 1111 
554 1270 1475 1274 
555 664 1518 666 
556 1033 1387 1169 
557 724 788 763 
558 108 1432 109 
559 1423 1632 1420 
560 108 266 107 
561 291 293 292 
562 1599 1658 787 
563 1603 1604 389 
564 775 820 774 
565 466 588 465 
566 1010 1561 1017 
567 589 774 588 
568 459 466 465 
569 299 585 301 
570 1350 1388 1351 
571 796 1772 1771 
572 106 257 107 
573 821 942 820 
574 103 1434 251 
575 599 1486 597 
576 943 1350 942 
577 454 825 456 
578 278 1977 1969 
579 271 1436 102 
580 89 1702 239 
581 89 239 90 
582 289 1643 1132 
583 466 589 588 
584 101 1438 272 
585 589 775 774 
586 105 250 104 
587 956 1057 874 
588 868 1994 1424 
589 775 821 820 
590 1057 1470 1469 
591 459 465 462 
592 293 295 294 
593 1286 1288 1279 
594 291 292 290 
595 103 251 104 
596 1079 1345 1206 
597 456 459 458 
598 99 1440 245 
599 745 1673 1004 
600 877 1079 894 
601 794 795 765 
602 103 271 102 
603 86 235 85 
604 821 943 942 
605 441 852 437 
606 1057 1471 1470 
607 247 1442 100 
608 101 272 102 
609 433 441 437 
610 303 469 305 
611 283 1733 87 
612 454 456 455 
613 1421 1432 1425 
614 108 1433 1432 
615 295 297 296 
616 94 1558 240 
617 707 877 770 
618 101 247 100 
619 1350 1351 942 
620 965 1340 852 
621 372 1676 370 
622 441 965 852 
623 588 1483 465 
624 1079 1206 894 
625 99 245 100 
626 568 723 563 
627 92 275 93 
628 265 1707 89 
629 421 719 423 
630 965 1341 1340 
631 559 722 557 
632 467 724 591 
633 1040 1236 1234 
634 694 782 696 
635 1277 1284 1273 
636 433 437 434 
637 689 726 692 
638 919 920 797 
639 991 1242 722 
640 235 1752 1751 
641 98 243 97 
642 719 830 423 
643 877 894 770 
644 836 929 837 
645 96 1511 1479 
646 97 273 98 
647 916 1114 870 
648 96 274 95 
649 705 836 835 
650 831 870 830 
651 235 1751 85 
652 1270 1274 1268 
653 719 831 830 
654 93 237 92 
655 1057 1469 874 
656 684 702 687 
657 831 916 870 
658 554 567 552 
659 916 1294 1114 
660 930 998 997 
661 931 1175 929 
662 1421 1424 1422 
663 559 991 722 
664 1560 1659 460 
665 297 299 298 
666 857 858 856 
667 855 856 749 
668 1108 1229 1068 
669 820 839 774 
670 1282 1314 1281 
671 676 705 678 
672 546 749 544 
673 91 1634 92 
674 293 294 292 
675 926 1191 927 
676 1266 1689 1452 
677 1121 1324 1323 
678 94 240 95 
679 877 1080 1079 
680 1324 1390 1326 
681 309 457 311 
682 90 265 89 
683 929 930 837 
684 857 860 858 
685 88 283 87 
686 816 926 817 
687 428 433 429 
688 301 303 302 
689 969 1513 926 
690 513 1037 734 
691 1053 1199 911 
692 525 572 565 
693 938 1110 907 
694 836 837 835 
695 623 1535 652 
696 1037 1085 734 
697 87 1738 284 
698 508 510 506 
699 1037 1401 1085 
700 855 857 856 
701 390 1001 1000 
702 432 941 901 
703 941 1196 1194 
704 1262 1281 1260 
705 513 734 511 
706 540 1058 538 
707 572 587 577 
708 299 301 300 
709 884 1121 1120 
710 1001 1003 1002 
711 1073 1074 963 
712 87 284 88 
713 388 946 699 
714 96 1479 97 
715 938 1355 1110 
716 1184 1185 1075 
717 504 1364 502 
718 1106 1383 1164 
719 858 861 859 
720 834 886 833 
721 1117 1381 1380 
722 1015 1149 1148 
723 961 1413 1142 
724 546 855 749 
725 523 525 522 
726 386 432 391 
727 829 878 828 
728 1410 1411 1291 
729 1098 1295 1115 
730 827 828 725 
731 878 961 880 
732 832 833 701 
733 666 816 668 
734 705 835 678 
735 1324 1326 1323 
736 941 1194 901 
737 519 522 518 
738 1096 1650 1098 
739 1248 1313 1157 
740 638 725 639 
741 303 305 304 
742 861 938 907 
743 1282 1316 1314 
744 381 698 383 
745 432 901 391 
746 373 390 376 
747 662 791 664 
748 421 423 422 
749 1064 1403 1065 
750 1121 1323 1120 
751 886 1064 887 
752 1001 1002 1000 
753 861 907 862 
754 939 1243 940 
755 705 1448 836 
756 534 586 532 
757 981 1240 946 
758 1003 1297 1002 
759 1015 1148 873 
760 315 449 317 
761 362 388 364 
762 602 766 603 
763 1213 1246 1219 
764 295 296 294 
765 947 1106 972 
766 1019 1022 995 
767 658 762 660 
768 390 1000 376 
769 1102 1113 1063 
770 600 602 601 
771 1073 1075 1074 
772 620 701 621 
773 597 600 598 
774 836 931 929 
775 748 951 586 
776 801 1015 873 
777 502 520 500 
778 899 1087 897 
779 1241 1377 1240 
780 654 767 656 
781 595 597 596 
782 530 574 528 
783 525 565 522 
784 865 939 864 
785 951 1357 1322 
786 593 595 594 
787 854 864 587 
788 1094 1668 1096 
789 572 577 565 
790 647 750 651 
791 1184 1186 1185 
792 960 1054 943 
793 1151 1391 1150 
794 1262 1282 1281 
795 357 784 360 
796 352 385 354 
797 1144 1230 1146 
798 1024 1182 993 
799 1060 1217 1026 
800 444 593 592 
801 587 792 577 
802 926 927 817 
803 540 1200 1058 
804 1029 1227 1003 
805 1092 1112 1094 
806 641 704 643 
807 946 947 699 
808 1106 1164 972 
809 341 389 343 
810 806 928 808 
811 635 638 637 
812 1123 1216 1125 
813 1314 1315 1281 
814 1049 1210 1088 
815 438 445 440 
816 337 727 339 
817 321 444 323 
818 512 513 511 
819 834 888 886 
820 816 817 668 
821 305 307 306 
822 388 699 364 
823 1064 1404 1403 
824 629 649 631 
825 886 1446 1064 
826 333 430 335 
827 595 599 597 
828 600 713 602 
829 832 834 833 
830 885 1594 818 
831 516 518 514 
832 611 648 613 
833 447 454 453 
834 623 652 625 
835 1089 1693 1092 
836 617 620 619 
837 1199 1627 911 
838 605 700 607 
839 793 794 765 
840 816 969 926 
841 329 909 331 
842 1166 1202 1168 
843 822 874 794 
844 620 832 701 
845 1085 1375 1086 
846 908 935 934 
847 939 940 864 
848 1243 1337 940 
849 884 1755 1121 
850 961 1414 1413 
851 437 438 434 
852 829 879 878 
853 827 829 828 
854 509 511 508 
855 534 748 586 
856 638 827 725 
857 1060 1221 1217 
858 1530 1881 1361 
859 961 1142 880 
860 1121 1325 1324 
861 558 559 557 
862 569 579 568 
863 878 880 828 
864 307 309 308 
865 1378 1379 1355 
866 424 428 426 
867 1058 1704 538 
868 957 1150 956 
869 954 1031 863 
870 297 298 296 
871 1285 1286 1279 
872 638 639 637 
873 564 568 563 
874 1290 1291 1289 
875 1148 1302 1207 
876 858 859 856 
877 494 1352 493 
878 886 887 833 
879 951 1322 586 
880 523 526 525 
881 555 557 554 
882 553 554 552 
883 496 524 494 
884 388 981 946 
885 788 797 763 
886 444 838 593 
887 1064 1065 887 
888 507 508 506 
889 1194 1356 1195 
890 875 956 874 
891 865 1135 939 
892 85 255 86 
893 572 854 587 
894 981 1241 1240 
895 1318 1320 1319 
896 309 311 310 
897 519 523 522 
898 602 603 601 
899 620 621 619 
900 1241 1402 1377 
901 444 592 323 
902 854 865 864 
903 600 601 598 
904 801 873 802 
905 551 552 550 
906 597 598 596 
907 386 391 387 
908 486 570 484 
909 861 862 859 
910 595 596 594 
911 1106 1384 1383 
912 1297 1299 1298 
913 303 304 302 
914 383 386 384 
915 593 594 592 
916 947 1507 1106 
917 381 383 382 
918 417 421 420 
919 480 751 478 
920 696 707 697 
921 1040 1234 1076 
922 492 493 490 
923 301 302 300 
924 1234 1318 1235 
925 476 811 474 
926 788 1435 999 
927 311 313 312 
928 692 694 693 
929 1028 1040 1039 
930 392 427 394 
931 2 1757 85 
932 689 692 691 
933 1001 1029 1003 
934 516 519 518 
935 545 546 544 
936 373 376 374 
937 433 434 429 
938 459 462 458 
939 433 1722 441 
940 694 696 695 
941 505 506 504 
942 1183 1184 1075 
943 907 908 862 
944 371 373 372 
945 930 997 996 
946 870 1179 830 
947 997 1028 1027 
948 432 970 941 
949 707 770 708 
950 719 1111 831 
951 947 972 971 
952 369 371 370 
953 377 381 379 
954 687 689 688 
955 1570 1731 1180 
956 313 315 314 
957 299 300 298 
958 533 534 532 
959 582 583 580 
960 562 563 560 
961 1278 1279 1277 
962 413 416 415 
963 305 306 304 
964 456 458 455 
965 1072 1073 963 
966 900 913 899 
967 684 687 686 
968 779 801 800 
969 1125 1127 1126 
970 764 765 584 
971 962 963 892 
972 1006 1332 1331 
973 315 317 316 
974 1752 1753 1751 
975 682 684 683 
976 994 995 888 
977 512 514 513 
978 980 1344 1343 
979 898 899 897 
980 492 494 493 
981 884 1120 893 
982 740 796 772 
983 539 540 538 
984 531 532 530 
985 1018 1019 995 
986 1484 1517 832 
987 1117 1380 1118 
988 1085 1086 734 
989 317 319 318 
990 549 550 547 
991 1020 1021 1019 
992 362 364 363 
993 679 1472 682 
994 352 354 353 
995 1104 1105 1102 
996 503 504 502 
997 1156 1157 1105 
998 1158 1248 1157 
999 1062 1063 1021 
1000 1101 1102 1063 
1001 307 308 306 
1002 1115 1117 1116 
1003 965 1342 1341 
1004 1310 1311 1309 
1005 912 1053 911 
1006 365 369 367 
1007 1287 1289 1286 
1008 319 321 320 
1009 350 352 351 
1010 1375 1376 1086 
1011 666 668 667 
1012 360 362 361 
1013 1098 1115 1099 
1014 676 678 677 
1015 927 1038 968 
1016 724 1435 788 
1017 992 993 879 
1018 529 530 528 
1019 664 666 665 
1020 658 660 659 
1021 1096 1098 1097 
1022 878 1447 961 
1023 509 512 511 
1024 321 323 322 
1025 1103 1456 1060 
1026 1272 1273 1270 
1027 1059 1060 1026 
1028 1276 1277 1273 
1029 656 658 657 
1030 1267 1268 1266 
1031 1025 1026 1024 
1032 654 656 655 
1033 1023 1024 993 
1034 408 412 410 
1035 651 654 653 
1036 357 360 358 
1037 1045 1049 1048 
1038 662 664 663 
1039 891 892 773 
1040 647 651 650 
1041 343 345 344 
1042 1142 1144 1143 
1043 1171 1173 1172 
1044 1173 1211 1174 
1045 309 310 308 
1046 1092 1094 1093 
1047 354 357 355 
1048 1239 1293 1292 
1049 1211 1213 1212 
1050 1154 1171 1155 
1051 660 662 661 
1052 527 528 526 
1053 454 455 453 
1054 1213 1219 1218 
1055 645 647 646 
1056 906 1006 967 
1057 1152 1154 1153 
1058 639 641 640 
1059 1261 1262 1260 
1060 1148 1207 873 
1061 1219 1239 1220 
1062 1094 1096 1095 
1063 1308 1309 1012 
1064 1146 1152 1147 
1065 1144 1146 1145 
1066 341 343 342 
1067 485 486 484 
1068 643 645 644 
1069 1194 1195 901 
1070 641 643 642 
1071 938 1378 1355 
1072 477 478 476 
1073 1251 1252 1249 
1074 543 544 541 
1075 339 341 340 
1076 475 476 474 
1077 714 1528 680 
1078 483 484 482 
1079 428 429 426 
1080 1258 1547 1300 
1081 635 637 636 
1082 479 480 478 
1083 679 682 681 
1084 1269 1270 1268 
1085 465 467 462 
1086 481 482 480 
1087 724 763 591 
1088 501 502 500 
1089 346 350 349 
1090 1346 1347 983 
1091 311 312 310 
1092 1127 1129 1126 
1093 633 635 634 
1094 861 1626 938 
1095 337 339 338 
1096 1297 1298 1002 
1097 396 712 398 
1098 631 633 632 
1099 1049 1088 1050 
1100 621 623 622 
1101 507 509 508 
1102 423 424 422 
1103 629 631 630 
1104 487 488 486 
1105 627 629 628 
1106 335 337 336 
1107 857 1052 860 
1108 923 1034 910 
1109 1084 1166 1165 
1110 400 418 402 
1111 1010 1017 1009 
1112 1166 1168 1167 
1113 1255 1256 1253 
1114 617 619 618 
1115 404 715 406 
1116 625 627 626 
1117 589 776 775 
1118 473 474 472 
1119 471 472 464 
1120 842 1193 922 
1121 623 625 624 
1122 1051 1306 1205 
1123 855 1660 857 
1124 313 314 312 
1125 333 335 334 
1126 673 676 675 
1127 615 617 616 
1128 808 884 809 
1129 603 605 604 
1130 850 911 848 
1131 801 802 800 
1132 613 615 614 
1133 1035 1066 1034 
1134 427 1595 394 
1135 594 1555 1178 
1136 611 613 612 
1137 1265 1266 1263 
1138 814 1005 729 
1139 381 382 379 
1140 331 333 332 
1141 1259 1260 1257 
1142 577 853 565 
1143 609 611 610 
1144 845 1051 847 
1145 607 609 608 
1146 605 607 606 
1147 537 538 535 
1148 391 392 387 
1149 979 1009 977 
1150 329 331 330 
1151 947 971 699 
1152 499 500 498 
1153 315 316 314 
1154 386 387 384 
1155 495 496 494 
1156 421 422 420 
1157 383 384 382 
1158 988 1084 1083 
1159 669 672 671 
1160 416 417 415 
1161 790 983 718 
1162 821 960 943 
1163 1184 1238 1186 
1164 1073 1183 1075 
1165 1123 1125 1124 
1166 1337 1338 940 
1167 376 377 374 
1168 934 1233 1232 
1169 327 329 328 
1170 505 507 506 
1171 745 1004 743 
1172 317 318 316 
1173 676 1449 705 
1174 489 490 488 
1175 1067 1068 1066 
1176 908 934 925 
1177 1089 1092 1091 
1178 373 374 372 
1179 843 1674 845 
1180 834 994 888 
1181 369 370 367 
1182 371 372 370 
1183 972 1198 971 
1184 896 897 882 
1185 1686 1687 854 
1186 819 1107 948 
1187 497 498 496 
1188 921 954 863 
1189 319 320 318 
1190 620 1484 832 
1191 1069 1108 1068 
1192 898 900 899 
1193 1183 1596 1184 
1194 558 560 559 
1195 475 477 476 
1196 531 533 532 
1197 930 996 837 
1198 321 322 320 
1199 412 413 410 
1200 477 479 478 
1201 491 492 490 
1202 1109 1161 1108 
1203 905 910 781 
1204 485 487 486 
1205 473 475 474 
1206 1170 1670 921 
1207 1244 1691 915 
1208 515 516 514 
1209 962 1072 963 
1210 829 992 879 
1211 806 808 807 
1212 1282 1317 1316 
1213 479 481 480 
1214 324 327 326 
1215 555 558 557 
1216 960 1321 1054 
1217 994 1018 995 
1218 483 485 484 
1219 1162 1163 1161 
1220 549 551 550 
1221 481 483 482 
1222 545 547 546 
1223 551 553 552 
1224 352 353 351 
1225 1018 1020 1019 
1226 569 580 579 
1227 461 786 452 
1228 1104 1156 1105 
1229 1020 1062 1021 
1230 1101 1104 1102 
1231 561 1690 843 
1232 529 531 530 
1233 1425 1426 1424 
1234 1156 1158 1157 
1235 1142 1143 880 
1236 1310 1312 1311 
1237 1062 1101 1063 
1238 364 365 363 
1239 503 505 504 
1240 1158 1249 1248 
1241 769 863 736 
1242 891 962 892 
1243 350 351 349 
1244 465 1483 467 
1245 639 640 637 
1246 927 968 817 
1247 553 555 554 
1248 323 324 322 
1249 736 1631 733 
1250 543 545 544 
1251 564 569 568 
1252 1071 1237 1070 
1253 362 363 361 
1254 733 990 731 
1255 562 564 563 
1256 471 473 472 
1257 1251 1253 1252 
1258 1059 1103 1060 
1259 1025 1059 1026 
1260 896 898 897 
1261 345 346 344 
1262 1023 1025 1024 
1263 992 1023 993 
1264 1014 1405 866 
1265 865 1136 1135 
1266 1125 1126 1124 
1267 1040 1076 1039 
1268 354 355 353 
1269 621 622 619 
1270 1318 1319 1235 
1271 1234 1235 1076 
1272 817 1474 668 
1273 527 529 528 
1274 1028 1039 1027 
1275 658 659 657 
1276 523 527 526 
1277 881 1776 1134 
1278 343 344 342 
1279 1006 1331 967 
1280 360 361 358 
1281 388 1539 981 
1282 656 657 655 
1283 1117 1118 1116 
1284 654 655 653 
1285 431 1189 1188 
1286 651 653 650 
1287 997 1027 996 
1288 487 489 488 
1289 542 756 753 
1290 793 822 794 
1291 1322 1678 586 
1292 1308 1310 1309 
1293 764 793 765 
1294 647 650 646 
1295 1049 1050 1048 
1296 533 535 534 
1297 666 667 665 
1298 448 1592 397 
1299 1115 1116 1099 
1300 341 342 340 
1301 1046 1070 1043 
1302 692 693 691 
1303 1173 1174 1172 
1304 1171 1172 1155 
1305 1154 1155 1153 
1306 357 358 355 
1307 660 661 659 
1308 645 646 644 
1309 1144 1145 1143 
1310 603 604 601 
1311 641 642 640 
1312 1211 1212 1174 
1313 1152 1153 1147 
1314 689 691 688 
1315 97 1479 273 
1316 664 665 663 
1317 643 644 642 
1318 1146 1147 1145 
1319 1043 1816 1041 
1320 1098 1099 1097 
1321 1213 1218 1212 
1322 598 787 596 
1323 758 1770 760 
1324 582 584 583 
1325 884 893 809 
1326 339 340 338 
1327 1219 1220 1218 
1328 392 394 393 
1329 594 1178 592 
1330 1051 1205 847 
1331 687 688 686 
1332 572 1686 854 
1333 1088 1089 1050 
1334 1239 1292 1220 
1335 537 539 538 
1336 662 663 661 
1337 635 636 634 
1338 492 495 494 
1339 694 695 693 
1340 633 634 632 
1341 684 686 683 
1342 337 338 336 
1343 631 632 630 
1344 501 503 502 
1345 1166 1167 1165 
1346 1168 1304 1167 
1347 790 1346 983 
1348 1094 1095 1093 
1349 629 630 628 
1350 1137 1662 1090 
1351 1084 1165 1083 
1352 1096 1097 1095 
1353 945 1123 1122 
1354 802 871 810 
1355 617 618 616 
1356 623 624 622 
1357 377 379 378 
1358 1092 1093 1091 
1359 696 697 695 
1360 627 628 626 
1361 335 336 334 
1362 1223 1358 1245 
1363 850 912 911 
1364 1255 1257 1256 
1365 682 683 681 
1366 839 1750 1590 
1367 539 541 540 
1368 872 1013 959 
1369 625 626 624 
1370 615 616 614 
1371 1189 1226 1224 
1372 613 614 612 
1373 957 1151 1150 
1374 760 806 804 
1375 333 334 332 
1376 1042 1045 1044 
1377 611 612 610 
1378 1261 1263 1262 
1379 668 669 667 
1380 1008 1635 366 
1381 678 679 677 
1382 908 925 862 
1383 609 610 608 
1384 813 814 729 
1385 605 606 604 
1386 707 708 697 
1387 489 491 490 
1388 607 608 606 
1389 331 332 330 
1390 676 677 675 
1391 889 953 814 
1392 813 890 889 
1393 728 729 419 
1394 1259 1261 1260 
1395 779 800 799 
1396 329 330 328 
1397 1045 1048 1047 
1398 432 1521 970 
1399 822 875 874 
1400 539 1719 542 
1401 31 238 30 
1402 1265 1267 1266 
1403 985 1640 1639 
1404 499 501 500 
1405 380 985 732 
1406 770 902 708 
1407 934 1232 925 
1408 365 367 366 
1409 772 779 778 
1410 1189 1224 1188 
1411 34 258 33 
1412 672 673 671 
1413 914 1222 915 
1414 1107 1353 948 
1415 633 1675 1468 
1416 409 743 407 
1417 438 440 439 
1418 36 276 35 
1419 740 772 771 
1420 738 740 739 
1421 752 914 867 
1422 495 497 496 
1423 42 260 41 
1424 52 233 51 
1425 38 234 37 
1426 48 259 47 
1427 40 277 39 
1428 50 278 49 
1429 45 244 44 
1430 875 957 956 
1431 756 757 753 
1432 1370 1828 574 
1433 757 1030 753 
1434 1188 1794 1187 
1435 735 738 737 
1436 881 1134 895 
1437 359 1637 336 
1438 979 1010 1009 
1439 769 921 863 
1440 515 1748 869 
1441 405 411 403 
1442 869 1408 1407 
1443 803 805 759 
1444 808 809 807 
1445 728 813 729 
1446 548 549 547 
1447 1278 1285 1279 
1448 327 328 326 
1449 497 499 498 
1450 936 937 900 
1451 813 889 814 
1452 424 426 425 
1453 890 1644 889 
1454 417 420 419 
1455 394 396 395 
1456 1224 1225 1188 
1457 512 515 514 
1458 1046 1071 1070 
1459 55 261 54 
1460 1129 1130 1126 
1461 893 945 944 
1462 1223 1244 915 
1463 889 1159 953 
1464 413 415 414 
1465 470 471 464 
1466 1267 1269 1268 
1467 759 1743 757 
1468 102 1434 103 
1469 571 1718 485 
1470 495 1737 761 
1471 346 349 348 
1472 28 262 27 
1473 1089 1090 1050 
1474 304 1661 450 
1475 1086 1715 734 
1476 1151 1392 1391 
1477 258 1491 33 
1478 923 1035 1034 
1479 515 517 516 
1480 57 279 56 
1481 1272 1276 1273 
1482 394 395 393 
1483 754 1725 531 
1484 1123 1124 1122 
1485 238 1488 30 
1486 1222 1223 915 
1487 744 745 743 
1488 234 1493 37 
1489 706 1581 622 
1490 1013 1190 959 
1491 802 810 800 
1492 798 1562 608 
1493 438 439 434 
1494 260 1497 41 
1495 277 1496 39 
1496 1207 1663 873 
1497 1050 1742 1048 
1498 392 393 387 
1499 542 753 543 
1500 436 718 348 
1501 905 923 910 
1502 752 866 745 
1503 382 1588 379 
1504 259 1495 47 
1505 387 1576 384 
1506 1141 1366 1139 
1507 1269 1272 1270 
1508 384 717 382 
1509 1349 1710 1093 
1510 355 1667 356 
1511 1138 1139 937 
1512 1565 1566 1563 
1513 1089 1091 1090 
1514 59 236 58 
1515 1048 1192 1047 
1516 60 1501 59 
1517 1280 1362 1360 
1518 431 1187 425 
1519 1250 1251 1249 
1520 377 378 374 
1521 1223 1245 1244 
1522 545 548 547 
1523 429 1578 426 
1524 845 847 846 
1525 379 380 378 
1526 987 989 851 
1527 436 842 789 
1528 370 1620 367 
1529 507 1826 509 
1530 849 918 917 
1531 368 1008 366 
1532 1298 1724 1002 
1533 536 1133 1036 
1534 1131 1651 962 
1535 548 747 549 
1536 756 758 757 
1537 505 521 507 
1538 1035 1067 1066 
1539 842 922 876 
1540 871 872 810 
1541 356 1671 353 
1542 483 571 485 
1543 789 790 718 
1544 25 241 24 
1545 806 807 804 
1546 1045 1047 1044 
1547 420 728 419 
1548 881 882 805 
1549 477 576 479 
1550 914 915 867 
1551 431 1188 1187 
1552 396 398 397 
1553 367 368 366 
1554 1258 1300 1271 
1555 413 414 410 
1556 561 562 560 
1557 1264 1280 1275 
1558 674 1621 671 
1559 415 1616 414 
1560 803 881 805 
1561 936 1140 1138 
1562 473 710 475 
1563 542 543 541 
1564 346 348 344 
1565 867 1014 866 
1566 365 366 363 
1567 63 1505 62 
1568 102 1436 101 
1569 918 1231 1081 
1570 62 263 61 
1571 398 399 397 
1572 399 448 397 
1573 1254 1255 1253 
1574 463 464 461 
1575 380 731 378 
1576 752 867 866 
1577 1176 1608 674 
1578 489 575 491 
1579 744 752 745 
1580 818 891 773 
1581 408 409 407 
1582 396 397 395 
1583 406 407 405 
1584 400 401 399 
1585 966 1160 885 
1586 1276 1278 1277 
1587 338 359 336 
1588 988 1083 1082 
1589 618 986 851 
1590 853 1695 565 
1591 716 773 714 
1592 404 405 403 
1593 1044 1046 1043 
1594 1046 1201 1071 
1595 402 403 401 
1596 986 988 987 
1597 898 936 900 
1598 344 1612 342 
1599 408 410 409 
1600 340 1665 338 
1601 342 1745 340 
1602 779 799 778 
1603 1307 1308 1012 
1604 334 741 332 
1605 685 714 680 
1606 843 845 844 
1607 409 744 743 
1608 417 419 415 
1609 1067 1069 1068 
1610 398 400 399 
1611 330 347 328 
1612 406 408 407 
1613 896 1760 898 
1614 395 1007 393 
1615 349 436 348 
1616 985 1639 732 
1617 361 742 358 
1618 536 537 535 
1619 610 1568 798 
1620 881 895 882 
1621 533 536 535 
1622 846 848 844 
1623 539 542 541 
1624 1042 1044 1043 
1625 798 1564 1563 
1626 1192 1348 1047 
1627 926 1513 1191 
1628 65 242 64 
1629 1047 1768 1044 
1630 872 958 810 
1631 404 406 405 
1632 1564 1567 1565 
1633 355 356 353 
1634 1069 1109 1108 
1635 304 450 302 
1636 23 280 22 
1637 402 404 403 
1638 400 402 401 
1639 740 771 739 
1640 1190 1368 959 
1641 772 778 771 
1642 738 739 737 
1643 1205 1215 847 
1644 732 733 731 
1645 1025 1209 1059 
1646 324 325 322 
1647 1020 1208 1062 
1648 1165 1228 1083 
1649 1190 1369 1368 
1650 1158 1250 1249 
1651 1251 1254 1253 
1652 575 1041 491 
1653 1258 1259 1257 
1654 780 906 904 
1655 624 706 622 
1656 529 754 531 
1657 735 736 733 
1658 316 375 314 
1659 324 326 325 
1660 771 883 739 
1661 895 896 882 
1662 945 1122 944 
1663 1328 2106 1791 
1664 618 851 616 
1665 799 949 778 
1666 551 556 553 
1667 1016 1170 921 
1668 758 759 757 
1669 536 1036 537 
1670 436 789 718 
1671 424 425 422 
1672 989 1549 851 
1673 263 1504 61 
1674 737 769 736 
1675 463 573 470 
1676 440 443 442 
1677 630 703 628 
1678 819 1545 1107 
1679 650 768 646 
1680 380 732 731 
1681 1042 1043 1041 
1682 614 815 612 
1683 368 1078 1008 
1684 906 967 952 
1685 634 826 632 
1686 642 755 640 
1687 646 1598 644 
1688 653 1589 650 
1689 100 1438 101 
1690 936 1138 937 
1691 644 1597 642 
1692 1179 1531 830 
1693 655 823 653 
1694 290 1416 270 
1695 405 1630 411 
1696 872 959 958 
1697 610 798 608 
1698 657 1584 655 
1699 760 803 759 
1700 1153 1204 1147 
1701 1095 1349 1093 
1702 720 1586 780 
1703 893 944 809 
1704 855 1680 1660 
1705 606 982 604 
1706 272 1434 102 
1707 849 850 848 
1708 769 1016 921 
1709 842 876 789 
1710 320 1180 318 
1711 758 760 759 
1712 869 1406 517 
1713 426 431 425 
1714 1201 1409 1071 
1715 1285 1287 1286 
1716 798 1563 1562 
1717 69 1514 68 
1718 925 1694 862 
1719 561 843 566 
1720 558 561 560 
1721 847 1698 846 
1722 732 735 733 
1723 499 578 501 
1724 679 681 680 
1725 661 777 659 
1726 845 846 844 
1727 443 447 446 
1728 891 1131 962 
1729 460 461 452 
1730 922 964 876 
1731 1264 1265 1263 
1732 581 582 580 
1733 1109 1162 1161 
1734 575 1042 1041 
1735 663 1574 661 
1736 665 730 663 
1737 735 737 736 
1738 21 246 20 
1739 470 711 471 
1740 258 1492 1491 
1741 68 264 67 
1742 1255 1258 1257 
1743 950 1328 949 
1744 895 1214 896 
1745 841 1077 924 
1746 242 1508 64 
1747 447 453 451 
1748 673 675 674 
1749 1011 1012 1010 
1750 1290 1410 1291 
1751 553 1779 555 
1752 799 950 949 
1753 988 1082 987 
1754 690 1642 686 
1755 986 987 851 
1756 1360 1361 1275 
1757 966 1374 1373 
1758 365 1540 369 
1759 716 819 818 
1760 720 721 325 
1761 238 1489 1488 
1762 1310 1330 1312 
1763 667 1571 665 
1764 1122 1128 944 
1765 669 671 670 
1766 1564 1565 1563 
1767 1081 1303 917 
1768 1300 1301 1271 
1769 819 948 885 
1770 463 470 464 
1771 760 804 803 
1772 515 869 517 
1773 497 1749 499 
1774 310 435 308 
1775 1280 1360 1275 
1776 950 1329 1328 
1777 746 841 840 
1778 1091 1137 1090 
1779 1261 1264 1263 
1780 1180 1623 318 
1781 1436 1437 247 
1782 460 463 461 
1783 846 849 848 
1784 850 1685 912 
1785 918 1081 917 
1786 495 761 497 
1787 451 452 446 
1788 746 764 584 
1789 924 973 840 
1790 1138 1141 1139 
1791 807 932 804 
1792 869 1407 1406 
1793 669 670 667 
1794 809 1785 807 
1795 966 1373 1160 
1796 1141 1367 1366 
1797 1258 1271 1259 
1798 716 818 773 
1799 843 844 566 
1800 1116 1119 1099 
1801 296 785 294 
1802 71 248 70 
1803 673 674 671 
1804 685 716 714 
1805 561 566 562 
1806 679 680 677 
1807 697 1613 955 
1808 447 451 446 
1809 443 446 442 
1810 849 917 850 
1811 440 442 439 
1812 1124 1795 1122 
1813 1177 1618 978 
1814 1056 1061 903 
1815 564 1672 569 
1816 978 979 977 
1817 300 709 298 
1818 326 720 325 
1819 1264 1275 1265 
1820 18 249 17 
1821 675 1176 674 
1822 948 966 885 
1823 442 984 439 
1824 681 685 680 
1825 819 885 818 
1826 688 690 686 
1827 780 781 721 
1828 298 1641 296 
1829 569 581 580 
1830 1287 1290 1289 
1831 904 905 781 
1832 967 1203 952 
1833 1247 1655 1035 
1834 1011 1399 1307 
1835 902 1055 903 
1836 582 746 584 
1837 73 281 72 
1838 906 952 904 
1839 98 1440 99 
1840 100 1442 99 
1841 923 1247 1035 
1842 1011 1307 1012 
1843 693 824 691 
1844 451 460 452 
1845 1055 1181 1056 
1846 836 1448 931 
1847 1269 1283 1272 
1848 720 780 721 
1849 976 980 978 
1850 1064 1446 1404 
1851 581 1652 582 
1852 979 1011 1010 
1853 841 924 840 
1854 697 955 695 
1855 764 1638 793 
1856 442 1557 984 
1857 780 904 781 
1858 16 282 15 
1859 976 977 975 
1860 621 1535 623 
1861 439 1633 434 
1862 924 974 973 
1863 888 1446 886 
1864 435 1550 308 
1865 782 1443 696 
1866 1327 1647 1069 
1867 458 468 455 
1868 1067 1327 1069 
1869 75 252 74 
1870 101 1436 247 
1871 1410 1412 1411 
1872 746 840 764 
1873 1181 1296 1197 
1874 1081 1335 1303 
1875 793 933 822 
1876 467 591 590 
1877 33 1491 32 
1878 960 1333 1321 
1879 37 1493 36 
1880 902 903 708 
1881 587 1649 792 
1882 39 1496 38 
1883 41 1497 40 
1884 47 1495 46 
1885 1501 1503 1502 
1886 30 1488 29 
1887 980 1343 1177 
1888 78 254 77 
1889 1109 1382 1162 
1890 1382 1386 1162 
1891 249 1519 17 
1892 14 253 13 
1893 976 978 977 
1894 1060 1456 1221 
1895 874 1469 794 
1896 61 1504 60 
1897 1055 1056 903 
1898 64 1508 63 
1899 961 1447 1414 
1900 601 1599 598 
1901 1420 1632 1419 
1902 1181 1197 1056 
1903 879 1447 878 
1904 11 256 10 
1905 980 1177 978 
1906 1252 1591 1249 
1907 1198 1727 971 
1908 253 1525 13 
1909 1421 1425 1424 
1910 875 1100 957 
1911 832 1517 834 
1912 282 1520 15 
1913 783 975 590 
1914 1468 1675 1536 
1915 1296 1336 1197 
1916 288 1643 289 
1917 1278 1359 1285 
1918 783 976 975 
1919 245 1438 100 
1920 13 1525 12 
1921 467 590 462 
1922 1257 1445 1256 
1923 17 1519 16 
1924 879 1577 1447 
1925 95 1511 96 
1926 1264 1553 1280 
1927 15 1520 14 
1928 1394 1395 1392 
1929 81 267 80 
1930 591 783 590 
1931 797 868 763 
1932 428 1722 433 
1933 256 1526 10 
1934 1151 1394 1392 
1935 1106 1507 1384 
1936 1343 1385 1177 
1937 10 1526 9 
1938 617 1484 620 
1939 92 1634 275 
1940 326 1628 720 
1941 59 1501 236 
1942 596 1555 594 
1943 8 268 7 
1944 1287 1305 1290 
1945 453 1560 451 
1946 946 1507 947 
1947 62 1505 263 
1948 1255 1547 1258 
1949 93 1558 94 
1950 971 1727 1540 
1951 775 1451 821 
1952 306 1661 304 
1953 1394 1396 1395 
1954 680 1528 677 
1955 1282 1452 1317 
1956 467 1483 724 
1957 1184 1596 1238 
1958 668 1474 669 
1959 968 1474 817 
1960 68 1514 264 
1961 286 288 111 
1962 635 1468 638 
1963 1249 1591 1248 
1964 776 1451 775 
1965 111 288 110 
1966 273 1441 1440 
1967 386 1521 432 
1968 290 1430 1416 
1969 820 1444 839 
1970 273 1440 98 
1971 1529 1648 1176 
1972 362 1539 388 
1973 696 1443 707 
1974 1501 1502 236 
1975 1260 1445 1257 
1976 827 1536 829 
1977 1187 1624 425 
1978 110 1419 111 
1979 1509 1510 280 
1980 1468 1536 827 
1981 608 1562 606 
1982 111 1419 287 
1983 671 1621 670 
1984 638 1468 827 
1985 622 1581 619 
1986 958 1696 810 
1987 1002 1724 1000 
1988 1505 1506 263 
1989 725 1455 639 
1990 7 1541 6 
1991 1351 1444 942 
1992 1608 1621 674 
1993 83 285 82 
1994 612 1568 610 
1995 633 1468 635 
1996 830 1531 423 
1997 964 2141 1370 
1998 686 1642 683 
1999 462 1544 458 
2000 394 1595 396 
2001 962 1651 1072 
2002 877 1443 1080 
2003 308 1550 306 
2004 798 1568 1564 
2005 942 1444 820 
2006 708 1613 697 
2007 318 1623 316 
2008 707 1443 877 
2009 48 1498 259 
2010 278 1498 49 
2011 851 1549 616 
2012 768 1598 646 
2013 650 1589 768 
2014 823 1589 653 
2015 644 1598 1597 
2016 642 1597 755 
2017 655 1584 823 
2018 397 1592 395 
2019 639 1455 641 
2020 730 1574 663 
2021 661 1574 777 
2022 883 1683 739 
2023 641 1455 704 
2024 665 1571 730 
2025 1452 1689 1317 
2026 670 1571 667 
2027 49 1498 48 
2028 461 1559 786 
2029 978 1618 979 
2030 393 1576 387 
2031 1261 1553 1264 
2032 268 1541 7 
2033 336 1637 334 
2034 1098 1650 1295 
2035 1176 1648 1608 
2036 682 1473 684 
2037 911 1627 848 
2038 434 1633 429 
2039 366 1635 363 
2040 384 1576 717 
2041 426 1578 431 
2042 379 1588 380 
2043 296 1641 785 
2044 919 1463 920 
2045 453 1573 1560 
2046 938 1626 1378 
2047 36 1493 276 
2048 717 1588 382 
2049 828 1454 725 
2050 38 1496 234 
2051 40 1497 277 
2052 986 1582 988 
2053 1225 1794 1188 
2054 709 1641 298 
2055 733 1631 990 
2056 1432 1433 1425 
2057 858 1626 861 
2058 358 1667 355 
2059 353 1671 351 
2060 446 1557 442 
2061 367 1620 368 
2062 880 1454 828 
2063 338 1665 359 
2064 1727 1786 371 
2065 833 1464 701 
2066 348 1612 344 
2067 340 1745 1665 
2068 1267 1614 1269 
2069 1612 1745 342 
2070 1722 1735 441 
2071 780 1586 906 
2072 1281 1445 1260 
2073 414 1653 410 
2074 60 1504 1501 
2075 1542 1614 1267 
2076 1055 1746 1181 
2077 821 1451 960 
2078 984 1633 439 
2079 455 1573 453 
2080 1143 1454 880 
2081 688 1615 690 
2082 419 1616 415 
2083 863 1631 736 
2084 1315 1445 1281 
2085 1449 1656 1448 
2086 887 1464 833 
2087 63 1508 1505 
2088 1096 1668 1650 
2089 1069 1647 1109 
2090 1035 1655 1067 
2091 50 1494 278 
2092 233 1494 51 
2093 1568 1657 1564 
2094 407 1630 405 
2095 1262 1452 1282 
2096 840 1638 764 
2097 451 1560 460 
2098 793 1638 933 
2099 794 1469 795 
2100 582 1652 746 
2101 732 1639 735 
2102 873 1663 802 
2103 1454 1455 725 
2104 933 1609 822 
2105 241 1509 24 
2106 857 1660 1052 
2107 691 1615 688 
2108 23 1509 280 
2109 724 1483 1435 
2110 558 1690 561 
2111 889 1644 1159 
2112 569 1672 581 
2113 921 1670 954 
2114 1275 1542 1265 
2115 425 1624 422 
2116 701 1535 621 
2117 854 1687 865 
2118 843 1690 1674 
2119 240 1512 1511 
2120 554 1619 567 
2121 1265 1542 1267 
2122 240 1511 95 
2123 1112 1668 1094 
2124 1361 1542 1275 
2125 1266 1452 1263 
2126 458 1544 468 
2127 862 1694 859 
2128 441 1735 965 
2129 271 2132 1398 
2130 615 1484 617 
2131 1079 1450 1345 
2132 1483 1590 1435 
2133 16 1519 282 
2134 988 1582 1084 
2135 590 1544 462 
2136 845 1674 1051 
2137 728 1625 813 
2138 88 1702 89 
2139 89 1707 88 
2140 51 1494 50 
2141 915 1691 867 
2142 295 1439 297 
2143 835 1705 1472 
2144 965 1735 1342 
2145 1198 1786 1727 
2146 669 1474 672 
2147 14 1520 253 
2148 801 1677 1015 
2149 822 1609 875 
2150 24 1509 23 
2151 525 1686 572 
2152 546 1680 855 
2153 586 1678 532 
2154 559 1600 991 
2155 1092 1693 1112 
2156 1564 1657 1567 
2157 917 1685 850 
2158 346 1636 350 
2159 1279 1482 1277 
2160 1286 1554 1288 
2161 834 1517 994 
2162 787 1658 1556 
2163 1032 1463 919 
2164 538 1704 535 
2165 1240 1507 946 
2166 1829 1838 375 
2167 1273 1475 1270 
2168 1456 1911 1221 
2169 556 1779 553 
2170 1263 1452 1262 
2171 1539 1723 981 
2172 349 1617 436 
2173 829 1536 992 
2174 78 1524 254 
2175 1268 1689 1266 
2176 739 1683 737 
2177 846 1698 849 
2178 275 1558 93 
2179 383 1521 386 
2180 351 1617 349 
2181 1259 1553 1261 
2182 565 1695 522 
2183 824 1615 691 
2184 560 1600 559 
2185 485 1718 487 
2186 681 1730 685 
2187 744 1654 752 
2188 673 1449 676 
2189 723 1600 563 
2190 981 1723 1241 
2191 1644 1645 1159 
2192 1215 1698 847 
2193 1254 1547 1255 
2194 993 1577 879 
2195 779 1677 801 
2196 1465 1467 307 
2197 810 1696 800 
2198 436 1617 842 
2199 1040 1478 1236 
2200 787 1555 596 
2201 360 1539 362 
2202 1093 1710 1091 
2203 55 1499 261 
2204 1581 1582 986 
2205 279 1499 56 
2206 423 1531 424 
2207 619 1581 618 
2208 524 1352 494 
2209 1454 1721 1455 
2210 79 1524 78 
2211 1501 1504 1503 
2212 390 1774 1001 
2213 87 1733 86 
2214 468 1573 455 
2215 787 1556 1555 
2216 960 1451 1333 
2217 563 1600 560 
2218 1088 1693 1089 
2219 1694 1747 859 
2220 616 1549 614 
2221 396 1595 712 
2222 677 1528 675 
2223 734 1715 511 
2224 1112 1669 1668 
2225 678 1472 679 
2226 86 1738 87 
2227 747 1700 1699 
2228 683 1730 681 
2229 464 1559 461 
2230 606 1562 982 
2231 698 1521 383 
2232 815 1568 612 
2233 842 1617 1193 
2234 531 1725 533 
2235 1026 1532 1024 
2236 998 1481 997 
2237 537 1719 539 
2238 631 1675 633 
2239 1269 1614 1283 
2240 597 1486 600 
2241 424 1531 428 
2242 542 1719 756 
2243 666 1518 816 
2244 1679 1769 1658 
2245 1473 1765 702 
2246 1624 1625 728 
2247 1271 1553 1259 
2248 903 1613 708 
2249 837 1705 835 
2250 875 1609 1100 
2251 57 1500 279 
2252 604 1599 601 
2253 236 1500 58 
2254 502 1364 520 
2255 1464 1535 701 
2256 975 1544 590 
2257 1560 1818 1659 
2258 429 1633 1578 
2259 1531 1722 428 
2260 31 1487 238 
2261 316 1623 375 
2262 431 1578 1189 
2263 784 1539 360 
2264 595 1477 599 
2265 422 1624 420 
2266 1528 1529 1176 
2267 1274 1692 1689 
2268 1080 1450 1079 
2269 1681 1766 1517 
2270 1689 1692 1317 
2271 838 1477 593 
2272 811 1569 474 
2273 812 1439 295 
2274 796 1771 1677 
2275 305 1465 307 
2276 979 1618 1011 
2277 557 1619 554 
2278 85 1757 255 
2279 906 1586 1006 
2280 1007 1576 393 
2281 839 1590 774 
2282 452 1557 446 
2283 1074 1648 963 
2284 626 1812 1796 
2285 313 1530 315 
2286 618 1581 986 
2287 380 1588 985 
2288 971 1540 699 
2289 813 1625 890 
2290 81 1534 267 
2291 1288 1482 1279 
2292 1487 1711 238 
2293 364 1540 365 
2294 672 1449 673 
2295 1284 1475 1273 
2296 492 1737 495 
2297 1090 1742 1050 
2298 85 1751 2 
2299 772 1677 779 
2300 694 1480 782 
2301 726 1480 692 
2302 1274 1689 1268 
2303 334 1637 741 
2304 716 1545 819 
2305 747 1699 549 
2306 472 1559 464 
2307 1001 1774 1029 
2308 1009 1732 977 
2309 395 1592 1007 
2310 614 1549 815 
2311 973 1638 840 
2312 718 1612 348 
2313 363 1635 361 
2314 651 1543 654 
2315 1592 1593 1007 
2316 421 1522 719 
2317 1472 1473 682 
2318 746 1652 841 
2319 588 1590 1483 
2320 729 1616 419 
2321 1494 1977 278 
2322 1460 1461 274 
2323 1109 1647 1382 
2324 1470 1713 1469 
2325 1012 1561 1010 
2326 859 1747 856 
2327 757 1743 1030 
2328 285 1534 82 
2329 32 1491 1487 
2330 1506 2000 1175 
2331 1182 1577 993 
2332 742 1667 358 
2333 1061 1613 903 
2334 603 1527 605 
2335 512 1748 515 
2336 786 1557 452 
2337 860 1626 858 
2338 1712 1824 1037 
2339 685 1730 1545 
2340 1289 1554 1286 
2341 1067 1655 1327 
2342 420 1624 728 
2343 469 1466 1465 
2344 675 1528 1176 
2345 1133 1864 1036 
2346 835 1472 678 
2347 1605 1636 345 
2348 328 1628 326 
2349 345 1636 346 
2350 722 1619 557 
2351 1048 1742 1192 
2352 761 1749 497 
2353 56 1499 55 
2354 1204 1810 1787 
2355 743 1630 407 
2356 1419 1632 287 
2357 1031 1631 863 
2358 1121 1755 1325 
2359 416 1522 417 
2360 796 1677 772 
2361 752 1654 914 
2362 717 1741 1588 
2363 689 1485 726 
2364 521 1826 507 
2365 702 1485 687 
2366 898 1760 936 
2367 1476 1692 1274 
2368 1642 1730 683 
2369 735 1639 738 
2370 549 1699 551 
2371 499 1749 578 
2372 376 1533 377 
2373 286 1643 288 
2374 82 1534 81 
2375 1301 1720 1271 
2376 1705 1765 1473 
2377 1011 1618 1399 
2378 474 1569 472 
2379 848 1627 844 
2380 410 1653 409 
2381 656 1538 658 
2382 1616 1744 414 
2383 1653 1654 744 
2384 982 1599 604 
2385 476 1611 811 
2386 818 1594 891 
2387 1271 1720 1553 
2388 1070 1816 1043 
2389 1472 1705 1473 
2390 1719 1781 756 
2391 805 1743 759 
2392 869 1748 1408 
2393 649 1675 631 
2394 751 1611 478 
2395 1028 1478 1040 
2396 600 1486 713 
2397 1550 1661 306 
2398 1195 1523 901 
2399 1217 1532 1026 
2400 391 1523 392 
2401 1675 1764 1536 
2402 996 1705 837 
2403 983 1612 718 
2404 802 1663 871 
2405 1663 1664 871 
2406 1553 1720 1280 
2407 737 1683 769 
2408 760 1770 806 
2409 1044 1768 1046 
2410 1364 1365 520 
2411 816 1518 969 
2412 941 1516 1196 
2413 1348 1768 1047 
2414 1143 1721 1454 
2415 1005 1616 729 
2416 808 1755 884 
2417 1214 1760 896 
2418 699 1540 364 
2419 1416 1430 266 
2420 361 1635 742 
2421 58 1500 57 
2422 472 1569 1559 
2423 660 1537 662 
2424 267 1697 80 
2425 685 1545 716 
2426 1455 1721 704 
2427 613 1681 615 
2428 997 1481 1028 
2429 555 1690 558 
2430 1004 1630 743 
2431 593 1477 595 
2432 351 1671 1617 
2433 32 1487 31 
2434 1028 1481 1478 
2435 1594 1777 1131 
2436 803 1776 881 
2437 468 1736 1573 
2438 551 1699 556 
2439 77 1740 76 
2440 315 1530 449 
2441 706 1582 1581 
2442 567 1833 1703 
2443 1549 1763 815 
2444 865 1687 1136 
2445 1656 1775 1448 
2446 469 1465 305 
2447 956 1548 1057 
2448 327 1716 329 
2449 1338 1649 940 
2450 1160 1777 1594 
2451 864 1649 587 
2452 1304 1993 1723 
2453 714 1529 1528 
2454 800 1696 799 
2455 1540 1727 369 
2456 710 1814 475 
2457 370 1676 1620 
2458 1303 1685 917 
2459 1310 1822 1330 
2460 437 1551 438 
2461 774 1590 588 
2462 1545 1730 1546 
2463 547 1680 546 
2464 409 1653 744 
2465 347 1628 328 
2466 477 1814 576 
2467 325 1570 322 
2468 977 1732 975 
2469 1435 1750 999 
2470 1000 1724 1533 
2471 761 1877 1749 
2472 867 1691 1014 
2473 975 1732 1544 
2474 892 1529 773 
2475 526 1686 525 
2476 1533 1724 698 
2477 79 1697 1524 
2478 769 1683 1016 
2479 284 1702 88 
2480 532 1678 530 
2481 849 1698 918 
2482 1551 1754 1552 
2483 98 1457 243 
2484 1309 1561 1012 
2485 717 1756 1741 
2486 1544 1732 468 
2487 1356 2051 777 
2488 807 1785 932 
2489 417 1522 421 
2490 88 1707 283 
2491 944 1785 809 
2492 1469 1713 795 
2493 654 1543 767 
2494 815 1657 1568 
2495 592 1575 323 
2496 1486 2029 713 
2497 1145 1721 1143 
2498 844 1627 566 
2499 575 1726 1042 
2500 460 1659 463 
2501 1982 2001 260 
2502 1166 1583 1202 
2503 672 1656 1449 
2504 766 1527 603 
2505 478 1611 476 
2506 1494 1992 1977 
2507 692 1480 694 
2508 324 1575 327 
2509 1204 1773 1147 
2510 910 1731 781 
2511 1000 1533 376 
2512 1051 1739 1306 
2513 1127 1372 1371 
2514 1179 1722 1531 
2515 1448 1775 931 
2516 398 1579 400 
2517 522 1695 518 
2518 1141 1988 1859 
2519 1280 1720 1362 
2520 891 1594 1131 
2521 982 1658 1599 
2522 535 1704 534 
2523 1442 1457 99 
2524 866 1673 745 
2525 1811 1835 1208 
2526 260 2001 1497 
2527 989 1763 1549 
2528 756 1781 758 
2529 331 1572 333 
2530 390 1786 1774 
2531 555 1779 1690 
2532 799 1696 950 
2533 1122 1795 1128 
2534 371 1786 373 
2535 982 1679 1658 
2536 1688 1747 1200 
2537 706 1583 1582 
2538 1674 1739 1051 
2539 504 1717 1364 
2540 1436 1682 1437 
2541 1362 1807 1363 
2542 550 1680 547 
2543 1517 1766 994 
2544 901 1523 391 
2545 658 1538 762 
2546 402 1610 404 
2547 335 1587 337 
2548 1658 1769 1556 
2549 1726 1823 1210 
2550 784 1723 1539 
2551 687 1485 689 
2552 1536 1764 992 
2553 1187 1625 1624 
2554 968 1656 1474 
2555 1576 1756 717 
2556 1731 1789 1180 
2557 856 1747 749 
2558 1020 1790 1208 
2559 643 1787 645 
2560 80 1697 79 
2561 1091 1710 1137 
2562 1607 1621 1608 
2563 1513 2070 1935 
2564 1556 1780 1555 
2565 1049 1726 1210 
2566 1025 1792 1209 
2567 1706 1772 796 
2568 940 1649 864 
2569 475 1814 477 
2570 511 1715 508 
2571 996 1765 1705 
2572 530 1678 574 
2573 937 1418 900 
2574 86 1733 235 
2575 712 1580 1579 
2576 1672 1701 1199 
2577 533 1725 536 
2578 1546 2130 1294 
2579 1189 1761 1226 
2580 1036 1719 537 
2581 1703 1833 1660 
2582 970 1516 941 
2583 1474 1656 672 
2584 907 1629 908 
2585 1444 1767 839 
2586 1308 1822 1310 
2587 255 1738 86 
2588 1514 1515 1320 
2589 1042 1726 1045 
2590 1607 1608 1074 
2591 994 1766 1018 
2592 776 1746 1451 
2593 1633 1761 1578 
2594 1298 1784 1724 
2595 1555 1780 1178 
2596 406 1646 408 
2597 662 1537 791 
2598 648 1681 613 
2599 1127 1371 1129 
2600 238 1711 1489 
2601 1582 1583 1084 
2602 347 1684 1628 
2603 626 1796 624 
2604 534 1704 748 
2605 1861 1885 1103 
2606 254 1799 1740 
2607 339 1601 341 
2608 1180 1789 1623 
2609 329 1716 909 
2610 1451 1746 1333 
2611 721 1570 325 
2612 1145 1773 1721 
2613 900 1418 913 
2614 1041 1816 1737 
2615 992 1764 1023 
2616 1777 2036 715 
2617 984 1761 1633 
2618 1562 1679 982 
2619 1721 1773 704 
2620 649 1764 1675 
2621 972 1817 1198 
2622 1662 1742 1090 
2623 1027 1765 996 
2624 2001 2021 1497 
2625 1358 1847 1245 
2626 999 1750 1033 
2627 637 1804 636 
2628 1045 1726 1049 
2629 491 1737 492 
2630 581 1797 1652 
2631 852 1551 437 
2632 254 1740 77 
2633 755 1804 640 
2634 773 1529 714 
2635 1013 1902 1190 
2636 1732 1736 468 
2637 731 1622 378 
2638 766 1925 1916 
2639 703 1812 628 
2640 357 1606 784 
2641 385 1606 354 
2642 1578 1761 1189 
2643 1150 1548 956 
2644 1795 2057 1128 
2645 1405 1673 866 
2646 1319 1910 1884 
2647 738 1706 740 
2648 1006 1684 1332 
2649 463 1659 573 
2650 1007 1756 1576 
2651 1201 1805 1409 
2652 1005 1820 1744 
2653 508 1715 510 
2654 509 1748 512 
2655 1588 1741 985 
2656 1178 1780 1716 
2657 1319 1936 1910 
2658 271 1682 1436 
2659 712 1579 398 
2660 536 1725 1133 
2661 323 1575 324 
2662 781 1731 721 
2663 1735 1762 1342 
2664 721 1731 1570 
2665 1593 1756 1007 
2666 1147 1773 1145 
2667 609 1811 611 
2668 627 1809 629 
2669 1566 1679 1563 
2670 722 1827 1619 
2671 1791 2106 510 
2672 983 1745 1612 
2673 936 1760 1140 
2674 1557 1801 984 
2675 1676 1798 1620 
2676 815 1763 1657 
2677 892 1648 1529 
2678 645 1810 647 
2679 99 1457 98 
2680 1736 1818 1573 
2681 1766 1790 1018 
2682 607 1835 609 
2683 1075 1607 1074 
2684 544 1688 541 
2685 368 1840 1078 
2686 1677 1771 1015 
2687 909 1572 331 
2688 1608 1648 1074 
2689 369 1727 371 
2690 418 1610 402 
2691 1179 1735 1722 
2692 248 2140 1515 
2693 1041 1737 491 
2694 1764 1792 1023 
2695 839 1767 1750 
2696 648 1766 1681 
2697 910 1789 1731 
2698 1628 1684 1586 
2699 1617 1671 1193 
2700 1583 1796 1202 
2701 373 1786 390 
2702 1084 1583 1166 
2703 968 1775 1656 
2704 1470 1714 1713 
2705 698 1784 1521 
2706 871 1709 872 
2707 1640 1706 1639 
2708 905 1837 923 
2709 430 1587 335 
2710 985 1741 1640 
2711 786 1801 1557 
2712 1027 1793 1765 
2713 1573 1818 1560 
2714 1490 1876 262 
2715 1018 1790 1020 
2716 806 1770 928 
2717 1724 1784 698 
2718 1521 1784 970 
2719 1796 1812 1202 
2720 1765 1793 702 
2721 1187 1794 1625 
2722 450 2091 1471 
2723 1046 1768 1201 
2724 990 1676 1622 
2725 1232 1850 925 
2726 649 1792 1764 
2727 1023 1792 1025 
2728 1299 1808 1298 
2729 1569 1825 1559 
2730 509 1826 1748 
2731 984 1801 1761 
2732 928 1755 808 
2733 704 1787 643 
2734 786 1825 1801 
2735 1034 1789 910 
2736 706 1796 1583 
2737 1110 1629 907 
2738 233 1992 1494 
2739 702 1793 1485 
2740 648 1790 1766 
2741 953 1862 814 
2742 466 2105 1354 
2743 1563 1679 1562 
2744 1068 1838 1066 
2745 715 1646 406 
2746 758 1781 1770 
2747 1229 1886 1871 
2748 1037 1824 1401 
2749 804 1776 803 
2750 939 1666 1243 
2751 1039 1793 1027 
2752 1428 1865 790 
2753 625 1834 627 
2754 795 2061 1386 
2755 1347 1745 983 
2756 1672 1797 581 
2757 914 1820 1222 
2758 1497 2021 277 
2759 1546 1730 1642 
2760 1774 1786 1198 
2761 1589 1986 1299 
2762 933 2082 1609 
2763 870 1762 1179 
2764 1242 1827 722 
2765 624 1796 706 
2766 266 2047 1974 
2767 1690 1779 1674 
2768 1179 1762 1735 
2769 1009 1736 1732 
2770 1038 1775 968 
2771 1556 1815 1780 
2772 1298 1808 1784 
2773 727 1601 339 
2774 1017 1736 1009 
2775 1609 1942 1100 
2776 1210 1823 1718 
2777 105 2120 1385 
2778 1033 1767 1387 
2779 963 1648 892 
2780 990 1798 1676 
2781 1559 1825 786 
2782 1114 1762 870 
2783 749 1747 1688 
2784 826 2052 1377 
2785 574 1782 528 
2786 1566 1769 1679 
2787 1691 1839 1014 
2788 1164 1817 972 
2789 1128 1785 944 
2790 1076 1853 1836 
2791 414 1744 1653 
2792 1157 1858 1105 
2793 1340 1754 852 
2794 990 1622 731 
2795 1486 2055 2029 
2796 34 1841 258 
2797 276 1841 35 
2798 566 1701 562 
2799 640 1804 637 
2800 1716 1780 909 
2801 1639 1706 738 
2802 233 2011 1992 
2803 1462 1802 912 
2804 54 1842 53 
2805 65 1844 242 
2806 628 1812 626 
2807 567 1703 552 
2808 1798 1840 1620 
2809 841 1803 1077 
2810 1382 1984 583 
2811 1386 2064 795 
2812 1320 1936 1319 
2813 354 1606 357 
2814 1789 1829 1623 
2815 811 1863 1569 
2816 1586 1684 1006 
2817 1315 1843 1445 
2818 951 1951 1357 
2819 1036 1781 1719 
2820 1773 1787 704 
2821 974 2121 1458 
2822 1204 1787 1773 
2823 1301 1807 1720 
2824 1354 2105 825 
2825 1113 1876 1490 
2826 932 1776 804 
2827 1015 1771 1149 
2828 1353 1854 948 
2829 1761 1801 1226 
2830 966 1854 1374 
2831 527 1944 1390 
2832 890 1813 1644 
2833 1076 1836 1039 
2834 84 1869 83 
2835 749 1688 544 
2836 1750 1767 1033 
2837 1700 1870 1699 
2838 1458 2022 1459 
2839 1620 1840 368 
2840 71 1855 248 
2841 6 1868 5 
2842 281 1855 72 
2843 1215 1970 1415 
2844 611 1811 648 
2845 629 1809 649 
2846 1702 2078 1997 
2847 1653 1744 1654 
2848 1797 1803 1652 
2849 852 1754 1551 
2850 1153 1845 1204 
2851 282 1878 1520 
2852 670 1851 1571 
2853 1720 1807 1362 
2854 487 1823 489 
2855 1756 1830 1741 
2856 1631 1798 990 
2857 247 1874 1442 
2858 872 1709 1013 
2859 1821 2049 1637 
2860 647 1810 750 
2861 1032 1846 1463 
2862 550 1703 1680 
2863 1663 1783 1664 
2864 1741 1830 1640 
2865 700 1835 607 
2866 1185 1607 1075 
2867 445 1866 440 
2868 1066 1829 1034 
2869 513 1712 1037 
2870 486 1847 570 
2871 1030 1852 1729 
2872 1699 1870 556 
2873 1769 1815 1556 
2874 518 1712 514 
2875 526 1782 1686 
2876 1198 1817 1774 
2877 823 1986 1589 
2878 1034 1829 1789 
2879 1623 1829 375 
2880 1087 1788 897 
2881 923 1837 1247 
2882 1478 1844 1236 
2883 575 1823 1726 
2884 1662 1917 239 
2885 498 2007 1369 
2886 1199 1701 1627 
2887 853 1824 1695 
2888 1836 1853 726 
2889 1105 1876 1102 
2890 1792 1809 1209 
2891 1409 1929 1071 
2892 1737 1816 761 
2893 599 2055 1486 
2894 1818 1832 1659 
2895 882 1788 805 
2896 313 1881 1530 
2897 925 1850 1694 
2898 1790 1811 1208 
2899 1311 1883 1309 
2900 1665 1745 1347 
2901 1625 1794 890 
2902 1017 1818 1736 
2903 457 1881 311 
2904 257 1890 1433 
2905 1164 1849 1817 
2906 1231 1908 1081 
2907 753 1728 543 
2908 312 1886 310 
2909 1674 1779 1739 
2910 792 1856 577 
2911 1373 2009 412 
2912 1780 1815 909 
2913 1475 1878 1476 
2914 1331 1893 967 
2915 814 1862 1005 
2916 1561 1832 1017 
2917 1209 1861 1059 
2918 375 1871 314 
2919 1225 1813 1794 
2920 1208 1860 1062 
2921 1784 1808 970 
2922 571 1932 1889 
2923 1744 1820 1654 
2924 8 1882 268 
2925 771 1907 883 
2926 1169 1846 1032 
2927 949 1907 778 
2928 1851 1879 1571 
2929 1526 1882 9 
2930 1168 1993 1304 
2931 1640 1772 1706 
2932 1381 2058 711 
2933 1253 1891 1252 
2934 1707 1708 283 
2935 1135 1666 939 
2936 1801 1825 1226 
2937 1200 1747 1694 
2938 1485 1836 726 
2939 1654 1820 914 
2940 649 1809 1792 
2941 2021 2039 277 
2942 1229 1838 1068 
2943 1506 1887 263 
2944 693 1892 824 
2945 955 1892 695 
2946 1155 1845 1153 
2947 648 1811 1790 
2948 1031 1798 1631 
2949 1774 1817 1029 
2950 450 1896 302 
2951 790 1865 1346 
2952 300 1896 709 
2953 1535 1885 652 
2954 470 1915 711 
2955 1393 2128 785 
2956 1399 1991 251 
2957 1793 1836 1485 
2958 1199 1797 1672 
2959 1039 1836 1793 
2960 652 1834 625 
2961 912 1802 1053 
2962 1053 1797 1199 
2963 1479 1903 273 
2964 418 2010 1651 
2965 1629 1819 935 
2966 1425 1890 1426 
2967 1155 1867 1845 
2968 585 1906 301 
2969 1132 1909 291 
2970 246 2076 1334 
2971 277 2039 1496 
2972 303 1906 469 
2973 91 1859 90 
2974 1005 1862 1820 
2975 293 1909 812 
2976 1697 1846 1169 
2977 1552 2027 445 
2978 1430 2128 1393 
2979 1456 1914 1065 
2980 1445 1843 1256 
2981 528 1782 526 
2982 974 1874 973 
2983 1223 1895 1358 
2984 1839 1902 1014 
2985 242 2138 1508 
2986 1877 1939 1749 
2987 1204 1845 1810 
2988 1207 1783 1663 
2989 1504 1887 1503 
2990 1846 1898 1463 
2991 1036 1864 1781 
2992 330 1919 347 
2993 741 1919 332 
2994 403 1918 401 
2995 523 1944 527 
2996 1621 1851 670 
2997 1879 1905 730 
2998 1845 1867 750 
2999 909 1815 1572 
3000 1817 1849 1029 
3001 1366 2069 1231 
3002 1294 1945 1114 
3003 1030 1729 1728 
3004 1743 1852 1030 
3005 356 1880 1671 
3006 1200 1850 1058 
3007 1794 1813 890 
3008 314 1871 312 
3009 1059 1861 1103 
3010 970 1808 1516 
3011 782 1910 1443 
3012 552 1703 550 
3013 1788 1852 1743 
3014 1062 1860 1101 
3015 1734 1752 235 
3016 1748 1826 1408 
3017 1313 1858 1157 
3018 1156 1925 1158 
3019 1627 1701 566 
3020 1771 1872 1149 
3021 1802 1803 1053 
3022 35 1841 34 
3023 1874 2002 973 
3024 1842 2033 53 
3025 826 1927 632 
3026 630 1927 703 
3027 1640 1830 1772 
3028 1097 1904 1095 
3029 1593 1830 1756 
3030 1366 1415 1139 
3031 574 1828 1782 
3032 887 1914 1464 
3033 66 1844 65 
3034 1636 1922 350 
3035 1053 1803 1797 
3036 1230 1959 1495 
3037 261 1842 54 
3038 726 1853 1480 
3039 1739 1779 556 
3040 1820 1862 1222 
3041 352 1922 385 
3042 1126 1759 1124 
3043 1376 1791 1086 
3044 1571 1879 730 
3045 267 1846 1697 
3046 1017 1832 1818 
3047 1235 1853 1076 
3048 1133 1931 1864 
3049 1118 1937 1441 
3050 1915 1943 711 
3051 448 1928 1592 
3052 1659 1832 573 
3053 1429 1866 1336 
3054 1401 1913 1085 
3055 1660 1833 1052 
3056 1652 1803 841 
3057 18 1930 249 
3058 501 1949 503 
3059 1495 1960 1230 
3060 1569 1863 1825 
3061 1029 1849 1227 
3062 1232 1888 1850 
3063 950 1955 1329 
3064 948 1854 966 
3065 1546 1973 1107 
3066 1071 1929 1237 
3067 905 2003 1837 
3068 1417 1930 19 
3069 271 1942 1682 
3070 1693 1932 1112 
3071 1413 1967 244 
3072 1694 1850 1200 
3073 489 1823 575 
3074 1852 1926 1729 
3075 1186 1905 1879 
3076 1769 1848 1815 
3077 1860 1875 1101 
3078 750 1867 1543 
3079 1031 1840 1798 
3080 1841 2118 258 
3081 91 1917 1634 
3082 1834 1861 1209 
3083 239 1917 90 
3084 1140 1988 1138 
3085 244 1961 1413 
3086 1226 1863 1224 
3087 83 1869 285 
3088 747 1926 1700 
3089 1541 1868 6 
3090 1409 1805 1758 
3091 953 1895 1862 
3092 1572 1848 430 
3093 72 1855 71 
3094 1296 1958 1354 
3095 897 1788 882 
3096 1402 1952 703 
3097 1230 1960 1146 
3098 514 1712 513 
3099 700 1875 1860 
3100 1144 1961 1230 
3101 1413 1961 1142 
3102 1014 1902 1405 
3103 1655 2012 1327 
3104 1022 1962 995 
3105 1772 1872 1771 
3106 1172 1867 1155 
3107 1117 1947 1381 
3108 1295 1947 1115 
3109 45 1959 244 
3110 1835 1860 1208 
3111 484 1934 482 
3112 1065 1911 1456 
3113 1714 2091 1661 
3114 488 1847 486 
3115 888 1962 1446 
3116 1495 1959 46 
3117 1130 1929 1409 
3118 1276 1966 1278 
3119 1924 2141 964 
3120 1810 1845 750 
3121 1437 1874 247 
3122 1561 1883 1832 
3123 1843 1891 1256 
3124 244 1967 44 
3125 1077 1803 1802 
3126 1749 1939 578 
3127 1542 1953 1614 
3128 1566 1848 1769 
3129 811 1900 1863 
3130 479 1980 481 
3131 1833 2137 1052 
3132 1816 1877 761 
3133 1185 1879 1851 
3134 440 1866 443 
3135 1319 1884 1235 
3136 262 1971 27 
3137 1527 1875 700 
3138 443 1866 1429 
3139 42 1972 260 
3140 1238 1857 1186 
3141 1401 1956 1170 
3142 267 1898 1846 
3143 1078 1933 1339 
3144 556 1870 1739 
3145 1832 1883 573 
3146 266 1974 107 
3147 105 1981 106 
3148 980 1976 1344 
3149 1110 1821 1629 
3150 1246 2033 1842 
3151 264 1975 67 
3152 893 1989 945 
3153 783 1976 976 
3154 1847 1996 1245 
3155 958 1955 1696 
3156 1838 1871 375 
3157 1250 1983 1251 
3158 571 1889 1718 
3159 1605 2133 1636 
3160 1030 1728 753 
3161 1216 1778 1125 
3162 1385 1991 1177 
3163 1447 1982 1414 
3164 1607 1851 1621 
3165 1210 1889 1088 
3166 1611 1900 811 
3167 1661 2077 1714 
3168 1400 2018 1206 
3169 1227 1985 1003 
3170 1930 2053 249 
3171 1127 1778 1372 
3172 1629 1821 1819 
3173 952 2003 904 
3174 797 1994 868 
3175 1148 1978 1302 
3176 1704 1888 748 
3177 1367 2069 1366 
3178 1825 1863 1226 
3179 1872 1928 1149 
3180 1102 1876 1113 
3181 1175 2000 929 
3182 1284 1878 1475 
3183 11 1987 256 
3184 930 2000 998 
3185 1081 1908 1335 
3186 1782 1828 1687 
3187 1185 1851 1607 
3188 1687 1828 1136 
3189 1437 2002 1874 
3190 1723 1993 1241 
3191 1054 2018 1400 
3192 1525 1987 12 
3193 1398 2132 250 
3194 1108 1920 1229 
3195 1404 2118 1841 
3196 1213 2011 1246 
3197 1513 1964 1191 
3198 1052 2137 1893 
3199 1087 1852 1788 
3200 457 1953 1881 
3201 577 1856 853 
3202 1380 1943 1312 
3203 1739 1870 1306 
3204 1186 1879 1185 
3205 1165 2015 1228 
3206 924 2121 974 
3207 1359 2008 1285 
3208 700 1860 1835 
3209 1101 1875 1104 
3210 1434 2124 1399 
3211 1287 2008 1305 
3212 1827 1998 1619 
3213 510 1717 506 
3214 310 1886 435 
3215 1309 1883 1561 
3216 311 1881 313 
3217 967 1893 1203 
3218 1713 2061 795 
3219 1224 1900 1225 
3220 413 2009 416 
3221 579 2012 568 
3222 1878 2026 1520 
3223 493 1996 490 
3224 1427 2085 868 
3225 292 2128 1430 
3226 503 2045 505 
3227 261 2060 2042 
3228 1 2073 112 
3229 112 2074 1 
3230 937 1970 1418 
3231 1480 1884 782 
3232 1235 1884 1853 
3233 1618 1991 1399 
3234 778 1907 771 
3235 1307 2025 1308 
3236 1375 2063 883 
3237 1476 2114 1692 
3238 2000 2098 998 
3239 954 1933 1031 
3240 52 2033 233 
3241 5 2073 1 
3242 1 2074 84 
3243 9 1882 8 
3244 1853 1884 1480 
3245 281 2035 1855 
3246 1174 1894 1172 
3247 1083 2133 1082 
3248 1487 2046 1711 
3249 1502 2044 236 
3250 250 2132 104 
3251 1566 1912 1848 
3252 401 2040 399 
3253 1585 2051 1196 
3254 1492 2046 1491 
3255 1246 2042 1219 
3256 1815 1848 1572 
3257 712 2017 1580 
3258 831 2139 916 
3259 1888 1940 748 
3260 913 1990 899 
3261 894 2043 770 
3262 1082 2133 1605 
3263 1711 2046 1022 
3264 26 2048 25 
3265 652 1861 1834 
3266 1805 1806 1738 
3267 1638 2002 933 
3268 1844 1975 1236 
3269 1131 2050 1651 
3270 1114 1873 1762 
3271 1464 1885 1535 
3272 1671 1880 1193 
3273 520 2007 500 
3274 1644 2023 1645 
3275 1311 1915 1883 
3276 791 2038 1518 
3277 1202 1952 1168 
3278 1630 2020 411 
3279 356 2100 1880 
3280 263 1887 1504 
3281 1196 2051 1194 
3282 1256 1891 1253 
3283 567 1998 1833 
3284 602 1963 766 
3285 711 2058 471 
3286 1433 1890 1425 
3287 273 1903 1441 
3288 987 2059 989 
3289 1174 1921 1894 
3290 1172 1894 1867 
3291 473 2058 710 
3292 945 2004 1123 
3293 1088 1889 1693 
3294 1863 1900 1224 
3295 695 1892 693 
3296 506 1717 504 
3297 1234 2062 1318 
3298 1103 1914 1456 
3299 1762 1873 1342 
3300 1867 1894 1543 
3301 1232 1940 1888 
3302 1974 2047 1395 
3303 1997 2078 1192 
3304 703 1952 1812 
3305 1377 2052 1240 
3306 573 1915 470 
3307 459 2105 466 
3308 302 1896 300 
3309 482 2068 480 
3310 795 2064 765 
3311 1415 2095 1215 
3312 1439 2097 297 
3313 93 2054 237 
3314 1373 2036 1160 
3315 1162 2061 1163 
3316 1372 1949 1371 
3317 1272 2127 1276 
3318 584 2064 583 
3319 517 2081 516 
3320 1221 2056 1217 
3321 1711 2101 1489 
3322 1499 2060 261 
3323 280 2076 22 
3324 2 1795 1759 
3325 95 2090 94 
3326 21 2076 246 
3327 1733 1734 235 
3328 927 2087 1038 
3329 1193 1901 922 
3330 868 2085 763 
3331 959 2067 958 
3332 430 1912 1587 
3333 299 2097 585 
3334 1195 2028 1523 
3335 1715 1791 510 
3336 1019 2101 1022 
3337 1880 1901 1193 
3338 589 2094 776 
3339 1302 2088 1207 
3340 90 1859 265 
3341 1613 1995 955 
3342 1440 2071 245 
3343 1471 2091 1470 
3344 1837 2003 1242 
3345 1104 1916 1156 
3346 1600 2034 991 
3347 1406 1989 1120 
3348 1299 2131 1589 
3349 1507 2052 1384 
3350 1626 1941 1378 
3351 591 2085 783 
3352 1161 1920 1108 
3353 1022 2101 1711 
3354 730 1905 1574 
3355 785 2128 294 
3356 1912 1938 1587 
3357 1072 2010 1580 
3358 825 2105 456 
3359 1222 1895 1223 
3360 1353 2139 1854 
3361 1848 1912 430 
3362 1243 2113 1337 
3363 1508 2098 1505 
3364 1399 2124 1307 
3365 1543 1894 767 
3366 104 2120 105 
3367 727 1957 1601 
3368 1565 1912 1566 
3369 1289 2117 1554 
3370 1527 1916 1875 
3371 285 1897 1534 
3372 1894 1921 767 
3373 1875 1916 1104 
3374 1324 2096 1390 
3375 1781 1864 1770 
3376 1662 1997 1742 
3377 918 2095 1231 
3378 1203 1998 1827 
3379 1300 2084 1301 
3380 268 1899 1541 
3381 1534 1898 267 
3382 1830 1872 1772 
3383 754 2014 1725 
3384 301 1906 303 
3385 519 1944 523 
3386 103 2132 271 
3387 1229 1871 1838 
3388 1396 1974 1395 
3389 1858 1971 262 
3390 1692 2053 1317 
3391 1978 2040 1302 
3392 1443 1910 1080 
3393 291 1909 293 
3394 1593 1928 1872 
3395 1112 1932 1669 
3396 1463 1948 920 
3397 1206 2018 894 
3398 261 2042 1842 
3399 1702 1997 239 
3400 2113 2125 1337 
3401 1708 2075 1140 
3402 934 2016 1233 
3403 332 1919 330 
3404 416 2083 1522 
3405 1708 1831 283 
3406 1729 1926 747 
3407 1901 1924 922 
3408 1718 1889 1210 
3409 1466 2089 1465 
3410 1438 2025 272 
3411 411 1918 403 
3412 1342 2102 1341 
3413 66 1975 1844 
3414 1840 1933 1078 
3415 1058 1888 1704 
3416 1008 2125 1635 
3417 1897 1898 1534 
3418 1348 1806 1768 
3419 715 2036 1646 
3420 1683 2063 1016 
3421 1611 1946 1900 
3422 481 2006 483 
3423 1403 1911 1065 
3424 1842 2042 1246 
3425 767 1921 1538 
3426 106 1974 1396 
3427 1212 1921 1174 
3428 1589 2131 768 
3429 448 1978 1928 
3430 241 2119 1591 
3431 1614 2032 1283 
3432 1593 1872 1830 
3433 1862 1895 1222 
3434 1855 2035 1345 
3435 1587 1938 727 
3436 1095 1904 1349 
3437 1574 2111 777 
3438 1354 2094 466 
3439 1666 2100 1243 
3440 1755 1931 1325 
3441 922 1924 964 
3442 1592 1928 1593 
3443 1415 1970 1139 
3444 1215 2095 1698 
3445 766 1916 1527 
3446 1161 1950 1920 
3447 1565 1938 1912 
3448 1237 1877 1070 
3449 1070 1877 1816 
3450 1753 2057 1751 
3451 751 1946 1611 
3452 1158 1925 1250 
3453 1850 1888 1058 
3454 1964 2044 1191 
3455 578 1949 501 
3456 748 1940 951 
3457 1078 2136 1008 
3458 632 1927 630 
3459 1880 2100 1666 
3460 1330 1937 1312 
3461 1910 1936 1080 
3462 1087 1926 1852 
3463 1776 2086 1134 
3464 1881 1953 1361 
3465 1883 1915 573 
3466 1615 1945 690 
3467 1352 2093 493 
3468 1407 1989 1406 
3469 1859 1988 265 
3470 1900 1946 1225 
3471 1229 1920 1886 
3472 1393 2047 1430 
3473 1332 1941 1331 
3474 1221 2072 2056 
3475 1233 1940 1232 
3476 1953 2032 1614 
3477 1854 2139 1111 
3478 350 1922 352 
3479 1856 1956 853 
3480 1085 1913 1375 
3481 1357 1951 1428 
3482 1759 1795 1124 
3483 913 2065 1990 
3484 1008 2136 2125 
3485 1206 2035 1400 
3486 2013 2123 1548 
3487 488 1996 1847 
3488 1163 1950 1161 
3489 1164 1968 1849 
3490 1642 2130 1546 
3491 2100 2113 1243 
3492 1284 2026 1878 
3493 1138 1988 1141 
3494 1567 1938 1565 
3495 1920 1950 435 
3496 583 1984 580 
3497 1086 1791 1715 
3498 19 1930 18 
3499 1294 2130 1945 
3500 1390 1944 1326 
3501 1343 2107 1981 
3502 1857 1905 1186 
3503 239 1997 1662 
3504 1696 1955 950 
3505 1661 2091 450 
3506 1446 2118 1404 
3507 1110 2049 1821 
3508 1305 2097 1439 
3509 1301 2110 1807 
3510 255 1805 1738 
3511 1770 1864 928 
3512 2084 2110 1301 
3513 713 1963 602 
3514 347 2104 1684 
3515 1458 2121 2022 
3516 1657 2024 1567 
3517 1369 2007 1368 
3518 1311 1943 1915 
3519 2032 2089 1283 
3520 1080 1936 1450 
3521 279 1935 1499 
3522 1212 1954 1921 
3523 1316 2053 1930 
3524 1218 1954 1212 
3525 1885 1914 1103 
3526 90 1917 91 
3527 1669 2080 1668 
3528 1196 2108 1584 
3529 1897 1948 1898 
3530 1343 1981 1385 
3531 1926 1990 1700 
3532 755 1968 1804 
3533 1579 2010 418 
3534 1374 2009 1373 
3535 1822 2025 1438 
3536 1428 1951 1865 
3537 279 1964 1935 
3538 580 1984 579 
3539 1921 1954 1538 
3540 1935 2070 1293 
3541 435 1950 1550 
3542 1150 2013 1548 
3543 1218 1979 1954 
3544 1516 2108 1196 
3545 1824 1956 1401 
3546 860 1941 1626 
3547 1757 1758 255 
3548 1231 2069 1908 
3549 1550 2077 1661 
3550 237 2054 1908 
3551 483 2006 571 
3552 1423 2134 1632 
3553 1361 1953 1542 
3554 1643 2135 1132 
3555 1733 1831 1734 
3556 1146 1960 1152 
3557 570 1934 484 
3558 1502 2087 2044 
3559 1142 1961 1144 
3560 1120 1989 893 
3561 1115 1947 1117 
3562 1129 1929 1130 
3563 1637 2049 741 
3564 1960 1965 1152 
3565 1931 2014 1325 
3566 995 1962 888 
3567 1981 2107 257 
3568 1601 1957 1602 
3569 1808 1986 1516 
3570 1854 2083 1374 
3571 1125 1778 1127 
3572 1152 1965 1154 
3573 1954 1979 762 
3574 1918 2088 1302 
3575 1312 1943 1311 
3576 1424 1994 1422 
3577 46 1959 45 
3578 2031 2112 1899 
3579 1538 1954 762 
3580 1742 1997 1192 
3581 1278 1966 1359 
3582 1965 1969 1154 
3583 1968 2092 1849 
3584 576 1980 479 
3585 1133 2014 1931 
3586 1233 2016 1865 
3587 1500 1964 279 
3588 1843 2037 1891 
3589 766 1963 1925 
3590 1391 2013 1150 
3591 1941 2109 1331 
3592 1225 1946 1813 
3593 1154 1969 1171 
3594 2023 2068 1645 
3595 1886 1920 435 
3596 1751 2057 2 
3597 1464 1914 1885 
3598 1031 1933 1840 
3599 1869 2134 285 
3600 44 1967 43 
3601 1383 1968 1164 
3602 1541 2135 1868 
3603 1826 2019 1408 
3604 519 2081 1944 
3605 268 2031 1899 
3606 1804 1968 1383 
3607 1510 2037 280 
3608 1371 2099 1129 
3609 1967 1972 43 
3610 1969 1977 1171 
3611 776 2094 1958 
3612 1864 1931 928 
3613 709 2123 2013 
3614 762 1979 1537 
3615 27 1971 26 
3616 1220 1979 1218 
3617 1016 2063 1913 
3618 860 2109 1941 
3619 1237 1939 1877 
3620 754 2096 2014 
3621 1107 1973 1353 
3622 1596 2017 1595 
3623 1580 2010 1579 
3624 43 1972 42 
3625 1882 2031 268 
3626 777 2051 1585 
3627 1171 1977 1173 
3628 1520 2026 253 
3629 916 1973 1294 
3630 1812 1952 1202 
3631 1839 1999 1902 
3632 1577 1982 1447 
3633 976 1976 980 
3634 67 1975 66 
3635 106 1981 257 
3636 1707 2075 1708 
3637 1177 1991 1618 
3638 1647 1984 1382 
3639 1251 1983 1254 
3640 283 1831 1733 
3641 521 2019 1826 
3642 264 2062 1975 
3643 1977 1992 1173 
3644 1061 1995 1613 
3645 107 1974 106 
3646 935 2016 934 
3647 1754 1995 1061 
3648 1506 2098 2000 
3649 904 2003 905 
3650 1241 1993 1402 
3651 920 1994 797 
3652 1944 2081 1326 
3653 1173 1992 1211 
3654 1149 1978 1148 
3655 1003 1985 1297 
3656 284 2078 1702 
3657 1508 2138 2098 
3658 1111 2083 1854 
3659 12 1987 11 
3660 1763 2024 1657 
3661 1466 2127 2089 
3662 1139 1970 937 
3663 929 2000 930 
3664 1577 2001 1982 
3665 1992 2011 1211 
3666 932 2086 1776 
3667 1651 2010 1072 
3668 493 2093 1996 
3669 1183 2017 1596 
3670 1182 2001 1577 
3671 1385 2120 1991 
3672 1114 1945 1873 
3673 1313 1971 1858 
3674 1182 2021 2001 
3675 505 2045 521 
3676 928 1931 1755 
3677 853 1956 1824 
3678 1983 2029 1254 
3679 1211 2011 1213 
3680 751 2023 1946 
3681 1167 2015 1165 
3682 448 2040 1978 
3683 1459 2022 1462 
3684 1619 1998 567 
3685 973 2002 1638 
3686 1641 2013 1391 
3687 709 2013 1641 
3688 1285 2008 1287 
3689 1220 2030 1979 
3690 1292 2030 1220 
3691 1430 2047 266 
3692 1004 2020 1630 
3693 1299 1986 1808 
3694 1928 1978 1149 
3695 1423 1948 1897 
3696 490 1996 488 
3697 1532 2021 1182 
3698 1898 1948 1463 
3699 1500 2044 1964 
3700 1725 2014 1133 
3701 1897 2134 1423 
3702 1132 2135 1899 
3703 1190 1999 1369 
3704 445 2027 1866 
3705 1321 2018 1054 
3706 1340 1995 1754 
3707 276 2116 1403 
3708 1482 2026 1284 
3709 412 2009 413 
3710 1979 2030 1537 
3711 568 2012 723 
3712 1336 2027 1197 
3713 1523 2028 427 
3714 1412 2031 1411 
3715 1467 2032 457 
3716 1692 2114 2053 
3717 1307 2124 2025 
3718 1717 2106 1329 
3719 899 1990 1087 
3720 1595 2017 712 
3721 1462 2022 1802 
3722 1123 2004 1216 
3723 1254 2029 1547 
3724 1802 2022 1077 
3725 1763 2066 2024 
3726 2026 2122 253 
3727 1911 2116 2072 
3728 1345 2035 1206 
3729 1870 2065 1306 
3730 1946 2023 1813 
3731 524 1999 1839 
3732 53 2033 52 
3733 399 2040 448 
3734 1308 2025 1822 
3735 1306 2126 1205 
3736 1515 2140 1320 
3737 457 2032 1953 
3738 1865 1951 1233 
3739 500 2007 498 
3740 1591 2119 1248 
3741 1908 2054 1335 
3742 723 2034 1600 
3743 755 2092 1968 
3744 1537 2030 791 
3745 1532 2039 2021 
3746 1205 2126 1418 
3747 1813 2023 1644 
3748 1004 2103 2020 
3749 2065 2126 1306 
3750 1219 2042 1239 
3751 1411 2031 1882 
3752 1990 2065 1700 
3753 1945 2130 690 
3754 770 2043 902 
3755 1167 2079 2015 
3756 1567 2024 1957 
3757 1248 2119 1313 
3758 1160 2036 1777 
3759 1891 2037 1510 
3760 236 2044 1500 
3761 1217 2039 1532 
3762 25 2048 241 
3763 1777 2050 1131 
3764 2002 2082 933 
3765 1496 2056 234 
3766 2029 2055 1547 
3767 1491 2046 1487 
3768 1518 2038 969 
3769 2042 2060 1239 
3770 1985 2131 1297 
3771 1467 2089 2032 
3772 1355 2049 1110 
3773 471 2058 473 
3774 1925 1963 1250 
3775 516 2081 519 
3776 1227 2092 1597 
3777 1082 2059 987 
3778 2038 2070 969 
3779 1194 2051 1356 
3780 883 2063 1683 
3781 1317 2053 1316 
3782 1908 2069 237 
3783 1865 2016 1346 
3784 989 2066 1763 
3785 1547 2055 1300 
3786 1356 2111 1857 
3787 480 2068 751 
3788 2080 2129 1650 
3789 1980 2080 1669 
3790 1240 2052 1507 
3791 1239 2060 1293 
3792 1482 2122 2026 
3793 2024 2066 1602 
3794 1866 2027 1336 
3795 1236 2062 1234 
3796 576 2129 2080 
3797 1329 2106 1328 
3798 84 2074 1869 
3799 265 2075 1707 
3800 1602 2066 1603 
3801 935 2115 2016 
3802 1386 2061 1162 
3803 1868 2073 5 
3804 1368 2067 959 
3805 1087 1990 1926 
3806 1998 2137 1833 
3807 895 2041 1214 
3808 94 2054 93 
3809 765 2064 584 
3810 969 2070 1513 
3811 112 2073 286 
3812 287 2074 112 
3813 1522 2083 1111 
3814 1668 2080 1650 
3815 234 2072 1493 
3816 1304 2079 1167 
3817 1477 2084 599 
3818 1412 2112 2031 
3819 1134 2086 1752 
3820 1140 2075 1988 
3821 1714 2077 1163 
3822 274 2090 95 
3823 22 2076 21 
3824 1334 2037 1843 
3825 1441 2071 1440 
3826 1245 2093 1244 
3827 1548 2123 1471 
3828 1911 2072 1221 
3829 1673 2103 1004 
3830 1192 2078 1348 
3831 763 2085 591 
3832 571 2006 1932 
3833 1132 2112 1909 
3834 1191 2087 927 
3835 253 2122 1525 
3836 1667 2100 356 
3837 466 2094 589 
3838 2016 2115 1346 
3839 1465 2089 1467 
3840 1331 2109 1893 
3841 297 2097 299 
3842 1597 2092 755 
3843 1902 1999 1190 
3844 1682 2082 1437 
3845 1700 2065 1870 
3846 1021 2101 1019 
3847 1698 2095 918 
3848 2072 2116 1493 
3849 1505 2098 1506 
3850 257 2107 1890 
3851 456 2105 459 
3852 1344 2107 1343 
3853 1330 2071 1937 
3854 1325 2096 1324 
3855 1684 2104 1332 
3856 1896 2123 709 
3857 742 2125 2113 
3858 1291 2117 1289 
3859 1932 2006 1669 
3860 1346 2115 1347 
3861 1584 2108 823 
3862 838 2110 1477 
3863 1052 2109 860 
3864 251 2120 104 
3865 1077 2121 924 
3866 249 2114 1519 
3867 1470 2091 1714 
3868 1857 2111 1905 
3869 411 2088 1918 
3870 258 2118 1492 
3871 2056 2072 234 
3872 1283 2127 1272 
3873 1297 2131 1299 
3874 272 2124 1434 
3875 1752 2086 1753 
3876 294 2128 292 
3877 1493 2116 276 
3878 104 2132 103 
3879 690 2130 1642 
3880 1111 2139 831 
3881 1337 2136 1338 
3882 1228 2133 1083 
3883 1347 2115 1819 
3884 998 2138 1481 
3885 742 2113 1667 
3886 1650 2129 1295 
3887 1288 2122 1482 
3888 751 2068 2023 
3889 1814 2129 576 
3890 1635 2125 742 
3891 1667 2113 2100 
3892 1831 2041 1734 
3893 2 2057 1795 
3894 1828 2141 1136 
3895 1975 2062 1236 
3896 1996 2093 1245 
3897 1418 2126 913 
3898 1849 2092 1227 
3899 2014 2096 1325 
3900 1320 2140 1936 
3901 1477 2110 2084 
3902 1937 2071 1441 
3903 1929 2099 1237 
3904 2125 2136 1337 
3905 1869 2074 287 
3906 286 2073 1868 
3907 1207 2088 1783 
3908 1986 2108 1516 
3909 2044 2087 1191 
3910 1525 2122 1288 
3911 2022 2121 1077 
3912 1163 2077 1950 
3913 1819 2115 935 
3914 1957 2024 1602 
3915 1991 2120 251 
3916 510 2106 1717 
3917 1370 2141 1828 
3918 913 2126 2065 
3919 1295 2129 1814 
3920 1950 2077 1550 
3921 1913 2063 1375 
3922 1129 2099 1929 
3923 1873 2102 1342 
3924 1214 2041 1831 
3925 1909 2112 1412 
3926 1471 2123 1896 
3927 1893 2137 1203 
3928 1890 2107 1344 
3929 1758 1805 255 
3930 1136 2141 1924 
3931 1893 2109 1052 
3932 1403 2116 1911 
3933 1958 2094 1354 
3934 1437 2082 2002 
3935 1905 2111 1574 
3936 2025 2124 272 
3937 1899 2112 1132 
3938 823 2108 1986 
3939 2039 2056 1496 
3940 1753 2086 932 
3941 1313 2119 2048 
3942 576 2080 1980 
3943 2053 2114 249 
3944 2089 2127 1283 
3945 1988 2075 265 
3946 285 2134 1897 
3947 1899 2135 1541 
3948 1217 2056 2039 
3949 2098 2138 998 
3950 1237 2099 1939 
3951 1936 2140 1450 
3952 599 2084 2055 
3953 2055 2084 1300 
3954 1203 2137 1998 
3955 2048 2119 241 
2 5 2 4794
3956 3710 4025 3235 
3957 2878 3711 3560 
3958 140 3523 139 
3959 3326 4324 2167 
3960 3875 4293 3157 
3961 3674 4095 3328 
3962 3157 4293 3584 
3963 2182 3373 3372 
3964 2747 3857 3854 
3965 3697 3737 3583 
3966 2259 4025 3710 
3967 3416 3417 2410 
3968 3733 4004 3218 
3969 214 3399 213 
3970 2203 3363 3361 
3971 3908 4150 2178 
3972 3320 3428 2448 
3973 3481 4016 3407 
3974 3854 3856 2747 
3975 2503 4031 3387 
3976 2448 3426 3320 
3977 2167 3915 3326 
3978 3035 3619 3318 
3979 3028 3600 3030 
3980 3400 3522 3401 
3981 3088 3645 3402 
3982 3415 3416 2410 
3983 3624 3656 3527 
3984 3999 4240 3302 
3985 3022 3445 3024 
3986 2194 4016 3481 
3987 2822 3571 2892 
3988 2180 3586 3392 
3989 4095 4358 3328 
3990 3438 4176 3592 
3991 3495 3996 3065 
3992 3341 3599 2482 
3993 3296 3878 3413 
3994 3454 4230 3757 
3995 2887 3432 2930 
3996 3878 4217 3413 
3997 2172 3522 3400 
3998 2178 4318 3908 
3999 2184 3399 214 
4000 2703 4163 3413 
4001 2207 3451 3371 
4002 3257 4306 3448 
4003 3049 3444 3336 
4004 3362 3862 3855 
4005 3314 4198 3941 
4006 3424 3722 2859 
4007 3394 3463 2166 
4008 4085 4178 3284 
4009 3402 3645 3368 
4010 2143 3500 3388 
4011 3361 3411 2203 
4012 3993 4264 3516 
4013 2558 4300 4043 
4014 3330 3752 2575 
4015 3516 4264 2150 
4016 3855 4201 3362 
4017 2182 3374 3373 
4018 3560 4405 2878 
4019 3499 4004 3733 
4020 3474 4400 4024 
4021 3336 3443 3049 
4022 2547 3950 3948 
4023 3755 4157 3191 
4024 2575 4088 3330 
4025 3557 3636 2269 
4026 3413 4163 3435 
4027 3179 4345 4167 
4028 2482 3600 3341 
4029 3887 4134 3321 
4030 4 3840 3831 
4031 3406 3523 2145 
4032 2269 3635 3557 
4033 3340 3432 2958 
4034 3886 4428 3442 
4035 3387 3738 2503 
4036 3140 3619 3035 
4037 3148 4178 4085 
4038 4149 4247 3545 
4039 2286 4247 4149 
4040 3818 4020 3985 
4041 3371 4369 2207 
4042 3941 4198 2737 
4043 3474 4024 4023 
4044 2176 3595 3455 
4045 3978 4394 4003 
4046 4167 4345 3486 
4047 3387 4031 3428 
4048 3293 3699 3484 
4049 4147 4201 3842 
4050 2294 4154 2598 
4051 2810 3419 3418 
4052 2144 3382 3380 
4053 2958 3431 3340 
4054 3375 3776 2154 
4055 3608 3609 2159 
4056 2812 3439 3031 
4057 4154 4305 2598 
4058 4249 4288 3911 
4059 4127 4302 3978 
4060 3404 4288 4249 
4061 2371 4134 3887 
4062 139 3523 3522 
4063 3716 3892 3203 
4064 2769 4338 4213 
4065 2205 3840 4 
4066 2145 3523 140 
4067 3301 3873 3300 
4068 3191 4357 3755 
4069 2422 4240 3999 
4070 3167 4271 4194 
4071 3044 4363 3468 
4072 3573 3656 3624 
4073 3448 4306 2378 
4074 3409 3463 3394 
4075 4043 4222 2558 
4076 3823 4302 4127 
4077 4003 4127 3978 
4078 3856 4312 2675 
4079 3544 3546 3545 
4080 3219 4293 3736 
4081 2160 4108 3374 
4082 3388 3500 3412 
4083 3592 4176 2169 
4084 4213 4338 3385 
4085 3489 3490 3255 
4086 3693 3695 3577 
4087 3219 3736 3735 
4088 3085 3697 3366 
4089 3586 4382 3392 
4090 3013 3416 3378 
4091 3085 3737 3697 
4092 3873 4368 3300 
4093 3757 4230 3335 
4094 2174 3886 3442 
4095 3480 4259 4166 
4096 4279 4285 3225 
4097 2477 3697 3583 
4098 3607 4285 4279 
4099 4241 4362 3680 
4100 3518 3519 3163 
4101 2251 3723 3444 
4102 3468 4063 3044 
4103 2653 4362 4241 
4104 2269 4211 3635 
4105 2593 4366 3448 
4106 3448 4336 2593 
4107 3277 3445 3022 
4108 4166 4259 2502 
4109 3956 4077 3829 
4110 3965 4346 3964 
4111 2157 4287 4250 
4112 4145 4182 3027 
4113 3455 4333 2176 
4114 3956 4335 4077 
4115 3341 3600 3028 
4116 3546 4149 3545 
4117 2958 3432 2887 
4118 3844 4118 3841 
4119 2675 4252 3856 
4120 2892 3571 3511 
4121 3366 3696 3085 
4122 3030 3600 3273 
4123 3691 3693 3577 
4124 2841 4212 4121 
4125 3376 4025 2259 
4126 3366 4352 3367 
4127 3697 4352 3366 
4128 3325 4324 3326 
4129 3635 4211 3561 
4130 3705 4341 3510 
4131 3068 4428 3886 
4132 4098 4255 3204 
4133 2710 4346 4041 
4134 4121 4212 3422 
4135 3368 3645 2841 
4136 3432 3439 3254 
4137 3510 4246 3705 
4138 2530 4297 4266 
4139 3522 3523 3401 
4140 2859 3743 3424 
4141 3372 4128 2182 
4142 3024 3445 3049 
4143 3400 3520 2172 
4144 3493 3996 3495 
4145 2165 3783 3469 
4146 3374 4313 2160 
4147 178 3430 177 
4148 4250 4287 3319 
4149 3380 3433 2144 
4150 3423 3722 3424 
4151 3711 3883 3560 
4152 3519 3520 3163 
4153 3835 4346 3965 
4154 4194 4271 3306 
4155 4231 4363 3171 
4156 3837 3838 2711 
4157 2930 3432 3254 
4158 3204 4255 2824 
4159 2929 4052 3504 
4160 4205 4309 2554 
4161 4233 4337 2833 
4162 3948 3951 2547 
4163 3842 4201 3855 
4164 3444 3723 3336 
4165 3000 3571 2822 
4166 4266 4297 3425 
4167 2259 4164 3376 
4168 2841 4121 3368 
4169 3818 3985 3820 
4170 3643 4311 3644 
4171 3065 4351 3495 
4172 2203 3450 3363 
4173 2165 4460 3783 
4174 3312 3872 3313 
4175 3013 3418 3416 
4176 2545 4342 4291 
4177 3148 4334 4178 
4178 3504 4237 2929 
4179 2503 3738 3446 
4180 2422 3999 3480 
4181 2154 4381 3375 
4182 3836 4394 4291 
4183 3369 4248 2158 
4184 3834 4394 3836 
4185 3992 4372 4224 
4186 2907 3439 2812 
4187 2569 4309 3403 
4188 177 3430 2171 
4189 3439 4319 3254 
4190 4 3837 2711 
4191 3458 4363 4231 
4192 3363 4324 3325 
4193 4291 4342 3836 
4194 3325 4359 3363 
4195 3139 4334 3148 
4196 4224 4372 3833 
4197 3905 4205 2563 
4198 2158 4377 3369 
4199 2488 3446 2505 
4200 3699 4008 3484 
4201 3527 4238 3624 
4202 3378 4194 3013 
4203 3480 4166 2422 
4204 3114 3520 3116 
4205 3913 4268 3153 
4206 3418 4292 2810 
4207 2161 4303 4301 
4208 2869 4273 3490 
4209 3402 4337 4233 
4210 3229 4429 4131 
4211 3609 4348 2159 
4212 3031 3439 3340 
4213 3847 4118 3844 
4214 2810 3420 3419 
4215 3399 4146 213 
4216 3218 4236 3733 
4217 3390 4125 2179 
4218 3049 3443 3026 
4219 2262 3636 2260 
4220 3412 3500 2197 
4221 3646 4385 4329 
4222 2813 3862 2984 
4223 3332 3658 3476 
4224 3408 3447 2151 
4225 3858 3861 2814 
4226 3427 4392 4360 
4227 4183 4300 2539 
4228 3843 3861 3845 
4229 3426 4392 3427 
4230 3295 4182 4145 
4231 3490 4373 2869 
4232 3985 4020 3838 
4233 3163 3904 3518 
4234 3476 3658 3067 
4235 3831 3837 4 
4236 3981 3982 3853 
4237 2598 4305 3708 
4238 3468 4363 3458 
4239 2205 3841 3840 
4240 3362 4201 3411 
4241 3470 3600 2482 
4242 3405 4309 4205 
4243 2175 3632 3456 
4244 2710 4041 3995 
4245 3068 4354 3434 
4246 207 3450 206 
4247 4192 4203 2582 
4248 4329 4385 2282 
4249 4305 4429 3708 
4250 3153 4268 3365 
4251 3406 4365 3523 
4252 3434 4428 3068 
4253 3058 3431 3301 
4254 3693 4076 3695 
4255 3388 4425 2143 
4256 3036 4269 3751 
4257 3559 4405 3560 
4258 3000 4237 3504 
4259 2145 4443 3406 
4260 3392 4126 2180 
4261 3619 4370 3318 
4262 4145 4260 3295 
4263 4301 4303 3323 
4264 3982 4312 3853 
4265 2547 4375 3950 
4266 4116 4117 3850 
4267 4060 4435 3329 
4268 2189 3463 3409 
4269 4041 4346 3835 
4270 3312 4389 3872 
4271 3329 4270 4060 
4272 3783 4460 3377 
4273 4043 4300 3952 
4274 3403 4249 2569 
4275 3504 4380 3000 
4276 3716 4219 3892 
4277 2563 4411 3905 
4278 3543 3547 3540 
4279 3330 4088 3241 
4280 3854 4116 3850 
4281 4003 4394 3834 
4282 3584 4293 3219 
4283 2151 3447 134 
4284 4175 4235 2292 
4285 3328 4401 3674 
4286 3845 3861 3858 
4287 3331 3435 3161 
4288 128 4310 4299 
4289 3540 3547 3544 
4290 3322 4378 4353 
4291 3340 3431 3058 
4292 2179 4418 3390 
4293 2206 4150 3908 
4294 3751 4268 3036 
4295 4294 4295 3610 
4296 3140 3620 3619 
4297 3203 4316 3716 
4298 2814 3860 3858 
4299 3470 4424 3600 
4300 3302 4240 3393 
4301 4102 4169 3689 
4302 3804 4186 4103 
4303 2151 3904 3408 
4304 3376 4164 3277 
4305 3441 3721 2652 
4306 3295 4260 3204 
4307 4024 4400 3391 
4308 3441 4368 3721 
4309 3026 3443 3072 
4310 3484 4340 3293 
4311 2172 3520 3519 
4312 3445 4091 3444 
4313 4353 4378 2414 
4314 3455 4230 3454 
4315 2503 3446 2488 
4316 4131 4288 3229 
4317 3393 4240 2224 
4318 2501 4213 3385 
4319 4103 4186 3936 
4320 2167 3450 207 
4321 3362 3411 3361 
4322 3163 3520 3114 
4323 2269 3636 2262 
4324 2153 4311 3643 
4325 2505 3446 2806 
4326 3341 4182 3599 
4327 3841 4118 3840 
4328 2814 3862 2813 
4329 3689 4169 3352 
4330 3764 4168 3496 
4331 3365 4314 3773 
4332 2144 4350 3382 
4333 4159 4228 3478 
4334 3490 4273 3255 
4335 3416 3418 3417 
4336 3518 3904 2151 
4337 3385 4304 2501 
4338 3427 4360 2403 
4339 3116 3520 3400 
4340 3456 4092 2175 
4341 3695 4321 2749 
4342 2404 4210 4195 
4343 3444 4091 2251 
4344 2149 4201 4147 
4345 2501 4424 3470 
4346 4117 4118 3847 
4347 3255 4361 3489 
4348 3592 4367 3438 
4349 3356 4203 4192 
4350 4164 4278 3277 
4351 3952 4300 4183 
4352 4304 4424 2501 
4353 3634 4318 3633 
4354 3644 4289 3643 
4355 205 3987 2204 
4356 2197 4014 3412 
4357 3403 4309 3405 
4358 3423 3424 3247 
4359 2166 4419 3394 
4360 2260 3636 2585 
4361 3049 3445 3444 
4362 3652 3904 3113 
4363 3687 4290 2403 
4364 4299 4310 3360 
4365 3409 4173 2189 
4366 3413 4217 2703 
4367 2403 4325 3427 
4368 134 3447 133 
4369 3382 4083 3383 
4370 2984 3862 3362 
4371 2197 4208 4014 
4372 4331 4352 3622 
4373 3665 4414 3304 
4374 3680 4134 2371 
4375 2749 4374 3695 
4376 3829 4002 3805 
4377 3827 4028 4019 
4378 3478 4228 2156 
4379 3304 4414 4086 
4380 2184 4207 3399 
4381 3754 4157 3755 
4382 4186 4257 3936 
4383 2224 4423 3393 
4384 3785 4451 3954 
4385 4076 4321 3695 
4386 4290 4325 2403 
4387 3543 3548 3547 
4388 3773 4399 3365 
4389 3467 4063 3468 
4390 3555 4295 4294 
4391 3953 4033 3582 
4392 3521 4308 4243 
4393 4135 4158 2425 
4394 3649 4008 2942 
4395 3633 4333 3634 
4396 3954 4272 3785 
4397 3858 3860 3859 
4398 3733 4137 3499 
4399 3436 3437 2806 
4400 3411 4427 2203 
4401 4130 4132 3200 
4402 2371 4241 3680 
4403 206 3450 2203 
4404 3496 4351 3764 
4405 3462 4386 3377 
4406 3330 4315 3752 
4407 4069 4435 3888 
4408 2388 4322 4280 
4409 3177 3433 3380 
4410 3783 4136 3469 
4411 3377 4460 3462 
4412 3367 4352 4331 
4413 2933 4286 4253 
4414 4014 4208 3290 
4415 3664 4405 3559 
4416 3987 4077 2204 
4417 3340 3439 3432 
4418 2202 4284 3926 
4419 3013 4292 3418 
4420 3256 4306 3257 
4421 3293 3433 3177 
4422 4071 4141 3268 
4423 3402 4233 3088 
4424 2685 4209 3988 
4425 3857 4116 3854 
4426 3421 4235 4175 
4427 3751 4269 3750 
4428 3936 4257 2561 
4429 3331 4223 3435 
4430 2162 4262 3410 
4431 3408 3904 3652 
4432 3855 3862 3861 
4433 3417 4175 2410 
4434 3411 4201 2149 
4435 3708 4429 3229 
4436 3855 3861 3843 
4437 3926 4413 2202 
4438 3431 4101 3301 
4439 207 3955 2168 
4440 2377 4069 3888 
4441 2806 3446 3436 
4442 2558 4222 3946 
4443 3856 4252 2747 
4444 3451 4231 3371 
4445 3391 4400 2188 
4446 3221 4322 4276 
4447 4029 4116 3857 
4448 3027 4182 3341 
4449 3445 4278 4091 
4450 2675 4312 3982 
4451 3861 3862 2814 
4452 3724 4226 2187 
4453 3797 3927 3864 
4454 3805 4002 3807 
4455 2205 3842 3841 
4456 3113 3904 3163 
4457 3430 4081 2171 
4458 3374 4033 3373 
4459 3608 4238 3609 
4460 4139 4162 2686 
4461 3898 3951 3947 
4462 2644 4254 4229 
4463 3268 4141 3151 
4464 3339 4008 3649 
4465 3947 3951 3948 
4466 3559 4387 3664 
4467 4195 4210 3233 
4468 2168 4093 3920 
4469 2511 3906 3900 
4470 3300 4368 3441 
4471 3694 3983 3927 
4472 3428 4031 2448 
4473 3389 3490 3489 
4474 3850 4117 3847 
4475 4135 4174 3357 
4476 3863 3864 2146 
4477 3582 4033 3046 
4478 2708 3903 2705 
4479 3776 4202 2154 
4480 3085 3696 3084 
4481 209 3920 2202 
4482 3927 3984 3694 
4483 2621 4133 4123 
4484 3690 3739 3692 
4485 4243 4308 3237 
4486 2734 3744 3089 
4487 3435 4163 3161 
4488 4248 4421 2190 
4489 2967 3923 2968 
4490 3382 4350 4083 
4491 2187 4454 3724 
4492 178 4417 3430 
4493 3418 3419 3417 
4494 2890 3919 3054 
4495 2595 3718 2341 
4496 2203 4427 205 
4497 3373 4033 3953 
4498 3424 3425 3247 
4499 2189 4173 3465 
4500 4058 4078 3569 
4501 3898 3952 3951 
4502 3864 4413 3797 
4503 3650 4199 4161 
4504 3329 4435 4069 
4505 3915 4272 3326 
4506 2195 4361 4262 
4507 2942 4008 3699 
4508 2365 4326 3414 
4509 3357 4174 3355 
4510 2657 3973 2710 
4511 2672 3967 3253 
4512 3356 4192 3899 
4513 3370 4369 3371 
4514 3848 4117 4116 
4515 211 3863 2146 
4516 3739 3983 3692 
4517 2458 4188 4148 
4518 3675 3953 2797 
4519 3422 4212 2856 
4520 3246 3787 2877 
4521 3543 3549 3548 
4522 3311 4227 4193 
4523 3927 3983 3864 
4524 3041 3535 3392 
4525 3990 4097 3252 
4526 3405 4205 3905 
4527 3404 4249 3403 
4528 3357 4158 4135 
4529 2192 4132 4130 
4530 2513 3906 2511 
4531 3627 4047 4036 
4532 3511 4225 2892 
4533 4097 4142 3960 
4534 2707 3895 2712 
4535 213 3739 3690 
4536 2529 3941 2737 
4537 3744 3989 3089 
4538 4046 4068 3581 
4539 2726 3744 2734 
4540 3662 3972 3087 
4541 3632 4457 3456 
4542 3437 3464 2806 
4543 197 3449 2174 
4544 3766 4001 3780 
4545 3961 3997 3259 
4546 2968 3923 2971 
4547 3159 4092 3456 
4548 2248 3723 2251 
4549 198 3449 197 
4550 3167 4194 3378 
4551 2341 3718 2343 
4552 2941 3868 3242 
4553 3943 4059 2889 
4554 2766 3675 2797 
4555 3712 3883 3711 
4556 2208 2209 2186 
4557 3791 4442 3984 
4558 3939 3990 3252 
4559 3842 3843 3841 
4560 2793 3788 3753 
4561 3235 4407 3710 
4562 2967 4045 3923 
4563 2173 3468 3457 
4564 3765 3958 2761 
4565 216 3677 2153 
4566 3001 3734 3166 
4567 4280 4322 3316 
4568 4197 4215 4143 
4569 3449 3886 2174 
4570 3561 4211 2596 
4571 199 2208 2186 
4572 2185 3451 115 
4573 2884 4054 3933 
4574 2960 3535 3041 
4575 2293 3648 3568 
4576 2673 3967 2672 
4577 2877 3787 2514 
4578 3011 3578 3288 
4579 2655 3973 2657 
4580 141 3481 2145 
4581 2751 3563 2627 
4582 3769 4005 2862 
4583 2162 3486 3485 
4584 3419 3421 3417 
4585 2712 3895 3894 
4586 164 3494 2198 
4587 165 3494 164 
4588 2598 3707 2241 
4589 2480 3528 2584 
4590 2903 3513 2933 
4591 2791 3788 2793 
4592 3633 4318 2178 
4593 2188 4395 3391 
4594 3128 3640 2838 
4595 218 3643 3623 
4596 2705 3903 2702 
4597 4222 4426 3946 
4598 2854 3769 2862 
4599 3630 4027 3938 
4600 4253 4286 3761 
4601 3967 4059 3253 
4602 2342 3869 2653 
4603 2521 3893 2530 
4604 3150 4056 3317 
4605 3676 4030 2821 
4606 3107 4005 3769 
4607 4079 4105 2463 
4608 2600 3712 3711 
4609 2173 3457 117 
4610 3549 3550 3548 
4611 3087 3972 3215 
4612 2716 3988 3860 
4613 3457 3468 3458 
4614 2706 3895 2707 
4615 2494 3662 3087 
4616 3865 4025 3376 
4617 2862 3877 2858 
4618 3603 3604 2974 
4619 3491 3492 2142 
4620 4090 4403 3565 
4621 2629 3562 2631 
4622 2832 3531 2830 
4623 170 3483 2163 
4624 2162 3485 144 
4625 2246 3723 2248 
4626 3182 3777 2789 
4627 3766 3780 2871 
4628 3130 3786 3745 
4629 2466 3622 2477 
4630 2360 3782 2359 
4631 3583 3737 2586 
4632 2937 3881 2775 
4633 3894 4032 2728 
4634 3494 3495 2198 
4635 4184 4451 4190 
4636 2209 2210 2186 
4637 2186 3449 198 
4638 2190 3462 3461 
4639 2848 3734 3001 
4640 221 3608 2159 
4641 2290 3648 2293 
4642 3900 3906 3239 
4643 3446 3738 3436 
4644 2383 3736 2385 
4645 2430 3667 2449 
4646 2165 3469 120 
4647 3315 3768 3063 
4648 3143 3953 3675 
4649 2790 3868 2941 
4650 2638 3765 2761 
4651 3140 4170 3620 
4652 2508 3683 2876 
4653 3369 4421 4248 
4654 2504 3713 2394 
4655 2464 3622 2466 
4656 2818 3517 2640 
4657 2143 3488 148 
4658 166 3491 2142 
4659 3663 3925 3664 
4660 2776 3698 3096 
4661 3008 3629 3230 
4662 201 2206 200 
4663 114 2207 113 
4664 2209 3220 2211 
4665 2905 3513 2903 
4666 2992 3591 2802 
4667 3868 4015 3242 
4668 3452 3453 2955 
4669 3509 4225 3511 
4670 2473 3528 2480 
4671 3588 3932 3587 
4672 2954 3464 3159 
4673 2254 3882 2253 
4674 2630 3770 2644 
4675 2954 3159 3045 
4676 2974 3604 2975 
4677 3220 3452 2211 
4678 3842 3855 3843 
4679 2209 2211 2210 
4680 3453 3455 3454 
4681 192 3463 2189 
4682 2190 3461 122 
4683 2241 3707 2242 
4684 3731 4357 3190 
4685 3621 3622 2464 
4686 199 2186 198 
4687 116 2185 115 
4688 3843 3844 3841 
4689 2197 3500 150 
4690 2213 2955 2215 
4691 3159 3456 3045 
4692 3938 4027 3128 
4693 2492 3567 2429 
4694 2396 3732 2398 
4695 3477 3478 2156 
4696 3467 3468 2173 
4697 3466 3467 2173 
4698 2155 3476 3475 
4699 3493 3495 3494 
4700 2805 3464 2954 
4701 3045 3456 3370 
4702 3454 3459 2955 
4703 3453 3454 2955 
4704 3017 3706 3320 
4705 2806 3464 2805 
4706 118 3466 2173 
4707 223 3589 2179 
4708 2411 3755 2412 
4709 3452 3634 3453 
4710 3459 3757 2769 
4711 2626 3774 2637 
4712 2505 2806 2805 
4713 3262 4124 4119 
4714 3580 3938 2834 
4715 3587 3932 2439 
4716 2992 3778 3591 
4717 2270 3729 2596 
4718 2838 3640 2840 
4719 2956 3764 3763 
4720 3492 3493 2142 
4721 3149 3865 2917 
4722 136 3519 3518 
4723 3515 3516 181 
4724 3506 3507 2199 
4725 2213 3452 2955 
4726 3334 3390 3275 
4727 3630 3938 3580 
4728 2455 2503 2488 
4729 2372 3752 2377 
4730 2955 3459 2215 
4731 3732 3733 2398 
4732 2217 2769 2219 
4733 190 3465 2157 
4734 3234 3682 2316 
4735 2211 2213 2212 
4736 2404 3760 2302 
4737 3495 3496 2198 
4738 3020 3315 3063 
4739 3061 3337 3285 
4740 3549 3551 3550 
4741 3061 3285 3029 
4742 197 2174 196 
4743 118 2173 117 
4744 2155 3475 184 
4745 130 3477 2156 
4746 3041 3392 3269 
4747 2789 3777 2788 
4748 4129 4177 3719 
4749 2217 3459 2769 
4750 3686 4042 3230 
4751 2213 2215 2214 
4752 3728 4050 3727 
4753 3471 3472 2187 
4754 2631 3562 2753 
4755 2413 2448 2447 
4756 2501 3470 2223 
4757 2221 2501 2223 
4758 2922 3190 2924 
4759 3526 3527 3004 
4760 2200 3502 3501 
4761 2485 3613 2443 
4762 3454 3757 3459 
4763 3526 3609 3527 
4764 2928 3499 3498 
4765 2429 3567 2431 
4766 3397 3434 3396 
4767 2421 3204 2824 
4768 2249 3712 2600 
4769 3190 3191 2924 
4770 119 3466 118 
4771 3046 3245 2959 
4772 2882 3046 2959 
4773 2745 2928 2803 
4774 3573 3644 3572 
4775 2590 3601 2745 
4776 2397 2403 2402 
4777 2641 3487 2743 
4778 2225 2482 2227 
4779 3276 3334 3275 
4780 2787 2986 2809 
4781 2215 2217 2216 
4782 3112 3627 3111 
4783 2421 2824 2233 
4784 2817 3075 3074 
4785 3045 3370 3171 
4786 2935 3572 2794 
4787 3016 3219 3218 
4788 2390 3687 2397 
4789 3075 3297 3074 
4790 2928 3498 2803 
4791 2993 3192 2992 
4792 194 2166 193 
4793 121 2165 120 
4794 3270 3438 3437 
4795 2490 2787 2499 
4796 2794 2944 2792 
4797 2817 3074 2756 
4798 2935 3573 3572 
4799 2743 3311 2818 
4800 3289 3646 3075 
4801 3395 3396 3056 
4802 3302 3393 3289 
4803 3086 3157 2986 
4804 3078 3080 3079 
4805 3495 4351 3496 
4806 2586 3078 3077 
4807 3479 3480 3192 
4808 2231 2421 2233 
4809 3041 3269 3060 
4810 3663 3664 2646 
4811 2986 3016 2809 
4812 3507 3509 3508 
4813 4018 4019 2715 
4814 2480 2584 2483 
4815 3552 3561 3550 
4816 158 3512 2152 
4817 3540 3544 3539 
4818 2743 2818 2640 
4819 3538 3539 3537 
4820 2209 3908 3220 
4821 2505 2805 2758 
4822 3063 3312 3064 
4823 2229 3598 2231 
4824 3157 3584 2986 
4825 2470 2586 2472 
4826 3507 3508 2199 
4827 3089 3141 3090 
4828 2787 2809 2499 
4829 3082 3330 3241 
4830 2211 2212 2210 
4831 3820 3824 3822 
4832 3810 3833 3811 
4833 2384 2388 2387 
4834 3141 3142 3090 
4835 3824 3831 3825 
4836 160 3506 2199 
4837 3081 3083 3080 
4838 3538 3540 3539 
4839 2380 2592 2382 
4840 123 2190 122 
4841 192 2189 191 
4842 2488 2505 2498 
4843 3824 3837 3831 
4844 3084 3329 3083 
4845 159 3512 158 
4846 3503 3504 3502 
4847 3963 3964 2888 
4848 3556 3557 3554 
4849 3390 3514 3275 
4850 3073 3701 2611 
4851 3014 3172 3015 
4852 3164 3263 3129 
4853 2466 2477 2468 
4854 3551 3552 3550 
4855 2753 3538 3537 
4856 3089 3090 2765 
4857 3141 3776 3142 
4858 3076 3289 3075 
4859 3080 3082 3079 
4860 2460 2497 2462 
4861 2734 3089 2765 
4862 3556 3558 3557 
4863 2614 3663 2646 
4864 3142 3375 3372 
4865 3078 3079 3077 
4866 3802 3957 3956 
4867 2710 3995 2659 
4868 2757 2817 2756 
4869 2657 2710 2659 
4870 3030 3061 3029 
4871 3083 3638 3080 
4872 3167 3286 3059 
4873 2528 2535 2527 
4874 2294 2598 2241 
4875 3378 3415 3286 
4876 3147 3533 3532 
4877 2586 3077 2472 
4878 2457 3618 2460 
4879 3286 3322 3059 
4880 2452 3440 2456 
4881 3274 3275 3062 
4882 2535 2888 2655 
4883 2899 3014 2898 
4884 3069 3296 3070 
4885 2830 3531 2912 
4886 3005 3526 3004 
4887 2830 2912 2831 
4888 2373 2378 2376 
4889 2213 2214 2212 
4890 3797 3926 3795 
4891 3574 3576 3575 
4892 227 3595 228 
4893 3813 4020 3815 
4894 2445 2496 2452 
4895 3011 3288 3189 
4896 3111 3684 2828 
4897 2912 3168 2913 
4898 2486 2830 2829 
4899 2211 3452 2213 
4900 3117 3129 3115 
4901 2335 2393 2337 
4902 3807 3810 3809 
4903 2991 2992 2802 
4904 2954 3045 3019 
4905 2663 2715 2665 
4906 2728 2911 2808 
4907 2745 3601 2928 
4908 2980 3144 2982 
4909 2978 3581 2980 
4910 2191 3515 182 
4911 2355 3662 2494 
4912 2753 3537 3536 
4913 3833 4022 3811 
4914 2573 2764 2570 
4915 2200 3503 3502 
4916 2641 2743 2640 
4917 188 3471 2187 
4918 2188 3473 126 
4919 2339 2595 2341 
4920 2217 2219 2218 
4921 2805 2954 2816 
4922 2522 3939 3252 
4923 125 2158 124 
4924 190 2157 189 
4925 2333 3772 2335 
4926 2882 2959 2883 
4927 3110 3283 3146 
4928 2719 2728 2725 
4929 2237 3614 2239 
4930 188 2187 187 
4931 127 2188 126 
4932 2219 2221 2220 
4933 2229 3599 3598 
4934 2441 2485 2443 
4935 130 2156 129 
4936 185 2155 184 
4937 2367 2593 2370 
4938 2911 3173 2997 
4939 2931 3162 2948 
4940 2526 2528 2527 
4941 3103 3703 3223 
4942 2299 2833 2301 
4943 2712 3894 2719 
4944 2349 2652 2351 
4945 3803 3829 3805 
4946 2296 3568 2299 
4947 3790 3791 2572 
4948 2239 2294 2241 
4949 3172 3271 3015 
4950 2988 3059 2905 
4951 2566 2572 2564 
4952 3195 3198 3197 
4953 2357 3873 2358 
4954 3014 3015 2898 
4955 3161 3943 2891 
4956 2515 2517 2516 
4957 2309 2312 2311 
4958 3138 3766 2939 
4959 2897 2898 2895 
4960 3507 3510 3509 
4961 2911 2997 2808 
4962 2285 3580 2289 
4963 2368 3716 3715 
4964 2433 2486 2435 
4965 3020 3063 3033 
4966 2971 3069 2973 
4967 3802 3956 3803 
4968 3169 3321 3168 
4969 2679 3981 2681 
4970 2517 2518 2516 
4971 3793 3797 3795 
4972 2951 3147 2953 
4973 2289 2834 2291 
4974 2912 2913 2831 
4975 2303 2409 2305 
4976 3283 3284 3146 
4977 2903 2933 2901 
4978 2421 3295 3204 
4979 2875 3137 2910 
4980 3162 3942 2948 
4981 2312 2314 2313 
4982 2305 3617 2307 
4983 2427 2492 2429 
4984 3173 3310 2997 
4985 2728 2808 2725 
4986 2307 3616 2309 
4987 2893 2894 2823 
4988 2787 3086 2986 
4989 3108 3229 3228 
4990 2830 2831 2829 
4991 3473 3474 2158 
4992 2343 2368 2345 
4993 3358 3399 3175 
4994 2358 2361 2360 
4995 2354 2357 2356 
4996 2894 3676 2823 
4997 2834 2836 2835 
4998 2640 3517 2619 
4999 2667 2747 2669 
5000 3193 3287 3156 
5001 183 2191 182 
5002 132 2192 131 
5003 3791 3793 3792 
5004 3509 3511 3508 
5005 3810 3811 3809 
5006 2535 2655 2654 
5007 2559 2568 2556 
5008 2676 3982 2679 
5009 3527 3656 3004 
5010 2320 2346 2321 
5011 3278 3280 3123 
5012 2314 2316 2315 
5013 2879 2880 2752 
5014 2663 4018 2715 
5015 2362 2365 2364 
5016 2836 2838 2837 
5017 3815 3818 3817 
5018 2486 2829 2435 
5019 2215 2216 2214 
5020 2538 3976 2536 
5021 2312 2313 2311 
5022 2752 3921 2782 
5023 3793 3795 3794 
5024 2329 2347 2331 
5025 2614 2646 2616 
5026 2755 2756 2643 
5027 2631 2753 2635 
5028 2838 2840 2839 
5029 2455 2488 2487 
5030 2526 2527 2524 
5031 2625 2751 2627 
5032 2323 3741 2325 
5033 3108 3228 2651 
5034 3296 3413 3070 
5035 2620 2744 2622 
5036 2779 2810 2781 
5037 2325 2594 2327 
5038 2522 3252 2520 
5039 3119 3661 2865 
5040 2650 2778 2777 
5041 3135 3261 3133 
5042 2840 2843 2842 
5043 2716 2722 2717 
5044 2908 3954 2966 
5045 2685 3988 2688 
5046 2944 3756 2792 
5047 2566 3790 2572 
5048 2960 3041 3040 
5049 2704 2723 2706 
5050 2317 2320 2319 
5051 2536 2544 2533 
5052 2795 2935 2794 
5053 2493 3234 2316 
5054 3142 3372 3143 
5055 3133 4010 3131 
5056 2785 3013 2873 
5057 3069 3070 2973 
5058 3078 3081 3080 
5059 2519 2520 2517 
5060 2365 3674 3673 
5061 2834 2835 2291 
5062 2655 2657 2656 
5063 3117 3164 3129 
5064 2851 2853 2852 
5065 3403 3405 3071 
5066 3324 3325 3185 
5067 3350 3356 3348 
5068 3542 3543 3540 
5069 3236 3647 2825 
5070 2506 2507 2346 
5071 2357 2358 2356 
5072 2538 3977 3976 
5073 2884 3933 2731 
5074 3184 3185 2908 
5075 2316 2317 2315 
5076 2633 2640 2619 
5077 2613 3073 2611 
5078 2681 2718 2683 
5079 3081 3084 3083 
5080 2984 3361 2996 
5081 3025 3905 3305 
5082 2881 2908 2880 
5083 2361 2362 2360 
5084 3795 3828 3796 
5085 2722 2813 2724 
5086 2855 3423 3386 
5087 3818 3820 3819 
5088 2477 3583 2468 
5089 3962 3963 2888 
5090 3008 3230 3152 
5091 2223 2225 2224 
5092 2860 3947 3034 
5093 2723 2752 2727 
5094 2930 3156 2886 
5095 2697 3991 2701 
5096 2844 2845 2843 
5097 2515 2516 2513 
5098 2681 2683 2682 
5099 2314 2315 2313 
5100 2926 3170 3106 
5101 2592 3596 2382 
5102 135 2151 134 
5103 180 2150 179 
5104 2553 3935 2551 
5105 2722 2724 2717 
5106 2836 2837 2835 
5107 3069 3379 3296 
5108 3824 3825 3822 
5109 2846 2847 2845 
5110 2346 3866 2321 
5111 2245 3108 2651 
5112 2688 2716 2690 
5113 2221 2223 2222 
5114 2320 2321 2319 
5115 3174 3175 3173 
5116 2848 2849 2847 
5117 2508 2509 2507 
5118 2234 2237 2236 
5119 3559 3560 3558 
5120 2225 2227 2226 
5121 3014 3233 3172 
5122 2840 2842 2839 
5123 2838 2839 2837 
5124 3947 3948 3034 
5125 2368 3715 2345 
5126 2510 2511 2509 
5127 2813 2984 2815 
5128 2793 2794 2792 
5129 2511 3900 2509 
5130 3170 3314 3106 
5131 3028 3029 3005 
5132 2716 2717 2690 
5133 2797 3582 2798 
5134 177 2171 176 
5135 138 2172 137 
5136 2843 2855 2842 
5137 2850 2851 2849 
5138 2551 2561 2548 
5139 2671 2675 2673 
5140 2922 2924 2923 
5141 2853 2926 2852 
5142 3135 3262 3261 
5143 2529 2531 2528 
5144 2854 2857 2853 
5145 3553 3554 3552 
5146 2512 2513 2511 
5147 2683 2685 2684 
5148 2745 2803 2746 
5149 2509 2555 2507 
5150 3025 3305 3023 
5151 3619 3620 2497 
5152 2742 3930 2763 
5153 3555 3556 3554 
5154 2657 2659 2658 
5155 3957 4335 3956 
5156 2847 2859 2845 
5157 2514 2515 2513 
5158 2747 4234 3857 
5159 3864 3983 2146 
5160 2694 3259 2696 
5161 2897 2899 2898 
5162 2984 2996 2815 
5163 2521 2522 2520 
5164 3176 3358 3175 
5165 2378 3606 2376 
5166 3576 3577 3575 
5167 2813 2815 2724 
5168 2860 3034 2857 
5169 2851 2852 2849 
5170 2893 2895 2894 
5171 3016 3218 3217 
5172 174 2144 173 
5173 141 2145 140 
5174 3167 3378 3286 
5175 2920 3202 3201 
5176 2329 3758 2347 
5177 2333 3773 3772 
5178 3361 3363 2996 
5179 2542 2560 2540 
5180 3325 3326 3185 
5181 2553 3937 3935 
5182 2752 2782 2727 
5183 2858 2860 2857 
5184 2803 2922 2804 
5185 2486 2832 2830 
5186 2763 2907 2812 
5187 2368 3717 3716 
5188 3378 3416 3415 
5189 2200 3501 155 
5190 2339 3749 2595 
5191 3557 3635 3554 
5192 2988 3167 3059 
5193 2879 2881 2880 
5194 2908 2966 2880 
5195 3383 3384 3381 
5196 3831 3840 3832 
5197 143 2194 142 
5198 172 2193 171 
5199 2920 3201 2918 
5200 2723 2727 2706 
5201 2231 2233 2232 
5202 2676 2679 2678 
5203 3003 3004 2936 
5204 2227 2229 2228 
5205 2590 2745 2591 
5206 2229 2231 2230 
5207 2237 2239 2238 
5208 2523 2524 2522 
5209 3076 3302 3289 
5210 2723 2879 2752 
5211 2406 2413 2411 
5212 3031 3340 3058 
5213 2413 2447 2420 
5214 2912 3169 3168 
5215 228 3595 2176 
5216 3169 3342 3321 
5217 2518 2931 2874 
5218 3198 3530 3197 
5219 3611 3884 3612 
5220 3053 3246 2877 
5221 2490 2499 2491 
5222 3082 3241 3240 
5223 2817 3076 3075 
5224 145 2162 144 
5225 170 2163 169 
5226 3072 3403 3071 
5227 2685 2688 2686 
5228 2265 2268 2267 
5229 2679 2681 2680 
5230 2248 2251 2250 
5231 3791 3792 2572 
5232 2659 2661 2660 
5233 3544 3545 3539 
5234 2303 3625 2409 
5235 3147 3532 2953 
5236 2881 3184 2908 
5237 2525 2526 2524 
5238 2499 3681 2500 
5239 2861 2914 2860 
5240 2245 2651 2246 
5241 168 2196 167 
5242 147 2195 146 
5243 3089 3989 3141 
5244 3184 3324 3185 
5245 3137 3569 2910 
5246 2320 2506 2346 
5247 2397 3687 2403 
5248 3228 3443 3336 
5249 3026 3071 3025 
5250 2271 2576 2273 
5251 2515 2519 2517 
5252 2462 2464 2463 
5253 2483 2490 2484 
5254 3259 4006 2696 
5255 2275 2278 2277 
5256 2365 3673 2364 
5257 2242 2245 2244 
5258 2544 3969 2533 
5259 2798 2882 2800 
5260 2445 2452 2446 
5261 2460 2462 2461 
5262 2289 2291 2290 
5263 2261 2583 2263 
5264 2314 2493 2316 
5265 2931 2948 2932 
5266 2532 2533 2531 
5267 2239 2241 2240 
5268 154 2161 153 
5269 151 2197 150 
5270 160 2199 159 
5271 164 2198 163 
5272 156 2200 155 
5273 158 2152 157 
5274 149 2143 148 
5275 162 2164 161 
5276 166 2142 165 
5277 2931 3960 3162 
5278 2470 2472 2471 
5279 3395 3397 3396 
5280 2777 3698 2776 
5281 3799 3802 3801 
5282 2349 2351 2350 
5283 2464 2466 2465 
5284 2836 3128 2838 
5285 2734 2765 2735 
5286 2506 2508 2507 
5287 2452 2456 2453 
5288 2567 2570 2566 
5289 2844 2846 2845 
5290 3201 4043 3897 
5291 2688 2690 2689 
5292 2925 3020 2964 
5293 2443 2445 2444 
5294 2508 2510 2509 
5295 2840 2844 2843 
5296 2480 2483 2481 
5297 2285 2289 2288 
5298 3793 3794 3792 
5299 2402 2406 2405 
5300 2930 3193 3156 
5301 2345 2349 2348 
5302 3537 3541 3536 
5303 2846 2848 2847 
5304 2299 2301 2300 
5305 2466 2468 2467 
5306 2301 2303 2302 
5307 2984 3362 3361 
5308 2919 2920 2918 
5309 2911 3174 3173 
5310 2848 2850 2849 
5311 2913 3110 3109 
5312 2719 2725 2720 
5313 3110 3146 3145 
5314 2510 2512 2511 
5315 2574 2749 2573 
5316 2855 3722 3423 
5317 2341 2343 2342 
5318 2993 3479 3192 
5319 2549 2551 2548 
5320 2468 2470 2469 
5321 2948 2967 2949 
5322 2303 2305 2304 
5323 2252 2255 2254 
5324 2962 3161 2891 
5325 2982 3011 2983 
5326 2339 2341 2340 
5327 3948 3950 3949 
5328 2535 2654 2527 
5329 2646 3610 2616 
5330 2744 3605 2622 
5331 2753 3536 2635 
5332 2722 2814 2813 
5333 3275 3514 3062 
5334 2441 2443 2442 
5335 2980 2982 2981 
5336 3024 3025 3023 
5337 2439 2441 2440 
5338 2305 2307 2306 
5339 2351 2354 2353 
5340 2554 2556 2553 
5341 2512 2514 2513 
5342 2552 2553 2551 
5343 2337 2339 2338 
5344 3176 3359 3358 
5345 2256 2259 2258 
5346 2215 3459 2217 
5347 2296 2299 2298 
5348 2534 2536 2533 
5349 3011 3189 3012 
5350 2683 2684 2682 
5351 2519 2521 2520 
5352 2335 2337 2336 
5353 2978 2980 2979 
5354 2851 2854 2853 
5355 2307 2309 2308 
5356 2565 2566 2564 
5357 2343 2345 2344 
5358 2661 2663 2662 
5359 2390 2397 2396 
5360 3805 3807 3806 
5361 2778 2779 2777 
5362 3679 3680 3283 
5363 2333 2335 2334 
5364 2571 2573 2570 
5365 2309 2311 2310 
5366 2217 2218 2216 
5367 2557 2559 2556 
5368 2712 2719 2713 
5369 2991 2993 2992 
5370 2526 2529 2528 
5371 2854 2858 2857 
5372 2429 2431 2430 
5373 2694 2696 2695 
5374 2694 3961 3259 
5375 2433 2435 2434 
5376 2926 3106 3105 
5377 2427 2429 2428 
5378 2546 2548 2545 
5379 2431 2433 2432 
5380 2803 3498 2922 
5381 2231 3598 2421 
5382 2317 2319 2318 
5383 2855 3386 2856 
5384 2917 2918 2915 
5385 2766 2797 2768 
5386 3174 3176 3175 
5387 2675 2676 2673 
5388 2537 2538 2536 
5389 2521 2523 2522 
5390 2387 2390 2389 
5391 2354 2356 2355 
5392 3820 3822 3821 
5393 2633 2641 2640 
5394 3795 3796 3794 
5395 2425 2427 2426 
5396 2321 2323 2322 
5397 3810 3839 3833 
5398 3053 3247 3246 
5399 2685 2686 2684 
5400 2382 2384 2383 
5401 2681 2682 2680 
5402 2562 2564 2559 
5403 2447 2455 2451 
5404 2655 2656 2654 
5405 2971 2973 2972 
5406 2331 2333 2332 
5407 3075 3646 3297 
5408 3828 3979 3796 
5409 3022 3023 2921 
5410 3831 3832 3825 
5411 2755 2757 2756 
5412 2323 2325 2324 
5413 2858 2861 2860 
5414 3212 3746 3308 
5415 2373 2376 2375 
5416 2397 2402 2399 
5417 2457 2460 2459 
5418 2358 2360 2359 
5419 2473 2480 2479 
5420 2380 2382 2381 
5421 3803 3805 3804 
5422 2237 2238 2236 
5423 2704 2706 2705 
5424 2523 2525 2524 
5425 2325 2327 2326 
5426 2241 2242 2240 
5427 3807 3809 3808 
5428 2239 2240 2238 
5429 2436 2439 2438 
5430 3802 3803 3801 
5431 3538 3542 3540 
5432 2535 3962 2888 
5433 2142 3494 165 
5434 2245 2246 2244 
5435 3269 3270 3060 
5436 2975 2978 2977 
5437 2219 2220 2218 
5438 2500 2590 2589 
5439 3511 3571 3570 
5440 2867 2974 2870 
5441 2663 2665 2664 
5442 2370 2373 2372 
5443 2408 2418 2416 
5444 2327 2329 2328 
5445 3811 3813 3812 
5446 2726 2734 2733 
5447 2539 2540 2538 
5448 2384 2387 2386 
5449 2460 3618 2497 
5450 2233 2234 2232 
5451 3252 3916 2520 
5452 2543 2545 2542 
5453 2529 2532 2531 
5454 2225 2226 2224 
5455 2251 2252 2250 
5456 3305 3876 3023 
5457 2419 2425 2424 
5458 3574 3575 2944 
5459 3134 3135 3133 
5460 2645 3720 2603 
5461 2861 2915 2914 
5462 2791 2792 2750 
5463 2376 2380 2379 
5464 2223 3470 2225 
5465 2329 2331 2330 
5466 3922 3940 2879 
5467 2362 2364 2363 
5468 2933 3524 2901 
5469 2364 2367 2366 
5470 2391 3748 2395 
5471 3142 3143 3090 
5472 3228 3336 2651 
5473 2968 2971 2970 
5474 2395 2580 2401 
5475 3272 3327 3258 
5476 2688 2689 2686 
5477 2657 2658 2656 
5478 2221 2222 2220 
5479 2231 2232 2230 
5480 3556 3559 3558 
5481 2227 2228 2226 
5482 2679 2680 2678 
5483 3818 3819 3817 
5484 3139 3148 3138 
5485 2255 2256 2254 
5486 2691 2694 2693 
5487 3132 3133 3131 
5488 3087 3215 3181 
5489 2518 2874 2516 
5490 2152 3505 157 
5491 2947 3155 3154 
5492 3072 3404 3403 
5493 3118 3521 3117 
5494 2701 2704 2702 
5495 2643 3487 2641 
5496 2707 2712 2709 
5497 2229 2230 2228 
5498 2541 2542 2540 
5499 2367 2370 2369 
5500 3201 3897 2918 
5501 3116 3117 3115 
5502 3026 3072 3071 
5503 2223 2224 2222 
5504 3551 3553 3552 
5505 3103 3223 3222 
5506 2919 2921 2920 
5507 2690 2691 2689 
5508 2532 2534 2533 
5509 2980 3581 3144 
5510 3030 3062 3061 
5511 3099 4009 3896 
5512 2986 3584 3016 
5513 3257 3258 3136 
5514 2199 3512 159 
5515 2665 2667 2666 
5516 2917 2919 2918 
5517 3372 3373 3143 
5518 3948 3949 3034 
5519 3094 3299 3298 
5520 2959 2960 2883 
5521 3038 3138 2939 
5522 3024 3026 3025 
5523 2941 3242 3216 
5524 3178 3958 3765 
5525 2667 2669 2668 
5526 2809 3681 2499 
5527 2268 3670 2267 
5528 3114 3115 3112 
5529 2946 3111 2828 
5530 3034 3870 2857 
5531 3124 3278 3123 
5532 2550 3786 3130 
5533 2962 3331 3161 
5534 2896 2897 2895 
5535 3104 3131 3101 
5536 2534 2537 2536 
5537 3553 3555 3554 
5538 3191 3460 2924 
5539 3022 3024 3023 
5540 2583 3688 2263 
5541 2659 2660 2658 
5542 2900 2901 2899 
5543 2885 2886 2884 
5544 2576 3653 2273 
5545 2892 2893 2823 
5546 2926 3105 2852 
5547 3349 3350 3348 
5548 2555 3719 2507 
5549 2931 2932 2874 
5550 2494 3087 2789 
5551 3314 3879 3106 
5552 3347 3348 3346 
5553 3351 3352 3350 
5554 2855 2856 2842 
5555 2697 2701 2700 
5556 2822 2823 2821 
5557 3082 3240 3079 
5558 3843 3845 3844 
5559 2913 3109 2831 
5560 3343 3344 3342 
5561 2831 3588 2829 
5562 2852 3742 2849 
5563 3813 3815 3814 
5564 2765 2766 2735 
5565 2496 3440 2452 
5566 3016 3217 2809 
5567 3345 3346 3344 
5568 2259 3710 2258 
5569 2278 3630 2277 
5570 2815 3010 2724 
5571 2415 3668 3224 
5572 2839 2841 2837 
5573 2462 3621 2464 
5574 2902 2903 2901 
5575 2829 3587 2435 
5576 3124 3639 3281 
5577 3001 3107 2850 
5578 2887 2930 2886 
5579 2835 3088 2291 
5580 2820 2821 2819 
5581 2289 2290 2288 
5582 3003 3005 3004 
5583 2837 3645 2835 
5584 3041 3060 3040 
5585 2317 2318 2315 
5586 2446 4122 4096 
5587 2782 3238 2727 
5588 2725 2726 2720 
5589 3165 3260 3107 
5590 3822 4028 3827 
5591 3106 3160 3105 
5592 3122 3123 3120 
5593 2775 2884 2731 
5594 2904 2905 2903 
5595 2868 3119 2865 
5596 2948 2949 2932 
5597 2321 2322 2319 
5598 2301 2302 2300 
5599 3282 3303 3279 
5600 162 3497 2164 
5601 3146 3248 3145 
5602 3274 3276 3275 
5603 2537 2539 2538 
5604 2299 2300 2298 
5605 2303 2304 2302 
5606 2315 3641 2313 
5607 2906 2988 2905 
5608 2313 3585 2311 
5609 2305 2306 2304 
5610 2550 2877 2514 
5611 2967 2968 2949 
5612 3231 3232 2417 
5613 2661 2662 2660 
5614 2549 2552 2551 
5615 2307 2308 2306 
5616 3110 3145 3109 
5617 2157 3471 189 
5618 125 3473 2158 
5619 2445 2446 2444 
5620 3254 3267 3193 
5621 2694 2695 2693 
5622 3110 3679 3283 
5623 2882 2883 2800 
5624 3052 3053 2877 
5625 2309 2310 2308 
5626 2793 2795 2794 
5627 2723 3922 2879 
5628 3276 3335 3334 
5629 2546 2549 2548 
5630 2452 2453 2446 
5631 3805 3806 3804 
5632 2772 2819 2579 
5633 2441 2442 2440 
5634 3135 3775 3262 
5635 2794 3572 2944 
5636 2311 2391 2310 
5637 2248 2250 2249 
5638 2671 2673 2672 
5639 2462 2463 2461 
5640 3197 3206 3205 
5641 2443 2444 2442 
5642 2881 3186 3184 
5643 2429 2430 2428 
5644 2456 2457 2453 
5645 3820 3821 3819 
5646 2980 2981 2979 
5647 2982 2983 2981 
5648 2543 2546 2545 
5649 2431 2432 2430 
5650 2439 2440 2438 
5651 2435 2436 2434 
5652 3195 3197 3196 
5653 2200 3505 3503 
5654 2669 2671 2670 
5655 2539 2541 2540 
5656 2242 2244 2243 
5657 2433 2434 2432 
5658 3011 3012 2983 
5659 2795 2936 2935 
5660 2464 2465 2463 
5661 2427 2428 2426 
5662 2552 2554 2553 
5663 2565 2567 2566 
5664 2554 2557 2556 
5665 2299 3568 2833 
5666 2719 2720 2713 
5667 3043 3195 3194 
5668 3413 3435 3070 
5669 2953 3043 3042 
5670 2951 2953 2952 
5671 2323 2324 2322 
5672 3063 3064 3033 
5673 2916 2917 2915 
5674 2742 2763 2762 
5675 2974 2975 2870 
5676 2978 2979 2977 
5677 2337 2338 2336 
5678 2956 3763 2902 
5679 2418 2419 2416 
5680 2763 2812 2811 
5681 2910 2951 2950 
5682 2460 2461 2459 
5683 2472 2473 2471 
5684 3211 3422 3209 
5685 2333 2334 2332 
5686 2425 2426 2424 
5687 3309 3368 3213 
5688 2466 2467 2465 
5689 3618 3619 2497 
5690 156 3505 2200 
5691 2341 2342 2340 
5692 2246 2248 2247 
5693 2706 2707 2705 
5694 2335 2336 2334 
5695 2325 2326 2324 
5696 3080 3638 3082 
5697 2580 3626 2401 
5698 2349 2350 2348 
5699 2973 3032 2972 
5700 3511 3570 3508 
5701 2339 2340 2338 
5702 2971 2972 2970 
5703 2875 2910 2909 
5704 2454 3907 3602 
5705 3134 3136 3135 
5706 3807 3808 3806 
5707 2541 2543 2542 
5708 2567 2571 2570 
5709 2468 2469 2467 
5710 2676 2678 2677 
5711 3028 3030 3029 
5712 2557 2562 2559 
5713 2620 2622 2621 
5714 2622 2625 2623 
5715 2663 2664 2662 
5716 2629 2631 2630 
5717 2343 2344 2342 
5718 2358 2359 2356 
5719 2327 2328 2326 
5720 2627 2629 2628 
5721 2625 2627 2626 
5722 2797 2798 2768 
5723 2812 3031 2987 
5724 3811 3812 3809 
5725 157 3505 156 
5726 2631 2635 2634 
5727 2470 2471 2469 
5728 2696 2697 2695 
5729 2616 2620 2617 
5730 2779 2781 2780 
5731 2574 2750 2749 
5732 182 3515 181 
5733 2351 2353 2350 
5734 2635 2639 2638 
5735 2490 2491 2484 
5736 3815 3817 3816 
5737 2614 2616 2615 
5738 2252 2254 2253 
5739 2329 2330 2328 
5740 3021 3022 2921 
5741 2639 2650 2649 
5742 2844 2985 2846 
5743 3132 3134 3133 
5744 2345 2348 2344 
5745 3312 3313 3064 
5746 3272 3328 3327 
5747 2848 3001 2850 
5748 2650 2777 2776 
5749 2712 2713 2709 
5750 3257 3272 3258 
5751 3792 3924 2572 
5752 3223 3251 3222 
5753 2499 2500 2491 
5754 2258 2261 2260 
5755 3031 3058 3057 
5756 2261 2263 2262 
5757 2562 2565 2564 
5758 2791 2793 2792 
5759 3097 3726 2599 
5760 2362 2363 2360 
5761 2234 2236 2235 
5762 2745 2746 2591 
5763 3796 3799 3798 
5764 2781 2785 2784 
5765 2480 2481 2479 
5766 2785 2873 2872 
5767 2331 2332 2330 
5768 3242 3243 3216 
5769 2483 2484 2481 
5770 2508 2876 2510 
5771 2873 3306 2965 
5772 2256 2258 2257 
5773 2263 2265 2264 
5774 2734 2735 2733 
5775 2854 2862 2858 
5776 3104 3132 3131 
5777 2739 2742 2741 
5778 3058 3301 3300 
5779 2571 2574 2573 
5780 3008 3152 3151 
5781 2409 3617 2305 
5782 2648 2875 2796 
5783 2289 3580 2834 
5784 3809 4003 3808 
5785 2803 2804 2746 
5786 2512 2550 2514 
5787 2636 3611 2648 
5788 2354 2355 2353 
5789 2265 2267 2266 
5790 2678 3944 2698 
5791 2608 2614 2610 
5792 2704 2705 2702 
5793 3169 3343 3342 
5794 2665 2666 2664 
5795 2701 2702 2700 
5796 2309 3616 2312 
5797 3799 3801 3800 
5798 3155 3158 3154 
5799 2307 3617 3616 
5800 3794 4037 3792 
5801 2922 2923 2804 
5802 2267 2271 2270 
5803 2861 2916 2915 
5804 2667 2668 2666 
5805 2600 3711 2602 
5806 3020 3033 2964 
5807 2602 2878 2604 
5808 2698 3928 2739 
5809 3038 3139 3138 
5810 3001 3165 3107 
5811 2924 2925 2923 
5812 2642 2643 2641 
5813 2271 2273 2272 
5814 2893 2896 2895 
5815 3803 3804 3801 
5816 2468 3583 2470 
5817 2612 2613 2611 
5818 3116 3118 3117 
5819 2521 2530 2523 
5820 2611 3701 2607 
5821 2590 2591 2589 
5822 3081 3085 3084 
5823 2273 2275 2274 
5824 2930 3254 3193 
5825 2787 3482 3086 
5826 2922 3498 3190 
5827 2897 2900 2899 
5828 2775 2885 2884 
5829 2885 2887 2886 
5830 3004 3656 2936 
5831 2239 3614 2294 
5832 2946 3112 3111 
5833 3507 3779 3510 
5834 2823 3676 2821 
5835 2275 2277 2276 
5836 3347 3349 3348 
5837 2919 3021 2921 
5838 3349 3351 3350 
5839 3009 3236 2825 
5840 2608 3663 2614 
5841 3602 3907 3603 
5842 2801 2802 2757 
5843 3114 3116 3115 
5844 2890 2891 2889 
5845 2277 2281 2280 
5846 2283 3008 3007 
5847 3345 3347 3346 
5848 3124 3279 3278 
5849 2961 2962 2891 
5850 3087 3181 2789 
5851 2868 3120 3119 
5852 2281 2285 2284 
5853 2760 2889 2740 
5854 2550 3052 2877 
5855 2916 3149 2917 
5856 3122 3124 3123 
5857 3343 3345 3344 
5858 3796 3798 3794 
5859 2285 2288 2287 
5860 2632 2633 2619 
5861 3040 3738 3387 
5862 2618 2619 2613 
5863 3130 3745 3208 
5864 3208 3214 3210 
5865 3282 3323 3303 
5866 2529 2737 2532 
5867 3846 3847 3844 
5868 3212 3308 3307 
5869 2669 2670 2668 
5870 2822 2892 2823 
5871 206 2203 205 
5872 3813 3814 3812 
5873 3024 3049 3026 
5874 2826 3714 2478 
5875 2242 2243 2240 
5876 3117 3521 3164 
5877 3309 3402 3368 
5878 2534 2547 2537 
5879 3822 3827 3821 
5880 3299 3391 3298 
5881 2601 3097 2599 
5882 2684 2687 2682 
5883 2364 2366 2363 
5884 2820 2822 2821 
5885 2296 2298 2297 
5886 2373 2375 2372 
5887 2283 3629 3008 
5888 2293 2296 2295 
5889 2609 2611 2607 
5890 2772 2820 2819 
5891 2246 2247 2244 
5892 3021 3277 3022 
5893 2290 2293 2292 
5894 3380 3381 3178 
5895 2605 2645 2603 
5896 208 2167 207 
5897 2676 2677 2673 
5898 3382 3383 3381 
5899 3845 3858 3852 
5900 2252 2253 2250 
5901 2900 2902 2901 
5902 3029 3526 3005 
5903 2691 2693 2692 
5904 3338 3339 3095 
5905 2367 2369 2366 
5906 3508 3512 2199 
5907 202 2205 4 
5908 2726 2733 2732 
5909 3545 3564 3539 
5910 2902 2904 2903 
5911 3021 3376 3277 
5912 2382 2383 2381 
5913 2376 2379 2375 
5914 3177 3178 2940 
5915 3020 3460 3315 
5916 3799 3800 3798 
5917 2256 2257 2254 
5918 3692 3983 3694 
5919 2968 2970 2969 
5920 2957 3180 3051 
5921 2370 2372 2369 
5922 2828 3684 2826 
5923 2754 2755 2643 
5924 2382 3596 2384 
5925 2541 2558 2543 
5926 2763 2811 2762 
5927 2904 2906 2905 
5928 3750 4011 3749 
5929 2419 2424 2423 
5930 2436 2438 2437 
5931 2408 2416 2415 
5932 3256 3257 3136 
5933 2906 2989 2988 
5934 2916 3150 3149 
5935 3832 4117 3848 
5936 2671 2672 2670 
5937 2293 3568 2296 
5938 3062 3514 3061 
5939 204 2149 203 
5940 2812 2987 2811 
5941 2779 2780 2777 
5942 2975 2977 2976 
5943 2390 2396 2389 
5944 2691 2692 2689 
5945 2380 2381 2379 
5946 2401 2408 2407 
5947 3006 3266 3265 
5948 3150 3235 3149 
5949 3849 3850 3847 
5950 2730 2774 2773 
5951 2766 2768 2767 
5952 2867 2870 2869 
5953 2424 3651 2476 
5954 2391 2395 2394 
5955 2454 3602 2864 
5956 3031 3057 2987 
5957 2742 2762 2741 
5958 2384 2386 2383 
5959 2476 3637 2578 
5960 2578 2771 2770 
5961 2707 2709 2708 
5962 2864 2867 2866 
5963 2998 2999 2783 
5964 189 3471 188 
5965 126 3473 125 
5966 3012 3237 3127 
5967 3126 3389 3388 
5968 2395 2401 2400 
5969 2678 2698 2677 
5970 3815 3816 3814 
5971 2457 2459 2458 
5972 2227 3599 2229 
5973 3121 3126 3125 
5974 3032 3153 3037 
5975 3058 3300 3057 
5976 3150 3317 3235 
5977 2932 3239 2874 
5978 2281 3580 2285 
5979 3197 3205 3196 
5980 3001 3166 3165 
5981 2248 2249 2247 
5982 2406 2411 2405 
5983 3050 3066 2999 
5984 2549 2563 2552 
5985 3130 3207 3052 
5986 3055 3056 2993 
5987 2456 3618 2457 
5988 2658 2995 2656 
5989 2413 2420 2411 
5990 2426 3889 3651 
5991 2386 3736 2383 
5992 3195 3196 3194 
5993 3692 3694 3693 
5994 2387 2389 2386 
5995 3142 3776 3375 
5996 2990 2991 2802 
5997 3043 3194 3042 
5998 3153 3365 3364 
5999 2953 3042 2952 
6000 2951 2952 2950 
6001 3102 3104 3101 
6002 2550 3130 3052 
6003 2225 3470 2482 
6004 2234 2235 2232 
6005 210 2201 209 
6006 2622 2623 2621 
6007 3808 3834 3830 
6008 2726 2732 2720 
6009 2629 2630 2628 
6010 3208 3209 3207 
6011 2393 3751 3750 
6012 2625 2626 2623 
6013 2968 2969 2949 
6014 3280 3631 3123 
6015 3100 3103 3102 
6016 2631 2634 2630 
6017 2627 2628 2626 
6018 2397 2399 2396 
6019 2620 2621 2617 
6020 2941 3216 3183 
6021 3210 3211 3209 
6022 3103 3222 3221 
6023 2714 2729 2699 
6024 2635 2638 2634 
6025 2910 2950 2909 
6026 2639 2649 2638 
6027 2616 2617 2615 
6028 3006 3264 2969 
6029 2773 2775 2731 
6030 3541 3759 3536 
6031 2730 2731 2729 
6032 2636 3884 3611 
6033 2505 2758 2498 
6034 3134 3256 3136 
6035 2334 2597 2332 
6036 3212 3213 3211 
6037 3197 3530 3206 
6038 2650 2776 2649 
6039 2957 2958 2887 
6040 2781 2784 2780 
6041 2258 2260 2257 
6042 3307 3309 3213 
6043 2261 2262 2260 
6044 2760 2890 2889 
6045 3698 3699 3096 
6046 2865 3661 2863 
6047 2785 2872 2784 
6048 3035 3038 2939 
6049 3152 3268 3151 
6050 2201 3915 209 
6051 3572 3574 2944 
6052 2324 2582 2322 
6053 4 2711 202 
6054 2961 3036 2962 
6055 2873 2965 2872 
6056 3808 3830 3806 
6057 3104 3225 3132 
6058 2697 2700 2699 
6059 3832 3848 3825 
6060 2890 2961 2891 
6061 2488 2498 2487 
6062 3554 3635 3552 
6063 3101 4009 3099 
6064 2614 2615 2610 
6065 2790 2941 2927 
6066 2263 2264 2262 
6067 3394 3395 3056 
6068 3354 3355 3351 
6069 2430 2449 2428 
6070 2875 2909 2796 
6071 2436 2437 2434 
6072 2500 3681 2590 
6073 2308 3098 2306 
6074 2454 2863 2437 
6075 3130 3208 3207 
6076 2473 2479 2478 
6077 2733 3781 2736 
6078 2633 2642 2641 
6079 2798 3582 2882 
6080 2265 2266 2264 
6081 2766 2767 2735 
6082 2419 2423 2416 
6083 2707 2708 2705 
6084 2290 2292 2288 
6085 2330 2352 2328 
6086 3100 3101 3099 
6087 2864 2865 2863 
6088 2304 2404 2302 
6089 2938 2939 2871 
6090 2953 3532 3043 
6091 2402 2405 2399 
6092 2391 2394 2310 
6093 3121 3122 3120 
6094 3851 3854 3850 
6095 2444 2450 2442 
6096 3051 3431 2958 
6097 2885 2957 2887 
6098 3208 3210 3209 
6099 2267 2270 2266 
6100 2236 2283 2235 
6101 3032 3037 2972 
6102 2697 2699 2695 
6103 2798 2800 2799 
6104 3426 3427 3048 
6105 2866 2868 2865 
6106 2301 3625 2303 
6107 3008 3151 3007 
6108 2975 2976 2870 
6109 2790 2791 2750 
6110 2910 3569 2951 
6111 3180 3414 3051 
6112 2713 2721 2709 
6113 3244 3255 2976 
6114 2662 2748 2660 
6115 2271 2272 2270 
6116 3281 3282 3279 
6117 2400 2504 2394 
6118 3400 3401 3118 
6119 2960 3040 3039 
6120 2476 2577 2423 
6121 3388 3412 3125 
6122 3210 3212 3211 
6123 2335 3772 2393 
6124 2981 3179 2979 
6125 2736 3099 2732 
6126 2788 2871 2392 
6127 2376 3606 2380 
6128 3817 3826 3816 
6129 3349 3354 3351 
6130 2273 2274 2272 
6131 3212 3307 3213 
6132 2890 3054 2961 
6133 2557 2569 2562 
6134 3536 3759 2639 
6135 2355 2494 2392 
6136 3345 3353 3347 
6137 2938 3140 3035 
6138 2275 2276 2274 
6139 2415 2417 2407 
6140 2457 2458 2453 
6141 3406 3407 3127 
6142 3845 3846 3844 
6143 3113 3114 3112 
6144 3012 3127 2983 
6145 2338 2371 2336 
6146 3858 3859 3852 
6147 3181 3366 3182 
6148 2277 2280 2276 
6149 2970 3006 2969 
6150 2578 2579 2577 
6151 2461 2474 2459 
6152 3017 3320 3048 
6153 3224 3231 2417 
6154 3183 3199 2927 
6155 2827 2947 2945 
6156 2281 2284 2280 
6157 3057 3203 2987 
6158 3061 3514 3337 
6159 2342 2653 2340 
6160 2770 2772 2579 
6161 3017 3018 2799 
6162 2285 2287 2284 
6163 3057 3441 3203 
6164 2228 2282 2226 
6165 2868 3121 3120 
6166 2438 2454 2437 
6167 2494 2789 2788 
6168 2666 2674 2664 
6169 2424 2476 2423 
6170 2773 2937 2775 
6171 2947 3154 3047 
6172 2945 2946 2828 
6173 2693 3249 2692 
6174 3834 3836 3830 
6175 3528 3534 2584 
6176 2565 2786 2567 
6177 3006 3265 3264 
6178 2408 2415 2407 
6179 2811 2943 2762 
6180 2609 2612 2611 
6181 3124 3281 3279 
6182 2867 2869 2866 
6183 3270 3437 3436 
6184 2730 2773 2731 
6185 2296 2297 2295 
6186 2293 2295 2292 
6187 2298 2414 2297 
6188 2957 3051 2958 
6189 2698 2738 2677 
6190 3200 3408 3047 
6191 2939 3766 2871 
6192 2447 2451 2420 
6193 2467 2475 2465 
6194 2977 3244 2976 
6195 2401 2407 2400 
6196 3002 3003 2936 
6197 3153 3364 3037 
6198 2672 3253 2703 
6199 2395 2400 2394 
6200 2700 2714 2699 
6201 2827 2828 2826 
6202 2820 3000 2822 
6203 3067 4160 3476 
6204 2698 2739 2738 
6205 2348 2374 2344 
6206 2495 2826 2478 
6207 209 2202 210 
6208 2733 2736 2732 
6209 3126 3388 3125 
6210 3354 3357 3355 
6211 2358 3873 2361 
6212 2714 2730 2729 
6213 2755 2801 2757 
6214 2500 2589 2588 
6215 3027 3028 3005 
6216 3103 3221 3102 
6217 2237 3615 3614 
6218 2672 2703 2670 
6219 2739 2741 2740 
6220 2612 2618 2613 
6221 3100 3102 3101 
6222 3222 3316 3221 
6223 2454 2864 2863 
6224 3380 3382 3381 
6225 3177 3380 3178 
6226 3835 3965 3819 
6227 211 2146 212 
6228 212 2147 211 
6229 2741 2760 2740 
6230 3237 3406 3127 
6231 3116 3400 3118 
6232 2864 2866 2865 
6233 3846 3849 3847 
6234 2635 3536 2639 
6235 2574 2790 2750 
6236 3092 3093 3091 
6237 2473 2478 2471 
6238 2739 2740 2738 
6239 2325 3741 2594 
6240 3121 3125 3122 
6241 2260 2585 2257 
6242 3261 4010 3133 
6243 3181 3182 2789 
6244 2476 2578 2577 
6245 207 2168 208 
6246 3281 3290 3282 
6247 2395 3748 2580 
6248 3244 3410 3255 
6249 2736 3100 3099 
6250 2355 2392 2353 
6251 2622 3605 2625 
6252 2807 3091 2588 
6253 2249 2600 2599 
6254 3821 3835 3819 
6255 2578 2770 2579 
6256 2415 3224 2417 
6257 2900 2956 2902 
6258 2941 3183 2927 
6259 2506 3683 2508 
6260 2297 2410 2295 
6261 2249 2599 2247 
6262 2770 2929 2772 
6263 3035 3318 3038 
6264 213 3690 214 
6265 2807 3094 3092 
6266 2946 3113 3112 
6267 2938 3035 2939 
6268 2345 3715 2349 
6269 218 3623 219 
6270 2618 2632 2619 
6271 2616 3610 2620 
6272 2904 3065 2906 
6273 2805 2816 2758 
6274 2284 2286 2280 
6275 2798 2799 2768 
6276 3183 3294 3199 
6277 2792 3756 2750 
6278 2600 2602 2601 
6279 2584 3482 2483 
6280 3816 3823 3814 
6281 2274 2279 2272 
6282 3398 3442 3397 
6283 3849 3853 3851 
6284 214 2183 215 
6285 215 2184 214 
6286 2270 2596 2266 
6287 2784 2942 2780 
6288 2484 2587 2481 
6289 2965 3095 2872 
6290 2719 3894 2728 
6291 2264 2269 2262 
6292 2630 2644 2628 
6293 2776 2940 2649 
6294 2283 3007 2825 
6295 2638 2761 2634 
6296 2600 2601 2599 
6297 2455 2487 2451 
6298 2283 2825 2235 
6299 2626 2637 2623 
6300 3094 3298 3188 
6301 2825 3647 2235 
6302 2652 3721 2351 
6303 3205 3430 3429 
6304 3100 3703 3103 
6305 2776 3096 2940 
6306 2788 2938 2871 
6307 2642 2754 2643 
6308 2965 3304 3095 
6309 2617 2624 2615 
6310 3849 3851 3850 
6311 2602 2604 2603 
6312 2494 2788 2392 
6313 3366 3367 3182 
6314 2608 2610 2609 
6315 2274 3546 2279 
6316 2790 2927 2791 
6317 2606 2608 2607 
6318 2366 2581 2363 
6319 2604 2606 2605 
6320 3220 3634 3452 
6321 3096 3293 3177 
6322 2500 2588 2491 
6323 3273 3274 3062 
6324 3007 3009 2825 
6325 3122 3639 3124 
6326 3205 3429 3196 
6327 3320 3426 3048 
6328 3017 3048 3018 
6329 2602 2603 2601 
6330 2364 3673 2367 
6331 2998 3050 2999 
6332 3042 3250 2952 
6333 3113 3163 3114 
6334 2479 2495 2478 
6335 3845 3852 3846 
6336 2636 2648 2647 
6337 2648 2796 2783 
6338 2950 3067 2909 
6339 2222 2422 2220 
6340 2947 3047 2945 
6341 2800 3017 2799 
6342 2795 3002 2936 
6343 2827 2945 2828 
6344 3304 3338 3095 
6345 2372 2377 2369 
6346 2618 2636 2632 
6347 3096 3177 2940 
6348 2998 3332 3050 
6349 2495 2827 2826 
6350 216 2153 217 
6351 217 2154 216 
6352 3692 3693 3691 
6353 2604 2605 2603 
6354 2913 3679 3110 
6355 2606 2607 2605 
6356 2608 2609 2607 
6357 3154 3200 3047 
6358 202 3992 203 
6359 2960 3039 2883 
6360 2490 3482 2787 
6361 2591 3529 2589 
6362 2208 3908 2209 
6363 2954 3019 2816 
6364 3200 3447 3408 
6365 2925 2964 2963 
6366 3291 3292 2963 
6367 2801 2990 2802 
6368 2379 2575 2375 
6369 2636 2647 2632 
6370 2991 3055 2993 
6371 205 2204 206 
6372 2648 2783 2647 
6373 2713 3896 2721 
6374 2431 3567 3566 
6375 2741 3917 2760 
6376 2796 2998 2783 
6377 3506 3779 3507 
6378 219 2181 220 
6379 220 2182 219 
6380 2321 3866 2323 
6381 3045 3171 3019 
6382 2416 3668 2415 
6383 2589 2807 2588 
6384 2950 3771 3067 
6385 2807 3092 3091 
6386 2800 3706 3017 
6387 2642 3226 2754 
6388 2337 3749 2339 
6389 4276 4322 3597 
6390 3003 3027 3005 
6391 3094 3188 3092 
6392 2383 2385 2381 
6393 2924 3460 2925 
6394 2331 3773 2333 
6395 4174 4206 3355 
6396 2218 2502 2216 
6397 3591 3778 3076 
6398 2648 3611 2875 
6399 2804 2934 2746 
6400 3056 3479 2993 
6401 221 2159 222 
6402 222 2160 221 
6403 3040 3387 3039 
6404 2435 3587 2436 
6405 2895 3525 2894 
6406 3332 3333 3050 
6407 3016 3584 3219 
6408 3226 3227 2754 
6409 2327 3758 2329 
6410 3298 3360 3188 
6411 3270 3436 3060 
6412 2901 3524 2899 
6413 2470 3583 2586 
6414 2603 3720 2601 
6415 2434 3666 2432 
6416 191 3465 190 
6417 155 3501 154 
6418 2495 3628 2827 
6419 3532 3655 3043 
6420 2925 2963 2923 
6421 3690 3692 3691 
6422 2509 3900 2555 
6423 2396 2398 2389 
6424 135 3518 2151 
6425 2482 3599 2227 
6426 3030 3273 3062 
6427 2829 3588 3587 
6428 3539 3564 3537 
6429 3027 3341 3028 
6430 2606 3925 3663 
6431 2645 4153 4110 
6432 2801 2994 2990 
6433 3109 3588 2831 
6434 223 2179 224 
6435 224 2180 223 
6436 2994 3319 3187 
6437 3015 3525 2898 
6438 2311 3585 2391 
6439 2214 3068 2212 
6440 2277 3630 2281 
6441 184 3475 183 
6442 131 3477 130 
6443 2843 3722 2855 
6444 3395 3398 3397 
6445 3055 3394 3056 
6446 2273 3653 2275 
6447 2234 3615 2237 
6448 3291 3369 3292 
6449 2267 3670 2271 
6450 2898 3525 2895 
6451 3611 3612 3137 
6452 2964 3291 2963 
6453 3210 3746 3212 
6454 3064 3377 3033 
6455 2263 3688 2265 
6456 2426 3651 2424 
6457 2189 3465 191 
6458 3274 3385 3276 
6459 2835 3645 3088 
6460 2411 2412 2405 
6461 2994 3187 2990 
6462 2951 3569 3147 
6463 2399 3732 2396 
6464 3396 3479 3056 
6465 3055 3409 3394 
6466 2258 3710 2261 
6467 2602 3711 2878 
6468 2401 3626 2408 
6469 226 2169 225 
6470 225 2170 226 
6471 2841 3645 2837 
6472 3960 4142 3162 
6473 154 3501 2161 
6474 3071 3905 3025 
6475 2925 3460 3020 
6476 2478 3714 2471 
6477 2313 3641 3585 
6478 2351 3721 2354 
6479 3508 3570 3512 
6480 2570 3790 2566 
6481 2318 3641 2315 
6482 3091 3672 2588 
6483 161 3506 160 
6484 2590 3681 3601 
6485 2864 3602 2867 
6486 2578 3637 2771 
6487 3131 4009 3101 
6488 3370 3371 3171 
6489 2507 3719 2346 
6490 2914 3947 2860 
6491 203 2148 204 
6492 3871 3872 2759 
6493 2756 3487 2643 
6494 2476 3651 3637 
6495 3082 3638 3330 
6496 2849 3742 2847 
6497 2483 3482 2490 
6498 3572 3644 3574 
6499 3596 3597 2388 
6500 183 3475 2191 
6501 2192 3477 131 
6502 3285 3526 3029 
6503 3407 3657 3127 
6504 3043 3655 3195 
6505 2763 3930 2907 
6506 2487 2489 2451 
6507 4036 4047 2475 
6508 3121 3669 3126 
6509 2625 3605 2751 
6510 122 3461 121 
6511 193 3463 192 
6512 3136 3775 3135 
6513 3457 3458 2185 
6514 2880 3921 2752 
6515 2620 3610 2744 
6516 2384 3596 2388 
6517 3552 3635 3561 
6518 3023 3876 2921 
6519 3408 3652 3047 
6520 2758 2759 2498 
6521 2731 3933 2729 
6522 2875 3611 3137 
6523 2833 3625 2301 
6524 2891 3943 2889 
6525 3208 3745 3214 
6526 2899 3524 3014 
6527 2936 3656 2935 
6528 229 2175 228 
6529 228 2176 229 
6530 2857 3870 2853 
6531 3564 3565 3541 
6532 2588 3672 2491 
6533 2736 3781 3703 
6534 2918 3897 2915 
6535 2647 3700 2632 
6536 3105 3742 2852 
6537 3127 3657 2983 
6538 209 3915 208 
6539 2827 3628 2947 
6540 3257 3448 3272 
6541 138 3522 2172 
6542 3575 3756 2944 
6543 2948 3942 2967 
6544 2599 3726 2247 
6545 2784 3649 2942 
6546 3606 3607 2592 
6547 2524 3939 2522 
6548 3047 3652 2945 
6549 2421 3598 3295 
6550 3168 3679 2913 
6551 2824 3615 2233 
6552 2882 3582 3046 
6553 3641 3642 3585 
6554 2450 4068 4046 
6555 2233 3615 2234 
6556 2164 3506 161 
6557 3108 3708 3229 
6558 2518 3960 2931 
6559 3014 3524 3233 
6560 2589 3529 2807 
6561 2380 3606 2592 
6562 3602 3603 2974 
6563 3106 3879 3160 
6564 3795 3926 3828 
6565 3891 4040 3266 
6566 3537 3564 3541 
6567 3068 3886 2212 
6568 3074 3487 2756 
6569 2932 3914 3239 
6570 2276 3546 2274 
6571 3195 3655 3198 
6572 2556 3937 2553 
6573 3767 3768 2489 
6574 2606 3663 2608 
6575 3034 3949 3870 
6576 3232 3740 2417 
6577 120 3469 119 
6578 3123 3631 3120 
6579 2520 3916 2517 
6580 2436 3587 2439 
6581 219 3623 2181 
6582 2879 3940 2881 
6583 2354 3721 2357 
6584 2704 3922 2723 
6585 2487 3767 2489 
6586 2607 3701 2605 
6587 2572 3924 2564 
6588 3019 3044 2816 
6589 3217 3681 2809 
6590 3185 3954 2908 
6591 2696 3991 2697 
6592 2947 3628 3155 
6593 2624 4078 4058 
6594 2868 3669 3121 
6595 2551 3935 2561 
6596 2797 3953 3582 
6597 214 3690 2183 
6598 121 3461 2165 
6599 2166 3463 193 
6600 2872 3649 2784 
6601 181 3516 180 
6602 3588 4021 3932 
6603 3386 4296 2856 
6604 3227 3704 2754 
6605 3653 3654 2278 
6606 3933 3934 2729 
6607 3096 3699 3293 
6608 2639 3759 2650 
6609 2963 3685 2923 
6610 2407 3740 2400 
6611 3512 3570 2152 
6612 3684 3714 2826 
6613 2420 3755 2411 
6614 2867 3602 2974 
6615 117 3457 116 
6616 200 2208 199 
6617 115 3451 114 
6618 3300 3441 3057 
6619 2408 3626 2418 
6620 3292 3685 2963 
6621 3784 3785 2201 
6622 2212 3886 2210 
6623 3585 3748 2391 
6624 2691 3961 2694 
6625 2587 3660 2481 
6626 2275 3653 2278 
6627 2400 3740 2504 
6628 3115 3627 3112 
6629 136 3518 135 
6630 3623 3624 2181 
6631 3571 3762 3570 
6632 2481 3660 2479 
6633 2935 3656 3573 
6634 2582 3728 3727 
6635 2417 3740 2407 
6636 3297 3909 3074 
6637 2367 3673 2593 
6638 3120 3631 3119 
6639 2536 3976 2544 
6640 4027 4067 3128 
6641 150 3500 149 
6642 2739 3928 2742 
6643 2983 3657 2981 
6644 2945 3652 2946 
6645 2271 3670 2576 
6646 3690 3691 2183 
6647 2486 3566 2832 
6648 2909 3658 2796 
6649 2431 3566 2433 
6650 2393 3750 3749 
6651 2584 3912 3482 
6652 2443 3613 2445 
6653 2923 3685 2804 
6654 3792 4037 3924 
6655 2349 3715 2652 
6656 3496 3497 2198 
6657 2379 3874 2575 
6658 2758 3871 2759 
6659 2679 3982 3981 
6660 3240 3534 3079 
6661 3260 4005 3107 
6662 2998 3658 3332 
6663 3942 4045 2967 
6664 3131 4010 4009 
6665 3187 3725 2990 
6666 2796 3658 2998 
6667 3067 3658 2909 
6668 2393 3749 2337 
6669 2619 3517 2613 
6670 2265 3688 2268 
6671 2688 3988 2716 
6672 2627 3563 2629 
6673 2866 3669 2868 
6674 2540 3977 2538 
6675 3594 3595 227 
6676 2681 3981 2718 
6677 2347 3773 2331 
6678 2949 3914 2932 
6679 2533 3969 2531 
6680 2750 3756 2749 
6681 2811 3892 2943 
6682 2675 3982 2676 
6683 2528 3962 2535 
6684 2210 3449 2186 
6685 2495 3660 3628 
6686 2479 3660 2495 
6687 2323 3866 3741 
6688 3343 3867 3345 
6689 3919 4012 3054 
6690 2698 3944 3928 
6691 2990 3725 2991 
6692 2491 3672 2484 
6693 2594 3758 2327 
6694 2680 3944 2678 
6695 2261 3710 2583 
6696 3798 4037 3794 
6697 2754 3704 2755 
6698 2659 3995 2661 
6699 3796 3979 3799 
6700 3094 3529 3299 
6701 4229 4254 3530 
6702 137 3519 136 
6703 2369 3888 2366 
6704 3192 3999 3778 
6705 2845 3722 2843 
6706 3339 3649 3095 
6707 119 3469 3466 
6708 2970 3891 3006 
6709 148 3488 147 
6710 167 3491 166 
6711 3231 4074 3232 
6712 2632 3700 2633 
6713 2869 3669 2866 
6714 2377 3888 2369 
6715 3125 3639 3122 
6716 3095 3649 2872 
6717 2736 3703 3100 
6718 3629 3686 3230 
6719 3910 3911 2786 
6720 2235 3647 2232 
6721 3079 3534 3077 
6722 3345 3867 3353 
6723 3742 3743 2859 
6724 3935 3936 2561 
6725 2471 3714 2469 
6726 2601 3720 3097 
6727 3487 3909 2743 
6728 2661 4018 2663 
6729 3803 3956 3829 
6730 230 2178 231 
6731 231 2177 230 
6732 2807 3529 3094 
6733 3719 3866 2346 
6734 116 3457 2185 
6735 2437 3666 2434 
6736 2650 3759 2778 
6737 2965 3665 3304 
6738 3074 3909 3487 
6739 4184 4190 3359 
6740 2423 3668 2416 
6741 2981 3657 3179 
6742 2847 3742 2859 
6743 2366 3888 2581 
6744 2206 2208 200 
6745 114 3451 2207 
6746 2946 3652 3113 
6747 180 3516 2150 
6748 2801 3704 2994 
6749 2972 3891 2970 
6750 3006 3891 3266 
6751 2991 3725 3055 
6752 3055 3725 3409 
6753 3258 3775 3136 
6754 3989 4049 3141 
6755 3668 3968 3224 
6756 139 3522 138 
6757 2228 3671 2282 
6758 2642 3700 3226 
6759 3877 4056 3150 
6760 3780 4001 2350 
6761 2613 3517 3073 
6762 2381 3874 2379 
6763 3285 3609 3526 
6764 2975 3604 2978 
6765 2755 3704 2801 
6766 2896 3705 2897 
6767 2804 3685 2934 
6768 3050 3724 3066 
6769 2385 3875 3874 
6770 3976 4073 2544 
6771 2605 3701 2645 
6772 3214 3746 3210 
6773 3225 4276 3597 
6774 2281 3630 3580 
6775 3488 3489 2195 
6776 3627 4036 3111 
6777 2433 3566 2486 
6778 2753 3562 3538 
6779 3493 3494 2142 
6780 3129 3627 3115 
6781 3227 3975 3704 
6782 2729 3934 2699 
6783 2497 3621 2462 
6784 2859 3722 2845 
6785 2598 3708 3707 
6786 3306 3665 2965 
6787 3192 3778 2992 
6788 2247 3726 2244 
6789 2445 3613 2496 
6790 229 3633 230 
6791 2817 3591 3076 
6792 3059 3513 2905 
6793 2764 3790 2570 
6794 2610 3885 2609 
6795 3042 3993 3250 
6796 3370 4457 4369 
6797 226 3594 227 
6798 2952 3771 2950 
6799 2236 3629 2283 
6800 2314 3650 2493 
6801 3076 3778 3302 
6802 3351 3689 3352 
6803 3700 3980 3226 
6804 3405 3905 3071 
6805 2198 3497 163 
6806 149 3500 2143 
6807 2393 3772 3751 
6808 2484 3672 2587 
6809 2633 3700 2642 
6810 2438 3907 2454 
6811 2230 3671 2228 
6812 2900 3705 2956 
6813 3218 4004 3217 
6814 2182 4313 3374 
6815 3534 3912 2584 
6816 2711 3992 202 
6817 2618 3884 2636 
6818 3815 4020 3818 
6819 2853 3870 2926 
6820 163 3497 162 
6821 2802 3591 2757 
6822 3876 4057 3202 
6823 2819 3968 2579 
6824 2316 3682 2317 
6825 171 3483 170 
6826 2432 3667 2430 
6827 144 3485 143 
6828 2320 3682 2506 
6829 3091 3971 3672 
6830 2591 3966 3529 
6831 2921 3876 2920 
6832 2647 3980 3700 
6833 3661 3666 2863 
6834 2934 3966 2746 
6835 3897 3898 2914 
6836 3065 3996 2906 
6837 3749 4011 2595 
6838 2385 3874 2381 
6839 3412 3639 3125 
6840 4123 4133 3533 
6841 3505 3762 3503 
6842 2472 3528 2473 
6843 2780 3698 2777 
6844 3384 3958 3381 
6845 2832 3867 3531 
6846 2902 3763 2904 
6847 2863 3666 2437 
6848 3778 3999 3302 
6849 3217 4004 3601 
6850 2915 3897 2914 
6851 3808 4003 3834 
6852 2164 3779 3506 
6853 2743 3909 3311 
6854 2883 3706 2800 
6855 3811 4022 3813 
6856 3727 4050 2318 
6857 2243 3686 2240 
6858 2577 3668 2423 
6859 3063 3768 3312 
6860 3682 3683 2506 
6861 2455 4031 2503 
6862 203 3992 2148 
6863 3812 4003 3809 
6864 2912 3531 3169 
6865 3735 3736 2386 
6866 2439 3932 2441 
6867 3037 3891 2972 
6868 3730 3732 2399 
6869 3667 4039 2449 
6870 2448 4031 2447 
6871 3141 4049 3776 
6872 2768 3709 2767 
6873 3825 4028 3822 
6874 2999 3980 2783 
6875 2232 3647 2230 
6876 3194 3993 3042 
6877 3018 3709 2799 
6878 2517 3916 2518 
6879 4015 4064 3242 
6880 2564 3924 2559 
6881 2987 3892 2811 
6882 2172 3519 137 
6883 208 3915 2167 
6884 226 3592 2169 
6885 2701 3922 2704 
6886 2244 3726 2243 
6887 2609 3885 2612 
6888 3620 3621 2497 
6889 2821 4030 2819 
6890 3333 3724 3050 
6891 3060 3738 3040 
6892 2926 3870 3170 
6893 3676 4074 3231 
6894 2451 3754 2420 
6895 2405 3730 2399 
6896 3616 3650 2312 
6897 147 3488 2195 
6898 2196 3491 167 
6899 2735 3781 2733 
6900 230 3633 2178 
6901 2467 3974 2475 
6902 3354 4112 3357 
6903 2498 3767 2487 
6904 3064 3783 3377 
6905 2238 3629 2236 
6906 2298 3659 2414 
6907 3819 3965 3817 
6908 3601 4004 2928 
6909 2966 3921 2880 
6910 3928 3931 3930 
6911 2897 3705 2900 
6912 2242 3707 2245 
6913 2612 3884 2618 
6914 2175 3593 228 
6915 2302 3760 2300 
6916 2356 3662 2355 
6917 2969 3914 2949 
6918 3174 4082 3176 
6919 2527 3939 2524 
6920 2193 3484 3483 
6921 224 3586 2180 
6922 3907 3994 3603 
6923 2428 3889 2426 
6924 3704 3975 2994 
6925 2389 3735 2386 
6926 2746 3966 2591 
6927 2920 3876 3202 
6928 2169 3586 225 
6929 2788 3777 2938 
6930 222 3589 223 
6931 2720 3896 2713 
6932 2359 3972 3662 
6933 3851 3856 3854 
6934 2816 3871 2758 
6935 3099 3896 2732 
6936 3482 3912 3086 
6937 3538 3562 3542 
6938 2440 3907 2438 
6939 2568 3937 2556 
6940 3250 3771 2952 
6941 3529 3966 3299 
6942 3531 3867 3343 
6943 2604 3925 2606 
6944 2834 3938 2836 
6945 3570 3762 2152 
6946 3928 3930 2742 
6947 4048 4074 3525 
6948 2450 3994 2442 
6949 3672 3971 2587 
6950 222 3590 2160 
6951 2628 3774 2626 
6952 2250 3712 2249 
6953 3281 4014 3290 
6954 2559 3924 2568 
6955 3149 4025 3865 
6956 2840 3640 2844 
6957 3355 3689 3351 
6958 2180 3590 223 
6959 3077 3534 3528 
6960 2701 3991 3922 
6961 3148 4051 3138 
6962 2176 3633 229 
6963 229 3632 2175 
6964 228 3593 227 
6965 2906 3996 2989 
6966 2412 3731 3730 
6967 2693 3934 3249 
6968 2312 3650 2314 
6969 2210 3886 3449 
6970 2978 3604 3581 
6971 2612 3885 3884 
6972 3093 3971 3091 
6973 3181 3696 3366 
6974 3601 3681 3217 
6975 3754 3755 2420 
6976 3642 3748 3585 
6977 230 3632 229 
6978 227 3592 226 
6979 2291 3648 2290 
6980 3707 3708 3108 
6981 3066 4034 2999 
6982 3647 3671 2230 
6983 2240 3686 2238 
6984 2876 3786 2510 
6985 2696 4006 3991 
6986 2634 3770 2630 
6987 2577 3968 3668 
6988 3203 3892 2987 
6989 142 3481 141 
6990 3480 3999 3192 
6991 3896 4009 2721 
6992 3766 4051 4001 
6993 2512 3786 2550 
6994 2272 3729 2270 
6995 2629 3563 3562 
6996 2304 3702 2404 
6997 3098 3702 2306 
6998 2152 3762 3505 
6999 3898 3947 2914 
7000 2317 3682 2320 
7001 3287 4115 3156 
7002 2757 3591 2817 
7003 3039 3706 2883 
7004 3322 3513 3059 
7005 2881 3940 3186 
7006 3759 3929 2778 
7007 2795 3753 3002 
7008 2284 3890 2286 
7009 3684 3974 3714 
7010 2942 3698 2780 
7011 2586 3737 3078 
7012 220 3608 221 
7013 2904 3763 3065 
7014 3178 3765 2940 
7015 2934 4024 3966 
7016 3932 4021 2485 
7017 3410 4445 2162 
7018 3884 3885 3612 
7019 2170 3594 226 
7020 4042 4075 3230 
7021 2649 3765 2638 
7022 2690 3961 2691 
7023 3897 4043 3898 
7024 2375 3752 2372 
7025 3326 3954 3185 
7026 3313 3783 3064 
7027 2579 3968 2577 
7028 3236 3671 3647 
7029 3264 3914 2969 
7030 3760 3761 3659 
7031 2238 3686 3629 
7032 2982 3578 3011 
7033 3169 3531 3343 
7034 3077 3528 2472 
7035 2308 3713 3098 
7036 2759 3767 2498 
7037 2394 3713 2310 
7038 3081 3737 3085 
7039 2799 3709 2768 
7040 2257 3882 2254 
7041 2489 3754 2451 
7042 2610 4013 3885 
7043 3709 4026 2767 
7044 2846 3734 2848 
7045 3735 4236 3219 
7046 225 3586 224 
7047 2531 3962 2528 
7048 227 3593 3592 
7049 3900 4066 2555 
7050 3782 3972 2359 
7051 2412 3730 2405 
7052 2762 3917 2741 
7053 2177 3632 230 
7054 2560 3978 3977 
7055 2767 3781 2735 
7056 143 3485 2194 
7057 2193 3483 171 
7058 2624 4013 2615 
7059 3541 3929 3759 
7060 2587 4000 3660 
7061 2469 3974 2467 
7062 2651 3723 2246 
7063 3436 3738 3060 
7064 2917 3865 2919 
7065 2560 3977 2540 
7066 2206 3908 2208 
7067 3799 3979 3802 
7068 3044 3871 2816 
7069 3021 3865 3376 
7070 3966 4024 3299 
7071 2959 3535 2960 
7072 2994 3975 3319 
7073 3666 3667 2432 
7074 2783 3980 2647 
7075 2856 4296 3422 
7076 3714 3974 2469 
7077 3105 3743 3742 
7078 3234 3683 3682 
7079 2732 3896 2720 
7080 3381 3958 3178 
7081 2300 3659 2298 
7082 3316 4290 3687 
7083 2654 3939 2527 
7084 3238 4032 3894 
7085 2440 3994 3907 
7086 2709 3789 2708 
7087 3885 4013 3612 
7088 2441 3932 2485 
7089 2398 3735 2389 
7090 2928 4004 3499 
7091 2359 3662 2356 
7092 223 3590 222 
7093 3860 3988 3859 
7094 2943 3918 3917 
7095 2245 3707 3108 
7096 2699 3934 2695 
7097 2253 3883 3712 
7098 3567 4061 4035 
7099 3240 3912 3534 
7100 2878 3925 2604 
7101 2363 3782 2360 
7102 3565 3929 3541 
7103 3287 4162 4139 
7104 3137 4058 3569 
7105 3639 4014 3281 
7106 2449 3889 2428 
7107 3971 4000 2587 
7108 217 3643 218 
7109 2938 3777 3140 
7110 2942 3699 3698 
7111 2668 3878 2666 
7112 2442 3994 2440 
7113 2819 4030 3968 
7114 2574 3868 2790 
7115 3242 4064 3243 
7116 2999 4034 3980 
7117 2348 4001 2374 
7118 4173 4287 3465 
7119 3958 3959 2761 
7120 215 3678 2184 
7121 2154 3678 216 
7122 2253 3712 2250 
7123 2844 3640 2985 
7124 3631 4039 3119 
7125 3349 3747 3354 
7126 3305 4057 3876 
7127 3353 3747 3347 
7128 2871 3780 2392 
7129 2353 3780 2350 
7130 3654 4080 4067 
7131 2695 3934 2693 
7132 3745 3786 2876 
7133 3916 3960 2518 
7134 3215 3696 3181 
7135 2510 3786 2512 
7136 3867 4035 3353 
7137 2717 3961 2690 
7138 2836 3938 3128 
7139 3263 4105 4079 
7140 4021 4053 2485 
7141 2644 3774 2628 
7142 2447 4031 2455 
7143 2793 3753 2795 
7144 2851 3769 2854 
7145 3107 3769 2850 
7146 3144 3579 3578 
7147 2728 4032 2911 
7148 3781 4026 3703 
7149 3745 4062 3214 
7150 2159 3589 222 
7151 3603 4046 3604 
7152 3246 3893 3787 
7153 2858 3877 2861 
7154 2957 3881 3180 
7155 2344 3869 2342 
7156 2927 3788 2791 
7157 2306 3702 2304 
7158 3802 3979 3957 
7159 2916 3877 3150 
7160 2775 3881 2885 
7161 3703 4026 3223 
7162 3373 3953 3143 
7163 2287 3890 2284 
7164 2279 3729 2272 
7165 2727 3895 2706 
7166 3299 4024 3391 
7167 3138 4051 3766 
7168 3684 4036 3974 
7169 3015 4048 3525 
7170 3253 4059 3943 
7171 2251 4091 2252 
7172 3111 4036 3684 
7173 2761 3770 2634 
7174 3088 3648 2291 
7175 2786 4015 2567 
7176 3687 4280 3316 
7177 3660 4000 3628 
7178 3109 4021 3588 
7179 2319 3727 2318 
7180 2485 4053 3613 
7181 3355 4206 3689 
7182 3882 3883 2253 
7183 3083 4069 3638 
7184 215 3677 216 
7185 3631 4065 4039 
7186 2943 3917 2762 
7187 3974 4036 2475 
7188 3232 4074 4048 
7189 2575 3752 2375 
7190 3412 4014 3639 
7191 2862 4056 3877 
7192 2765 3675 2766 
7193 3129 4047 3627 
7194 2894 4074 3676 
7195 2582 3727 2322 
7196 2519 3893 2521 
7197 2150 4264 3429 
7198 3447 4132 133 
7199 3143 3675 3090 
7200 2886 4054 2884 
7201 2666 3878 2674 
7202 2514 3787 2515 
7203 3086 4044 3157 
7204 2761 3959 3770 
7205 3980 4034 3226 
7206 2310 3713 2308 
7207 2940 3765 2649 
7208 2328 3899 2326 
7209 3543 4084 3549 
7210 2585 3882 2257 
7211 3661 3667 3666 
7212 3433 4187 2144 
7213 3562 3563 3542 
7214 2194 3481 142 
7215 3078 3737 3081 
7216 2995 4097 3990 
7217 2919 3865 3021 
7218 3628 4000 3155 
7219 3597 4279 3225 
7220 3604 4046 3581 
7221 3968 4030 3224 
7222 3709 4055 4026 
7223 4067 4080 2985 
7224 2181 3608 220 
7225 2343 3718 2368 
7226 2615 4013 2610 
7227 2985 3734 2846 
7228 2205 4147 3842 
7229 2300 3760 3659 
7230 2896 4341 3705 
7231 3205 4081 3430 
7232 4159 4214 3093 
7233 4035 4061 3353 
7234 2565 3910 2786 
7235 2962 3913 3331 
7236 2569 3910 2562 
7237 3384 3959 3958 
7238 3922 3991 3940 
7239 2278 4027 3630 
7240 3292 4023 3685 
7241 3336 3723 2651 
7242 3813 4022 4020 
7243 3567 4035 3566 
7244 2702 3903 3902 
7245 3144 3578 2982 
7246 3899 4256 3356 
7247 4056 4107 3317 
7248 2721 3789 2709 
7249 4001 4051 2374 
7250 3994 4046 3603 
7251 3928 3944 3931 
7252 3933 4054 3249 
7253 3641 4050 3642 
7254 3224 4030 3231 
7255 3226 4034 3227 
7256 2767 4026 3781 
7257 2997 3989 2808 
7258 2725 3744 2726 
7259 2730 3901 2774 
7260 2597 3880 2332 
7261 2330 3880 2352 
7262 3066 4070 4034 
7263 2492 4061 3567 
7264 2243 4042 3686 
7265 3542 4084 3543 
7266 3581 4068 3144 
7267 3870 3949 3170 
7268 2531 3969 3962 
7269 3569 4078 3147 
7270 2450 4046 3994 
7271 3245 3535 2959 
7272 3817 3965 3826 
7273 3280 4065 3631 
7274 2571 3868 2574 
7275 2334 3887 2597 
7276 2371 3887 2336 
7277 2581 3782 2363 
7278 3685 4023 2934 
7279 4047 4079 2475 
7280 2475 4079 2465 
7281 4062 4114 3214 
7282 3517 4071 3073 
7283 3238 4082 4032 
7284 2171 4083 176 
7285 3995 4018 2661 
7286 2568 4038 3937 
7287 3160 3743 3105 
7288 3944 4007 3931 
7289 4038 4100 3937 
7290 3788 4098 3753 
7291 3407 4016 3657 
7292 3231 4030 3676 
7293 2350 4001 2348 
7294 3848 4028 3825 
7295 212 3739 213 
7296 3984 4317 3791 
7297 3654 4067 4027 
7298 3119 4039 3661 
7299 216 3678 215 
7300 3566 4035 2832 
7301 3389 4425 3388 
7302 2702 3902 2700 
7303 3368 4121 3213 
7304 2971 3923 3069 
7305 3155 4072 3158 
7306 3211 4121 3422 
7307 2832 4035 3867 
7308 2888 3973 2655 
7309 3145 4021 3109 
7310 210 3784 2201 
7311 2147 3784 211 
7312 4011 4437 4012 
7313 3347 3747 3349 
7314 3249 3934 3933 
7315 2392 3780 2353 
7316 4032 4082 3174 
7317 2751 4084 3563 
7318 2677 3967 2673 
7319 4261 4458 3677 
7320 3661 4039 3667 
7321 2786 4064 4015 
7322 3128 4067 3640 
7323 4112 4158 3357 
7324 2153 3643 217 
7325 3018 4055 3709 
7326 3612 4058 3137 
7327 4039 4065 2449 
7328 3924 4037 2568 
7329 3097 4075 4042 
7330 2885 3881 2957 
7331 3256 4285 3607 
7332 2861 3877 2916 
7333 2911 4032 3174 
7334 2760 3919 2890 
7335 3565 4396 4090 
7336 2516 3906 2513 
7337 2850 3769 2851 
7338 4023 4024 2934 
7339 3238 3895 2727 
7340 4093 4284 3920 
7341 2567 4015 2571 
7342 3148 4085 4051 
7343 2450 4096 4068 
7344 2571 4015 3868 
7345 3871 4063 3872 
7346 4148 4188 3288 
7347 153 4113 152 
7348 3239 3906 2874 
7349 3984 4076 3694 
7350 2374 3869 2344 
7351 3911 4064 2786 
7352 2444 4096 2450 
7353 3375 4128 3372 
7354 4221 4265 2687 
7355 3313 4136 3783 
7356 4037 4038 2568 
7357 3199 3788 2927 
7358 3263 4047 3129 
7359 4096 4122 3579 
7360 2889 4059 2740 
7361 3504 4052 3502 
7362 2453 4122 2446 
7363 2526 3941 2529 
7364 3651 4106 3637 
7365 3051 4101 3431 
7366 3271 4048 3015 
7367 2196 4086 3491 
7368 3200 4132 3447 
7369 2818 4071 3517 
7370 3234 4114 4062 
7371 3937 4100 3935 
7372 2624 4058 4013 
7373 3037 4040 3891 
7374 3912 4044 3086 
7375 2463 4105 2461 
7376 3894 3895 3238 
7377 3046 4108 3245 
7378 4013 4058 3612 
7379 3262 4119 3261 
7380 2252 4091 2255 
7381 3427 4104 3048 
7382 3252 4097 3916 
7383 3386 4379 4296 
7384 2322 3727 2319 
7385 2176 4333 3633 
7386 4071 4153 3073 
7387 2596 4332 3561 
7388 210 3863 211 
7389 3097 4042 3726 
7390 3241 4044 3240 
7391 4254 4307 3530 
7392 2808 3989 3744 
7393 3156 4054 2886 
7394 133 4132 132 
7395 2515 3787 2519 
7396 2146 3983 3739 
7397 3156 4115 4054 
7398 3321 4134 3168 
7399 3145 4053 4021 
7400 3827 4041 3821 
7401 2997 4049 3989 
7402 2716 3860 2722 
7403 3971 4072 4000 
7404 2183 3677 215 
7405 4054 4115 3249 
7406 4009 4010 2721 
7407 4034 4070 3227 
7408 3090 3675 2765 
7409 2352 3899 2328 
7410 3154 4130 3200 
7411 2581 4060 3782 
7412 3657 4016 3179 
7413 4262 4361 3410 
7414 3414 4420 2365 
7415 3329 4069 3083 
7416 2680 4007 3944 
7417 3962 3969 3963 
7418 3190 4357 3191 
7419 2562 3910 2565 
7420 3720 4075 3097 
7421 4113 4208 152 
7422 2419 4135 2425 
7423 3969 3970 3963 
7424 4028 4029 4019 
7425 2318 4050 3641 
7426 4026 4055 3223 
7427 3036 3913 2962 
7428 3223 4055 3251 
7429 3679 4134 3680 
7430 3230 4075 3152 
7431 2502 4259 3434 
7432 3248 4053 3145 
7433 3044 4063 3871 
7434 3157 4327 3875 
7435 3898 4043 3952 
7436 2368 3718 3717 
7437 2549 3945 2563 
7438 3267 4265 4221 
7439 3206 4081 3205 
7440 3525 4074 2894 
7441 3530 4307 3206 
7442 3323 4303 4052 
7443 3875 4088 3874 
7444 3232 4109 3740 
7445 4055 4104 3251 
7446 2810 4245 3420 
7447 2623 4133 2621 
7448 3239 4066 3900 
7449 4012 4437 3054 
7450 3093 4072 3971 
7451 4066 4129 2555 
7452 3654 4027 2278 
7453 2163 4138 169 
7454 168 4138 2196 
7455 2687 4007 2682 
7456 3916 4097 3960 
7457 3491 4086 3492 
7458 3972 4060 3215 
7459 4000 4072 3155 
7460 3748 4102 2580 
7461 3353 4061 3747 
7462 3732 4137 3733 
7463 2714 3901 2730 
7464 4110 4153 3268 
7465 3235 4025 3149 
7466 3261 4119 3789 
7467 4077 4335 2204 
7468 3535 4126 3392 
7469 3240 4044 3912 
7470 4193 4227 3009 
7471 4053 4094 3613 
7472 3728 4203 3352 
7473 3018 4104 4055 
7474 3782 4060 3972 
7475 2332 3880 2330 
7476 3227 4070 3975 
7477 2179 4125 224 
7478 3469 4136 3466 
7479 3414 4326 4101 
7480 3921 4099 2782 
7481 225 4125 2170 
7482 3310 4049 2997 
7483 2182 4128 219 
7484 2256 4164 2259 
7485 2808 3744 2725 
7486 2558 3946 2543 
7487 4075 4110 3152 
7488 2544 3970 3969 
7489 3717 4219 3716 
7490 3720 4110 4075 
7491 3797 4413 3926 
7492 3798 4038 4037 
7493 2449 4065 3889 
7494 3147 4078 3533 
7495 3245 4126 3535 
7496 3964 3973 2888 
7497 208 3920 209 
7498 2995 3990 2656 
7499 2336 3887 2334 
7500 231 4150 232 
7501 232 4151 231 
7502 3729 4332 2596 
7503 3421 4175 3417 
7504 3254 4319 3267 
7505 3144 4068 3579 
7506 3734 4080 3166 
7507 3789 4119 2708 
7508 2465 4079 2463 
7509 2738 3967 2677 
7510 3092 4159 3093 
7511 4033 4108 3046 
7512 2714 3902 3901 
7513 4106 4144 3637 
7514 2425 4158 2427 
7515 2700 3902 2714 
7516 3284 4178 3146 
7517 3069 3923 3379 
7518 2286 4149 2280 
7519 2410 4436 3415 
7520 3637 4144 2771 
7521 4048 4109 3232 
7522 3613 4094 2496 
7523 3460 4157 3315 
7524 3607 4306 3256 
7525 3429 4417 2150 
7526 3476 4450 3332 
7527 2985 4080 3734 
7528 3364 4040 3037 
7529 211 3784 210 
7530 3337 4418 3589 
7531 3280 4106 4065 
7532 3701 4153 2645 
7533 3828 4093 3979 
7534 2295 4175 2292 
7535 3270 4176 3438 
7536 4011 4155 2595 
7537 3003 4145 3027 
7538 2146 3739 212 
7539 3726 4042 2243 
7540 3442 4251 2174 
7541 2977 4167 3244 
7542 3179 4167 2979 
7543 3475 4160 2191 
7544 3787 3893 2519 
7545 3263 4079 4047 
7546 3184 4204 3324 
7547 3010 3997 2724 
7548 2617 4123 2624 
7549 2180 4126 3590 
7550 2576 4089 3653 
7551 4119 4124 3903 
7552 2782 4082 3238 
7553 3213 4121 3211 
7554 3914 4066 3239 
7555 3779 4459 3510 
7556 2276 4149 3546 
7557 2493 4114 3234 
7558 3098 4185 3702 
7559 2621 4123 2617 
7560 3923 4045 3379 
7561 3183 4154 3294 
7562 4094 4120 2496 
7563 4016 4345 3179 
7564 3271 4140 4109 
7565 176 4083 175 
7566 2708 4119 3903 
7567 2168 4440 4093 
7568 4326 4416 4101 
7569 2654 3990 3939 
7570 3899 4192 2326 
7571 3821 4041 3835 
7572 3991 4006 3940 
7573 3640 4067 2985 
7574 3918 3919 3917 
7575 2595 4155 3718 
7576 2658 3986 2995 
7577 2874 3906 2516 
7578 3848 4116 4029 
7579 2748 3986 2660 
7580 4161 4199 3308 
7581 3563 4084 3542 
7582 3291 4386 3462 
7583 2207 4369 4151 
7584 3303 4172 3279 
7585 2422 4166 2220 
7586 2149 4147 203 
7587 3333 4226 3724 
7588 202 4147 2205 
7589 2218 4166 2502 
7590 3352 4169 3728 
7591 2738 4059 3967 
7592 3979 4093 3957 
7593 2185 4231 3451 
7594 2818 4141 4071 
7595 2740 4059 2738 
7596 3229 4191 3228 
7597 3731 4137 3730 
7598 3152 4110 3268 
7599 3268 4153 4071 
7600 2496 4120 3440 
7601 2525 3941 2526 
7602 4102 4206 2580 
7603 4220 4244 3942 
7604 2164 4168 3779 
7605 2459 4188 2458 
7606 3367 4170 3182 
7607 4052 4388 3323 
7608 3941 4412 3314 
7609 2448 4392 3426 
7610 3695 4374 3577 
7611 2446 4096 2444 
7612 3248 4094 4053 
7613 3599 4182 3598 
7614 3789 4010 3261 
7615 3719 4177 3866 
7616 4414 4444 4274 
7617 3889 4106 3651 
7618 3694 4076 3693 
7619 2686 4162 2684 
7620 3713 4140 3098 
7621 2144 4187 173 
7622 172 4187 2193 
7623 3414 4101 3051 
7624 4012 4155 4011 
7625 2170 4152 3594 
7626 3935 4100 3936 
7627 3931 4189 3930 
7628 3874 4088 2575 
7629 2721 4010 3789 
7630 2682 4007 2680 
7631 3589 4418 2179 
7632 3158 4214 4181 
7633 4100 4103 3936 
7634 4051 4085 2374 
7635 2717 3997 3961 
7636 2722 3860 2814 
7637 2161 4113 153 
7638 2458 4122 2453 
7639 3434 4354 2502 
7640 3931 4265 4189 
7641 4144 4172 2771 
7642 3917 3919 2760 
7643 2662 3998 2748 
7644 2674 3998 2664 
7645 3013 4194 2873 
7646 2667 4234 2747 
7647 3579 4148 3578 
7648 2937 4095 3881 
7649 2715 4234 2665 
7650 4065 4106 3889 
7651 3616 4199 3650 
7652 3164 4143 3263 
7653 3997 4111 3259 
7654 3683 4062 2876 
7655 206 3955 207 
7656 2352 4256 3899 
7657 4068 4096 3579 
7658 3740 4109 2504 
7659 3265 4177 4129 
7660 2692 4139 2689 
7661 3234 4062 3683 
7662 3725 4173 3409 
7663 2404 4195 3760 
7664 3271 4109 4048 
7665 3290 4208 4113 
7666 2461 4105 2474 
7667 2876 4062 3745 
7668 3048 4104 3018 
7669 2175 4092 3593 
7670 4185 4210 3702 
7671 3800 4038 3798 
7672 2555 4129 3719 
7673 2192 4181 3477 
7674 3605 4171 2751 
7675 4167 4445 3244 
7676 2582 4203 3728 
7677 2202 3863 210 
7678 3751 4314 4268 
7679 3807 4002 3810 
7680 2689 4139 2686 
7681 3496 4168 3497 
7682 3718 4155 3717 
7683 3161 4163 3943 
7684 4109 4140 2504 
7685 3352 4203 3350 
7686 2201 4272 3915 
7687 2645 4110 3720 
7688 2770 4200 2929 
7689 2769 4213 2219 
7690 4005 4056 2862 
7691 3249 4115 2692 
7692 2576 4179 4089 
7693 3576 4458 4261 
7694 2221 4213 2501 
7695 3533 4165 3532 
7696 4070 4454 3472 
7697 2324 4192 2582 
7698 2683 4209 2685 
7699 3201 4222 4043 
7700 3173 4207 3310 
7701 3642 4102 3748 
7702 3399 4207 3175 
7703 3578 4148 3288 
7704 2737 4198 3950 
7705 213 4146 212 
7706 2537 4183 2539 
7707 132 4132 2192 
7708 3158 4130 3154 
7709 151 4208 2197 
7710 3747 4112 3354 
7711 3168 4134 3679 
7712 3170 4198 3314 
7713 3443 4191 3072 
7714 3823 4127 3814 
7715 2624 4123 4078 
7716 3151 4193 3007 
7717 3478 4214 4159 
7718 2287 4087 3890 
7719 3264 4066 3914 
7720 3653 4089 3654 
7721 2546 3945 2549 
7722 3950 4198 3949 
7723 3010 4111 3997 
7724 3259 4111 4006 
7725 3492 4274 3493 
7726 3625 4283 2409 
7727 3643 4289 3623 
7728 3777 4170 3140 
7729 3428 4455 3387 
7730 4006 4111 3186 
7731 3472 4454 2187 
7732 3190 4376 3731 
7733 3320 4455 3428 
7734 2374 4085 3869 
7735 2596 4211 2266 
7736 3848 4029 4028 
7737 2264 4211 2269 
7738 2418 4135 2419 
7739 3264 4129 4066 
7740 2671 4252 2675 
7741 2839 4212 2841 
7742 2747 4252 2669 
7743 3806 4186 3804 
7744 2856 4212 2842 
7745 3741 4218 2594 
7746 2893 4225 2896 
7747 3214 4114 3746 
7748 3689 4206 4102 
7749 2187 4226 187 
7750 2504 4140 3713 
7751 3950 4375 2737 
7752 2352 4339 4256 
7753 212 4146 2147 
7754 2493 4161 4114 
7755 2544 4073 3970 
7756 3826 4409 3970 
7757 3193 4221 3287 
7758 2995 4142 4097 
7759 3849 4017 3853 
7760 3757 4338 2769 
7761 3176 4099 3359 
7762 2552 4205 2554 
7763 3311 4141 2818 
7764 3696 4270 3084 
7765 3852 4017 3846 
7766 3642 4169 4102 
7767 3493 4274 3996 
7768 3265 4129 3264 
7769 3398 4251 3442 
7770 3280 4144 4106 
7771 2943 4219 3918 
7772 3911 4288 4131 
7773 3568 4233 2833 
7774 2637 4133 2623 
7775 2546 3946 3945 
7776 3335 4152 3334 
7777 3260 4107 4005 
7778 2292 4235 2288 
7779 2543 3946 2546 
7780 4005 4107 4056 
7781 3073 4153 3701 
7782 2929 4237 2772 
7783 2820 4237 3000 
7784 4138 4398 2196 
7785 3670 4179 2576 
7786 3327 4242 3258 
7787 3911 4131 4064 
7788 2973 4223 3032 
7789 3705 4246 2956 
7790 3901 4180 2774 
7791 3199 4098 3788 
7792 2656 3990 2654 
7793 3466 4136 3467 
7794 3435 4223 3070 
7795 3464 4156 3159 
7796 224 4125 225 
7797 3374 4108 4033 
7798 4087 4090 3890 
7799 2779 4245 2810 
7800 3356 4256 3348 
7801 3940 4006 3186 
7802 2224 4240 2222 
7803 3287 4139 4115 
7804 3650 4161 2493 
7805 4082 4099 3176 
7806 3812 4127 4003 
7807 3434 4259 3396 
7808 123 4248 2190 
7809 2158 4248 124 
7810 3318 4370 3440 
7811 4098 4260 3753 
7812 219 4128 218 
7813 2174 4251 196 
7814 2409 4239 3617 
7815 169 4138 168 
7816 3278 4144 3280 
7817 4111 4204 3186 
7818 3771 4160 3067 
7819 3532 4165 3655 
7820 4181 4214 3478 
7821 2255 4164 2256 
7822 3545 4247 3564 
7823 2157 4250 3471 
7824 4078 4123 3533 
7825 3730 4137 3732 
7826 3921 4184 4099 
7827 3929 4245 2778 
7828 2703 4217 2670 
7829 2168 3920 208 
7830 2782 4099 4082 
7831 2338 4241 2371 
7832 2653 4241 2340 
7833 3654 4089 4080 
7834 2194 4345 4016 
7835 2988 4271 3167 
7836 3456 4457 3370 
7837 145 4262 2162 
7838 2195 4262 146 
7839 3918 4012 3919 
7840 2492 4158 4112 
7841 3229 4288 4191 
7842 3624 4238 2181 
7843 3263 4143 4105 
7844 3429 4264 3196 
7845 3479 4259 3480 
7846 2178 4150 231 
7847 231 4151 2177 
7848 2492 4112 4061 
7849 3832 4118 4117 
7850 2668 4217 3878 
7851 3902 4124 3901 
7852 3191 4157 3460 
7853 3303 4200 4172 
7854 2390 4280 3687 
7855 3483 4267 2163 
7856 204 3987 205 
7857 2388 4280 2387 
7858 3733 4236 2398 
7859 3607 4279 2592 
7860 3465 4287 2157 
7861 3770 4254 2644 
7862 3277 4278 3445 
7863 3524 4253 3233 
7864 3909 4227 3311 
7865 4064 4131 3243 
7866 2523 4281 2525 
7867 3204 4260 4098 
7868 3577 4261 3691 
7869 3988 4209 3859 
7870 2418 4174 4135 
7871 2870 4273 2869 
7872 3255 4273 2976 
7873 3837 3985 3838 
7874 2996 4277 2815 
7875 3605 4232 4171 
7876 2724 3997 2717 
7877 3088 4233 3648 
7878 3194 4264 3993 
7879 3596 4279 3597 
7880 3188 4159 3092 
7881 3247 4297 3246 
7882 2193 4340 3484 
7883 2594 4258 3758 
7884 3510 4459 4246 
7885 3476 4160 3475 
7886 3513 4286 2933 
7887 2280 4149 2276 
7888 3881 4095 3180 
7889 4115 4139 2692 
7890 4114 4161 3746 
7891 3625 4337 4283 
7892 4122 4148 3579 
7893 2751 4171 4084 
7894 4165 4196 3655 
7895 3 4383 201 
7896 113 4384 3 
7897 2646 4294 3610 
7898 3547 4433 2279 
7899 3104 4276 3225 
7900 3523 4365 3401 
7901 3221 4276 3102 
7902 2785 4292 3013 
7903 4061 4112 3747 
7904 2810 4292 2781 
7905 3422 4296 3209 
7906 3646 4282 3297 
7907 3186 4204 3184 
7908 3054 4269 2961 
7909 3951 4183 2547 
7910 3976 4302 4073 
7911 3162 4220 3942 
7912 3489 4425 3389 
7913 2427 4158 2492 
7914 3728 4169 4050 
7915 2545 4291 2542 
7916 3800 4100 4038 
7917 3146 4178 3248 
7918 3574 4311 3576 
7919 4099 4184 3359 
7920 128 4299 127 
7921 3002 4145 3003 
7922 3624 4289 3573 
7923 3407 4443 3481 
7924 3118 4308 3521 
7925 3670 4216 4179 
7926 2410 4175 2295 
7927 4093 4440 3957 
7928 3290 4301 3282 
7929 3278 4172 4144 
7930 3222 4290 3316 
7931 2385 4293 3875 
7932 3225 4285 3132 
7933 3134 4285 3256 
7934 3595 4452 3455 
7935 3425 4297 3247 
7936 4087 4235 3421 
7937 3486 4445 4167 
7938 3866 4177 3741 
7939 3908 4318 3220 
7940 2979 4167 2977 
7941 232 4383 3 
7942 3 4384 232 
7943 3453 4333 3455 
7944 2378 4336 3448 
7945 2554 4309 2557 
7946 3702 4210 2404 
7947 2660 3986 2658 
7948 4130 4181 2192 
7949 3606 4306 3607 
7950 2539 4300 2541 
7951 4080 4089 3166 
7952 2362 4326 2365 
7953 4089 4179 3166 
7954 2149 4427 3411 
7955 3729 4433 4332 
7956 3775 4180 3262 
7957 3501 4303 2161 
7958 3905 4411 3305 
7959 2749 4321 2573 
7960 3274 4304 3385 
7961 3216 4154 3183 
7962 3333 4371 4226 
7963 3716 4316 3715 
7964 3269 4176 3270 
7965 2773 4298 2937 
7966 2373 4336 2378 
7967 203 4147 202 
7968 2593 4336 2370 
7969 220 4313 2182 
7970 2160 4313 221 
7971 2160 4355 4108 
7972 3247 4453 3423 
7973 3358 4146 3399 
7974 4133 4165 3533 
7975 3072 4191 3404 
7976 3746 4161 3308 
7977 3957 4440 4335 
7978 3978 4302 3977 
7979 3561 4332 3550 
7980 3773 4314 3772 
7981 3335 4338 3757 
7982 3930 4189 2907 
7983 3189 4215 4197 
7984 3880 4339 2352 
7985 3159 4156 4092 
7986 3389 4373 3490 
7987 3970 4409 3963 
7988 3755 4357 2412 
7989 3187 4173 3725 
7990 3276 4338 3335 
7991 174 4350 2144 
7992 3497 4168 2164 
7993 194 4356 2166 
7994 2220 4166 2218 
7995 2403 4360 2402 
7996 4084 4171 3549 
7997 3626 4174 2418 
7998 3680 4362 3283 
7999 4140 4185 3098 
8000 3430 4417 3429 
8001 4141 4193 3151 
8002 4218 4258 2594 
8003 3338 4398 4138 
8004 3315 4397 3768 
8005 185 4371 2155 
8006 3182 4170 3777 
8007 3279 4172 3278 
8008 3503 4380 3504 
8009 2357 4368 3873 
8010 2547 4183 2537 
8011 2214 4354 3068 
8012 3126 4373 3389 
8013 2502 4354 2216 
8014 3215 4270 3696 
8015 3440 4370 2456 
8016 3853 4312 3851 
8017 3549 4171 3551 
8018 2684 4162 2687 
8019 3267 4221 3193 
8020 3286 4378 3322 
8021 3618 4370 3619 
8022 4189 4265 3267 
8023 2637 4196 4165 
8024 2764 4321 4076 
8025 3621 4331 3622 
8026 3289 4385 3646 
8027 3253 4163 2703 
8028 2413 4392 2448 
8029 3153 4391 3913 
8030 3228 4191 3443 
8031 2287 4235 4087 
8032 3375 4381 4128 
8033 3398 4356 4251 
8034 4105 4143 2474 
8035 3171 4363 3019 
8036 3052 4379 3053 
8037 3172 4185 3271 
8038 4180 4242 2774 
8039 3498 4376 3190 
8040 3577 4374 3575 
8041 2150 4417 179 
8042 2664 3998 2662 
8043 3477 4181 3478 
8044 2458 4148 4122 
8045 3383 4349 3384 
8046 3448 4366 3272 
8047 3893 4297 2530 
8048 3589 4348 3337 
8049 2966 4184 3921 
8050 4050 4169 3642 
8051 3598 4182 3295 
8052 2474 4188 2459 
8053 2964 4386 3291 
8054 3872 4389 2759 
8055 3285 4348 3609 
8056 4052 4303 3502 
8057 3521 4197 3164 
8058 3768 4397 2489 
8059 3394 4419 3395 
8060 3377 4386 3033 
8061 3462 4460 3461 
8062 2188 4400 3473 
8063 3397 4428 3434 
8064 3764 4351 3763 
8065 3655 4196 3198 
8066 2665 4234 2667 
8067 3880 4390 4339 
8068 2737 4375 2532 
8069 2534 4375 2547 
8070 3262 4180 4124 
8071 3323 4388 3303 
8072 4143 4215 2474 
8073 3000 4380 3571 
8074 3392 4382 3269 
8075 3903 4124 3902 
8076 2268 4216 3670 
8077 3387 4455 3039 
8078 2183 4261 3677 
8079 3485 4345 2194 
8080 3390 4418 3514 
8081 3164 4197 4143 
8082 2869 4373 3669 
8083 3984 4442 4076 
8084 3810 4002 3839 
8085 4076 4442 2764 
8086 2147 4190 3784 
8087 3617 4199 3616 
8088 3756 4374 2749 
8089 3671 4329 2282 
8090 4049 4202 3776 
8091 3560 4328 3558 
8092 3820 3985 3824 
8093 3007 4193 3009 
8094 3288 4215 3189 
8095 3828 4284 4093 
8096 3371 4231 3171 
8097 173 4187 172 
8098 2204 3955 206 
8099 2744 4232 3605 
8100 3166 4179 3165 
8101 3292 4377 4023 
8102 4298 4358 2937 
8103 3774 4196 2637 
8104 3706 4455 3320 
8105 3488 4425 3489 
8106 3593 4367 3592 
8107 3474 4377 2158 
8108 3199 4255 4098 
8109 2833 4337 3625 
8110 3267 4319 4189 
8111 3986 4142 2995 
8112 2873 4194 3306 
8113 3188 4228 4159 
8114 3949 4198 3170 
8115 4223 4391 3032 
8116 3438 4156 3437 
8117 3321 4461 3887 
8118 3925 4405 3664 
8119 3626 4206 4174 
8120 3038 4430 3139 
8121 4072 4214 3158 
8122 4190 4451 3785 
8123 2170 4410 4152 
8124 3767 4389 3768 
8125 3172 4210 4185 
8126 3910 4249 3911 
8127 3571 4380 3762 
8128 3814 4127 3812 
8129 4113 4301 3290 
8130 3012 4243 3237 
8131 3760 4195 3761 
8132 4094 4334 4120 
8133 2711 4372 3992 
8134 3310 4202 4049 
8135 3271 4185 4140 
8136 3768 4389 3312 
8137 2718 4209 2683 
8138 3609 4238 3527 
8139 3857 4408 4029 
8140 4160 4320 2191 
8141 3327 4298 4242 
8142 2581 4435 4060 
8143 4379 4453 3053 
8144 217 4381 2154 
8145 2771 4200 2770 
8146 3758 4343 2347 
8147 2326 4192 2324 
8148 3882 4328 3883 
8149 3350 4203 3356 
8150 2155 4450 3476 
8151 3202 4222 3201 
8152 3920 4284 2202 
8153 3266 4218 3265 
8154 3308 4239 3307 
8155 4023 4377 3474 
8156 2255 4278 4164 
8157 3890 4396 2286 
8158 2409 4283 4239 
8159 2580 4206 3626 
8160 3175 4207 3173 
8161 4083 4350 175 
8162 3790 4442 3791 
8163 3775 4242 4180 
8164 3797 4317 3927 
8165 4171 4232 3551 
8166 2219 4213 2221 
8167 3284 4441 4085 
8168 2652 4316 3441 
8169 3233 4210 3172 
8170 2156 4310 129 
8171 3002 4260 4145 
8172 3066 4454 4070 
8173 3975 4415 3319 
8174 3883 4328 3560 
8175 4179 4216 3165 
8176 3437 4156 3464 
8177 4172 4200 2771 
8178 3793 4317 3797 
8179 2637 4165 4133 
8180 3198 4229 3530 
8181 4124 4180 3901 
8182 3287 4221 4162 
8183 2548 4342 2545 
8184 2268 4263 4216 
8185 2748 4220 3986 
8186 152 4208 151 
8187 3830 4186 3806 
8188 2748 4244 4220 
8189 3943 4163 3253 
8190 4196 4229 3198 
8191 4128 4381 218 
8192 2159 4348 3589 
8193 3189 4243 3012 
8194 3942 4244 4045 
8195 3945 4411 2563 
8196 3800 4103 4100 
8197 3846 4017 3849 
8198 3964 4346 3973 
8199 3233 4253 4195 
8200 4281 4412 2525 
8201 2744 4295 4232 
8202 3804 4103 3801 
8203 3784 4190 3785 
8204 2669 4252 2671 
8205 3970 4439 3826 
8206 3158 4181 4130 
8207 2824 4393 3615 
8208 2266 4211 2264 
8209 2154 4202 3678 
8210 2687 4265 4007 
8211 3638 4315 3330 
8212 3298 4395 3360 
8213 4142 4220 3162 
8214 3139 4430 4120 
8215 4041 4330 3995 
8216 2937 4358 4095 
8217 3555 4387 3556 
8218 3187 4287 4173 
8219 2169 4382 3586 
8220 3648 4233 3568 
8221 4073 4302 3823 
8222 4258 4343 3758 
8223 2842 4212 2839 
8224 3458 4231 2185 
8225 2715 4408 4234 
8226 2892 4225 2893 
8227 3774 4229 4196 
8228 2563 4205 2552 
8229 3165 4216 3260 
8230 4152 4410 3334 
8231 3954 4451 2966 
8232 3427 4325 4104 
8233 3646 4329 4282 
8234 3010 4204 4111 
8235 3297 4227 3909 
8236 3360 4228 3188 
8237 3892 4219 2943 
8238 3952 4183 3951 
8239 2996 4359 4277 
8240 3216 4305 4154 
8241 2583 4347 3688 
8242 3311 4193 4141 
8243 3219 4236 3218 
8244 187 4226 186 
8245 4019 4330 3827 
8246 4343 4399 2347 
8247 3557 4448 3636 
8248 4020 4022 3838 
8249 4044 4327 3157 
8250 3245 4355 4126 
8251 3688 4263 2268 
8252 2226 4423 2224 
8253 4204 4277 3324 
8254 3093 4214 4072 
8255 2279 4433 3729 
8256 3551 4232 3553 
8257 4191 4288 3404 
8258 3009 4282 3236 
8259 3070 4223 2973 
8260 3419 4402 3421 
8261 2288 4235 2287 
8262 2279 4462 3547 
8263 2772 4237 2820 
8264 4266 4281 2530 
8265 2398 4236 3735 
8266 3258 4242 3775 
8267 3547 4462 3544 
8268 4069 4315 3638 
8269 2644 4229 3774 
8270 4120 4334 3139 
8271 3840 4118 3832 
8272 3558 4448 3557 
8273 3674 4420 4095 
8274 3450 4324 3363 
8275 3955 4440 2168 
8276 3564 4247 3565 
8277 3348 4256 3346 
8278 4095 4420 3180 
8279 2222 4240 2422 
8280 3816 4439 3823 
8281 3771 4320 4160 
8282 2778 4245 2779 
8283 3576 4261 3577 
8284 2670 4217 2668 
8285 4356 4419 2166 
8286 4057 4411 3945 
8287 3823 4439 4073 
8288 3830 4257 4186 
8289 4364 4432 3379 
8290 3472 4415 4070 
8291 3610 4295 2744 
8292 3565 4403 3929 
8293 2956 4246 3764 
8294 3339 4267 4008 
8295 3462 4421 3291 
8296 2191 4320 3515 
8297 3785 4272 2201 
8298 3471 4250 3472 
8299 3440 4430 3318 
8300 3441 4316 3203 
8301 2933 4253 3524 
8302 4216 4263 3260 
8303 4178 4334 3248 
8304 124 4248 123 
8305 3801 4103 3800 
8306 2340 4241 2338 
8307 2583 4407 4347 
8308 3852 4344 4017 
8309 2907 4319 3439 
8310 3084 4270 3329 
8311 3396 4259 3479 
8312 3367 4331 4170 
8313 3761 4353 3659 
8314 3313 4323 4136 
8315 3838 4372 2711 
8316 4188 4215 3288 
8317 3926 4284 3828 
8318 196 4251 195 
8319 2162 4445 3486 
8320 3829 4404 4002 
8321 3986 4220 4142 
8322 3879 4266 3160 
8323 2148 3987 204 
8324 2597 4390 3880 
8325 3196 4264 3194 
8326 3977 4302 3976 
8327 3872 4323 3313 
8328 2989 4271 2988 
8329 4371 4450 2155 
8330 3421 4402 4087 
8331 2181 4238 3608 
8332 3859 4344 3852 
8333 3294 4255 3199 
8334 2202 4413 3863 
8335 3573 4289 3644 
8336 2815 4277 3010 
8337 3959 4254 3770 
8338 4177 4218 3741 
8339 4232 4295 3553 
8340 146 4262 145 
8341 3265 4218 4177 
8342 2477 4352 3697 
8343 3363 4359 2996 
8344 2530 4281 2523 
8345 2592 4279 3596 
8346 2171 4422 4083 
8347 2347 4399 3773 
8348 2561 4342 2548 
8349 4040 4258 3266 
8350 129 4310 128 
8351 2377 4315 4069 
8352 3964 4409 3965 
8353 2161 4301 4113 
8354 2387 4280 2390 
8355 2365 4420 3674 
8356 4008 4267 3484 
8357 3484 4267 3483 
8358 3929 4403 4245 
8359 3743 4446 3424 
8360 2569 4249 3910 
8361 2976 4273 2870 
8362 3996 4274 2989 
8363 4018 4330 4019 
8364 4267 4456 2163 
8365 2163 4456 4138 
8366 3753 4260 3002 
8367 3266 4258 4218 
8368 3946 4426 3945 
8369 4007 4265 3931 
8370 3331 4391 4223 
8371 4344 4406 4017 
8372 4176 4382 2169 
8373 3836 4257 3830 
8374 2961 4269 3036 
8375 2542 4291 2560 
8376 3202 4426 4222 
8377 3102 4276 3104 
8378 3335 4230 4152 
8379 3623 4289 3624 
8380 4256 4339 3346 
8381 4199 4239 3308 
8382 2167 4324 3450 
8383 4126 4355 3590 
8384 3973 4346 2710 
8385 3674 4401 3673 
8386 3927 4317 3984 
8387 4091 4278 2255 
8388 3209 4296 3207 
8389 3319 4287 3187 
8390 4226 4371 186 
8391 4187 4340 2193 
8392 3664 4294 2646 
8393 3326 4272 3954 
8394 2474 4215 4188 
8395 3833 4372 4022 
8396 3307 4283 3309 
8397 3644 4311 3574 
8398 4219 4434 3918 
8399 4197 4243 3189 
8400 3310 4447 4202 
8401 2781 4292 2785 
8402 3791 4317 3793 
8403 3736 4293 2385 
8404 2378 4306 3606 
8405 3998 4244 2748 
8406 3659 4353 2414 
8407 4045 4364 3379 
8408 3691 4261 2183 
8409 3322 4286 3513 
8410 3401 4308 3118 
8411 2557 4309 2569 
8412 3132 4285 3134 
8413 4083 4422 3383 
8414 3319 4415 4250 
8415 3306 4444 3665 
8416 3032 4391 3153 
8417 2541 4300 2558 
8418 3282 4301 3323 
8419 3251 4290 3222 
8420 3293 4340 3433 
8421 3053 4453 3247 
8422 4073 4439 3970 
8423 127 4299 2188 
8424 3553 4295 3555 
8425 3420 4402 3419 
8426 3502 4303 3501 
8427 4251 4356 195 
8428 3987 4275 4077 
8429 3597 4322 2388 
8430 2597 4461 4390 
8431 4019 4408 2715 
8432 3715 4316 2652 
8433 4320 4431 3515 
8434 4228 4310 2156 
8435 3945 4426 4057 
8436 3246 4297 3893 
8437 3752 4315 2377 
8438 2286 4396 4247 
8439 3665 4444 4414 
8440 3273 4304 3274 
8441 204 4427 2149 
8442 3220 4318 3634 
8443 2361 4326 2362 
8444 3772 4314 3751 
8445 3710 4407 2583 
8446 2774 4298 2773 
8447 3959 4307 4254 
8448 3965 4409 3826 
8449 3243 4305 3216 
8450 3327 4358 4298 
8451 4225 4341 2896 
8452 2573 4321 2764 
8453 4224 4275 2148 
8454 4060 4270 3215 
8455 4283 4337 3309 
8456 3839 4224 3833 
8457 221 4313 220 
8458 2674 4432 4364 
8459 3600 4424 3273 
8460 3324 4359 3325 
8461 3995 4330 4018 
8462 3521 4243 4197 
8463 3617 4239 4199 
8464 3250 4320 3771 
8465 3316 4322 3221 
8466 4022 4372 3838 
8467 4255 4393 2824 
8468 3634 4333 3453 
8469 4090 4402 3420 
8470 3036 4268 3913 
8471 2370 4336 2373 
8472 4152 4452 3594 
8473 2718 4406 4344 
8474 3550 4332 3548 
8475 4087 4402 4090 
8476 4138 4456 3338 
8477 2297 4436 2410 
8478 4328 4448 3558 
8479 3887 4461 2597 
8480 3827 4330 4041 
8481 3346 4339 3344 
8482 3301 4416 3873 
8483 3237 4365 3406 
8484 4296 4379 3207 
8485 3383 4422 4349 
8486 4209 4344 3859 
8487 3544 4462 3546 
8488 2525 4412 3941 
8489 4239 4283 3307 
8490 3481 4443 2145 
8491 4162 4221 2687 
8492 4277 4359 3324 
8493 3486 4345 3485 
8494 4202 4447 3678 
8495 3241 4327 4044 
8496 3384 4307 3959 
8497 3260 4263 4107 
8498 3622 4352 2477 
8499 4170 4331 3620 
8500 3673 4401 2593 
8501 4242 4298 2774 
8502 3337 4348 3285 
8503 3385 4338 3276 
8504 3620 4331 3621 
8505 4195 4253 3761 
8506 4063 4323 3872 
8507 3510 4341 3509 
8508 4291 4394 2560 
8509 4146 4438 2147 
8510 3309 4337 3402 
8511 3851 4312 3856 
8512 4077 4404 3829 
8513 4136 4323 3467 
8514 3869 4441 2653 
8515 4108 4355 3245 
8516 3875 4327 4088 
8517 4088 4327 3241 
8518 4393 4449 3614 
8519 3424 4446 3425 
8520 3236 4329 3671 
8521 4120 4430 3440 
8522 3328 4358 3327 
8523 2414 4436 2297 
8524 3251 4325 4290 
8525 2585 4328 3882 
8526 4227 4282 3009 
8527 3010 4277 4204 
8528 4200 4388 2929 
8529 175 4350 174 
8530 4339 4390 3344 
8531 3489 4361 2195 
8532 3467 4323 4063 
8533 4125 4410 2170 
8534 2402 4360 2406 
8535 3283 4362 3284 
8536 195 4356 194 
8537 2216 4354 2214 
8538 3360 4395 4299 
8539 3556 4387 3559 
8540 2361 4416 4326 
8541 3294 4449 4393 
8542 4207 4447 3310 
8543 3763 4351 3065 
8544 4274 4444 2989 
8545 4234 4408 3857 
8546 2412 4357 3731 
8547 4294 4387 3555 
8548 3721 4368 2357 
8549 3410 4361 3255 
8550 3879 4412 4281 
8551 3019 4363 3044 
8552 3250 4431 4320 
8553 3590 4355 2160 
8554 3992 4224 2148 
8555 2456 4370 3618 
8556 3575 4374 3756 
8557 3206 4349 4081 
8558 3386 4453 4379 
8559 3391 4395 3298 
8560 3669 4373 3126 
8561 186 4371 185 
8562 4157 4397 3315 
8563 3499 4376 3498 
8564 4360 4392 2406 
8565 3615 4393 3614 
8566 3272 4366 3328 
8567 4230 4452 4152 
8568 4104 4325 3251 
8569 4040 4343 4258 
8570 3248 4334 4094 
8571 201 4383 2206 
8572 2207 4384 113 
8573 3207 4379 3052 
8574 4347 4407 3317 
8575 3548 4433 3547 
8576 3415 4378 3286 
8577 3981 4406 2718 
8578 3731 4376 4137 
8579 3688 4347 4263 
8580 3515 4431 3516 
8581 3369 4377 3292 
8582 3863 4413 3864 
8583 3054 4437 4269 
8584 4150 4383 232 
8585 232 4384 4151 
8586 4266 4446 3160 
8587 3243 4429 4305 
8588 3393 4385 3289 
8589 2929 4388 4052 
8590 218 4381 217 
8591 3033 4386 2964 
8592 3762 4380 3503 
8593 4107 4347 3317 
8594 4101 4416 3301 
8595 3291 4421 3369 
8596 2406 4392 2413 
8597 3364 4399 4343 
8598 3677 4458 2153 
8599 3425 4446 4266 
8600 2532 4375 2534 
8601 2560 4394 3978 
8602 3433 4340 4187 
8603 3344 4390 3342 
8604 2674 4364 3998 
8605 4244 4364 4045 
8606 4282 4329 3236 
8607 3379 4432 3296 
8608 3304 4398 3338 
8609 2196 4398 4086 
8610 3824 3985 3837 
8611 3473 4400 3474 
8612 3546 4462 2279 
8613 3364 4343 4040 
8614 4311 4458 3576 
8615 4085 4441 3869 
8616 3717 4434 4219 
8617 2759 4389 3767 
8618 2148 4275 3987 
8619 3516 4431 3993 
8620 2282 4423 2226 
8621 3913 4391 3331 
8622 3390 4410 4125 
8623 3334 4410 3390 
8624 3358 4438 4146 
8625 3873 4416 2361 
8626 3296 4432 3878 
8627 3365 4399 3364 
8628 2489 4397 3754 
8629 3314 4412 3879 
8630 3963 4409 3964 
8631 3297 4282 4227 
8632 2143 4425 3488 
8633 179 4417 178 
8634 3317 4407 3235 
8635 3514 4418 3337 
8636 4332 4433 3548 
8637 3395 4419 3398 
8638 3180 4420 3414 
8639 2718 4344 4209 
8640 2190 4421 3462 
8641 4057 4426 3202 
8642 4286 4353 3761 
8643 2878 4405 3925 
8644 4369 4457 2177 
8645 4156 4367 4092 
8646 4390 4461 3342 
8647 3359 4438 3358 
8648 3442 4428 3397 
8649 3339 4456 4267 
8650 4168 4459 3779 
8651 4137 4376 3499 
8652 4092 4367 3593 
8653 3750 4437 4011 
8654 3318 4430 3038 
8655 3879 4281 4266 
8656 4245 4403 3420 
8657 3423 4453 3386 
8658 3406 4443 3407 
8659 3244 4445 3410 
8660 4190 4438 3359 
8661 4012 4434 4155 
8662 3342 4461 3321 
8663 205 4427 204 
8664 3993 4431 3250 
8665 4268 4314 3365 
8666 4017 4406 3853 
8667 3614 4449 2294 
8668 3332 4450 3333 
8669 4154 4449 3294 
8670 3338 4456 3339 
8671 3636 4448 2585 
8672 3826 4439 3816 
8673 3918 4434 4012 
8674 4189 4319 2907 
8675 3724 4454 3066 
8676 3888 4435 2581 
8677 3461 4460 2165 
8678 3594 4452 3595 
8679 3678 4447 2184 
8680 3305 4411 4057 
8681 4257 4342 2561 
8682 2764 4442 3790 
8683 4086 4398 3304 
8684 3438 4367 4156 
8685 4263 4347 4107 
8686 4002 4404 3839 
8687 3420 4403 4090 
8688 4090 4396 3890 
8689 3360 4310 4228 
8690 3839 4275 4224 
8691 3039 4455 3706 
8692 2177 4457 3632 
8693 4155 4434 3717 
8694 3455 4452 4230 
8695 2147 4438 4190 
8696 4070 4415 3975 
8697 4271 4444 3306 
8698 4086 4414 3492 
8699 3878 4432 2674 
8700 4151 4369 2177 
8701 3754 4397 4157 
8702 2206 4383 4150 
8703 4151 4384 2207 
8704 4029 4408 4019 
8705 3160 4446 3743 
8706 3509 4341 4225 
8707 3998 4364 4244 
8708 2204 4335 3955 
8709 4081 4422 2171 
8710 3269 4382 4176 
8711 3398 4419 4356 
8712 3853 4406 3981 
8713 2184 4447 4207 
8714 3333 4450 4371 
8715 2294 4449 4154 
8716 3303 4388 4200 
8717 4308 4365 3237 
8718 4131 4429 3243 
8719 2585 4448 4328 
8720 3492 4414 4274 
8721 4307 4349 3206 
8722 3322 4353 4286 
8723 4247 4396 3565 
8724 3764 4459 4168 
8725 2593 4401 4366 
8726 3836 4342 4257 
8727 3384 4349 4307 
8728 3401 4365 4308 
8729 2966 4451 4184 
8730 4335 4440 3955 
8731 4250 4415 3472 
8732 3294 4393 4255 
8733 3839 4404 4275 
8734 3273 4424 4304 
8735 4349 4422 4081 
8736 4269 4437 3750 
8737 4378 4436 2414 
8738 3664 4387 4294 
8739 2653 4441 4362 
8740 4299 4395 2188 
8741 4275 4404 4077 
8742 4246 4459 3764 
8743 2989 4444 4271 
8744 4366 4401 3328 
8745 4385 4423 2282 
8746 2153 4458 4311 
8747 4362 4441 3284 
8748 3393 4423 4385 
8749 3415 4436 4378 
2 6 2 333
8750 198 4542 4517 
8751 4518 4543 116 
8752 4519 4538 176 
8753 168 4539 4520 
8754 4527 4541 146 
8755 138 4540 4523 
8756 4528 4540 136 
8757 4522 4539 166 
8758 148 4541 4526 
8759 178 4538 4525 
8760 4532 4537 186 
8761 128 4536 4531 
8762 118 4543 4524 
8763 4521 4542 196 
8764 4530 4536 126 
8765 188 4537 4529 
8766 4533 4535 156 
8767 158 4535 4534 
8768 197 4542 198 
8769 116 4543 117 
8770 146 4541 147 
8771 176 4538 177 
8772 167 4539 168 
8773 137 4540 138 
8774 136 4540 137 
8775 177 4538 178 
8776 166 4539 167 
8777 147 4541 148 
8778 117 4543 118 
8779 196 4542 197 
8780 186 4537 187 
8781 127 4536 128 
8782 126 4536 127 
8783 187 4537 188 
8784 156 4535 157 
8785 157 4535 158 
8786 179 4525 4512 
8787 4510 4528 135 
8788 149 4526 4511 
8789 4509 4522 165 
8790 4507 4519 175 
8791 139 4523 4505 
8792 169 4520 4499 
8793 4508 4527 145 
8794 119 4524 4514 
8795 4513 4521 195 
8796 189 4529 4504 
8797 4500 4532 185 
8798 4506 4530 125 
8799 129 4531 4502 
8800 4501 4533 155 
8801 199 4517 4515 
8802 159 4534 4503 
8803 4516 4518 115 
8804 178 4525 179 
8805 175 4519 176 
8806 135 4528 136 
8807 138 4523 139 
8808 165 4522 166 
8809 148 4526 149 
8810 145 4527 146 
8811 168 4520 169 
8812 118 4524 119 
8813 195 4521 196 
8814 188 4529 189 
8815 185 4532 186 
8816 125 4530 126 
8817 128 4531 129 
8818 198 4517 199 
8819 155 4533 156 
8820 158 4534 159 
8821 115 4518 116 
8822 170 4499 4481 
8823 4484 4508 144 
8824 120 4514 4486 
8825 180 4512 4485 
8826 140 4505 4493 
8827 200 4515 4482 
8828 4487 4513 194 
8829 4489 4510 134 
8830 4483 4516 114 
8831 4490 4509 164 
8832 150 4511 4488 
8833 4498 4507 174 
8834 4492 4500 184 
8835 190 4504 4491 
8836 130 4502 4495 
8837 4494 4506 124 
8838 4497 4501 154 
8839 160 4503 4496 
8840 144 4508 145 
8841 139 4505 140 
8842 174 4507 175 
8843 119 4514 120 
8844 169 4499 170 
8845 179 4512 180 
8846 194 4513 195 
8847 134 4510 135 
8848 164 4509 165 
8849 149 4511 150 
8850 114 4516 115 
8851 199 4515 200 
8852 189 4504 190 
8853 184 4500 185 
8854 124 4506 125 
8855 129 4502 130 
8856 154 4501 155 
8857 159 4503 160 
8858 4463 4498 173 
8859 141 4493 4464 
8860 171 4481 4465 
8861 191 4491 4468 
8862 4467 4494 123 
8863 4466 4484 143 
8864 4470 4492 183 
8865 131 4495 4469 
8866 4472 4497 153 
8867 161 4496 4471 
8868 121 4486 4475 
8869 4476 4487 193 
8870 181 4485 4477 
8871 4478 4489 133 
8872 4479 4490 163 
8873 4474 4483 113 
8874 151 4488 4480 
8875 201 4482 4473 
8876 4473 4474 3 
8877 152 4480 4472 
8878 4471 4479 162 
8879 4469 4478 132 
8880 182 4477 4470 
8881 4468 4476 192 
8882 122 4475 4467 
8883 172 4465 4463 
8884 4464 4466 142 
8885 170 4481 171 
8886 173 4498 174 
8887 140 4493 141 
8888 183 4492 184 
8889 153 4497 154 
8890 190 4491 191 
8891 160 4496 161 
8892 130 4495 131 
8893 123 4494 124 
8894 180 4485 181 
8895 193 4487 194 
8896 200 4482 201 
8897 120 4486 121 
8898 133 4489 134 
8899 143 4484 144 
8900 150 4488 151 
8901 163 4490 164 
8902 113 4483 114 
8903 1 4474 4473 
8904 4472 4480 40 
8905 49 4479 4471 
8906 22 4478 4469 
8907 4470 4477 67 
8908 4467 4475 13 
8909 76 4476 4468 
8910 4463 4465 58 
8911 31 4466 4464 
8912 59 4498 4463 
8913 4464 4493 30 
8914 4465 4481 57 
8915 32 4484 4466 
8916 4468 4491 75 
8917 14 4494 4467 
8918 68 4492 4470 
8919 4469 4495 21 
8920 4471 4496 48 
8921 41 4497 4472 
8922 4475 4486 12 
8923 77 4487 4476 
8924 4473 4482 84 
8925 5 4483 4474 
8926 4477 4485 66 
8927 23 4489 4478 
8928 50 4490 4479 
8929 4480 4488 39 
8930 171 4465 172 
8931 132 4478 133 
8932 181 4477 182 
8933 3 4474 113 
8934 151 4480 152 
8935 162 4479 163 
8936 201 4473 3 
8937 121 4475 122 
8938 152 4472 153 
8939 182 4470 183 
8940 192 4476 193 
8941 161 4471 162 
8942 131 4469 132 
8943 122 4467 123 
8944 191 4468 192 
8945 142 4466 143 
8946 172 4463 173 
8947 141 4464 142 
8948 4481 4499 56 
8949 33 4508 4484 
8950 4482 4515 83 
8951 6 4516 4483 
8952 4486 4514 11 
8953 24 4510 4489 
8954 4485 4512 65 
8955 51 4509 4490 
8956 78 4513 4487 
8957 4488 4511 38 
8958 4493 4505 29 
8959 69 4500 4492 
8960 4495 4502 20 
8961 42 4501 4497 
8962 4496 4503 47 
8963 4491 4504 74 
8964 15 4506 4494 
8965 60 4507 4498 
8966 4511 4526 37 
8967 25 4528 4510 
8968 52 4522 4509 
8969 4512 4525 64 
8970 4514 4524 10 
8971 79 4521 4513 
8972 4515 4517 82 
8973 7 4518 4516 
8974 4504 4529 73 
8975 16 4530 4506 
8976 4499 4520 55 
8977 61 4519 4507 
8978 4505 4523 28 
8979 70 4532 4500 
8980 4502 4531 19 
8981 34 4527 4508 
8982 43 4533 4501 
8983 4503 4534 46 
8984 4517 4542 81 
8985 8 4543 4518 
8986 44 4535 4533 
8987 4534 4535 45 
8988 4531 4536 18 
8989 71 4537 4532 
8990 4520 4539 54 
8991 62 4538 4519 
8992 35 4541 4527 
8993 4523 4540 27 
8994 17 4536 4530 
8995 4529 4537 72 
8996 53 4539 4522 
8997 4525 4538 63 
8998 26 4540 4528 
8999 4526 4541 36 
9000 80 4542 4521 
9001 4524 4543 9 
9002 59 4463 58 
9003 31 4464 30 
9004 32 4466 31 
9005 58 4465 57 
9006 76 4468 75 
9007 14 4467 13 
9008 22 4469 21 
9009 68 4470 67 
9010 49 4471 48 
9011 41 4472 40 
9012 5 4474 1 
9013 1 4473 84 
9014 13 4475 12 
9015 77 4476 76 
9016 23 4478 22 
9017 67 4477 66 
9018 40 4480 39 
9019 50 4479 49 
9020 57 4481 56 
9021 84 4482 83 
9022 30 4493 29 
9023 6 4483 5 
9024 33 4484 32 
9025 66 4485 65 
9026 51 4490 50 
9027 78 4487 77 
9028 12 4486 11 
9029 39 4488 38 
9030 24 4489 23 
9031 60 4498 59 
9032 69 4492 68 
9033 21 4495 20 
9034 75 4491 74 
9035 48 4496 47 
9036 42 4497 41 
9037 15 4494 14 
9038 56 4499 55 
9039 25 4510 24 
9040 29 4505 28 
9041 70 4500 69 
9042 43 4501 42 
9043 20 4502 19 
9044 47 4503 46 
9045 74 4504 73 
9046 11 4514 10 
9047 16 4506 15 
9048 52 4509 51 
9049 61 4507 60 
9050 34 4508 33 
9051 38 4511 37 
9052 7 4516 6 
9053 65 4512 64 
9054 79 4513 78 
9055 83 4515 82 
9056 82 4517 81 
9057 8 4518 7 
9058 62 4519 61 
9059 55 4520 54 
9060 37 4526 36 
9061 80 4521 79 
9062 64 4525 63 
9063 53 4522 52 
9064 35 4527 34 
9065 28 4523 27 
9066 10 4524 9 
9067 73 4529 72 
9068 17 4530 16 
9069 26 4528 25 
9070 19 4531 18 
9071 44 4533 43 
9072 71 4532 70 
9073 46 4534 45 
9074 45 4535 44 
9075 18 4536 17 
9076 72 4537 71 
9077 54 4539 53 
9078 27 4540 26 
9079 63 4538 62 
9080 36 4541 35 
9081 81 4542 80 
9082 9 4543 8 
3 1 4 13765
9083 1101 3521 1104 1102 
9084 271 1436 102 2160 
9085 4528 26 25 2048 
9086 686 690 1642 2620 
9087 1035 4279 1247 1655 
9088 1867 2902 2900 2956 
9089 2014 2671 1325 2675 
9090 2208 2206 4571 3908 
9091 1541 1899 4231 2185 
9092 535 2739 2741 534 
9093 821 2991 942 820 
9094 3076 2817 776 3591 
9095 716 3551 1545 819 
9096 3325 1140 4359 3324 
9097 1958 2817 1746 776 
9098 517 1326 2666 1323 
9099 1429 1866 1336 3009 
9100 2668 1326 1324 1323 
9101 902 903 2642 1055 
9102 335 336 334 2392 
9103 3475 264 4470 2191 
9104 4554 1836 4551 1076 
9105 2494 2392 2788 334 
9106 909 1572 3181 3182 
9107 2075 3363 1708 1707 
9108 3848 944 4116 4117 
9109 902 903 708 2642 
9110 4210 768 3172 4185 
9111 1253 3047 1252 2945 
9112 753 2684 2686 4162 
9113 902 1055 2642 2643 
9114 1227 3098 1985 1003 
9115 3233 3014 3172 646 
9116 2054 4146 3358 4438 
9117 2894 643 3525 1787 
9118 1276 1277 2925 1278 
9119 1109 1108 1069 3316 
9120 1303 3174 917 1081 
9121 3048 3320 3017 1469 
9122 2485 987 4053 4021 
9123 4295 1973 3555 4294 
9124 905 2373 904 4336 
9125 4385 3289 2105 3393 
9126 4021 987 4053 2059 
9127 2067 1365 1955 3941 
9128 1221 3125 3412 1217 
9129 1261 3971 1260 1259 
9130 2593 2370 904 906 
9131 2343 790 983 1346 
9132 952 2593 904 906 
9133 3124 3122 1025 1026 
9134 1865 3717 2016 2368 
9135 1583 1796 2434 706 
9136 790 3718 1865 1346 
9137 274 1461 1303 4207 
9138 1616 2256 4164 2259 
9139 595 4555 597 2470 
9140 2343 3718 790 1346 
9141 3648 3088 2291 391 
9142 1030 753 2686 4162 
9143 2295 1195 1356 1194 
9144 2707 2705 2708 843 
9145 560 561 3261 558 
9146 1030 757 2686 753 
9147 3789 566 2709 2708 
9148 3142 2121 974 1458 
9149 3505 3762 244 1413 
9150 3675 2766 2797 840 
9151 1931 1133 2676 1864 
9152 3398 1524 1169 4251 
9153 1437 3373 1874 247 
9154 515 2748 3998 514 
9155 254 2166 4419 3394 
9156 924 3090 2121 3142 
9157 4012 951 1357 1951 
9158 974 1442 1874 3372 
9159 3308 3746 379 378 
9160 716 3549 685 4171 
9161 1310 1330 1312 3656 
9162 2131 4210 1589 2404 
9163 2166 4476 193 3463 
9164 1341 2613 2611 2612 
9165 876 964 1357 4437 
9166 1755 1121 4252 1325 
9167 3750 876 4011 4437 
9168 2249 425 2248 2247 
9169 4291 1737 3836 4342 
9170 425 1187 2247 431 
9171 1121 2669 1324 2667 
9172 1520 253 4248 2026 
9173 1122 1123 3822 4028 
9174 4011 876 1357 4437 
9175 3905 1847 486 570 
9176 4322 3597 1327 4276 
9177 3603 3602 620 3907 
9178 3982 1931 2676 1864 
9179 4012 3054 4437 1357 
9180 2175 1416 4559 3593 
9181 4145 1832 4182 3295 
9182 1577 879 993 3303 
9183 605 1527 4143 3263 
9184 3521 1101 1104 1875 
9185 1595 396 3938 3630 
9186 3597 1067 1655 4279 
9187 1925 3112 3115 3627 
9188 3399 2090 4146 1335 
9189 3427 4104 4325 2061 
9190 3405 1934 3403 3071 
9191 2811 2812 1850 2987 
9192 2547 4375 2007 1368 
9193 1558 94 93 212 
9194 2163 4499 4138 1499 
9195 3174 2911 3173 1685 
9196 3738 3387 1150 3040 
9197 1480 2910 2875 3137 
9198 2054 4438 3358 1335 
9199 298 2487 299 300 
9200 3950 4375 2547 1368 
9201 3184 936 3324 4204 
9202 1177 1991 3390 1385 
9203 1706 738 3052 740 
9204 308 2399 3732 435 
9205 4111 899 3997 3259 
9206 4332 3550 818 3561 
9207 3950 2067 4375 1368 
9208 741 2359 2356 1379 
9209 1358 1847 1245 3305 
9210 2360 2361 2358 1378 
9211 725 2821 2819 1454 
9212 4307 1175 929 4568 
9213 4220 1712 3162 3942 
9214 3384 1175 4568 4349 
9215 3762 2152 3505 244 
9216 2902 3763 2956 1867 
9217 592 3081 3078 3737 
9218 2703 2670 4217 1390 
9219 1574 3421 2111 3417 
9220 4047 2475 603 602 
9221 1506 4575 2000 4568 
9222 626 2432 2430 1812 
9223 3530 3198 3197 930 
9224 2212 1948 1463 920 
9225 1944 1326 1390 3878 
9226 2673 2014 1931 2675 
9227 1892 3884 2612 3885 
9228 735 1639 3130 732 
9229 1639 3208 985 3207 
9230 3683 990 2876 4062 
9231 738 735 3130 2550 
9232 1662 4093 239 1997 
9233 738 1706 3052 1639 
9234 731 4114 378 3214 
9235 2931 2932 1401 2874 
9236 4564 4165 4196 3655 
9237 2198 1992 3495 3494 
9238 1871 375 2386 3736 
9239 3219 315 313 314 
9240 1871 314 3735 312 
9241 1441 1440 4311 3643 
9242 1650 2573 2764 2570 
9243 539 3931 1719 4007 
9244 1736 1573 3599 1818 
9245 3002 1915 1311 1883 
9246 614 815 2446 2445 
9247 4320 4566 2062 4550 
9248 1239 1220 2965 1292 
9249 2438 2440 619 3907 
9250 638 1468 827 2577 
9251 2844 1149 1928 2843 
9252 314 3219 312 313 
9253 375 316 4293 314 
9254 3455 4452 1425 4230 
9255 1244 3202 3876 1245 
9256 2003 3448 2378 4336 
9257 375 2385 316 1623 
9258 1726 4103 3936 4100 
9259 2931 3960 1037 3162 
9260 1648 1176 3540 3539 
9261 441 4110 433 2645 
9262 2288 2287 1238 2285 
9263 2518 1913 2516 2874 
9264 2243 3726 1578 4042 
9265 78 254 77 4487 
9266 1350 1351 942 3725 
9267 2629 2628 678 679 
9268 3112 1925 1158 1250 
9269 3096 927 3699 926 
9270 3726 3097 1578 4042 
9271 2484 3672 1553 2587 
9272 4038 3800 3798 1049 
9273 2925 1277 2964 1278 
9274 2199 4572 3512 4556 
9275 317 319 4327 4044 
9276 2872 791 2030 2873 
9277 757 2684 2686 753 
9278 3330 320 3241 4088 
9279 1174 3996 1212 2906 
9280 3990 1715 3252 4097 
9281 843 3903 2708 4119 
9282 2014 2672 1725 754 
9283 1715 734 4097 511 
9284 1791 1715 1086 3252 
9285 2658 511 2995 3986 
9286 1573 1736 3599 2227 
9287 3288 1835 4215 4188 
9288 3096 817 927 926 
9289 466 589 3302 2094 
9290 700 1835 607 4215 
9291 1211 3495 3996 3065 
9292 2641 1056 2743 3487 
9293 4421 3369 4248 2026 
9294 364 1540 4169 699 
9295 3609 2124 3285 1307 
9296 3186 2881 3184 937 
9297 440 439 3008 442 
9298 1662 4093 1997 3979 
9299 4009 2721 564 3896 
9300 1797 1672 2720 2732 
9301 3473 4530 126 125 
9302 979 977 3273 1009 
9303 3288 3189 1208 3011 
9304 776 589 3591 775 
9305 2124 3609 3285 4348 
9306 4289 1440 2071 3643 
9307 2212 920 2214 2213 
9308 1425 4549 1432 1433 
9309 1199 1672 2720 1797 
9310 515 2662 2664 3998 
9311 2329 2113 2327 2328 
9312 528 4223 3435 3331 
9313 3729 2596 1131 2270 
9314 4543 1882 8 268 
9315 3147 3532 4551 2953 
9316 4544 1420 1423 1422 
9317 4432 2674 2081 3878 
9318 3589 3337 4348 1399 
9319 1649 4258 4218 3266 
9320 1855 4532 4537 4226 
9321 3246 771 2877 3787 
9322 3617 2409 1533 4239 
9323 3015 3014 645 646 
9324 328 327 4270 3329 
9325 3617 1000 1533 1724 
9326 1475 4377 1878 3474 
9327 2409 698 1533 4239 
9328 3363 4324 1707 2075 
9329 1111 831 3559 2139 
9330 4123 2617 688 686 
9331 3455 4452 1433 1425 
9332 1013 3948 3034 3947 
9333 427 2289 2291 1523 
9334 2179 251 3589 223 
9335 97 216 215 3677 
9336 2014 1133 2673 1931 
9337 1618 1991 3337 3514 
9338 1318 3771 1235 1234 
9339 2034 991 1600 3134 
9340 1725 2738 3967 2677 
9341 1957 2024 4430 1567 
9342 352 3321 3342 4461 
9343 4033 3046 4108 2082 
9344 2452 3440 1657 2456 
9345 835 1705 2644 4229 
9346 3477 2076 4495 246 
9347 4060 1628 4435 2581 
9348 3648 391 2291 1523 
9349 1628 2581 3888 4435 
9350 326 4069 3329 4435 
9351 2186 199 4515 2208 
9352 1434 2124 1399 4348 
9353 2377 4069 720 3888 
9354 540 539 4189 3930 
9355 1134 3862 3861 3855 
9356 1694 859 3031 1747 
9357 1418 2881 3186 937 
9358 3980 2647 3700 707 
9359 2713 1199 2720 2719 
9360 859 3058 3031 3340 
9361 2520 1376 2519 1375 
9362 3155 2947 3154 1256 
9363 3354 3355 981 3351 
9364 3894 848 2712 2719 
9365 1832 1659 1818 4182 
9366 1132 291 289 4545 
9367 990 3234 4062 3683 
9368 946 3351 3689 388 
9369 1458 3375 3776 1457 
9370 1723 3747 3349 3347 
9371 1539 362 360 3348 
9372 1241 3354 1240 981 
9373 3354 3355 1240 981 
9374 510 506 508 2654 
9375 3558 1854 3556 3557 
9376 1260 3971 4072 1257 
9377 2810 665 663 730 
9378 3598 1659 3295 4182 
9379 3285 1011 3061 3029 
9380 1704 2739 2741 535 
9381 3064 1287 1289 3313 
9382 1689 1274 3966 1268 
9383 1628 4060 347 2581 
9384 3133 3134 3132 1600 
9385 1260 3971 1257 1259 
9386 2277 2278 712 3630 
9387 1089 4037 1693 3792 
9388 3361 3362 2984 1831 
9389 87 205 4427 204 
9390 3362 1734 2041 1831 
9391 3576 1903 4311 3574 
9392 100 220 2182 219 
9393 3105 801 3742 3743 
9394 1259 4000 1257 1258 
9395 1618 1177 1991 3514 
9396 3971 4000 1257 1259 
9397 3125 1221 3388 3126 
9398 924 2121 974 3142 
9399 3527 1822 3624 4238 
9400 930 4307 929 4568 
9401 4016 2046 2194 1487 
9402 931 1175 929 3384 
9403 1527 766 3129 3263 
9404 1546 2744 3610 4295 
9405 4519 176 2171 4083 
9406 1328 2523 2521 949 
9407 2056 1496 2039 3412 
9408 418 4089 402 400 
9409 111 286 4565 112 
9410 3652 1252 1251 1249 
9411 3177 3433 1502 3380 
9412 1497 4208 277 4480 
9413 3125 1221 3126 1060 
9414 3959 836 4254 929 
9415 1199 1701 2713 3896 
9416 2274 962 2279 3546 
9417 671 670 3759 3541 
9418 1420 4544 1421 1422 
9419 825 1429 4329 454 
9420 2166 3463 3394 1740 
9421 3178 1775 2940 3765 
9422 1199 1672 1701 3896 
9423 3058 3301 861 3300 
9424 3635 1854 3557 948 
9425 3191 4357 1465 469 
9426 3707 2242 1224 2241 
9427 4263 407 4107 4347 
9428 3642 4102 971 3748 
9429 1021 3012 3237 3127 
9430 553 551 2730 552 
9431 1021 3012 1020 1062 
9432 661 3418 3417 3416 
9433 3013 661 3416 3418 
9434 1341 2612 2611 2609 
9435 3121 1060 3126 1456 
9436 1176 3540 3539 3538 
9437 2714 2729 2730 553 
9438 3004 1310 2936 3656 
9439 3960 513 1037 3162 
9440 976 3276 3385 1976 
9441 554 553 2730 552 
9442 2705 845 1674 843 
9443 2497 3620 1679 3621 
9444 3554 3635 3557 948 
9445 1991 1177 3390 3514 
9446 3367 1815 1848 1769 
9447 236 4463 58 59 
9448 3407 238 1489 1711 
9449 2505 3446 2488 1641 
9450 2183 3691 1511 4261 
9451 1935 4456 2163 4267 
9452 2476 633 1468 1675 
9453 1714 3427 3426 4392 
9454 3048 1713 3427 3426 
9455 1529 892 1648 3540 
9456 4310 4531 129 128 
9457 2101 3407 1489 1711 
9458 3320 1471 2448 3428 
9459 1001 2310 1774 1029 
9460 1441 1937 3644 3572 
9461 1854 3554 3557 948 
9462 1471 2091 1470 2448 
9463 539 540 538 3930 
9464 2775 1680 2884 2885 
9465 3375 974 1457 1458 
9466 1747 3432 3439 1688 
9467 204 87 1733 4427 
9468 958 3949 959 4198 
9469 4298 4242 2774 554 
9470 2398 3735 1886 2389 
9471 4576 1968 755 4553 
9472 2773 554 2730 552 
9473 283 88 1707 2203 
9474 693 3884 1892 3885 
9475 2737 2067 4198 3941 
9476 601 600 2467 598 
9477 3549 685 4171 4084 
9478 4417 2150 179 4512 
9479 2183 214 1511 3690 
9480 3361 1831 2984 1214 
9481 2088 3001 1918 411 
9482 4550 182 2191 3515 
9483 214 95 1511 3690 
9484 1723 1241 3747 1993 
9485 2000 930 929 4568 
9486 2165 1525 1987 4460 
9487 3462 1288 1525 4460 
9488 1516 2298 2108 1196 
9489 3187 1350 4287 1389 
9490 416 1374 2083 3636 
9491 1747 859 3031 3340 
9492 3433 3177 2087 3293 
9493 4340 4187 1500 236 
9494 4258 1649 940 864 
9495 1627 848 911 2719 
9496 1935 4267 1964 1513 
9497 164 165 4509 3494 
9498 1384 1383 1106 3626 
9499 3712 423 3711 421 
9500 1494 50 4490 4479 
9501 3550 3552 819 3561 
9502 1437 2002 1874 3373 
9503 1472 2628 2626 679 
9504 2253 417 420 421 
9505 1563 1562 2497 1679 
9506 4573 2200 156 3505 
9507 2253 3883 421 3712 
9508 1063 4365 1102 1113 
9509 2915 867 866 1014 
9510 3617 3616 4199 1533 
9511 3617 1000 3616 1533 
9512 4313 1436 101 247 
9513 760 2718 758 1770 
9514 4559 270 4546 3632 
9515 1068 2388 2384 3596 
9516 3762 1413 3503 4380 
9517 540 4189 2907 3930 
9518 1804 1968 4553 755 
9519 4550 4477 182 3515 
9520 381 1533 4239 377 
9521 2165 4486 3469 1987 
9522 2155 3475 1514 4492 
9523 1713 3048 1470 3426 
9524 2179 251 4418 3589 
9525 1463 3068 1032 1846 
9526 3284 4441 343 4085 
9527 2742 538 1058 3930 
9528 3308 381 377 379 
9529 2936 2795 2935 1312 
9530 1330 3573 3656 3624 
9531 693 694 3611 3612 
9532 1331 2365 3673 2364 
9533 4432 3296 519 3379 
9534 3751 1924 964 2141 
9535 459 4423 3393 2224 
9536 4137 309 307 308 
9537 2241 2240 1226 2239 
9538 977 3273 4424 4304 
9539 3514 1618 3062 3061 
9540 979 3273 3062 3030 
9541 1398 2132 250 2180 
9542 1176 3542 3540 3538 
9543 1528 3542 3538 3562 
9544 3835 1216 3821 1125 
9545 2256 2255 1616 4164 
9546 2639 672 3536 673 
9547 1176 3542 3538 1528 
9548 1369 2547 1368 1190 
9549 44 4533 1967 43 
9550 3308 4199 377 4239 
9551 2208 199 4515 200 
9552 2773 554 2774 2730 
9553 3549 714 685 4084 
9554 2868 3120 1861 3119 
9555 3563 3542 4084 680 
9556 3344 1606 354 357 
9557 3088 392 2291 391 
9558 2751 3563 4084 680 
9559 3076 589 3778 3591 
9560 381 3308 377 4239 
9561 287 1869 2074 4571 
9562 1142 1144 3571 1961 
9563 4566 66 4477 4485 
9564 788 797 763 2216 
9565 2880 1970 1415 1139 
9566 110 270 4559 3632 
9567 1769 3620 4331 3621 
9568 3548 4433 773 3547 
9569 692 4058 3569 3137 
9570 713 602 600 3974 
9571 1693 4037 2568 3924 
9572 3485 4484 1487 1491 
9573 4036 4047 3627 766 
9574 2332 2331 2330 356 
9575 594 3583 596 1555 
9576 4168 1171 4459 3764 
9577 2504 1849 3713 1227 
9578 745 4056 3150 3877 
9579 525 3069 522 523 
9580 2916 745 752 3150 
9581 1585 4378 2414 657 
9582 2630 705 676 678 
9583 1563 2497 1566 1679 
9584 1925 3112 3627 1963 
9585 3560 1111 831 3559 
9586 2497 2462 3621 1679 
9587 1854 1111 3558 2139 
9588 220 4313 101 247 
9589 3712 422 421 420 
9590 738 1639 3130 735 
9591 2812 1200 2763 1058 
9592 2497 3620 3619 1566 
9593 1563 2497 3619 1566 
9594 2001 1182 3282 1577 
9595 1143 1142 3571 3000 
9596 4544 1419 3633 2178 
9597 1143 1144 3571 1142 
9598 2812 1200 3439 2907 
9599 3914 2969 1856 3264 
9600 540 4319 1688 2907 
9601 832 1484 3603 620 
9602 676 675 2753 2631 
9603 1024 3279 1182 993 
9604 659 661 777 3416 
9605 4102 4169 699 3689 
9606 678 2630 2631 676 
9607 3070 3069 2973 526 
9608 340 341 4051 339 
9609 2002 1638 3582 933 
9610 3210 380 1588 379 
9611 3210 380 985 1588 
9612 764 2768 2766 2797 
9613 4454 2035 2187 3724 
9614 3560 1111 719 831 
9615 3212 3210 1588 379 
9616 3143 3675 3953 973 
9617 4092 1430 266 4367 
9618 3212 3211 1588 3210 
9619 3212 3213 382 1588 
9620 1395 2047 1393 3438 
9621 4367 2047 3438 4156 
9622 3464 2805 2954 294 
9623 4257 2561 575 3936 
9624 2802 2992 820 775 
9625 106 107 1974 226 
9626 1271 1259 1258 2587 
9627 3213 3212 3211 1588 
9628 3179 4016 1022 4345 
9629 1904 3983 1558 1349 
9630 4411 4057 3945 1996 
9631 3046 933 2082 3582 
9632 4445 3244 2118 1446 
9633 4068 1681 3581 1766 
9634 1681 4046 4068 3581 
9635 1517 4046 3581 3604 
9636 2175 4559 4546 3632 
9637 3230 3686 1633 4042 
9638 374 3650 376 377 
9639 2283 3629 442 3008 
9640 554 3901 2774 553 
9641 1530 1881 3218 313 
9642 1327 2012 3225 1655 
9643 554 553 2774 2730 
9644 2399 2397 2396 435 
9645 2850 1783 1207 2849 
9646 4144 3637 4558 1764 
9647 4135 2052 1377 3357 
9648 2806 2805 294 296 
9649 4135 2418 2052 4174 
9650 2431 2429 1812 1952 
9651 1184 1596 2284 1183 
9652 4566 66 1844 1975 
9653 2465 604 1599 2463 
9654 293 294 292 2954 
9655 2464 2465 1599 2463 
9656 4102 947 3689 699 
9657 2629 678 2631 676 
9658 2072 1493 4425 2116 
9659 3092 4159 3188 1282 
9660 1540 369 365 4050 
9661 350 4134 346 1636 
9662 404 3670 402 1610 
9663 2446 614 2445 2444 
9664 404 715 3670 1610 
9665 1495 1230 4556 1960 
9666 1271 2483 1301 1720 
9667 2255 419 1616 729 
9668 2295 1195 1194 2293 
9669 955 1341 2612 2613 
9670 2267 3670 1610 2271 
9671 2641 1056 2640 2743 
9672 823 3760 3659 2108 
9673 1472 682 679 2626 
9674 823 3761 3659 3760 
9675 1651 2272 2050 2271 
9676 4154 1569 4449 2294 
9677 2267 715 1610 3670 
9678 1416 270 4546 4559 
9679 2263 2265 3688 1646 
9680 1910 1319 3658 2909 
9681 406 715 2265 2268 
9682 3541 671 674 3536 
9683 21 2076 246 4495 
9684 583 1386 1382 3223 
9685 2074 4571 4569 112 
9686 364 4203 363 362 
9687 1607 3565 1851 1621 
9688 4090 3565 1851 4396 
9689 4080 3166 4089 401 
9690 675 674 673 2753 
9691 2273 2271 1610 2576 
9692 1449 672 2635 673 
9693 1347 2343 983 1346 
9694 122 2190 123 4467 
9695 1176 3538 3537 674 
9696 1369 2547 1190 3951 
9697 364 4169 3352 699 
9698 738 1639 3052 3130 
9699 1617 351 1671 2334 
9700 1001 2309 390 1774 
9701 1650 2573 1098 2764 
9702 1693 1089 3792 1092 
9703 553 3901 2774 2730 
9704 188 2187 3471 4529 
9705 1209 3631 3280 1809 
9706 3047 1253 1891 2947 
9707 2883 2960 2959 875 
9708 4421 2122 1482 2026 
9709 1010 1561 3028 3005 
9710 249 4299 1930 2053 
9711 221 4313 101 220 
9712 3727 2318 4050 369 
9713 2563 1847 1996 488 
9714 274 96 1460 2184 
9715 2300 1808 2302 2301 
9716 4429 3243 478 4131 
9717 913 899 4111 3259 
9718 328 326 3329 4435 
9719 716 3551 3549 4171 
9720 2495 1547 4581 2029 
9721 2483 2584 1807 3482 
9722 1394 1397 3269 1151 
9723 2299 2833 970 2301 
9724 361 4256 358 360 
9725 2166 4476 4487 193 
9726 3685 1475 3292 1273 
9727 3903 2705 1674 843 
9728 3629 439 3230 984 
9729 4476 2189 192 3463 
9730 4571 2134 3908 1632 
9731 3187 1350 4173 4287 
9732 1350 252 4173 4287 
9733 1266 1263 2589 2807 
9734 2178 231 4150 4560 
9735 316 2385 4293 3875 
9736 999 4354 2502 3434 
9737 2076 280 1334 2192 
9738 3351 3349 388 981 
9739 1723 3353 3747 3347 
9740 646 644 3271 1598 
9741 3353 3345 784 1304 
9742 362 3356 360 3348 
9743 1243 3758 2327 1337 
9744 743 4056 4107 3317 
9745 1868 4565 4562 1643 
9746 4345 2046 3486 3485 
9747 463 2421 3295 3204 
9748 4192 1635 742 2326 
9749 1167 4035 1168 1304 
9750 2329 1243 3758 2327 
9751 2326 1635 2125 2324 
9752 1189 2244 2243 2242 
9753 2175 229 4559 3632 
9754 1329 1365 3941 1955 
9755 3025 3026 3024 1923 
9756 2860 1673 1709 1405 
9757 2769 4213 783 2085 
9758 4539 4522 3491 1842 
9759 2033 4509 233 52 
9760 634 2419 2423 2416 
9761 1673 2858 2103 2862 
9762 4552 636 635 2416 
9763 2706 847 2723 2704 
9764 1673 2858 2862 3877 
9765 286 4565 1868 1643 
9766 4054 547 2886 2884 
9767 3165 3107 3260 411 
9768 3361 1214 2996 1708 
9769 4550 4566 2062 1975 
9770 304 2420 303 3755 
9771 363 4203 361 362 
9772 1098 2749 1295 1115 
9773 4179 404 4216 3670 
9774 2069 4190 4184 4451 
9775 496 495 2540 2541 
9776 2782 2095 2752 1698 
9777 1856 1670 4066 3264 
9778 1132 1643 4545 289 
9779 3370 4546 4545 4457 
9780 4267 3483 279 1964 
9781 339 341 4051 3148 
9782 4546 4562 4545 4457 
9783 3780 2871 2392 336 
9784 2744 1642 3610 2620 
9785 1165 2912 2831 2830 
9786 4124 558 3262 4119 
9787 3757 4338 3335 1344 
9788 1703 1680 2775 2885 
9789 547 1680 2886 2884 
9790 3792 1112 1092 3791 
9791 3694 1095 4076 3984 
9792 3795 3793 1091 3797 
9793 2936 2795 1311 3002 
9794 1584 2298 2414 1196 
9795 3694 1097 3693 4076 
9796 547 550 1680 2884 
9797 3092 1452 3094 2807 
9798 4093 3957 4440 1997 
9799 1702 2078 1997 4440 
9800 2742 3930 1058 2763 
9801 1398 4126 1100 1942 
9802 384 3402 387 3368 
9803 4332 891 818 3548 
9804 3993 4561 1478 3194 
9805 4335 2078 3957 3956 
9806 2306 2308 1003 3098 
9807 1649 4258 940 4218 
9808 3805 1044 1768 1047 
9809 4100 4103 3800 1049 
9810 4080 400 3654 399 
9811 1596 2289 2285 3580 
9812 2460 2461 608 2459 
9813 3815 3814 1129 3813 
9814 3814 2099 1129 3813 
9815 1711 238 1487 3481 
9816 3246 771 740 2877 
9817 3070 527 526 3435 
9818 3905 1847 1358 3305 
9819 1946 1900 3108 1225 
9820 3957 3979 3802 1192 
9821 736 2876 2510 1631 
9822 1794 1187 3723 1625 
9823 2099 3812 1237 1929 
9824 3637 2476 2578 1675 
9825 1002 2308 1003 2306 
9826 4511 1496 38 234 
9827 229 2176 228 4559 
9828 1980 1669 2565 2566 
9829 2057 3840 3841 1753 
9830 3910 2562 2565 2006 
9831 2766 764 2797 840 
9832 1123 1125 1124 3820 
9833 1122 3825 3822 3824 
9834 1407 2663 4018 2715 
9835 3913 3331 1828 574 
9836 764 1638 2797 840 
9837 1778 1372 1127 3965 
9838 2949 1695 853 2968 
9839 1800 3178 1038 3380 
9840 2844 2843 1928 2840 
9841 3826 4409 3965 1372 
9842 85 4147 235 4557 
9843 1253 1252 1251 2945 
9844 3858 3845 3852 1776 
9845 912 1802 1053 2808 
9846 1219 1239 3304 2042 
9847 3773 4399 1666 1135 
9848 4408 3857 4029 893 
9849 4071 4153 852 3073 
9850 1087 899 3997 897 
9851 1901 3773 1666 1135 
9852 4408 1989 4029 4019 
9853 472 1559 464 3294 
9854 2716 2717 2722 1788 
9855 1442 100 219 99 
9856 2821 725 2819 4030 
9857 3848 945 4028 4029 
9858 1167 1166 2832 1165 
9859 2821 2820 2819 1454 
9860 2914 2915 1014 3897 
9861 4554 4561 1028 1039 
9862 589 3076 3302 2094 
9863 846 847 1698 2727 
9864 2628 2629 2627 679 
9865 800 3879 3106 1696 
9866 2914 3898 3897 1014 
9867 2914 1902 3898 1014 
9868 3785 4451 1366 3954 
9869 1046 3807 3809 3808 
9870 2486 1084 2435 2829 
9871 2926 810 3105 3106 
9872 471 470 711 4098 
9873 4338 3276 3335 1344 
9874 3213 384 3368 3309 
9875 2749 1099 1098 3695 
9876 100 219 3623 2181 
9877 735 736 733 3786 
9878 2465 2464 1599 2466 
9879 4056 745 1004 3877 
9880 3672 2484 1553 2491 
9881 1879 4087 1905 4402 
9882 2168 4093 4440 239 
9883 2484 1271 1553 1720 
9884 3420 1879 4402 4090 
9885 1185 1186 3890 1184 
9886 485 487 486 2554 
9887 1186 2287 3890 1184 
9888 2590 2745 3601 1542 
9889 3672 1264 1553 1261 
9890 375 1871 314 3736 
9891 1513 4267 1964 4008 
9892 3672 1261 1553 1259 
9893 1779 2714 553 556 
9894 3629 439 442 3008 
9895 3197 3198 996 930 
9896 2937 1833 4358 1998 
9897 1079 877 1080 2999 
9898 4455 3387 1548 3428 
9899 3944 2680 2678 1036 
9900 3796 3979 1742 3799 
9901 3482 1362 1807 1720 
9902 1241 3354 3747 4112 
9903 1084 2486 2830 2829 
9904 1264 3672 1553 2491 
9905 2484 2491 2490 1553 
9906 1363 319 317 4044 
9907 3241 319 3240 4044 
9908 1331 2364 3673 1006 
9909 2375 3752 1731 721 
9910 319 1453 3240 4044 
9911 2960 1100 2959 875 
9912 500 2536 499 2544 
9913 2575 1570 1180 1731 
9914 2240 1801 1226 2239 
9915 1623 1789 2381 3874 
9916 1574 661 3417 777 
9917 2575 3752 1570 1731 
9918 3296 523 519 3379 
9919 3069 523 3379 522 
9920 1306 3991 2697 2065 
9921 912 2728 2725 911 
9922 3565 670 1851 1621 
9923 2157 1431 4491 4504 
9924 4115 3156 4054 548 
9925 1660 1703 3881 2885 
9926 551 2729 3933 3934 
9927 4267 3484 3483 1964 
9928 1998 4298 4358 567 
9929 547 3933 2884 4054 
9930 41 4497 260 4472 
9931 3466 118 2173 4524 
9932 3752 2575 2375 1731 
9933 3800 1050 1049 1048 
9934 3465 252 1388 4468 
9935 737 1683 2512 2514 
9936 4246 3510 1153 1154 
9937 2552 2551 489 2549 
9938 252 3465 4491 4468 
9939 1889 3937 1718 2568 
9940 2439 1581 2438 619 
9941 3916 2520 1086 3252 
9942 4192 363 361 1635 
9943 1683 2515 2513 2514 
9944 2549 2563 3945 488 
9945 2678 3944 1036 2698 
9946 2078 4335 284 3956 
9947 2718 758 2683 4209 
9948 205 87 3987 204 
9949 4200 829 992 4558 
9950 1057 3320 3428 1471 
9951 3992 203 2148 255 
9952 1439 3872 1305 2759 
9953 3944 537 1036 2698 
9954 3828 1662 1742 3979 
9955 538 1704 535 2742 
9956 3311 1552 1197 2743 
9957 3850 3849 3847 807 
9958 1090 3828 1742 3979 
9959 3539 1648 3545 3544 
9960 878 1447 961 3504 
9961 776 2757 775 3591 
9962 4266 779 3425 778 
9963 3816 3826 1371 4439 
9964 4409 3970 503 1949 
9965 4409 503 1372 1949 
9966 3816 1371 3823 4439 
9967 4049 2022 3141 1458 
9968 3675 924 3143 3090 
9969 650 3233 4195 1589 
9970 108 107 4549 266 
9971 3532 3147 1485 3533 
9972 241 3904 2119 1591 
9973 1276 1277 2963 2925 
9974 1090 1662 1742 3828 
9975 1007 1756 1576 2841 
9976 1683 2515 2063 2513 
9977 2839 1756 1007 2841 
9978 534 2760 586 532 
9979 243 1459 3776 1458 
9980 1768 3805 1047 3803 
9981 3089 1803 3744 2734 
9982 1802 3089 3744 3989 
9983 1552 1056 1197 2743 
9984 1803 2726 1053 3744 
9985 1050 3800 3799 1048 
9986 4247 1607 2286 1075 
9987 330 329 3215 328 
9988 2484 2483 2481 1271 
9989 3425 779 4446 3424 
9990 715 2036 2265 2266 
9991 2812 1694 1850 2987 
9992 1524 4251 4513 1697 
9993 3300 3057 907 862 
9994 2144 4498 173 4463 
9995 121 2165 3461 4475 
9996 3870 1709 871 872 
9997 1445 1260 3093 4072 
9998 1445 1260 4072 1257 
9999 2943 3917 3918 1940 
10000 876 3750 964 4437 
10001 294 2805 2954 293 
10002 1409 1758 1130 4022 
10003 1130 1758 1757 4022 
10004 1800 3178 3380 3381 
10005 1757 1758 4372 4022 
10006 1430 4092 3159 4156 
10007 590 2223 2501 975 
10008 2226 458 2225 2224 
10009 3563 1528 680 677 
10010 2086 3861 3845 3843 
10011 1824 1956 1401 2932 
10012 2419 826 4135 2418 
10013 4168 1969 4459 1171 
10014 466 4240 3302 465 
10015 3046 3582 2082 4033 
10016 305 304 303 3755 
10017 3582 2002 2082 4033 
10018 251 1991 3337 1399 
10019 1437 3374 4108 4033 
10020 2146 3739 1558 212 
10021 1638 2002 3953 973 
10022 3675 1638 3953 973 
10023 2002 1638 3953 3582 
10024 1363 449 1362 3086 
10025 1789 910 2380 2379 
10026 1789 1034 1829 2381 
10027 1155 4246 2956 3705 
10028 320 318 4327 4088 
10029 4240 3999 3302 465 
10030 1276 2925 1966 1278 
10031 2998 2999 3050 1080 
10032 2578 1536 4558 1675 
10033 3080 3081 592 1575 
10034 874 2800 3017 794 
10035 469 4157 3755 303 
10036 1880 2333 1901 1193 
10037 2871 336 335 2392 
10038 2426 2427 1927 630 
10039 2157 1431 4287 252 
10040 4026 2064 4055 3709 
10041 3651 649 1675 3637 
10042 2399 2396 3732 435 
10043 2999 1079 3050 1080 
10044 957 2960 3040 3039 
10045 1926 2694 1700 2693 
10046 4014 2021 277 2039 
10047 672 671 669 3759 
10048 3190 3191 1466 2924 
10049 769 2513 1016 2511 
10050 954 1933 4129 2005 
10051 3651 633 1675 631 
10052 1519 2188 249 2114 
10053 954 3719 4129 1933 
10054 3770 835 2644 4254 
10055 273 98 2153 3643 
10056 1536 1764 4558 1675 
10057 3322 658 656 657 
10058 3422 1640 1741 3209 
10059 791 3013 662 1537 
10060 1712 2948 1037 3162 
10061 1605 3110 3679 345 
10062 1764 3637 4558 1675 
10063 1783 2850 3769 2851 
10064 3165 403 1918 411 
10065 86 203 2149 235 
10066 3483 2163 279 4481 
10067 3178 3958 1775 3765 
10068 1775 968 2940 3765 
10069 1768 4002 1806 1201 
10070 3829 3803 1348 3956 
10071 506 505 2655 2535 
10072 1805 1738 4224 4275 
10073 2046 4345 2194 3485 
10074 2185 3451 4516 115 
10075 4242 557 2774 554 
10076 1440 98 273 3643 
10077 3993 4561 3194 3042 
10078 1054 1321 3704 960 
10079 2381 1789 2379 3874 
10080 1599 2465 2466 2467 
10081 4000 3155 4072 1257 
10082 1045 4103 3801 3804 
10083 2471 4555 2470 2469 
10084 2493 372 2314 2316 
10085 3477 131 4469 2192 
10086 4563 1143 2822 3000 
10087 3794 3795 3793 1091 
10088 1089 3794 3793 1091 
10089 1803 2734 841 1652 
10090 4456 1935 1499 2060 
10091 3496 3495 1173 4351 
10092 2152 3762 3570 1961 
10093 1371 578 3823 4439 
10094 4521 196 4251 195 
10095 473 2927 3183 3199 
10096 582 581 1652 2733 
10097 4232 3553 4295 1546 
10098 3597 4276 3225 1327 
10099 1908 4190 4438 3359 
10100 1848 3620 1566 3140 
10101 2726 2733 1652 1797 
10102 1089 3795 3794 1091 
10103 3748 4102 971 972 
10104 3151 440 3007 4193 
10105 1585 2297 1196 2414 
10106 1978 2845 1149 2844 
10107 1866 440 4193 3007 
10108 439 438 3008 3152 
10109 3614 1559 4449 4393 
10110 3903 843 1674 1690 
10111 3625 2833 1521 4337 
10112 265 89 3450 1707 
10113 696 694 3611 695 
10114 440 1866 4193 445 
10115 941 2833 3568 432 
10116 3625 1521 970 1784 
10117 1756 4121 1741 717 
10118 901 4233 391 432 
10119 901 941 3568 432 
10120 1516 2299 941 970 
10121 2853 2852 871 1663 
10122 3158 3154 4130 1843 
10123 120 121 4486 2165 
10124 3218 3219 3016 313 
10125 3521 1101 4308 1102 
10126 2157 3465 190 4491 
10127 2421 3598 2231 1560 
10128 1178 3081 592 3737 
10129 1090 3796 3828 3979 
10130 4181 3158 4130 1843 
10131 1354 1958 2094 3075 
10132 560 3133 563 1600 
10133 4397 3768 2489 585 
10134 1629 2652 1819 935 
10135 3531 1165 2912 2015 
10136 1835 4188 607 4215 
10137 3715 935 2016 2115 
10138 2421 463 3295 1659 
10139 1020 1208 1062 3011 
10140 625 3661 4039 3667 
10141 87 1738 3987 204 
10142 317 449 3086 2986 
10143 557 4180 2774 554 
10144 3715 935 2115 1819 
10145 3276 3334 3335 4574 
10146 3715 2652 1819 2349 
10147 546 3156 2886 2930 
10148 1593 2842 1928 1872 
10149 3926 1634 1137 2202 
10150 935 2652 1819 3715 
10151 3488 4541 1493 4526 
10152 1860 3189 4197 4243 
10153 2221 2220 467 591 
10154 2824 461 3615 4393 
10155 2055 4577 2084 4581 
10156 723 2012 3225 3104 
10157 329 331 3215 3181 
10158 1825 1569 2294 4449 
10159 1339 3265 4177 4129 
10160 2045 1372 1778 3965 
10161 3331 1782 1828 574 
10162 3615 1559 3614 4393 
10163 4004 1881 3218 3217 
10164 1902 1013 1405 3947 
10165 4269 3036 964 1370 
10166 4264 3993 1478 3194 
10167 4564 3043 3655 1027 
10168 1442 99 4128 1457 
10169 3992 4224 1758 255 
10170 3903 1779 1674 3902 
10171 3352 362 388 3350 
10172 2462 1562 982 1679 
10173 1798 2320 1840 1620 
10174 2821 1721 1454 1455 
10175 562 4010 564 563 
10176 1303 3174 3173 1685 
10177 4465 4187 1500 2193 
10178 4444 1218 3306 3665 
10179 3483 4465 2193 171 
10180 4465 3483 2193 1500 
10181 4412 1955 2525 3941 
10182 227 107 3592 266 
10183 2529 1365 2737 3941 
10184 1955 4412 1696 3314 
10185 3213 382 1588 717 
10186 759 2685 2683 4209 
10187 1237 3812 1071 1929 
10188 99 98 1440 218 
10189 2920 3201 915 2918 
10190 760 803 4209 4344 
10191 715 2036 2266 1777 
10192 1506 4575 2098 2000 
10193 760 759 4209 803 
10194 3422 3211 3209 1741 
10195 1658 787 3622 1556 
10196 624 623 2437 622 
10197 3209 3211 1588 1741 
10198 302 2451 301 3754 
10199 3432 2958 2887 855 
10200 2696 1990 2694 1700 
10201 4244 2748 4220 514 
10202 1496 2197 2039 3412 
10203 98 217 2153 3643 
10204 1473 4564 1765 702 
10205 1904 1097 1512 3693 
10206 218 98 3643 217 
10207 2267 715 2265 2266 
10208 808 928 3853 806 
10209 2254 2256 415 2257 
10210 513 514 1712 4220 
10211 4399 1666 939 2347 
10212 2602 424 423 2600 
10213 2514 1683 2512 2513 
10214 878 880 828 4563 
10215 3960 734 1037 513 
10216 514 4244 3942 4220 
10217 2089 3190 1467 1465 
10218 1440 98 3643 218 
10219 1031 1933 1840 2346 
10220 438 445 3151 4141 
10221 3748 4102 972 2580 
10222 1888 2811 1058 1850 
10223 2350 2349 2348 1665 
10224 3619 1912 1565 1566 
10225 2691 2690 2689 1852 
10226 1132 291 4545 3171 
10227 2420 304 303 302 
10228 549 550 2884 3933 
10229 1882 1526 2173 4524 
10230 616 2443 2442 2441 
10231 1087 2691 1852 2690 
10232 1986 3760 2404 1589 
10233 1411 4063 3468 3467 
10234 858 3301 3058 3431 
10235 2177 4565 4570 4369 
10236 85 4557 1751 2 
10237 906 2369 1586 2367 
10238 3014 650 646 3233 
10239 3948 3950 1368 959 
10240 583 4026 2064 4055 
10241 291 3045 4545 3171 
10242 2816 295 812 293 
10243 1386 583 4055 3223 
10244 777 661 3417 3416 
10245 3371 3370 3171 4545 
10246 1087 1926 1852 2691 
10247 1704 535 2741 534 
10248 3674 1893 2137 4095 
10249 2729 3934 1699 2699 
10250 221 3608 101 272 
10251 4443 2145 238 3481 
10252 2021 4014 3281 1532 
10253 3279 1024 1023 993 
10254 1218 1979 3306 3665 
10255 1242 3257 3272 3258 
10256 2271 1651 1610 2050 
10257 650 3014 647 3524 
10258 1979 1220 3306 3665 
10259 1220 1979 1218 3665 
10260 3707 1900 2598 1863 
10261 4500 2155 185 4371 
10262 623 2454 2863 2437 
10263 3014 650 3233 3524 
10264 4180 557 2774 4242 
10265 2880 1415 2966 1139 
10266 2241 1226 1224 1863 
10267 974 3143 3372 1874 
10268 4378 1585 4436 659 
10269 3373 3143 973 1874 
10270 3143 3373 3372 1874 
10271 1109 4290 3687 3316 
10272 1494 2198 278 4479 
10273 54 55 261 4520 
10274 4365 1063 1102 4308 
10275 4223 3070 2973 526 
10276 1680 855 2887 2885 
10277 1464 1535 2866 1885 
10278 551 2729 2731 3933 
10279 1914 1464 2866 1885 
10280 855 2957 2887 2885 
10281 3120 3121 1103 1059 
10282 1810 2899 2898 2897 
10283 836 705 3770 835 
10284 4002 1805 1806 1201 
10285 4496 259 47 4503 
10286 3208 3210 3214 380 
10287 1317 3299 3094 1689 
10288 1803 1077 841 3089 
10289 1024 3124 3278 1025 
10290 164 4509 4490 3494 
10291 1210 4038 1088 1049 
10292 3829 4077 1348 1806 
10293 1589 650 653 4195 
10294 1535 2865 1885 652 
10295 3059 767 3513 656 
10296 3499 309 4137 3733 
10297 3185 1988 3325 1138 
10298 2310 2308 3713 1029 
10299 3784 4190 237 1367 
10300 2866 1535 2865 1885 
10301 276 3488 4541 1493 
10302 767 2903 3513 654 
10303 2933 2903 654 3513 
10304 4286 2933 654 3513 
10305 418 1651 1610 2273 
10306 2868 2866 2865 1885 
10307 4452 3594 257 4152 
10308 4290 1109 3687 1161 
10309 702 4133 3533 687 
10310 3300 4368 907 3441 
10311 396 3938 3128 2836 
10312 500 2534 2533 2532 
10313 1108 1109 3687 3316 
10314 3893 2530 4297 778 
10315 1716 3696 329 3084 
10316 3641 1727 371 2313 
10317 771 3893 4297 778 
10318 237 3784 211 2147 
10319 4003 1816 3834 4394 
10320 3543 3548 773 3547 
10321 569 581 580 2736 
10322 958 810 3106 1696 
10323 771 3246 4297 3893 
10324 3322 656 4286 655 
10325 1471 2448 4031 1896 
10326 1250 3112 1249 1158 
10327 1560 3598 2231 2229 
10328 450 2448 1896 2447 
10329 1858 3400 1876 1105 
10330 1505 3430 2171 4538 
10331 2724 2813 2722 896 
10332 4505 4493 1488 3523 
10333 1134 3862 2814 3861 
10334 450 1471 1896 2448 
10335 4265 539 541 542 
10336 2122 1288 3462 1482 
10337 3254 749 2930 544 
10338 4473 232 112 4571 
10339 1109 1108 3687 1161 
10340 4244 516 4364 3998 
10341 525 526 1686 2973 
10342 1660 855 1680 2885 
10343 1408 869 2661 4018 
10344 2586 595 593 594 
10345 869 2663 2661 4018 
10346 2451 301 2489 299 
10347 1660 2957 855 2885 
10348 1810 1787 2895 2898 
10349 3510 1153 1152 4341 
10350 3509 3510 1152 4341 
10351 1488 3406 1113 3523 
10352 1728 4115 1729 548 
10353 2894 1787 3525 2895 
10354 595 594 2470 596 
10355 1539 3350 3348 3349 
10356 3044 3871 4063 1410 
10357 3697 3366 4352 1780 
10358 2047 1430 1393 4156 
10359 4363 2112 3171 1909 
10360 1132 2135 4545 1643 
10361 3630 1595 3580 3938 
10362 3045 2954 3019 291 
10363 2515 1683 2063 883 
10364 1386 583 2064 4055 
10365 3045 291 3019 3171 
10366 4363 2031 3468 3458 
10367 3796 1090 3828 3795 
10368 2683 758 2682 756 
10369 2112 4231 4363 3171 
10370 3406 4365 1113 3523 
10371 495 496 2540 497 
10372 495 496 494 2541 
10373 867 914 2917 752 
10374 2742 2762 2763 1058 
10375 3820 3824 3985 1124 
10376 3609 2124 272 2159 
10377 3301 858 1626 4101 
10378 1200 2812 2763 2907 
10379 1265 1264 2589 1263 
10380 3685 2934 4023 1270 
10381 2228 3671 454 2282 
10382 3077 2472 3528 4578 
10383 2871 337 335 336 
10384 1009 1010 1017 3028 
10385 2487 298 2455 300 
10386 2817 1746 2756 3074 
10387 538 540 1058 3930 
10388 459 4240 466 465 
10389 1704 2762 1058 1888 
10390 3289 1354 3076 3075 
10391 3565 1607 4396 4247 
10392 4247 1607 4396 2286 
10393 1075 2286 1185 4396 
10394 133 4478 132 4132 
10395 1607 1075 1185 4396 
10396 1607 2286 1075 4396 
10397 3734 2848 1918 1302 
10398 3521 4308 3118 1102 
10399 155 4547 4501 3501 
10400 273 97 1479 3677 
10401 3001 2848 1918 3734 
10402 2040 3734 1918 1302 
10403 2583 2261 412 410 
10404 2040 401 1918 3734 
10405 2132 104 223 103 
10406 3811 3812 1929 1071 
10407 2036 2264 4211 1160 
10408 4454 2035 1206 3472 
10409 2209 2134 3908 2208 
10410 1000 2309 2307 3616 
10411 220 3608 1438 101 
10412 1409 3811 1929 1071 
10413 40 1497 277 4480 
10414 1011 1012 1010 3029 
10415 2179 2120 3390 4418 
10416 2120 1991 3390 4418 
10417 1043 1816 3836 3834 
10418 3911 4131 478 4064 
10419 3707 3708 2598 1900 
10420 331 1572 3181 909 
10421 2696 913 4006 3259 
10422 1459 4049 3776 1458 
10423 4312 3982 928 1931 
10424 1813 1946 3228 3108 
10425 595 2586 593 4555 
10426 480 4288 4249 3404 
10427 4068 615 4096 2450 
10428 4375 2547 2007 2534 
10429 207 89 3955 206 
10430 1702 2168 3955 4440 
10431 87 205 3987 2204 
10432 2168 89 1702 3955 
10433 88 89 3955 1702 
10434 4099 2782 2095 3921 
10435 43 4533 1967 4547 
10436 2992 589 774 775 
10437 380 3208 732 3214 
10438 3837 1759 2 2711 
10439 2702 2704 2701 1051 
10440 4434 4155 1865 1951 
10441 4099 1231 3359 4184 
10442 951 3917 1940 3918 
10443 3408 1252 1591 1510 
10444 2651 2245 1225 3108 
10445 1233 4434 1951 1940 
10446 1231 2069 4184 1366 
10447 3928 538 2742 3930 
10448 2156 3477 4495 246 
10449 2971 3069 3923 522 
10450 4335 2078 1702 4440 
10451 3111 4036 3627 1963 
10452 963 4462 962 3546 
10453 538 3928 3931 3930 
10454 1354 3289 466 2105 
10455 902 2754 1333 2643 
10456 1177 980 3275 978 
10457 2860 2861 1405 2914 
10458 4323 1291 1410 1290 
10459 2979 4167 1962 2977 
10460 2816 2805 295 293 
10461 4518 2185 4516 115 
10462 4565 232 112 4384 
10463 1987 1525 1554 4460 
10464 5 4474 2073 1 
10465 2538 499 497 498 
10466 2604 2878 2602 1531 
10467 459 3393 2105 466 
10468 4473 4383 201 3 
10469 4445 1492 1962 1446 
10470 253 2190 4421 2122 
10471 1173 3495 3065 4351 
10472 4445 4167 1962 1492 
10473 2977 888 1446 1962 
10474 3244 2977 1446 1962 
10475 3686 3629 984 2238 
10476 4477 4566 4485 3516 
10477 3244 4167 2977 1962 
10478 132 4132 4469 2192 
10479 2188 4299 4536 249 
10480 634 633 2424 632 
10481 1121 2667 1324 1323 
10482 4089 4080 401 400 
10483 1617 2337 2336 2335 
10484 1529 1176 3540 1648 
10485 4191 2068 3404 4288 
10486 2076 3477 4469 2192 
10487 2914 866 1405 1014 
10488 1903 1441 273 4311 
10489 2167 265 3915 90 
10490 3158 4214 1445 1315 
10491 18 249 17 4536 
10492 3664 831 916 3559 
10493 1353 4387 1973 916 
10494 4467 253 4248 4494 
10495 2157 1431 4504 3471 
10496 868 2769 2085 2217 
10497 1482 4386 3291 2964 
10498 2608 3663 1873 2614 
10499 2826 1254 2029 1983 
10500 549 747 1699 3934 
10501 124 4494 4248 2158 
10502 4387 3664 916 3559 
10503 2751 3605 685 4171 
10504 2211 2210 1897 2209 
10505 4057 1996 2093 4426 
10506 1869 285 4515 2208 
10507 4387 1353 2139 916 
10508 3223 583 1984 1382 
10509 84 1869 83 4482 
10510 2816 3871 3044 812 
10511 4482 4473 4569 201 
10512 3103 3223 1984 1382 
10513 2230 3671 453 2228 
10514 2360 1332 1378 2104 
10515 2185 4518 268 3457 
10516 2817 1746 2757 2756 
10517 3472 2035 1400 281 
10518 3894 848 849 3238 
10519 4137 309 308 3732 
10520 1394 1395 3270 4176 
10521 2464 2462 982 3621 
10522 3519 4540 4528 4579 
10523 583 580 3703 1984 
10524 4124 1779 555 1690 
10525 3135 3134 1600 559 
10526 3223 583 3703 1984 
10527 2228 3671 453 454 
10528 3103 3223 3703 1984 
10529 2640 2619 3517 1995 
10530 955 1340 2613 1995 
10531 1077 924 3090 2121 
10532 2196 261 4539 1842 
10533 261 54 4539 1842 
10534 1794 2651 3723 2246 
10535 4525 4417 179 4512 
10536 1643 4562 289 288 
10537 2619 955 2613 1995 
10538 3897 3898 1839 1014 
10539 1187 2244 2246 2247 
10540 2090 95 2184 214 
10541 2769 4213 4338 783 
10542 1126 3820 3985 1124 
10543 2248 1187 2246 2247 
10544 4561 1040 1478 1028 
10545 997 998 1481 3196 
10546 962 2274 1072 3546 
10547 1705 837 996 4229 
10548 2530 3893 2521 1907 
10549 3310 1462 1461 2997 
10550 445 1866 4193 2027 
10551 3147 726 4078 3569 
10552 3771 3250 1234 4567 
10553 4554 1076 4561 1040 
10554 1349 3927 1710 1093 
10555 417 419 2254 420 
10556 744 3235 3149 3150 
10557 1128 1122 1795 3831 
10558 4264 242 1478 2150 
10559 4423 459 456 458 
10560 1559 3294 4449 4393 
10561 2152 4573 4535 3505 
10562 2691 2692 1729 2689 
10563 3000 4563 3504 4237 
10564 3630 3580 2017 2281 
10565 1083 3109 1082 3588 
10566 704 641 1455 3676 
10567 2740 2739 535 534 
10568 2914 2915 866 1014 
10569 738 2877 3052 740 
10570 1320 1936 3476 3332 
10571 2320 2321 368 2319 
10572 1734 4201 235 1733 
10573 1947 2574 710 2790 
10574 3550 3561 819 885 
10575 2036 2266 2264 2265 
10576 1004 1673 2103 2862 
10577 162 3497 4479 4471 
10578 809 944 4116 893 
10579 2439 1581 2436 2438 
10580 2286 4247 1075 4149 
10581 3164 1527 1916 3129 
10582 777 2410 1356 2051 
10583 835 837 2644 4254 
10584 1230 1959 4556 1961 
10585 759 2685 3988 1743 
10586 4509 2033 233 2142 
10587 703 628 2428 2429 
10588 1368 3948 959 1190 
10589 2014 2671 2096 1325 
10590 768 2131 4185 4210 
10591 2101 1021 3657 1019 
10592 2288 4235 2292 1857 
10593 2288 1857 2028 1238 
10594 4256 2352 358 4339 
10595 1572 2789 3181 3182 
10596 3169 352 3342 385 
10597 2849 1783 1207 1663 
10598 3180 1660 1052 3881 
10599 4002 3807 3810 1201 
10600 507 505 3973 2655 
10601 2295 1195 2293 2292 
10602 3837 4 2 1795 
10603 1156 1104 1916 3117 
10604 968 2649 3765 1656 
10605 2638 1448 3765 1656 
10606 3631 4065 1809 4039 
10607 3123 3122 1059 1025 
10608 968 1656 3765 1775 
10609 1448 2761 3765 1775 
10610 1680 2886 2884 2885 
10611 3353 1723 784 3347 
10612 944 1128 1785 3832 
10613 4170 3367 1848 1769 
10614 1131 3729 2270 2272 
10615 4060 3782 347 2581 
10616 2266 2267 1777 2270 
10617 1640 1706 3386 1772 
10618 1777 2267 2050 2270 
10619 2526 2527 2106 2524 
10620 3176 4082 917 918 
10621 1555 3583 596 2477 
10622 3048 1713 1469 795 
10623 1958 2817 3075 3074 
10624 3730 307 3731 2412 
10625 2112 2031 1412 4363 
10626 1931 3982 928 1864 
10627 2704 2705 1674 2702 
10628 3138 727 3038 2939 
10629 3400 3520 3116 1105 
10630 3521 3118 1104 1102 
10631 4551 3147 2951 3569 
10632 2355 2354 2353 1637 
10633 2966 2880 1139 2908 
10634 1649 792 3265 1339 
10635 1469 874 3017 794 
10636 3365 3773 1135 4399 
10637 2953 4551 2951 2952 
10638 1163 3427 2403 4325 
10639 3147 4551 2951 2953 
10640 3296 1944 519 523 
10641 3029 1010 3028 3005 
10642 2694 2695 1700 2693 
10643 4123 687 2621 686 
10644 1442 99 219 4128 
10645 3738 1391 3446 3436 
10646 1881 3218 313 311 
10647 555 3901 2774 554 
10648 1924 4268 4314 1136 
10649 2669 2671 4252 1325 
10650 2755 1746 1333 2643 
10651 1398 4126 3392 1397 
10652 1291 1526 3467 1411 
10653 3054 2890 2961 1322 
10654 283 87 4427 1733 
10655 3388 1911 2072 4425 
10656 3378 3167 3286 658 
10657 2116 3488 4425 3489 
10658 4328 1111 2083 1522 
10659 1145 1144 3511 2892 
10660 4324 3363 1707 3450 
10661 3708 811 2598 1900 
10662 2585 4328 2083 1522 
10663 2804 3685 1272 1270 
10664 3363 283 3361 1708 
10665 3636 2083 4448 3557 
10666 2981 1019 3657 2983 
10667 2483 1271 1301 2481 
10668 241 4510 24 25 
10669 4333 3455 2176 1432 
10670 78 254 4487 4513 
10671 3122 3125 1060 1026 
10672 1563 3618 798 1564 
10673 3289 1354 466 2094 
10674 353 4390 354 355 
10675 1354 3289 3076 2094 
10676 459 4423 2105 3393 
10677 3363 3361 2996 1708 
10678 2432 626 2430 3667 
10679 1604 3146 343 389 
10680 1020 2982 1790 3011 
10681 2815 1760 4277 2996 
10682 2815 898 896 3010 
10683 3386 1706 4453 796 
10684 1677 779 3425 3424 
10685 2430 2431 2429 1812 
10686 1772 1706 3386 796 
10687 2387 2386 2389 1229 
10688 2504 1227 3713 4140 
10689 3824 1122 3831 1795 
10690 3584 315 3219 314 
10691 4423 459 2105 456 
10692 4565 1868 4562 2207 
10693 4114 731 378 1622 
10694 382 3212 379 3307 
10695 3746 380 378 3214 
10696 2091 1714 3426 4392 
10697 4180 555 2774 554 
10698 3926 3828 4284 1137 
10699 4543 4518 116 3457 
10700 1273 1475 3292 1284 
10701 3453 3452 2955 1422 
10702 2838 395 2836 2837 
10703 413 416 2257 2260 
10704 383 384 382 3309 
10705 3914 1670 1170 3239 
10706 515 2662 2748 2660 
10707 108 107 1433 4549 
10708 276 3488 3489 2195 
10709 3388 3389 1911 4425 
10710 2850 2848 1207 2088 
10711 892 4462 3547 2279 
10712 3640 397 448 4067 
10713 1640 1639 985 3207 
10714 3938 1595 3580 2834 
10715 1507 1384 1106 3626 
10716 3946 493 2543 2546 
10717 1106 947 4206 2580 
10718 87 88 205 2204 
10719 3806 1043 4186 3830 
10720 2262 2009 2260 3636 
10721 4110 441 4153 2645 
10722 570 3025 1358 1923 
10723 1043 1044 4186 1042 
10724 2320 2321 1840 368 
10725 1044 3806 3804 3805 
10726 2309 2311 390 1774 
10727 450 2091 2448 2413 
10728 1786 2311 2312 2313 
10729 979 1618 3062 978 
10730 646 3015 644 645 
10731 4576 1227 4109 1597 
10732 3694 3927 1349 1095 
10733 1297 2306 1003 3098 
10734 1403 3255 4361 3489 
10735 1629 3441 908 907 
10736 4269 1370 1322 2961 
10737 4169 3352 699 3689 
10738 1703 1660 3881 1833 
10739 572 525 1686 2972 
10740 2462 1679 982 3621 
10741 2923 1272 2127 2922 
10742 4036 3684 713 1963 
10743 4333 4544 1421 269 
10744 2320 3682 1620 1798 
10745 2923 1276 2127 1272 
10746 340 2374 4001 4051 
10747 2867 701 2974 3602 
10748 1283 1272 2922 2127 
10749 2089 1283 2922 2127 
10750 921 2509 863 2511 
10751 1686 525 2973 2972 
10752 4333 2176 269 1432 
10753 782 694 2875 3611 
10754 2648 2647 1443 707 
10755 195 4356 4251 4513 
10756 1145 4225 3511 1146 
10757 3430 1508 2138 3429 
10758 852 4071 3073 1754 
10759 669 3759 3929 2778 
10760 73 4529 281 72 
10761 1508 3430 2138 2098 
10762 4307 3384 4568 4349 
10763 2042 2196 4086 1842 
10764 2848 2846 1302 3734 
10765 1642 2130 3610 2620 
10766 1342 2607 1735 2606 
10767 2846 1978 1148 1302 
10768 437 441 852 4153 
10769 998 3197 3205 3196 
10770 4180 3901 2774 555 
10771 4386 3033 2964 1279 
10772 2391 1198 1774 1817 
10773 2542 495 2543 2541 
10774 1175 1506 2000 4568 
10775 722 557 4242 1619 
10776 2513 3906 1016 2511 
10777 1205 2879 3922 3940 
10778 2813 895 1214 2984 
10779 4093 1662 3828 3979 
10780 2813 3862 895 2984 
10781 895 2041 1214 2984 
10782 3267 4189 541 4265 
10783 2394 2310 3713 1029 
10784 3069 2971 2973 525 
10785 1617 2336 2334 2335 
10786 1749 578 499 3976 
10787 2773 2937 4298 567 
10788 2853 1664 2851 1663 
10789 3862 2041 895 2984 
10790 1144 1145 3511 1146 
10791 89 206 3450 1707 
10792 1990 3961 3259 2694 
10793 2506 1031 1840 2346 
10794 3927 3983 3694 1349 
10795 1682 4355 4108 2160 
10796 1662 4284 1917 3920 
10797 494 1352 2558 524 
10798 1174 2904 3065 2906 
10799 494 1352 493 2558 
10800 4225 3509 3511 1146 
10801 3374 1436 4108 2160 
10802 748 951 586 3919 
10803 1999 3898 3952 3951 
10804 2584 3528 838 3534 
10805 3374 4313 1436 2160 
10806 2935 2936 1312 3656 
10807 1715 511 4097 2995 
10808 3990 1715 4097 2995 
10809 1530 449 2809 1360 
10810 1563 2497 3618 3619 
10811 4422 263 4575 2171 
10812 2811 1888 1058 2763 
10813 3892 1232 2811 2943 
10814 616 2443 2441 851 
10815 3091 3672 1261 2588 
10816 758 1781 2682 756 
10817 1505 263 4519 2171 
10818 4575 263 1505 2171 
10819 3847 932 1785 807 
10820 247 3373 1874 2182 
10821 1940 4434 1951 3918 
10822 3373 3372 1874 2182 
10823 1442 247 1874 2182 
10824 1326 2668 1390 4217 
10825 3372 1442 1874 2182 
10826 672 2639 1449 2635 
10827 1105 1156 1157 3116 
10828 1650 2573 2129 1295 
10829 1621 3564 674 1608 
10830 94 3739 213 212 
10831 3174 1303 917 1685 
10832 1924 3751 922 3772 
10833 3520 1105 1157 3116 
10834 4335 1702 2204 3955 
10835 2970 572 3891 2972 
10836 4335 284 2204 1702 
10837 206 3450 1707 2203 
10838 2872 791 2785 2038 
10839 2639 672 1449 2638 
10840 2143 3388 2072 4425 
10841 2784 2872 2785 2038 
10842 60 4498 1501 59 
10843 4354 919 2216 2214 
10844 920 1463 2214 919 
10845 2212 1463 2214 920 
10846 4565 286 2073 112 
10847 452 2234 2232 2233 
10848 1309 3004 3003 3005 
10849 4423 458 456 2226 
10850 1561 1832 3027 1883 
10851 1393 1392 3270 3437 
10852 1823 2551 489 487 
10853 2228 2282 455 2226 
10854 272 2124 1434 2159 
10855 1429 4329 3236 4282 
10856 470 4098 4260 3753 
10857 2282 456 455 2226 
10858 1332 1331 1006 2362 
10859 1837 3256 2034 1247 
10860 4423 456 2282 2226 
10861 1102 4365 3401 1113 
10862 3341 1017 4182 3027 
10863 451 2232 446 3647 
10864 1722 2603 2645 3720 
10865 1419 4544 3633 269 
10866 1557 1801 2237 786 
10867 3629 984 2238 2236 
10868 4564 702 4133 3533 
10869 1011 1010 3030 3029 
10870 2494 334 333 332 
10871 1914 2869 3669 2866 
10872 3595 2176 4549 228 
10873 1860 1101 1062 4243 
10874 2032 3499 2928 457 
10875 3652 3047 1252 3408 
10876 2156 4310 4502 129 
10877 1395 4176 3438 3270 
10878 1801 1825 2237 786 
10879 4025 1654 3149 3865 
10880 1073 2276 2280 4149 
10881 361 4192 1635 742 
10882 4412 3879 1696 3314 
10883 1825 1801 2237 2239 
10884 1449 705 2634 1448 
10885 3570 2152 4548 3512 
10886 4351 3496 3764 1171 
10887 3960 3916 1085 734 
10888 1384 826 634 2418 
10889 1013 2860 3034 2857 
10890 900 936 4204 898 
10891 2251 1624 2248 2250 
10892 1717 2527 2106 2526 
10893 4541 3488 2195 147 
10894 2143 1493 2072 234 
10895 1054 2018 1400 4415 
10896 4112 1402 4061 1993 
10897 408 2583 4347 3688 
10898 3506 2199 259 4496 
10899 1012 1010 3029 3005 
10900 2735 2734 841 2765 
10901 1310 1308 1822 3527 
10902 912 1462 2911 1685 
10903 4548 3570 4556 1961 
10904 1187 1625 2248 3723 
10905 657 3322 655 656 
10906 1625 1187 2248 1624 
10907 1975 4566 2062 1236 
10908 3508 3509 1146 3511 
10909 4529 2187 281 1855 
10910 4246 3510 3705 1153 
10911 1625 2251 2248 3723 
10912 4498 236 1501 59 
10913 4498 1504 4507 60 
10914 163 3497 2198 4479 
10915 89 2168 207 3955 
10916 3496 4168 3764 1171 
10917 1625 1624 2248 2251 
10918 3475 1514 4492 4470 
10919 2088 2848 1918 3001 
10920 3023 3024 3022 1895 
10921 188 2187 4529 4537 
10922 3341 1017 3027 3028 
10923 3004 1309 3003 2936 
10924 1349 275 1710 3864 
10925 1815 1848 1572 3182 
10926 1855 72 4537 71 
10927 1684 1628 347 2581 
10928 413 2261 2260 2258 
10929 163 2198 4490 4479 
10930 1012 3004 3005 3526 
10931 4069 3638 4315 325 
10932 3057 3441 908 3203 
10933 285 83 4515 82 
10934 4571 232 112 4150 
10935 2965 2030 3306 2873 
10936 2201 210 209 91 
10937 414 2259 3710 2258 
10938 2271 2272 2050 2270 
10939 3353 3747 4061 1993 
10940 1661 1550 2405 306 
10941 1558 3739 94 212 
10942 2179 251 104 2120 
10943 539 3928 538 537 
10944 3587 988 3932 3588 
10945 2284 1596 2281 1183 
10946 2185 4518 116 115 
10947 2946 3112 1250 3111 
10948 3387 1150 3040 3039 
10949 3387 956 1150 3039 
10950 1868 3451 2207 4483 
10951 4531 4299 4536 128 
10952 3255 1403 3490 3489 
10953 1305 2008 585 3768 
10954 1520 4494 2158 4248 
10955 3518 3904 4579 2151 
10956 4475 12 4486 1987 
10957 285 2186 4515 2208 
10958 4289 3624 245 3623 
10959 1976 1427 4338 783 
10960 4311 1440 273 3643 
10961 1713 4104 3427 2061 
10962 2733 581 1652 1797 
10963 1195 1857 2028 2292 
10964 1857 2288 2028 2292 
10965 4505 139 3523 3522 
10966 3648 1523 2291 2290 
10967 1195 2293 2292 2290 
10968 3518 4528 136 135 
10969 648 3144 3579 3578 
10970 1299 2304 2302 1808 
10971 3999 1483 2422 3480 
10972 3760 1986 2404 2302 
10973 1580 2276 2280 1073 
10974 3388 2143 2072 234 
10975 432 2833 1521 970 
10976 3914 1956 1856 853 
10977 3760 2300 1986 2302 
10978 1959 1495 4572 46 
10979 373 390 2312 1786 
10980 373 371 1786 2313 
10981 372 371 2315 370 
10982 2126 3991 4006 3940 
10983 375 2385 1829 2383 
10984 1779 3903 1674 1690 
10985 3506 4496 161 160 
10986 3506 2199 4496 160 
10987 2163 3483 170 4481 
10988 2217 868 2215 797 
10989 2410 2297 2051 4436 
10990 2163 4499 1499 279 
10991 2163 4499 279 4481 
10992 1595 396 394 3938 
10993 613 4122 612 611 
10994 731 4114 3214 4062 
10995 358 357 4339 355 
10996 373 1786 2312 2313 
10997 371 373 2314 2313 
10998 3234 4114 1622 731 
10999 2333 3772 1193 2335 
11000 3978 4302 4127 1939 
11001 1474 968 2776 817 
11002 2091 2448 2413 4392 
11003 1964 3483 279 1500 
11004 2397 1550 2402 1950 
11005 4477 4485 181 3516 
11006 2385 1623 2381 3874 
11007 1417 20 4495 4502 
11008 3516 4485 181 180 
11009 2604 3925 2878 1179 
11010 1881 1361 3217 1953 
11011 3399 2090 2184 214 
11012 2570 1668 3790 2764 
11013 3925 2606 1179 2604 
11014 1748 2660 512 2658 
11015 570 3905 3071 3405 
11016 4192 1635 2326 2324 
11017 1008 1078 2323 368 
11018 2157 3471 4504 189 
11019 3190 2089 1467 4376 
11020 396 4027 3938 3630 
11021 900 1418 4006 3186 
11022 2024 1957 4120 1602 
11023 2172 262 3522 4523 
11024 3164 700 4197 1875 
11025 364 4203 362 3352 
11026 74 1431 73 4504 
11027 1431 252 4491 74 
11028 3752 2575 1570 3330 
11029 2872 2030 2965 2873 
11030 550 3933 2731 2884 
11031 1187 2244 2247 431 
11032 4077 1738 4275 3987 
11033 284 1738 4077 3987 
11034 1133 536 2677 1036 
11035 3619 1912 1566 3140 
11036 1651 2010 2274 2273 
11037 3529 3299 1689 3094 
11038 2509 2508 2507 863 
11039 2608 3663 2606 1762 
11040 967 1331 3673 1006 
11041 85 4147 203 235 
11042 3098 1297 3702 1985 
11043 107 227 3592 226 
11044 3342 4390 354 4461 
11045 1507 946 3355 4206 
11046 4092 4367 266 3593 
11047 106 226 225 2170 
11048 3741 1078 3866 2323 
11049 3257 1242 3272 3448 
11050 1635 1008 2125 2324 
11051 2373 2370 904 4336 
11052 3025 3026 1923 3071 
11053 2430 628 1812 2429 
11054 953 814 3445 1862 
11055 1057 4455 3428 3320 
11056 2966 1139 1366 3954 
11057 208 2167 3915 90 
11058 349 351 2336 2371 
11059 4299 4531 4310 128 
11060 4214 1315 3478 1314 
11061 1617 351 2336 349 
11062 813 4091 728 2251 
11063 2018 4070 3227 894 
11064 867 914 915 2919 
11065 494 2541 4300 2558 
11066 2277 3630 2017 2281 
11067 3321 352 3887 4461 
11068 1408 1826 2019 2710 
11069 1507 3355 1240 4174 
11070 714 716 773 3549 
11071 865 3153 1687 1136 
11072 352 351 3887 4461 
11073 3013 1537 2873 4194 
11074 792 3264 577 3006 
11075 3168 3169 2912 1228 
11076 4048 644 642 1597 
11077 733 731 3745 4062 
11078 3740 4576 2407 2400 
11079 2197 4014 2039 3412 
11080 1243 3758 939 2347 
11081 1243 2329 3758 2347 
11082 1013 2860 1405 3947 
11083 745 744 752 3150 
11084 1936 3332 2140 1450 
11085 1450 3333 2140 248 
11086 187 2187 4537 4226 
11087 3506 3507 1965 259 
11088 2199 3507 3506 259 
11089 1266 1452 2807 3529 
11090 2531 1364 2529 2528 
11091 2030 1979 3306 2873 
11092 3914 1670 4066 1856 
11093 3091 3971 3093 1260 
11094 330 3972 1919 347 
11095 558 559 3775 3262 
11096 292 291 3159 290 
11097 3736 1871 314 3735 
11098 722 3136 3258 3775 
11099 791 2872 2785 2873 
11100 2993 820 774 839 
11101 3022 953 3445 1862 
11102 3045 3370 4546 289 
11103 3983 2146 275 3864 
11104 4509 52 51 233 
11105 2494 2789 333 2788 
11106 4002 3839 1201 3810 
11107 108 1416 3593 4559 
11108 2178 1419 230 4560 
11109 2079 1167 3531 2015 
11110 1155 4246 1153 1154 
11111 4368 1110 2357 938 
11112 191 3465 4491 190 
11113 1803 2726 1797 1053 
11114 4287 3319 1389 4250 
11115 1552 1061 2818 1754 
11116 605 3263 4143 4105 
11117 2343 2344 983 2342 
11118 2718 758 1770 2681 
11119 1552 3311 2027 445 
11120 1030 2689 1729 4139 
11121 290 4092 3456 3159 
11122 1541 3451 4516 2185 
11123 2377 720 2369 3888 
11124 3504 1447 961 3502 
11125 2377 780 2369 720 
11126 3323 1447 1982 1577 
11127 1431 4287 1389 4250 
11128 919 920 797 2214 
11129 3276 3385 1976 4338 
11130 2584 2110 2480 1301 
11131 2925 1966 1278 3460 
11132 4339 357 354 355 
11133 3529 1266 2589 2807 
11134 1671 2332 356 1880 
11135 2822 4563 2820 1454 
11136 2859 801 3742 873 
11137 2597 353 351 1671 
11138 1034 923 2380 910 
11139 2385 375 316 4293 
11140 3584 3219 4293 314 
11141 1375 2517 2063 2515 
11142 2354 1637 2049 1821 
11143 3928 537 3931 3944 
11144 316 315 4293 314 
11145 1200 540 1688 2907 
11146 2497 1562 2460 2462 
11147 2044 4340 1500 236 
11148 375 2385 3736 4293 
11149 1107 1546 1973 4295 
11150 1716 1178 3085 1575 
11151 165 4522 4509 2142 
11152 325 1570 322 4315 
11153 2638 2761 1448 2634 
11154 394 2835 392 2834 
11155 326 4069 720 325 
11156 2366 1628 3888 1586 
11157 325 1570 4315 721 
11158 988 987 3932 3588 
11159 3122 3124 3639 1026 
11160 3330 320 322 3082 
11161 2377 325 4315 721 
11162 3035 3318 1565 1938 
11163 1019 1021 3657 2983 
11164 3114 1156 1158 3115 
11165 800 801 3105 3743 
11166 2871 2938 2788 335 
11167 1384 2418 3626 4174 
11168 810 800 3105 3106 
11169 3606 923 2380 2592 
11170 2914 2860 3947 1405 
11171 3972 4060 347 330 
11172 3047 1253 2947 2945 
11173 1826 507 521 3973 
11174 923 1034 2380 2592 
11175 802 800 3105 810 
11176 1337 2594 2325 2136 
11177 4121 3213 717 3368 
11178 1211 1992 2011 3493 
11179 2278 4027 712 3630 
11180 771 883 739 3787 
11181 1504 3382 4350 4083 
11182 3013 660 1537 4194 
11183 2100 2330 356 1667 
11184 2100 1880 356 2331 
11185 2319 2320 1620 368 
11186 2267 2271 1610 2050 
11187 2321 2322 368 2319 
11188 559 3136 722 3775 
11189 1093 1710 1091 3797 
11190 1008 2322 368 2323 
11191 2080 1980 2567 2566 
11192 2574 1814 2129 1295 
11193 3683 2506 1798 3682 
11194 1661 1550 2077 2402 
11195 2215 2955 2213 1994 
11196 2234 2232 2235 446 
11197 111 110 1419 4560 
11198 362 364 3352 388 
11199 290 3045 3456 4546 
11200 2053 3298 3391 4395 
11201 2420 450 2413 304 
11202 304 1661 2413 2411 
11203 4474 4473 112 1 
11204 304 2420 2411 2413 
11205 3309 384 3368 3402 
11206 2156 3477 130 4495 
11207 4530 3473 4506 125 
11208 2289 2288 2028 2285 
11209 4357 305 3755 2412 
11210 1692 3299 1317 1689 
11211 2289 2288 2290 2028 
11212 4016 2101 1022 1711 
11213 3648 901 1523 2293 
11214 418 3653 1579 2010 
11215 3839 1805 1201 3810 
11216 2768 584 2767 3709 
11217 2399 308 1550 435 
11218 635 634 633 2423 
11219 1805 3839 1201 4002 
11220 2596 2266 1777 2270 
11221 634 2419 2424 2423 
11222 638 635 1468 2577 
11223 1583 1582 2435 1084 
11224 2486 1583 2435 1084 
11225 1228 2133 1083 2831 
11226 3937 1210 1823 3935 
11227 4070 4454 1206 3472 
11228 3559 831 916 2139 
11229 3882 3883 421 2253 
11230 4529 1855 72 4537 
11231 2200 4533 4501 4547 
11232 155 2200 4501 4547 
11233 2616 2617 690 2615 
11234 4236 3219 3218 313 
11235 1073 2276 3546 1072 
11236 1582 988 2829 1084 
11237 2397 2396 1920 2390 
11238 3793 1093 1091 3797 
11239 1981 4125 2170 225 
11240 493 3946 4426 1996 
11241 2432 2431 1796 2433 
11242 3573 4289 2071 3644 
11243 2265 406 2268 3688 
11244 4015 3242 4064 477 
11245 1163 4290 1161 1162 
11246 1079 1450 3050 1080 
11247 89 2167 207 208 
11248 3793 4317 1093 3797 
11249 1867 2901 1543 750 
11250 3322 3059 656 658 
11251 1006 2366 2367 1586 
11252 3165 405 4216 403 
11253 439 3629 442 984 
11254 2825 3009 3007 443 
11255 1491 4484 258 2162 
11256 4203 3356 361 362 
11257 1336 3297 4282 4227 
11258 3807 3810 1201 3809 
11259 2310 2311 2309 1774 
11260 2208 2206 200 4482 
11261 1952 3567 1168 3566 
11262 1010 1009 3030 3028 
11263 451 452 446 2232 
11264 2089 3498 1467 4376 
11265 1071 1046 1201 3809 
11266 2717 2724 897 3997 
11267 2025 3609 3527 1308 
11268 309 3499 457 3733 
11269 3374 1437 247 3373 
11270 4145 573 4260 1883 
11271 815 2452 2445 2496 
11272 3164 3129 1916 3117 
11273 3389 1065 3490 4373 
11274 1046 3807 1201 3809 
11275 1549 3613 1763 2445 
11276 3613 2496 1763 2445 
11277 1208 1790 3578 3011 
11278 2223 975 1544 3470 
11279 2319 368 1620 367 
11280 4068 613 3579 4096 
11281 1213 4274 1212 3996 
11282 1020 3012 2983 3011 
11283 4365 1063 3237 3406 
11284 87 88 283 205 
11285 3403 1934 3072 3071 
11286 418 3653 400 1579 
11287 3393 459 2224 4240 
11288 468 2227 455 2226 
11289 4027 396 712 3630 
11290 1046 1043 3808 1070 
11291 1176 3542 1528 3540 
11292 2520 1376 2521 2519 
11293 459 462 2224 4240 
11294 414 410 3710 1653 
11295 2221 2223 2501 590 
11296 4542 81 80 267 
11297 1732 975 4424 3470 
11298 877 3980 2999 4034 
11299 1320 1318 1514 4160 
11300 2241 2294 1863 2598 
11301 3229 1946 751 1611 
11302 1070 1046 3809 3808 
11303 3059 1538 767 656 
11304 2747 1121 2669 4252 
11305 606 604 2463 982 
11306 3847 932 3846 3844 
11307 3267 4221 543 3193 
11308 479 4015 4064 477 
11309 1101 4243 4308 3237 
11310 4342 491 2548 2545 
11311 3443 4191 3228 1644 
11312 285 1869 4515 83 
11313 371 1727 1786 2313 
11314 2352 2328 3899 358 
11315 2714 1779 2700 556 
11316 2067 958 4198 1955 
11317 346 1636 3679 345 
11318 628 703 1812 2429 
11319 2397 2403 1950 2402 
11320 601 598 2467 1599 
11321 493 494 2543 492 
11322 4397 301 2489 3754 
11323 2549 2548 490 2546 
11324 3641 1727 369 371 
11325 2538 2537 2536 498 
11326 3851 4312 808 3856 
11327 2333 3772 1901 1193 
11328 4375 2737 2532 520 
11329 1497 3290 2001 2021 
11330 578 3823 4439 4073 
11331 2487 298 2498 2488 
11332 1407 1989 4019 2004 
11333 598 1599 2466 2467 
11334 1989 945 4019 2004 
11335 2971 2968 565 3923 
11336 1935 4456 4267 3339 
11337 1145 1144 2892 1143 
11338 4364 4432 519 3379 
11339 2033 2011 233 2142 
11340 4352 1556 3622 2477 
11341 3923 3069 3379 522 
11342 2856 2855 2842 1872 
11343 2056 3388 2072 234 
11344 339 338 3766 4051 
11345 3543 1529 714 3542 
11346 1505 1508 4538 63 
11347 2740 4059 532 533 
11348 976 3385 783 1976 
11349 1057 4455 1548 3428 
11350 2890 2891 2961 1678 
11351 991 3136 722 559 
11352 4274 2989 1212 3996 
11353 1045 3804 3801 1047 
11354 3944 537 1719 1036 
11355 1882 4543 2173 3457 
11356 3828 1662 4284 1137 
11357 603 2475 601 602 
11358 2679 2680 1036 2678 
11359 2055 1547 4581 1300 
11360 2084 4577 1301 1300 
11361 338 4001 3766 4051 
11362 3411 283 1831 3361 
11363 1739 1870 2700 556 
11364 204 1733 2149 4427 
11365 3851 4312 3853 808 
11366 2696 2695 2697 2065 
11367 4255 2824 464 3204 
11368 2714 1779 3902 2700 
11369 3824 3822 1124 3820 
11370 2920 1244 1223 915 
11371 4003 1070 3809 3808 
11372 2937 1833 1998 567 
11373 2937 1703 1833 567 
11374 550 1703 2775 552 
11375 558 4180 557 555 
11376 3791 1112 1094 3790 
11377 4180 557 555 554 
11378 1244 2920 1223 3876 
11379 4302 3823 4127 1939 
11380 617 620 619 3907 
11381 594 2586 3583 3737 
11382 625 626 624 3666 
11383 896 2813 2722 882 
11384 1755 4312 928 1931 
11385 976 975 2501 4304 
11386 1989 945 4029 4019 
11387 1372 3826 1949 1371 
11388 3826 3970 1949 4439 
11389 2921 2920 1223 915 
11390 331 330 3215 3087 
11391 2117 3783 1554 1289 
11392 3180 857 2957 3051 
11393 749 3432 856 1747 
11394 3662 334 332 741 
11395 2099 3816 3823 3814 
11396 2641 903 1056 1055 
11397 3814 3823 1939 4127 
11398 588 3999 3778 3192 
11399 1441 1440 273 4311 
11400 1264 3672 2491 2588 
11401 3273 977 4424 3600 
11402 1119 3691 1511 1512 
11403 2992 2993 2991 820 
11404 2802 1451 775 821 
11405 3999 4240 2422 465 
11406 2991 2993 3055 820 
11407 950 1328 949 2523 
11408 1649 1339 4218 1338 
11409 736 769 2510 2512 
11410 4003 3834 1070 3808 
11411 3906 921 2511 3900 
11412 2472 4555 2470 2471 
11413 339 341 3148 1601 
11414 2465 604 601 1599 
11415 3622 787 2466 2477 
11416 1110 2354 2049 1821 
11417 1208 1020 1790 3011 
11418 1407 1408 4330 4018 
11419 906 1006 2367 1586 
11420 3254 544 2930 3193 
11421 857 3180 860 3051 
11422 2475 600 3974 2467 
11423 341 4085 4051 3148 
11424 600 3714 3974 2469 
11425 2623 683 2621 684 
11426 1649 792 3266 3265 
11427 2876 733 3786 3745 
11428 3440 2024 1657 1567 
11429 2525 4412 4281 950 
11430 3893 2530 778 1907 
11431 2453 610 2458 2457 
11432 2537 2536 498 2534 
11433 2432 2431 1812 1796 
11434 2435 1583 2434 706 
11435 623 2454 2437 622 
11436 407 3317 4107 4347 
11437 3024 3025 1923 1895 
11438 2432 626 3667 3666 
11439 2946 1251 1250 1249 
11440 4079 605 4105 3263 
11441 2454 623 621 622 
11442 936 900 4204 937 
11443 2442 2441 2440 618 
11444 3934 747 1699 1700 
11445 4158 2427 1927 2425 
11446 4553 4576 3232 642 
11447 2920 2921 1223 3876 
11448 2820 828 2819 1454 
11449 3026 3024 1923 953 
11450 4048 3015 3525 644 
11451 4286 656 3513 654 
11452 4286 655 654 653 
11453 1174 2904 1921 1894 
11454 3950 2067 959 4198 
11455 1571 3420 1879 730 
11456 752 744 3149 3150 
11457 1540 1727 369 4050 
11458 151 2197 4208 4480 
11459 1791 2520 2522 3252 
11460 4489 4510 241 2151 
11461 2118 3410 2162 258 
11462 2009 2262 2260 2261 
11463 3486 2046 1491 3485 
11464 958 4198 3314 3170 
11465 744 752 3149 1654 
11466 155 4533 4501 2200 
11467 3125 3122 1060 3121 
11468 2020 1783 3769 1664 
11469 1907 1376 2521 949 
11470 2277 2276 1580 2275 
11471 1449 2635 676 673 
11472 2618 955 1613 697 
11473 2915 2916 752 2917 
11474 2767 2768 2766 764 
11475 3771 4320 3250 4567 
11476 4078 1485 687 689 
11477 3936 1726 575 1042 
11478 4125 105 224 225 
11479 1057 4455 3706 956 
11480 1376 2519 1907 2521 
11481 2230 3671 3647 447 
11482 584 583 582 4026 
11483 3706 1469 874 3017 
11484 845 847 2704 1051 
11485 1198 3642 971 3748 
11486 3354 1241 3747 981 
11487 4224 1805 1758 255 
11488 3175 1303 3173 4207 
11489 1932 571 2006 2559 
11490 4071 1551 852 4153 
11491 691 4058 4013 2624 
11492 2520 1376 2522 2521 
11493 903 2641 1056 2640 
11494 1539 3350 3349 388 
11495 1328 2523 2522 2521 
11496 2539 2538 497 498 
11497 4169 3642 4102 971 
11498 500 2007 498 2534 
11499 752 2916 3149 2917 
11500 3969 3970 2544 501 
11501 474 4154 3216 4305 
11502 1814 3868 475 710 
11503 2007 4375 520 1368 
11504 2815 2813 1214 2984 
11505 2527 3939 2654 510 
11506 1306 1739 2701 1051 
11507 3706 2883 874 3039 
11508 3216 474 476 475 
11509 3691 1119 1511 4261 
11510 1881 4004 3218 311 
11511 1178 3697 3085 3737 
11512 2941 474 3216 475 
11513 4088 318 4327 3875 
11514 1035 4279 2592 3607 
11515 906 780 1586 2369 
11516 309 457 311 3733 
11517 1365 2067 520 2737 
11518 1078 3741 4177 1338 
11519 4069 2377 720 325 
11520 2013 3738 1641 2503 
11521 2375 3752 721 2372 
11522 781 2375 721 2372 
11523 105 2120 224 104 
11524 2737 2067 520 4375 
11525 2025 2124 272 3609 
11526 108 3593 266 4549 
11527 3211 3213 1588 717 
11528 4521 80 79 1697 
11529 1737 2542 492 2545 
11530 4000 3660 1258 2587 
11531 1911 2072 4425 2116 
11532 384 3213 717 382 
11533 4291 1737 4342 2545 
11534 4291 2542 1737 2545 
11535 1640 1772 2856 1830 
11536 1427 2769 4338 783 
11537 4579 1313 1971 2048 
11538 407 743 4107 3317 
11539 4342 1737 491 2545 
11540 3114 3520 1157 3116 
11541 2179 251 2120 4418 
11542 1737 492 491 2545 
11543 4489 241 24 1509 
11544 870 831 4405 830 
11545 2909 782 1884 2875 
11546 3087 331 3181 3215 
11547 4115 3156 548 545 
11548 843 561 1690 4119 
11549 4047 3627 766 3129 
11550 2788 2789 333 3777 
11551 405 3165 3260 411 
11552 4561 3993 4567 3250 
11553 1264 1263 1261 2588 
11554 1823 2553 487 1718 
11555 3235 744 409 3317 
11556 2877 3053 3052 740 
11557 1725 2738 536 533 
11558 536 2738 535 533 
11559 1980 479 576 2786 
11560 2441 986 851 3932 
11561 3253 2672 754 3967 
11562 1725 3253 754 3967 
11563 2672 1725 754 3967 
11564 507 2656 509 508 
11565 1106 1164 972 2580 
11566 3945 2563 1996 488 
11567 1858 3400 262 1876 
11568 1264 1265 2589 2500 
11569 481 1980 2565 3910 
11570 584 2768 2767 764 
11571 303 302 301 3754 
11572 1694 2812 3031 2987 
11573 881 1134 2814 3861 
11574 3675 1638 2797 3953 
11575 481 3910 2565 2006 
11576 1980 2080 1669 2566 
11577 4016 3179 1022 3657 
11578 2152 3570 4548 1961 
11579 1669 1112 2566 1668 
11580 4533 44 1967 4573 
11581 2757 2802 775 3591 
11582 1838 1068 2384 1066 
11583 1470 2091 3426 2448 
11584 999 1750 3396 4259 
11585 633 2476 1468 2577 
11586 892 3540 3547 3544 
11587 4277 1760 3324 4359 
11588 4057 4411 1245 1996 
11589 3001 3166 1918 3165 
11590 2465 2475 2467 601 
11591 153 4497 4472 2161 
11592 3697 1178 1780 1555 
11593 1677 3722 1015 3424 
11594 3587 1581 2436 2439 
11595 4203 364 363 3728 
11596 1835 3288 1811 609 
11597 1496 4488 277 2197 
11598 815 2452 1657 1568 
11599 2823 2822 2821 1721 
11600 1265 2591 2589 2590 
11601 569 3100 3099 2736 
11602 1229 1108 1920 2390 
11603 4236 3218 3733 311 
11604 3814 2099 1939 3823 
11605 593 4555 4578 1477 
11606 1275 3681 2500 2499 
11607 2388 1068 2387 4280 
11608 932 804 807 3846 
11609 2540 3977 761 497 
11610 413 2009 2260 2261 
11611 2585 3882 416 2257 
11612 2968 1695 3923 2967 
11613 1770 3981 928 806 
11614 3092 1452 2807 1262 
11615 3851 3856 808 3854 
11616 2618 2619 1613 955 
11617 1042 4257 4186 3830 
11618 495 2542 2540 2541 
11619 3832 944 4117 1785 
11620 1130 3838 4020 4022 
11621 1717 1364 504 2528 
11622 2991 2992 820 2802 
11623 1266 1265 2589 1263 
11624 2959 1100 3245 1609 
11625 3080 592 323 1575 
11626 562 560 4010 563 
11627 3529 1266 2591 2589 
11628 1451 2802 775 2757 
11629 2647 2648 696 707 
11630 1141 3785 1366 3954 
11631 1451 2757 775 776 
11632 2201 3785 1367 4272 
11633 1266 1265 2591 2589 
11634 407 408 4347 406 
11635 1677 3722 3424 3423 
11636 1141 1988 3326 3185 
11637 1129 1130 4020 3813 
11638 4038 1210 4100 1049 
11639 2949 1824 1956 853 
11640 3664 831 3559 4405 
11641 242 1844 2150 4512 
11642 424 2602 2601 2600 
11643 3772 922 1901 1193 
11644 3424 801 4446 3743 
11645 4279 1035 2592 3596 
11646 425 1187 2248 2247 
11647 1856 2969 853 577 
11648 426 424 2601 2599 
11649 792 1856 577 3264 
11650 1030 1743 2688 2686 
11651 1856 2969 577 3264 
11652 2760 2889 586 532 
11653 3308 379 377 378 
11654 769 1683 1016 2513 
11655 2970 2971 2968 565 
11656 3266 4258 4040 864 
11657 1123 3827 3822 4028 
11658 2969 2970 577 3006 
11659 534 2740 532 533 
11660 1727 3585 1786 2313 
11661 279 3483 4481 1500 
11662 1125 3818 3820 3819 
11663 291 1909 3019 3171 
11664 1507 1240 2052 4174 
11665 577 792 3006 587 
11666 853 2968 565 577 
11667 793 2768 2798 2799 
11668 1057 3706 1469 874 
11669 2095 1215 2752 1698 
11670 1376 1328 2521 949 
11671 2002 1437 2082 4033 
11672 3097 426 2601 2599 
11673 2882 2883 875 822 
11674 2883 2882 875 2959 
11675 4098 470 3204 464 
11676 3179 1022 995 1962 
11677 2023 4191 3229 751 
11678 1132 1909 291 3171 
11679 3882 417 421 1522 
11680 1746 1451 2755 1333 
11681 589 2992 3778 3591 
11682 833 2870 2975 886 
11683 3674 4401 967 3673 
11684 551 549 1699 3934 
11685 1340 3517 3073 2613 
11686 1030 1728 753 4162 
11687 2333 2332 1671 1880 
11688 1136 1924 1135 4314 
11689 1340 2613 3073 2611 
11690 3255 1064 1403 1404 
11691 4320 264 2191 4550 
11692 1615 824 2610 4013 
11693 331 3087 3181 2789 
11694 4077 1738 1806 4275 
11695 2838 395 3128 2836 
11696 4275 3839 1806 4404 
11697 2828 3684 3111 1983 
11698 2595 790 1428 789 
11699 283 3411 1831 1733 
11700 3972 330 3087 3215 
11701 1315 4181 1334 1843 
11702 925 3057 3203 2987 
11703 2275 2276 1580 1072 
11704 3672 3971 1261 1259 
11705 1341 1342 2611 965 
11706 1629 2652 935 4316 
11707 1342 2607 2611 965 
11708 2320 2321 2346 1840 
11709 1888 2762 2811 2943 
11710 3620 3619 1566 3140 
11711 1736 2482 3599 2227 
11712 450 2420 2447 302 
11713 2608 2102 2609 2610 
11714 1572 331 3181 2789 
11715 3530 837 929 4254 
11716 3959 836 929 931 
11717 3198 997 996 3195 
11718 3605 683 2622 2625 
11719 1480 692 3569 3137 
11720 3530 837 996 930 
11721 836 837 4254 929 
11722 3530 4254 929 4307 
11723 4462 892 3544 963 
11724 837 3530 929 930 
11725 4411 1847 1245 1996 
11726 3488 4541 148 147 
11727 638 639 3968 725 
11728 791 3013 2785 662 
11729 2903 2904 2902 1894 
11730 767 2903 654 1543 
11731 4573 4533 4535 156 
11732 675 676 2753 673 
11733 3507 3510 1965 1152 
11734 4411 4057 1245 3305 
11735 4090 1185 4087 3890 
11736 3625 970 2301 1784 
11737 969 1513 4008 2070 
11738 3821 1125 3820 3819 
11739 1959 4572 4548 46 
11740 2913 2133 2831 3109 
11741 1298 1299 1808 2304 
11742 1847 4411 1245 3305 
11743 2833 4233 3568 432 
11744 230 110 3633 4559 
11745 967 4401 952 2593 
11746 1156 3114 1158 1157 
11747 2592 1034 2380 2382 
11748 4298 4242 554 1619 
11749 3674 4401 3328 1203 
11750 3147 726 3569 4551 
11751 1508 1505 4538 3430 
11752 263 4422 4575 1506 
11753 3499 309 457 1467 
11754 4245 2779 2810 665 
11755 3653 4089 400 3654 
11756 2398 4236 3733 311 
11757 324 3638 322 323 
11758 1580 2276 1073 1072 
11759 375 2386 3736 2383 
11760 1891 1253 1256 2947 
11761 1815 3366 909 1780 
11762 781 780 904 2370 
11763 1580 1073 2280 1183 
11764 100 1442 2182 247 
11765 220 100 2182 247 
11766 921 3906 1016 1170 
11767 2594 3741 1338 4218 
11768 2320 2506 1798 1840 
11769 496 494 4300 524 
11770 2889 2740 532 534 
11771 2932 1956 1401 1170 
11772 2605 2604 2603 1722 
11773 4295 1294 1973 4294 
11774 2606 2605 1179 2604 
11775 1474 672 2649 1656 
11776 997 998 3197 930 
11777 2647 697 2632 707 
11778 1385 4125 3390 4410 
11779 3349 1539 388 981 
11780 708 2647 2632 707 
11781 1540 4169 4050 3728 
11782 4575 3430 2098 3205 
11783 1220 1219 1239 3304 
11784 1793 4564 1765 1027 
11785 1253 1255 1256 2947 
11786 3983 275 1558 1349 
11787 2738 4059 533 3967 
11788 3227 4034 3226 894 
11789 3043 1028 3195 1027 
11790 87 283 4427 205 
11791 3057 925 3203 908 
11792 858 859 3058 861 
11793 1055 2641 2642 2643 
11794 903 2641 2633 2642 
11795 2542 495 1737 492 
11796 1408 869 1748 2661 
11797 1743 1030 2688 1852 
11798 3155 2947 1256 3628 
11799 1515 4500 4492 69 
11800 1120 4234 2747 2667 
11801 1090 3796 1742 1050 
11802 2989 1921 1954 1212 
11803 2837 3645 2841 1576 
11804 3702 2131 4185 1985 
11805 1969 1965 1498 3779 
11806 1705 3774 2644 4229 
11807 1111 3558 4328 4448 
11808 396 1595 712 3630 
11809 2616 1945 690 2130 
11810 2606 2607 1735 2605 
11811 967 3673 906 1006 
11812 2754 902 2642 2643 
11813 736 733 2876 1631 
11814 4101 1941 4326 860 
11815 843 561 4119 2708 
11816 3959 2761 931 3958 
11817 3774 1705 2644 835 
11818 2628 835 1472 2644 
11819 3990 510 508 2654 
11820 3517 2619 2613 1995 
11821 2981 2980 995 1018 
11822 1991 4418 3337 3514 
11823 2146 93 211 212 
11824 2978 2980 3581 994 
11825 2678 536 2677 2698 
11826 2980 2979 994 2978 
11827 3110 3146 3283 345 
11828 935 3716 4316 3715 
11829 2982 2980 1018 1766 
11830 3747 1723 3349 981 
11831 3144 2982 1790 1766 
11832 1849 4576 2400 1968 
11833 3103 3102 579 3100 
11834 1712 514 3942 4220 
11835 4455 956 1548 3387 
11836 2013 2123 1548 3387 
11837 2883 2960 875 3039 
11838 1672 1701 3896 564 
11839 3774 2628 1472 2644 
11840 835 3774 1472 2644 
11841 1474 672 669 2650 
11842 2761 836 931 1448 
11843 4572 4548 158 3512 
11844 1001 2308 1029 1003 
11845 3959 931 929 3384 
11846 1500 4465 4481 57 
11847 506 2527 2654 510 
11848 1849 4576 2092 2504 
11849 3172 4185 1598 3271 
11850 2936 1310 1311 1312 
11851 3939 3990 2654 510 
11852 2933 4253 4286 653 
11853 1723 1539 3349 981 
11854 2527 506 2654 2535 
11855 2947 1255 1256 3628 
11856 954 2509 3900 2555 
11857 4576 4048 4109 3232 
11858 1076 4554 1039 1040 
11859 1727 3642 971 1198 
11860 3004 1012 1309 1308 
11861 4574 4152 257 2170 
11862 4385 825 4329 456 
11863 2211 3452 1422 2213 
11864 3030 1010 3028 3029 
11865 329 3696 4270 3084 
11866 517 1406 1323 2665 
11867 1497 41 260 4472 
11868 2101 3407 3127 1489 
11869 997 1481 1028 3196 
11870 560 3135 3133 1600 
11871 3371 3370 4545 4369 
11872 996 997 1027 3195 
11873 3608 3609 272 2159 
11874 1966 4157 469 1906 
11875 2591 2746 2745 1267 
11876 3805 3807 4002 1768 
11877 4346 521 3973 2710 
11878 2667 2666 1323 2665 
11879 1738 87 3987 284 
11880 3956 3829 4077 1348 
11881 3956 2078 1192 1348 
11882 1406 4234 1323 2665 
11883 918 2782 849 1698 
11884 3135 559 3262 3775 
11885 2648 2636 2647 696 
11886 913 3991 2126 2065 
11887 4234 2667 1323 2665 
11888 3186 1418 4006 3940 
11889 1045 4103 3936 1726 
11890 2064 584 765 3709 
11891 3623 3624 245 2181 
11892 1860 3189 1062 1208 
11893 2403 2077 1950 2402 
11894 1284 1277 1482 3291 
11895 2932 1170 1401 2874 
11896 3012 3189 1062 4243 
11897 4390 353 3880 355 
11898 1339 1078 4177 1338 
11899 2582 1635 2324 366 
11900 3189 1860 1062 4243 
11901 1141 1859 1367 4272 
11902 517 2674 516 2664 
11903 1296 825 1336 3297 
11904 3630 2277 2017 712 
11905 2959 1100 3535 3245 
11906 723 3132 3131 3104 
11907 3366 909 3181 3182 
11908 1595 1596 2017 3580 
11909 2523 2530 949 4281 
11910 716 3550 818 3549 
11911 1866 1429 443 3009 
11912 3630 1595 2017 3580 
11913 2679 1864 2676 2678 
11914 932 2086 3844 1753 
11915 1043 4257 1042 3830 
11916 2286 1075 1183 2280 
11917 4234 1120 3857 4408 
11918 808 4312 3853 928 
11919 803 3858 3852 1776 
11920 3696 329 3215 3181 
11921 4442 3791 1094 3790 
11922 331 329 909 3181 
11923 803 4344 3859 4209 
11924 1357 964 1322 4437 
11925 65 4485 1844 4512 
11926 3694 1904 1097 1095 
11927 95 240 1511 3690 
11928 259 4496 47 48 
11929 1143 880 1142 4563 
11930 1144 1230 3570 1961 
11931 3366 3696 3181 909 
11932 2716 1788 1743 2688 
11933 1788 2716 2690 2688 
11934 753 4221 4162 543 
11935 3508 3509 3507 1960 
11936 1030 2689 2686 2688 
11937 4048 3232 642 4074 
11938 2426 632 2425 2424 
11939 902 3700 3226 2642 
11940 3575 1118 2944 1116 
11941 2944 1118 1117 1116 
11942 3597 4322 1327 1069 
11943 1870 556 1699 2699 
11944 4410 3334 4574 4152 
11945 3738 2013 1391 1150 
11946 251 1991 2120 4418 
11947 3934 2695 1699 2699 
11948 2706 3895 846 844 
11949 3575 2944 3756 1116 
11950 4015 479 4064 2786 
11951 1188 2245 2244 2242 
11952 2695 1870 1699 2699 
11953 3835 1216 2019 4041 
11954 562 561 3789 3261 
11955 1205 847 3922 2723 
11956 2590 3681 1542 3601 
11957 1275 3681 1542 2590 
11958 4178 3146 3248 389 
11959 1668 2572 2566 3790 
11960 1053 2725 2808 3744 
11961 1096 4442 3790 2764 
11962 1122 944 3832 1128 
11963 397 4027 398 4067 
11964 1496 2056 234 3500 
11965 1122 944 3848 3832 
11966 197 198 4542 3449 
11967 617 616 615 2442 
11968 1415 1231 4184 1366 
11969 1139 1141 1366 3954 
11970 1988 1141 1138 3185 
11971 3917 2762 748 1888 
11972 3917 2762 1888 2943 
11973 2736 581 2733 2732 
11974 2713 1199 3896 2720 
11975 4324 1988 3325 3326 
11976 2652 935 4316 3715 
11977 3099 1672 2732 3896 
11978 2806 294 2128 785 
11979 1701 566 2709 2721 
11980 1453 3240 3534 444 
11981 561 3789 4119 2708 
11982 4290 1109 1161 1162 
11983 1627 844 2712 2709 
11984 3681 1361 1542 3601 
11985 2491 1280 2490 1553 
11986 1287 1285 2008 3063 
11987 3613 989 4094 4053 
11988 3377 1286 3033 1279 
11989 1197 1056 3909 2743 
11990 2031 2112 3458 4363 
11991 3499 4004 2928 457 
11992 1199 1672 3896 2720 
11993 4384 2207 113 4483 
11994 121 2165 4475 4486 
11995 1199 2725 2720 2719 
11996 3312 1287 3064 3313 
11997 2902 1867 1543 1894 
11998 2903 2902 1543 1894 
11999 1053 1199 2725 2720 
12000 686 2617 2620 2621 
12001 1153 1155 1845 3705 
12002 3517 2640 1061 2818 
12003 3761 4253 653 4286 
12004 2277 1580 2280 1183 
12005 1075 1073 1183 2280 
12006 1551 1552 4141 2818 
12007 1596 1595 427 3580 
12008 1943 2795 1311 1312 
12009 712 2277 2017 1580 
12010 1310 3004 1309 1308 
12011 1196 2297 2051 1194 
12012 1321 2043 2754 1333 
12013 3311 1552 2743 2818 
12014 1552 1061 2743 2818 
12015 1585 2297 2051 1196 
12016 2066 1603 1602 4094 
12017 824 693 4013 691 
12018 1056 2640 2743 1061 
12019 781 2376 2375 2373 
12020 858 857 3051 3431 
12021 338 359 336 3780 
12022 1552 1056 2743 1061 
12023 804 4344 4017 3852 
12024 2636 2647 697 2632 
12025 2238 1801 2237 2236 
12026 536 537 535 2698 
12027 1123 3827 2004 1216 
12028 458 468 455 2226 
12029 3404 482 3403 4249 
12030 3202 4057 3876 1245 
12031 1603 4053 3248 4094 
12032 2990 2801 960 2994 
12033 3097 428 3720 2601 
12034 583 584 2064 4026 
12035 4070 4034 894 1206 
12036 1407 1408 2004 4330 
12037 501 500 499 2544 
12038 1297 2131 3702 1985 
12039 3977 2538 499 497 
12040 3098 1297 1985 1003 
12041 3840 2057 1128 1753 
12042 3740 4576 2400 2504 
12043 4070 2018 3227 3975 
12044 4244 518 4045 4364 
12045 2087 3177 1038 927 
12046 482 2569 3403 4249 
12047 734 4142 4097 511 
12048 96 97 1460 3678 
12049 1386 1162 3251 2061 
12050 2638 2761 3765 1448 
12051 2736 582 3781 2733 
12052 2013 2123 3387 2503 
12053 2074 287 4571 112 
12054 2111 777 4175 1356 
12055 1038 3177 2940 927 
12056 868 3454 1424 1426 
12057 3520 1858 1157 1105 
12058 1249 3113 1248 1158 
12059 1738 87 86 204 
12060 515 2662 3998 2748 
12061 1656 1448 3765 1775 
12062 1449 705 676 2634 
12063 1038 3178 1775 2940 
12064 4452 1890 1425 4230 
12065 4528 3518 136 4579 
12066 2223 462 590 2222 
12067 449 1362 2787 1360 
12068 1760 936 3324 1140 
12069 298 709 2455 300 
12070 3330 3638 322 4315 
12071 216 97 215 3678 
12072 3086 1362 3482 2787 
12073 1260 1262 1281 3093 
12074 470 471 464 4098 
12075 3498 2803 1283 2032 
12076 3477 2076 4469 4495 
12077 3086 449 2787 2986 
12078 2986 449 2787 2809 
12079 2451 301 299 300 
12080 3091 3092 1262 3093 
12081 1362 449 2787 3086 
12082 2783 877 2999 1080 
12083 1767 1750 839 3479 
12084 1418 913 4006 2126 
12085 1547 3660 4581 1258 
12086 978 977 976 3274 
12087 913 1990 899 3259 
12088 1316 3188 3360 4228 
12089 2187 2035 281 1855 
12090 2639 672 2650 3759 
12091 2264 1373 1646 2263 
12092 4398 261 4138 2196 
12093 3959 836 3770 4254 
12094 3042 4561 2952 3250 
12095 2965 1239 1292 3095 
12096 1320 1319 1318 3067 
12097 930 3530 929 4307 
12098 2872 3649 3095 1292 
12099 2636 2618 697 695 
12100 1052 3180 3414 860 
12101 2903 2933 654 1543 
12102 1231 4099 3921 4184 
12103 1904 3983 3694 3692 
12104 913 2696 1990 3259 
12105 663 664 4292 662 
12106 1892 1341 3885 2612 
12107 4576 3740 2407 4553 
12108 1241 3354 3357 1240 
12109 1001 2310 2308 2309 
12110 633 2476 2423 2424 
12111 4035 3567 1168 1993 
12112 4456 1935 2163 1499 
12113 3538 3537 675 2753 
12114 1418 2126 4006 3940 
12115 2198 1494 4490 4479 
12116 4112 4158 2492 1402 
12117 936 1760 3324 4277 
12118 1551 4071 852 1754 
12119 360 1539 3348 784 
12120 4310 1316 3360 4228 
12121 3748 2395 1817 2391 
12122 4233 2833 4337 432 
12123 1043 3834 3830 3808 
12124 1316 3188 1314 1282 
12125 2247 3726 2599 431 
12126 4574 3334 3335 4152 
12127 562 4010 3789 2721 
12128 4541 3488 148 4526 
12129 4544 3220 3908 4318 
12130 2618 1892 955 695 
12131 3091 1262 1260 3093 
12132 3041 1151 3040 3060 
12133 2802 2990 2801 821 
12134 625 3661 3667 3666 
12135 3436 1392 3270 3060 
12136 1265 2590 2589 2500 
12137 3806 1043 3830 3808 
12138 2768 793 764 765 
12139 451 1560 2231 2230 
12140 1755 1121 3856 4252 
12141 1265 1275 2590 2500 
12142 2242 2241 2240 1226 
12143 391 392 2291 1523 
12144 2296 1196 941 1194 
12145 2515 2519 3787 883 
12146 3322 3059 658 3286 
12147 517 2674 2664 2666 
12148 3233 650 646 768 
12149 3760 2300 2108 1986 
12150 1121 2747 2669 2667 
12151 2772 829 827 828 
12152 2111 1857 1356 4175 
12153 955 2619 1613 1995 
12154 2820 2772 2819 828 
12155 4158 1402 1377 1927 
12156 430 2788 333 3777 
12157 2667 2668 1324 1323 
12158 10 11 256 4514 
12159 2146 275 93 1558 
12160 1635 1008 2324 366 
12161 2407 2408 4552 2415 
12162 2508 2509 2510 863 
12163 384 3213 382 3309 
12164 386 391 387 3402 
12165 3938 396 394 2836 
12166 4212 2839 2841 1756 
12167 814 4278 1005 729 
12168 1943 2794 1312 1380 
12169 1814 2574 2571 3868 
12170 1078 2321 2323 368 
12171 2944 1117 3756 1116 
12172 3190 4376 1467 1465 
12173 4563 878 3504 4237 
12174 451 2232 3647 2230 
12175 4452 1890 1433 1425 
12176 672 2639 2649 1656 
12177 4136 2117 1291 1289 
12178 1394 1397 3392 3269 
12179 1243 3758 1337 940 
12180 3256 3607 4285 1247 
12181 221 3608 272 2159 
12182 4177 3741 4218 1338 
12183 1343 1981 4574 2107 
12184 3464 4156 3437 2128 
12185 985 3209 1588 1741 
12186 284 1738 1806 4077 
12187 3270 1392 3269 3060 
12188 791 3013 1537 2873 
12189 1683 737 2512 769 
12190 2310 2391 1774 1817 
12191 2515 2516 2063 2513 
12192 3587 988 2829 1582 
12193 513 1712 3162 4220 
12194 2487 3767 299 2489 
12195 1084 1582 2435 2829 
12196 1166 2486 2832 2830 
12197 2762 748 1888 1704 
12198 3927 4317 1093 3984 
12199 858 857 3431 856 
12200 1166 2486 2830 1084 
12201 1485 3532 4564 1793 
12202 1165 1166 2832 2830 
12203 3024 3026 3049 953 
12204 2979 2980 994 995 
12205 2647 697 707 696 
12206 2958 857 2957 855 
12207 2789 1572 333 3777 
12208 892 1648 3544 963 
12209 787 1658 3622 2466 
12210 1024 1182 3281 1532 
12211 3213 3212 382 3307 
12212 2308 3098 3713 1003 
12213 1000 1001 2309 390 
12214 448 3640 1928 1592 
12215 2541 496 4300 2539 
12216 428 2603 3720 2601 
12217 2838 2839 2840 1592 
12218 1123 3827 3821 3822 
12219 2890 1678 2961 1322 
12220 1816 4291 761 1737 
12221 2794 2793 1380 1943 
12222 2944 1118 1380 1117 
12223 4244 516 3998 514 
12224 4220 513 4142 3162 
12225 1937 1330 3573 1312 
12226 2019 4346 4041 2710 
12227 2099 3816 1371 3823 
12228 397 2838 3128 3640 
12229 779 4266 799 778 
12230 891 3729 2279 4433 
12231 4387 1973 916 4294 
12232 737 738 739 2550 
12233 2792 1117 1380 1381 
12234 1024 3279 3281 1182 
12235 1593 1592 1928 2840 
12236 3312 3872 1290 3313 
12237 1397 3041 3392 3269 
12238 3355 946 3351 3689 
12239 3749 2595 876 789 
12240 837 3530 4229 4254 
12241 242 65 1844 4512 
12242 2806 3437 3436 785 
12243 3319 4250 1400 1389 
12244 2249 425 2599 2600 
12245 2286 1075 1185 1184 
12246 3174 4032 1685 917 
12247 639 3224 3968 4030 
12248 1664 2853 871 1663 
12249 1198 3642 3748 3585 
12250 704 2894 2823 2893 
12251 947 1106 972 2580 
12252 1827 1998 3328 1203 
12253 2926 2853 2852 871 
12254 2168 89 208 239 
12255 698 381 1533 4239 
12256 3949 3950 3948 959 
12257 1475 4377 4023 3292 
12258 1870 2700 2699 2697 
12259 2586 4555 2472 593 
12260 4573 2200 3503 4547 
12261 3508 2199 3512 4556 
12262 2772 878 2929 829 
12263 604 2465 601 4079 
12264 3685 1475 4023 3292 
12265 2143 1493 4425 2072 
12266 4540 138 4523 2172 
12267 45 44 4535 244 
12268 3675 924 3090 2765 
12269 4573 2152 4535 244 
12270 100 220 101 247 
12271 100 220 1438 101 
12272 1475 1284 1878 3292 
12273 1552 1551 1754 2818 
12274 1414 4547 1982 1972 
12275 782 2909 2796 2875 
12276 3504 878 2929 4237 
12277 2783 2648 1443 2796 
12278 512 2658 511 509 
12279 2267 2271 2050 2270 
12280 4377 1475 1878 3292 
12281 4157 469 1906 303 
12282 3602 621 620 3907 
12283 43 42 4501 1972 
12284 1061 3517 2818 1754 
12285 320 3241 321 3082 
12286 2648 782 1443 2796 
12287 440 3008 3151 3007 
12288 2022 2121 3141 1458 
12289 1892 3884 2618 2612 
12290 3142 3375 3776 1458 
12291 1910 2998 2796 3658 
12292 782 1910 1443 2796 
12293 3911 480 4249 3910 
12294 2058 2927 3788 2791 
12295 2852 802 871 1663 
12296 1458 4049 3776 3141 
12297 547 549 2884 3933 
12298 2022 4049 1459 1458 
12299 550 551 2731 3933 
12300 2799 765 795 794 
12301 2883 822 874 875 
12302 2773 1703 567 552 
12303 4445 3410 2162 2118 
12304 3332 1936 2998 1450 
12305 3377 3033 4386 1279 
12306 567 4298 554 1619 
12307 4144 1023 4558 4172 
12308 2465 604 2463 4079 
12309 4036 3627 1963 766 
12310 2428 3889 629 630 
12311 1009 979 3030 3273 
12312 1813 2651 1225 3108 
12313 1910 1319 2909 1884 
12314 793 765 2799 794 
12315 4473 2074 4569 112 
12316 2799 3018 794 795 
12317 2561 2551 1823 3935 
12318 1705 3774 1472 835 
12319 4554 3042 2952 2953 
12320 2957 1660 3881 2885 
12321 3422 4212 1830 2856 
12322 1903 1119 4261 1479 
12323 4016 2046 1022 4345 
12324 825 1354 2105 3646 
12325 2910 1853 1884 2950 
12326 4554 4551 2953 2952 
12327 1319 3067 3658 2909 
12328 1706 4379 4453 3053 
12329 1810 2898 2895 2897 
12330 4015 1814 2571 3868 
12331 616 614 2444 1549 
12332 1492 1491 258 2162 
12333 3845 804 3852 1776 
12334 3255 3410 1404 4361 
12335 1307 1011 1399 3285 
12336 1009 977 3273 3600 
12337 2769 1427 3757 3459 
12338 2002 3582 3953 4033 
12339 4463 2144 236 4187 
12340 1397 957 3041 1151 
12341 3374 4313 247 1436 
12342 2882 3046 933 1609 
12343 2726 1053 2725 2720 
12344 1139 3185 2908 1138 
12345 1503 1800 3380 3381 
12346 3433 3177 1502 2087 
12347 1291 4323 1410 4063 
12348 4455 1057 1548 956 
12349 3184 2881 2908 937 
12350 3399 274 1303 4207 
12351 1970 1139 2908 937 
12352 1970 2880 2908 1139 
12353 3958 2761 1775 3765 
12354 648 1681 613 4068 
12355 3620 1769 1679 3621 
12356 4555 599 4578 1477 
12357 249 2188 4395 2114 
12358 3096 968 2940 927 
12359 3475 2155 184 4492 
12360 675 3537 674 2753 
12361 1483 3999 588 3480 
12362 1526 3466 4524 4514 
12363 1868 3451 3371 2207 
12364 1970 2881 2908 2880 
12365 2777 668 817 816 
12366 1497 40 4472 4480 
12367 1090 3796 1050 1089 
12368 1518 969 816 2942 
12369 3096 927 1191 3699 
12370 254 78 1524 4513 
12371 196 4521 4251 2174 
12372 1097 1099 1512 3693 
12373 4356 254 1524 4513 
12374 3398 1387 1524 4419 
12375 1089 1088 3798 1050 
12376 2023 1813 3228 1644 
12377 3629 984 2236 442 
12378 4356 3398 1524 4419 
12379 3443 889 3336 3049 
12380 3398 3442 1169 3397 
12381 2568 3937 1718 2556 
12382 1033 1387 1169 3397 
12383 914 2919 2917 3865 
12384 914 3021 3865 1820 
12385 3587 2439 3932 986 
12386 3869 2342 2653 1612 
12387 914 1820 3865 1654 
12388 3021 3376 3865 1820 
12389 291 3045 4546 289 
12390 3285 3337 3061 1399 
12391 3021 914 3865 2919 
12392 2553 2552 2551 487 
12393 2858 2860 1709 2857 
12394 1296 1197 3909 3297 
12395 1021 3657 2983 3127 
12396 3287 4221 3193 543 
12397 2440 2439 2438 619 
12398 4113 152 4480 4472 
12399 3553 1107 1545 819 
12400 3064 3783 3313 1289 
12401 3551 3553 1545 819 
12402 545 3287 3193 543 
12403 3469 3466 256 4514 
12404 2210 1898 1534 3449 
12405 4452 3594 1433 257 
12406 2790 3868 710 2941 
12407 4136 1526 3467 1291 
12408 4230 1890 3335 4152 
12409 1853 1235 1884 2950 
12410 452 2234 786 1557 
12411 3414 4101 4326 860 
12412 1021 3012 2983 1020 
12413 1559 1825 786 3614 
12414 461 1559 786 3615 
12415 3520 3163 1157 1313 
12416 612 4122 610 611 
12417 452 461 786 3615 
12418 3615 1559 786 3614 
12419 2234 452 786 3615 
12420 1275 3681 2590 2500 
12421 3686 1761 2240 2238 
12422 3474 1475 1476 1878 
12423 2168 89 207 208 
12424 3739 240 94 213 
12425 3100 569 580 2736 
12426 3615 3614 786 2237 
12427 97 98 217 2153 
12428 2452 2453 1568 612 
12429 815 2452 1568 612 
12430 1273 1276 2963 2923 
12431 2218 788 763 2216 
12432 2134 2209 3908 3220 
12433 2134 285 1869 2208 
12434 231 2178 230 4560 
12435 4473 84 4569 2074 
12436 1277 1276 2963 1273 
12437 1567 3318 1565 4370 
12438 448 1978 2844 2985 
12439 804 803 3852 1776 
12440 3469 1987 256 1554 
12441 2040 4080 2985 399 
12442 4356 1524 4251 4513 
12443 3001 3165 1918 411 
12444 3003 1309 1561 1883 
12445 3748 1198 1817 972 
12446 2278 3653 1579 3654 
12447 2198 1992 1977 3496 
12448 3362 2041 2984 1831 
12449 803 3859 3852 3858 
12450 3003 1309 1883 1311 
12451 1426 3757 3335 1344 
12452 1343 980 4574 3275 
12453 110 269 3633 4559 
12454 2556 485 2554 1718 
12455 1831 2041 2984 1214 
12456 1981 1343 4574 1385 
12457 2803 1614 1283 2032 
12458 1321 3704 960 1333 
12459 3009 1866 4193 3007 
12460 2992 3778 3192 774 
12461 2221 2220 591 2219 
12462 228 2175 4559 3593 
12463 1483 724 4166 1435 
12464 4354 788 2502 2216 
12465 2927 473 471 3199 
12466 428 426 424 2601 
12467 1794 2245 2651 2246 
12468 803 4344 3852 3859 
12469 1957 4430 4120 3139 
12470 3560 1111 3559 3558 
12471 2637 702 684 4133 
12472 1567 1957 1938 3038 
12473 727 339 3766 3138 
12474 1825 2239 2237 3614 
12475 727 339 337 3766 
12476 2996 1760 4359 1708 
12477 275 1710 3864 4413 
12478 348 2340 4241 2338 
12479 1745 2342 1612 983 
12480 1634 275 3863 4413 
12481 801 802 3742 873 
12482 4407 3235 409 3317 
12483 2342 2344 983 1745 
12484 790 2343 983 2341 
12485 4104 1713 795 2061 
12486 3167 658 762 1538 
12487 3320 3706 3017 1469 
12488 342 3869 4441 1612 
12489 2067 3950 2737 4198 
12490 1570 320 3330 1180 
12491 823 3760 2108 1986 
12492 318 320 1180 4088 
12493 4199 1533 376 377 
12494 3330 320 4088 1180 
12495 2304 1808 2303 2302 
12496 765 2064 3709 795 
12497 1066 1034 2382 1829 
12498 3386 1772 2855 2856 
12499 2383 1066 2382 1829 
12500 2385 1623 1829 2381 
12501 3927 3983 1349 3864 
12502 1857 4235 2292 4175 
12503 3926 1710 3797 1137 
12504 1969 1154 4459 1171 
12505 459 462 4240 465 
12506 4102 947 972 2580 
12507 3891 3266 587 3006 
12508 1001 2310 2309 1774 
12509 765 2768 2799 3709 
12510 2311 1198 3585 1786 
12511 3285 1307 3029 3526 
12512 2295 2297 1194 2051 
12513 2331 2100 2330 356 
12514 1490 262 4523 3522 
12515 4505 1490 4523 3522 
12516 2333 2332 1880 2331 
12517 3773 2333 1880 2331 
12518 139 4505 4523 3522 
12519 876 3749 842 2393 
12520 3782 1684 347 2581 
12521 2374 2344 3869 1745 
12522 889 3443 1644 1159 
12523 1637 336 2392 334 
12524 138 139 4523 3522 
12525 3521 3164 4197 1875 
12526 931 3958 1775 1800 
12527 2913 3168 2912 1228 
12528 1011 1307 3029 3285 
12529 4423 458 2226 2224 
12530 1618 3514 3337 3061 
12531 3717 3718 1865 4155 
12532 1880 2332 356 2331 
12533 2328 2352 1667 358 
12534 2330 2352 1667 2328 
12535 2329 2113 2328 1667 
12536 2354 1110 3721 1821 
12537 2330 2329 2328 1667 
12538 876 1428 4011 1357 
12539 4236 2398 312 311 
12540 3184 936 4204 937 
12541 4279 1035 1247 3607 
12542 1242 2003 3448 4306 
12543 4059 2740 532 2889 
12544 2377 3752 2372 721 
12545 1827 3272 3327 3258 
12546 2889 2891 532 3943 
12547 1360 1361 3681 2809 
12548 4279 3597 3225 1655 
12549 2590 1265 1267 1542 
12550 1151 957 3040 1150 
12551 2889 4059 3943 532 
12552 1838 1068 2387 2384 
12553 2738 2739 535 533 
12554 1725 2738 533 3967 
12555 4111 900 3186 4204 
12556 956 3706 874 3039 
12557 1638 3675 2797 840 
12558 1339 4177 4218 1338 
12559 306 3730 2405 2412 
12560 2300 2299 2298 1516 
12561 2311 2309 390 2312 
12562 3320 1470 3426 2448 
12563 1760 1140 3324 4359 
12564 1140 3363 4359 1708 
12565 2695 3934 1699 1700 
12566 2013 3387 3738 2503 
12567 2486 1583 1202 2433 
12568 1792 4144 4106 3280 
12569 1138 936 3324 3184 
12570 2353 3780 2392 336 
12571 2355 2353 2392 1637 
12572 1790 2982 1018 1766 
12573 3109 2133 2831 1083 
12574 598 2468 596 597 
12575 276 1403 3489 2116 
12576 1167 4035 3867 2832 
12577 1815 3366 3182 909 
12578 2365 2109 3414 4326 
12579 1068 2388 2387 2384 
12580 2101 4016 3407 1711 
12581 1274 3299 1692 1689 
12582 2473 4555 2472 2471 
12583 1562 2497 1679 2462 
12584 2469 600 597 598 
12585 989 2066 4094 4053 
12586 143 4466 142 2194 
12587 1838 2386 2383 2384 
12588 3277 814 1862 3445 
12589 3485 2046 1491 1487 
12590 3485 4466 1487 4484 
12591 613 4122 3579 4096 
12592 3485 4466 2194 1487 
12593 858 4101 3051 860 
12594 2946 2828 1251 2945 
12595 889 3443 3336 1644 
12596 4572 4548 4534 158 
12597 610 611 2458 609 
12598 1331 2365 2364 2362 
12599 890 889 3336 1644 
12600 1063 1101 4308 3237 
12601 360 4256 3346 3348 
12602 649 3637 4106 1764 
12603 703 2429 2428 2427 
12604 3345 1606 3343 3344 
12605 4203 362 3352 3350 
12606 2890 586 1322 3919 
12607 4572 159 4534 4503 
12608 2659 1826 2710 2657 
12609 86 85 203 235 
12610 1032 3068 919 4354 
12611 737 736 3786 2512 
12612 2409 1724 1533 698 
12613 1639 3208 3207 3130 
12614 2045 521 3973 3964 
12615 3906 1913 2874 2516 
12616 3855 1134 1752 3843 
12617 867 1691 3897 2918 
12618 1794 2245 2246 1188 
12619 2850 2849 1207 2848 
12620 1791 3939 2524 2106 
12621 2853 1709 1664 871 
12622 1618 979 3061 1011 
12623 4201 3411 2149 1733 
12624 4302 1749 3977 3976 
12625 1733 3411 2149 4427 
12626 2877 771 740 739 
12627 3376 3277 4164 1005 
12628 2538 2536 3976 499 
12629 1107 3553 1546 4295 
12630 914 1222 3021 1820 
12631 414 415 2258 413 
12632 3277 814 4278 1005 
12633 496 2540 497 2539 
12634 1771 1677 796 3423 
12635 2583 408 409 410 
12636 1726 3936 3935 4100 
12637 3025 3023 3305 1358 
12638 1889 571 2556 1718 
12639 3924 2564 2559 1932 
12640 408 2583 412 410 
12641 4088 318 3875 3874 
12642 3021 1222 2919 2921 
12643 318 4088 1180 3874 
12644 1753 932 1785 4118 
12645 159 4572 4534 158 
12646 2614 3663 1873 1114 
12647 3982 4312 928 3853 
12648 1618 979 3062 3061 
12649 2673 1133 2676 1931 
12650 979 3030 3062 3061 
12651 1353 4387 3556 3555 
12652 479 480 478 3911 
12653 327 3329 3084 4270 
12654 2068 4288 480 3404 
12655 1794 890 1625 3723 
12656 395 2838 1592 1007 
12657 4179 404 3670 402 
12658 2978 1517 3581 3604 
12659 953 889 1159 3049 
12660 1723 1539 784 3347 
12661 1761 1189 2240 1226 
12662 419 2256 415 2254 
12663 2267 715 2266 1777 
12664 1539 1723 3349 3347 
12665 1892 1341 2612 955 
12666 4069 326 3083 324 
12667 2648 782 2796 2875 
12668 2256 415 2258 414 
12669 2942 816 3698 926 
12670 1296 3297 3909 3074 
12671 672 1474 2639 2650 
12672 2630 705 3770 2634 
12673 784 3348 3346 3347 
12674 1596 2285 1238 1184 
12675 3378 659 3415 3416 
12676 4071 3268 4141 1551 
12677 691 824 1615 4013 
12678 2604 2605 1179 1722 
12679 4071 1551 4141 2818 
12680 3009 1866 3007 443 
12681 1606 357 3346 784 
12682 576 4015 2567 2786 
12683 2965 1220 3665 3306 
12684 898 2724 897 896 
12685 3345 784 3346 3347 
12686 516 515 3998 514 
12687 529 528 3435 4163 
12688 1375 2520 2517 2519 
12689 802 801 3742 3105 
12690 3070 527 3296 523 
12691 572 2971 525 2972 
12692 4003 1877 1237 1070 
12693 3722 2859 1015 3424 
12694 897 2717 1788 882 
12695 1200 2812 3439 3031 
12696 4147 85 203 4557 
12697 749 3432 3254 2930 
12698 3156 547 545 546 
12699 3176 3359 1081 3358 
12700 1926 2691 1729 1852 
12701 3988 2685 2688 1743 
12702 758 2718 2683 2681 
12703 548 4115 1729 2692 
12704 3054 2890 1322 3919 
12705 4093 1662 4284 3828 
12706 556 2714 2699 2700 
12707 4476 76 1388 1740 
12708 254 4419 1799 3394 
12709 2695 2696 1700 2065 
12710 77 4476 4487 1740 
12711 1739 1779 3902 2702 
12712 77 76 4476 1740 
12713 2706 847 845 846 
12714 2706 2707 845 2705 
12715 3881 2937 1833 4095 
12716 3930 2907 1058 2763 
12717 1350 252 1388 4173 
12718 873 802 3742 1663 
12719 4269 3054 1322 4437 
12720 2901 2899 3524 750 
12721 3359 1908 1081 3358 
12722 3895 848 846 844 
12723 4010 3131 4009 564 
12724 1152 3509 1146 1960 
12725 645 647 2898 1810 
12726 97 2154 216 217 
12727 2760 748 586 3919 
12728 1104 3118 3117 3116 
12729 1770 1781 1864 2679 
12730 2739 1704 2741 2742 
12731 1156 3117 3115 3116 
12732 4438 1908 3359 3358 
12733 3129 1925 1916 3115 
12734 3717 1233 1865 2016 
12735 3117 3129 1916 3115 
12736 461 1559 4393 464 
12737 1633 3230 4042 4075 
12738 2564 1112 1669 1932 
12739 1310 1822 3656 3527 
12740 338 339 3766 337 
12741 2343 2342 983 2341 
12742 2617 690 688 686 
12743 3565 1607 4247 3564 
12744 1449 2638 2634 2635 
12745 1506 4575 4568 4349 
12746 715 2267 1610 2050 
12747 337 338 3780 3766 
12748 3870 2926 3170 872 
12749 1233 3717 3716 2016 
12750 2871 337 3780 3766 
12751 743 744 3150 3317 
12752 3541 671 3536 3759 
12753 1184 2286 2284 3890 
12754 4056 743 3150 3317 
12755 3639 1217 1026 1532 
12756 879 4388 4200 3303 
12757 1009 3273 3030 3600 
12758 704 2823 1721 1773 
12759 3003 1561 3027 1883 
12760 745 744 3150 743 
12761 1891 3154 1256 1843 
12762 3639 3125 1026 1217 
12763 183 3475 4470 2191 
12764 3158 3155 3154 1843 
12765 4159 3092 1281 1282 
12766 4056 745 3150 743 
12767 4486 11 256 1987 
12768 3943 532 531 530 
12769 999 3396 3434 4259 
12770 4562 2207 4545 4369 
12771 3002 3003 4145 1883 
12772 1370 1678 2962 574 
12773 1915 470 4260 3753 
12774 2207 1868 4545 3371 
12775 4543 1882 2173 4524 
12776 1680 2887 2886 2885 
12777 885 966 3635 948 
12778 1868 4562 4545 1643 
12779 3715 2016 2368 2115 
12780 1526 3466 2173 4524 
12781 2031 1899 268 3458 
12782 2828 1254 2827 2826 
12783 2123 1471 1548 3428 
12784 951 3054 1322 3919 
12785 2731 2773 2730 552 
12786 780 2377 2372 721 
12787 1264 1275 2500 1280 
12788 1517 1484 1681 4046 
12789 1475 4377 3474 4023 
12790 1255 2827 2947 1253 
12791 394 3938 2836 2834 
12792 4434 3717 1865 4155 
12793 4434 1233 1865 3717 
12794 4110 437 434 3152 
12795 238 4443 1489 1488 
12796 2315 371 2314 2313 
12797 395 2838 1007 2837 
12798 2616 2130 3610 2646 
12799 3523 4365 1113 3401 
12800 1678 1370 2961 1322 
12801 407 406 4263 405 
12802 825 4385 2105 456 
12803 2608 1342 1873 1762 
12804 639 725 4030 3968 
12805 3376 4025 1744 2259 
12806 1673 2861 2860 2858 
12807 529 3943 531 530 
12808 3749 3750 2393 876 
12809 1637 2353 336 359 
12810 3869 2342 1612 1745 
12811 1678 2891 2961 2962 
12812 2485 989 1549 3613 
12813 3164 1527 3129 3263 
12814 957 2960 1100 3535 
12815 964 4269 1322 4437 
12816 4202 243 1460 1459 
12817 1077 924 3089 3090 
12818 326 4069 3888 720 
12819 1064 1065 3490 1403 
12820 2128 1393 3437 785 
12821 3124 3123 1025 3122 
12822 3331 1782 4391 3913 
12823 4533 2200 156 4573 
12824 393 2835 387 392 
12825 3233 650 4195 4253 
12826 2306 1297 3702 3098 
12827 1227 3098 3713 4140 
12828 646 768 1598 3172 
12829 1845 3705 2956 2900 
12830 4256 360 3346 357 
12831 1846 3442 2174 3886 
12832 3271 4185 1598 4140 
12833 4576 2504 4140 1227 
12834 951 4012 3918 1951 
12835 1948 2212 1898 2210 
12836 2212 1948 1898 1463 
12837 4012 4434 3918 1951 
12838 293 2816 2954 3019 
12839 3370 3045 3171 4545 
12840 1077 924 841 3089 
12841 857 2958 3431 856 
12842 2958 3431 856 3340 
12843 4280 1108 2390 3687 
12844 3069 3070 3296 523 
12845 1550 2077 2402 1950 
12846 822 2883 874 2800 
12847 4576 1227 4140 4109 
12848 4154 472 3183 3294 
12849 3735 2398 1886 312 
12850 3960 734 513 4142 
12851 435 2396 1886 1920 
12852 474 472 3183 4154 
12853 3982 4312 2675 1931 
12854 3012 1020 1062 3011 
12855 4241 3680 4362 346 
12856 1133 2673 2676 2677 
12857 15 4494 1520 14 
12858 2354 2355 2356 2049 
12859 3981 3982 928 3853 
12860 1273 3685 1272 2923 
12861 1755 4312 1931 2675 
12862 726 1485 4078 689 
12863 3873 938 2357 1355 
12864 999 4354 788 2502 
12865 1398 4355 1942 271 
12866 2058 2791 1381 710 
12867 2882 933 822 1609 
12868 1438 3608 2181 4238 
12869 220 3608 2181 1438 
12870 2959 3245 3046 1609 
12871 3245 4126 4355 1942 
12872 2846 2847 1148 2845 
12873 2404 3760 4195 1589 
12874 2300 1516 1986 1808 
12875 4126 1398 4355 1942 
12876 3565 3564 3541 1621 
12877 2300 1516 2108 1986 
12878 2358 3873 2357 1355 
12879 1265 1275 1542 2590 
12880 484 570 1934 3405 
12881 1222 3021 1820 1862 
12882 4004 457 1953 2928 
12883 3499 3498 2032 2928 
12884 3177 3096 2940 927 
12885 3758 1243 939 940 
12886 1379 2358 2356 1355 
12887 1415 2966 1139 1366 
12888 968 3096 2776 817 
12889 2739 2740 2741 534 
12890 1692 4400 3391 4024 
12891 4566 66 1975 4477 
12892 4477 4566 4550 1975 
12893 1255 1254 2827 1253 
12894 2452 2453 2456 1568 
12895 549 548 3249 4054 
12896 1232 925 934 3892 
12897 67 4477 4550 1975 
12898 3462 1525 3461 4460 
12899 3067 1318 4160 3771 
12900 3032 1686 2973 2972 
12901 2703 529 3253 754 
12902 478 3243 1611 476 
12903 527 3070 526 523 
12904 516 2674 4364 3998 
12905 1298 2306 2304 2305 
12906 2672 2703 3253 754 
12907 654 2933 653 651 
12908 3188 1317 1282 1316 
12909 3583 3697 1555 3737 
12910 1589 823 4195 653 
12911 823 3760 1589 4195 
12912 3233 768 3172 4210 
12913 3957 1997 1742 1192 
12914 3801 3802 3799 1048 
12915 3299 1692 3391 4024 
12916 3256 1837 3607 1247 
12917 209 2201 1859 3915 
12918 1701 1627 2713 2709 
12919 2941 474 3183 3216 
12920 474 4154 3183 3216 
12921 3983 275 1349 3864 
12922 4004 457 3733 311 
12923 4528 4540 1971 4579 
12924 2475 603 601 4079 
12925 4047 603 766 602 
12926 1264 2491 2500 2588 
12927 3288 3189 4215 1835 
12928 3400 1876 1105 3401 
12929 3312 1287 2008 3063 
12930 1843 4181 1334 4130 
12931 2008 1359 3768 3063 
12932 4334 1602 4094 4120 
12933 151 4488 150 2197 
12934 4136 3466 3467 1526 
12935 1497 3290 4208 4113 
12936 741 1379 2356 1355 
12937 386 4233 391 3402 
12938 2882 3046 3582 933 
12939 2376 2373 905 2378 
12940 4276 2012 3104 3225 
12941 4330 1408 3995 4018 
12942 3320 3048 3426 1470 
12943 3136 991 3257 3256 
12944 3824 1759 3985 1124 
12945 3035 2938 1912 3140 
12946 505 2888 3973 2655 
12947 3827 1216 3821 4041 
12948 2342 2340 1612 718 
12949 2043 902 3226 2754 
12950 1313 2119 2048 4579 
12951 2043 3227 3226 894 
12952 708 902 2642 3700 
12953 1979 1220 2030 3306 
12954 320 319 321 3241 
12955 4451 2966 4184 1366 
12956 2584 2110 3528 2480 
12957 1954 3167 4271 762 
12958 989 2066 1763 3613 
12959 2374 342 3869 4085 
12960 770 902 3226 2043 
12961 1606 385 3343 3344 
12962 4390 353 354 4461 
12963 3367 4170 4331 1769 
12964 3895 848 3238 849 
12965 1760 2815 898 896 
12966 1063 1021 1062 3237 
12967 815 614 1549 2445 
12968 4484 33 1491 258 
12969 549 747 3249 548 
12970 31 4464 1487 238 
12971 2837 2839 1007 2841 
12972 1967 4573 244 1413 
12973 2966 1415 4184 1366 
12974 1384 1507 2052 4174 
12975 1507 1384 3626 4174 
12976 3529 1266 3966 2591 
12977 3730 4137 307 308 
12978 384 1576 717 3368 
12979 3190 3498 2089 4376 
12980 1944 527 3413 1390 
12981 752 914 3149 1654 
12982 2915 867 1014 3897 
12983 2583 4407 409 4347 
12984 3893 2519 1907 883 
12985 4048 4576 4109 1597 
12986 3427 1714 4360 4392 
12987 527 1944 3413 3296 
12988 921 2509 2511 3900 
12989 2397 1161 2403 3687 
12990 1683 2515 2514 883 
12991 778 2530 949 1907 
12992 4112 1241 1377 1402 
12993 3018 2799 794 3017 
12994 4474 4384 3 113 
12995 4473 2074 112 1 
12996 4483 1868 5 2073 
12997 3290 2001 1182 3282 
12998 738 2877 740 739 
12999 4565 286 1868 2073 
13000 307 305 3731 2412 
13001 3290 4301 2001 3282 
13002 3030 1011 3029 3061 
13003 3385 976 783 2501 
13004 1057 956 3706 874 
13005 2882 2959 3046 1609 
13006 4213 2221 2501 783 
13007 4529 3471 189 4504 
13008 4355 1682 1942 271 
13009 4158 4112 1377 1402 
13010 3878 1944 3413 4217 
13011 1024 3279 3278 3124 
13012 3279 1024 3278 1023 
13013 2668 1326 3878 4217 
13014 4267 1935 4008 1513 
13015 2428 2427 2426 630 
13016 2668 1326 1390 1324 
13017 2817 2757 776 3591 
13018 1732 468 1544 2225 
13019 2232 451 2231 2230 
13020 3296 1944 3413 3878 
13021 1976 1427 1344 4338 
13022 1513 1191 926 3699 
13023 859 3058 861 862 
13024 2965 1239 3095 3304 
13025 3439 4319 2907 1688 
13026 2641 1056 3487 1055 
13027 2958 749 856 855 
13028 451 452 2232 2233 
13029 2058 2793 3788 711 
13030 2707 3895 2706 844 
13031 2784 1518 2780 2942 
13032 659 4378 3286 3415 
13033 1501 2144 4350 3382 
13034 2836 394 2835 393 
13035 1220 2030 2965 1292 
13036 2803 1614 2032 2928 
13037 800 3105 3160 3743 
13038 1239 3338 3095 3304 
13039 1189 1188 2244 2242 
13040 248 3333 3724 1345 
13041 4454 3066 1345 3724 
13042 4262 3410 4361 1841 
13043 1851 3565 4403 3929 
13044 1239 4398 3338 3304 
13045 3244 3255 1404 1446 
13046 1064 886 1446 2976 
13047 3255 1064 1404 1446 
13048 2100 2331 2329 2347 
13049 1304 4035 1168 1993 
13050 1804 1968 2407 4553 
13051 1782 4223 1686 526 
13052 4552 638 3968 3668 
13053 633 634 2424 2423 
13054 1083 3109 3588 2831 
13055 1359 3768 3063 3315 
13056 1332 2361 1378 1941 
13057 330 331 3215 329 
13058 2343 2344 1347 983 
13059 479 4015 477 576 
13060 2165 4475 1525 3461 
13061 122 121 3461 4475 
13062 478 479 4064 477 
13063 1359 4397 3768 3315 
13064 582 580 2736 3703 
13065 4015 1814 3868 477 
13066 3730 4137 3731 307 
13067 1284 2963 3291 3292 
13068 2574 2573 2129 2571 
13069 2573 2574 2129 1295 
13070 3354 3355 3357 1240 
13071 1648 892 3544 3540 
13072 703 2427 1927 1402 
13073 1051 1306 3922 2701 
13074 670 1851 4403 3929 
13075 3904 241 4579 2151 
13076 3518 3519 136 4579 
13077 1205 1418 3940 2126 
13078 1764 1023 992 4558 
13079 4504 2157 190 4491 
13080 241 3904 4579 2119 
13081 1988 1140 3325 1138 
13082 3904 3408 1591 2151 
13083 2870 886 4273 2976 
13084 2871 337 2939 1587 
13085 241 3904 1591 2151 
13086 1914 1065 1456 4373 
13087 351 1617 2336 2334 
13088 3485 3486 2162 1491 
13089 997 3198 996 3197 
13090 2118 1492 258 2162 
13091 3485 4484 1491 2162 
13092 883 2514 739 3787 
13093 3486 1492 2162 1491 
13094 3486 4445 2162 1492 
13095 2781 666 664 665 
13096 2747 1121 1323 2667 
13097 548 549 547 4054 
13098 2937 1998 4358 567 
13099 118 4543 2173 4524 
13100 240 3739 3690 213 
13101 1703 2773 2775 552 
13102 2090 274 2184 95 
13103 240 95 94 213 
13104 2090 3399 2184 274 
13105 3202 1244 3201 4222 
13106 2574 1947 2750 2790 
13107 670 3565 1851 3929 
13108 3363 1140 3325 2075 
13109 1461 3310 3173 4207 
13110 96 215 3678 2184 
13111 1079 3066 1206 894 
13112 4202 1460 4447 1459 
13113 979 978 3273 977 
13114 2991 2802 820 821 
13115 3634 3453 1421 1422 
13116 1140 936 3324 1138 
13117 2018 1206 1400 4415 
13118 4235 2288 1238 1857 
13119 4500 2155 1515 4492 
13120 1869 2074 4571 4569 
13121 3388 1221 3412 2056 
13122 4225 3509 1146 1147 
13123 291 3045 3159 290 
13124 2144 173 4187 4463 
13125 1065 1064 4273 887 
13126 3279 3282 993 3303 
13127 3884 693 3611 3612 
13128 726 4078 3569 689 
13129 3323 4301 3282 1577 
13130 3541 670 3929 1621 
13131 1746 2817 2757 776 
13132 3551 3552 819 3550 
13133 4473 4571 4569 4383 
13134 3056 2993 839 1444 
13135 3499 4137 1467 4376 
13136 727 1957 3139 3038 
13137 1530 3217 2809 3016 
13138 528 4163 3161 3435 
13139 1398 250 3392 2180 
13140 1375 2519 2515 883 
13141 2219 2218 763 2217 
13142 3510 1154 1152 1153 
13143 1230 3508 3511 3570 
13144 3081 1178 3085 3737 
13145 3400 262 1876 3522 
13146 1427 868 3757 3459 
13147 3609 2124 2159 4348 
13148 4505 28 4523 1490 
13149 251 1434 1399 3589 
13150 1011 3285 3061 1399 
13151 3345 2079 784 1304 
13152 357 4256 4339 3346 
13153 3587 1582 1581 986 
13154 456 458 455 2226 
13155 3537 3541 674 3536 
13156 743 407 409 3317 
13157 3165 405 3260 4216 
13158 3565 3541 3929 1621 
13159 4179 403 402 401 
13160 4387 3664 4294 916 
13161 2228 2282 454 455 
13162 1606 3345 3346 3344 
13163 2234 1557 2237 786 
13164 1761 1801 2240 2238 
13165 3331 528 3161 3435 
13166 1529 3543 3540 3542 
13167 1820 3376 3865 1654 
13168 446 2234 1557 2235 
13169 1957 4430 3139 3038 
13170 3275 1177 3062 3514 
13171 1539 3348 784 3347 
13172 1981 4125 1385 4410 
13173 1240 1241 1377 3357 
13174 424 2602 1531 2601 
13175 4562 1868 4545 2207 
13176 2603 428 1722 1531 
13177 911 1199 2725 1053 
13178 1241 4112 1377 3357 
13179 3738 1391 1641 3446 
13180 301 2451 2489 3754 
13181 3376 1744 4164 2259 
13182 781 2376 910 2375 
13183 4145 3003 3027 1883 
13184 4313 220 2182 247 
13185 1441 4311 3644 3643 
13186 3738 2013 1641 1391 
13187 2485 987 3932 851 
13188 1563 3619 1565 1566 
13189 337 2871 2939 3766 
13190 2938 430 1912 3140 
13191 2069 4190 1908 3359 
13192 1231 2069 1908 3359 
13193 4190 2069 4184 3359 
13194 1565 1563 1564 4370 
13195 338 4001 3780 3766 
13196 1186 2287 4087 3890 
13197 1131 1651 962 2272 
13198 2299 1516 941 1196 
13199 4067 4080 3654 399 
13200 670 3565 3929 1621 
13201 892 4462 962 963 
13202 2317 370 1620 1676 
13203 4169 4102 699 971 
13204 3642 1540 1727 971 
13205 2395 3748 972 2580 
13206 4013 691 2624 2615 
13207 913 2696 4006 3991 
13208 4462 892 962 2279 
13209 4365 4308 1102 3401 
13210 3112 3113 1249 1158 
13211 3652 2946 1251 2945 
13212 963 1073 3546 1072 
13213 4466 32 1487 4484 
13214 1875 3164 1916 3117 
13215 4263 406 2268 4216 
13216 867 2915 752 2917 
13217 1909 4363 3019 3171 
13218 3455 1425 1433 4549 
13219 2614 1615 1873 2610 
13220 434 429 433 4075 
13221 3377 1288 1286 1279 
13222 2112 1132 3171 1909 
13223 443 446 442 2235 
13224 2122 2190 4421 3462 
13225 252 75 1388 4468 
13226 1900 811 2598 1863 
13227 3473 282 4506 2158 
13228 3872 3312 1305 4389 
13229 4060 3972 3215 330 
13230 2392 335 2788 334 
13231 4060 328 4270 3329 
13232 811 3708 2598 4305 
13233 1900 3707 1225 1224 
13234 1569 811 2294 4154 
13235 4154 811 2294 2598 
13236 3517 1061 1995 1754 
13237 4565 2177 4151 4369 
13238 2239 1825 1863 2294 
13239 4562 2177 4570 4369 
13240 1002 2307 2306 2305 
13241 1002 1724 2307 2305 
13242 1900 3707 1224 1863 
13243 3617 1724 2305 2307 
13244 3772 3773 1901 4314 
13245 2341 790 789 718 
13246 3531 2079 2015 3343 
13247 1629 935 908 4316 
13248 3917 951 3919 3918 
13249 1486 599 4580 597 
13250 3617 2409 2305 1724 
13251 242 65 4512 64 
13252 990 3682 1798 1676 
13253 3937 2553 1823 1718 
13254 1882 2173 1411 3468 
13255 372 374 2493 2314 
13256 1727 3642 3585 3641 
13257 2408 636 1383 4552 
13258 374 373 3650 2314 
13259 1667 2330 356 355 
13260 351 350 2371 349 
13261 3531 1167 3867 2832 
13262 2892 1143 3571 2822 
13263 372 370 2315 2316 
13264 2594 1337 2325 2327 
13265 2113 2328 742 2326 
13266 1503 2144 3380 1502 
13267 3750 922 2393 876 
13268 2338 349 2336 2371 
13269 3772 3751 922 2393 
13270 908 3441 4316 3203 
13271 4476 2189 1388 4468 
13272 2344 2374 2348 1745 
13273 1908 1335 1081 3358 
13274 2201 1859 1367 91 
13275 2881 1970 2908 937 
13276 2344 1745 2348 1347 
13277 1738 1805 1806 4275 
13278 3087 2494 333 332 
13279 1668 1650 2764 2570 
13280 275 2146 211 3863 
13281 2355 1637 2392 334 
13282 1210 3937 4100 3935 
13283 571 2559 2556 2557 
13284 4147 203 202 4557 
13285 3662 3972 2359 1919 
13286 1947 2791 2790 710 
13287 1358 3876 1245 1223 
13288 85 3992 1757 255 
13289 1778 3835 1216 2019 
13290 3840 2057 4557 2 
13291 2528 504 2535 3962 
13292 1919 3662 332 741 
13293 3828 3795 1137 3926 
13294 3177 1502 1038 3380 
13295 3694 3927 1095 3984 
13296 457 2032 1953 2928 
13297 4037 1089 1693 1088 
13298 1617 436 2338 2337 
13299 4324 2167 1988 3326 
13300 4201 3855 1752 3842 
13301 284 4077 1806 1348 
13302 2144 3433 3380 1502 
13303 2371 351 2336 3887 
13304 913 1418 4006 900 
13305 2597 351 4461 3887 
13306 2689 1030 2686 4139 
13307 759 3859 3988 4209 
13308 3860 803 3858 3859 
13309 1717 2528 2527 2526 
13310 1502 1503 1038 3380 
13311 2685 759 3988 4209 
13312 1926 1990 2694 1087 
13313 913 900 4006 4111 
13314 2683 758 2681 2682 
13315 3815 1129 4020 3813 
13316 2853 2854 2851 1664 
13317 2185 1899 4231 3458 
13318 1076 2952 1235 2950 
13319 1034 2382 2381 2380 
13320 1034 910 2380 1789 
13321 1285 3033 3020 3063 
13322 1761 1189 1578 2243 
13323 2166 4476 3463 1740 
13324 3219 3736 4293 314 
13325 2189 4476 1740 3463 
13326 2383 2385 1829 2381 
13327 3081 3080 3083 1575 
13328 1252 3652 1251 2945 
13329 2800 3706 874 3017 
13330 1469 795 794 3017 
13331 232 4571 4383 4150 
13332 2551 2552 489 487 
13333 2553 2556 2554 1718 
13334 1396 3586 4382 250 
13335 3605 4232 1730 4171 
13336 250 1394 3392 4382 
13337 1617 1671 1193 2335 
13338 3898 4043 3897 1839 
13339 436 1617 842 2337 
13340 1853 1076 1235 2950 
13341 1724 1298 2303 2305 
13342 3804 3803 3801 1047 
13343 3947 1902 1190 3951 
13344 3376 1744 1820 1005 
13345 647 3014 2899 3524 
13346 768 3233 1589 4210 
13347 1793 4564 1027 3043 
13348 4179 3166 3165 403 
13349 2639 2638 1449 2635 
13350 2838 397 395 1592 
13351 2131 768 1589 4210 
13352 3458 2031 3468 3457 
13353 1691 3201 3897 2918 
13354 4067 399 3654 398 
13355 2641 903 2633 2640 
13356 4552 2407 2415 2417 
13357 1222 3022 2921 3021 
13358 3224 4552 2415 2417 
13359 484 482 2569 3403 
13360 1670 921 1170 3900 
13361 2657 507 2656 509 
13362 484 1934 3403 3405 
13363 1364 1365 2529 1329 
13364 484 482 3403 1934 
13365 3651 633 631 2424 
13366 1281 4214 1445 3093 
13367 826 4158 1927 2425 
13368 1141 3185 3326 3954 
13369 628 703 2428 630 
13370 3299 1692 3298 3391 
13371 1770 3981 2681 2679 
13372 1087 2717 2690 1788 
13373 3981 4406 3853 806 
13374 1882 2031 3457 3468 
13375 2031 1882 1411 3468 
13376 2683 2684 757 756 
13377 1582 3587 2436 2435 
13378 760 804 4344 4017 
13379 4485 1844 2150 3516 
13380 2174 4542 267 3449 
13381 626 2432 1812 1796 
13382 66 4566 1844 4485 
13383 2910 1480 2875 1884 
13384 1593 2839 1756 1007 
13385 3285 2124 4348 1399 
13386 2766 3675 2765 840 
13387 3554 1353 1107 948 
13388 1189 1761 2240 2243 
13389 2531 3969 502 3962 
13390 1582 3587 1581 2436 
13391 4191 2068 2023 1645 
13392 4166 1435 2502 4259 
13393 3961 1087 3997 897 
13394 913 4111 4006 3259 
13395 297 296 295 2505 
13396 1163 1714 3427 1713 
13397 4082 3176 917 3174 
13398 1307 2124 3285 1399 
13399 1076 1853 2952 2950 
13400 1031 2507 1933 2346 
13401 2298 1584 2108 1196 
13402 801 2859 3743 3424 
13403 1845 1867 2900 2956 
13404 504 2531 502 3962 
13405 1029 2310 1774 1817 
13406 4181 1315 246 3478 
13407 3153 3032 1687 4391 
13408 3364 3037 865 3153 
13409 3146 1604 3248 389 
13410 2443 616 1549 851 
13411 748 3917 2760 2741 
13412 801 802 800 3105 
13413 2252 2251 2250 728 
13414 4060 3972 347 3782 
13415 919 797 2216 2214 
13416 262 4540 2172 1971 
13417 473 472 471 3199 
13418 836 2761 3959 3770 
13419 602 2475 600 3974 
13420 2869 1065 3490 4273 
13421 2029 4581 2478 4580 
13422 4123 688 687 686 
13423 1524 1697 4513 79 
13424 1419 110 230 4560 
13425 4544 2178 4318 3908 
13426 4581 3660 1300 1258 
13427 303 2420 3754 3755 
13428 2483 2481 1301 2480 
13429 1259 4000 1258 2587 
13430 3594 226 257 2170 
13431 802 2852 3742 1663 
13432 2540 495 497 761 
13433 802 2926 3105 2852 
13434 1271 2484 2587 2481 
13435 799 4266 3160 3879 
13436 4342 1737 1041 491 
13437 503 3969 3962 502 
13438 2847 2849 1207 873 
13439 2429 703 2492 2427 
13440 1364 2529 2528 2526 
13441 3275 978 3274 3062 
13442 105 250 104 224 
13443 1396 1395 2169 1974 
13444 1736 1009 3341 3600 
13445 933 2002 2082 3582 
13446 2217 868 797 763 
13447 2143 1493 234 4526 
13448 3879 800 3106 3160 
13449 447 446 443 3647 
13450 3855 3843 1752 3842 
13451 2078 4335 1702 284 
13452 3353 4035 1993 4061 
13453 1392 1151 3060 1391 
13454 265 89 2167 3450 
13455 2145 4443 238 1488 
13456 2432 2431 2430 1812 
13457 1065 2869 3490 4373 
13458 1439 3872 1410 1290 
13459 2100 2330 1667 2329 
13460 2448 2447 4031 1896 
13461 3012 1021 2983 3127 
13462 2420 2451 2447 302 
13463 699 946 3689 388 
13464 364 1540 3728 4169 
13465 1452 3529 3094 2807 
13466 1376 2519 883 1907 
13467 3696 329 4270 3215 
13468 2375 781 2373 2372 
13469 1870 1739 2697 1306 
13470 3026 953 1159 3049 
13471 1946 3708 3229 3108 
13472 4191 1645 3072 3404 
13473 1903 1441 4311 3574 
13474 1330 4289 245 2071 
13475 3200 4132 4130 2037 
13476 3871 3872 1410 1439 
13477 282 4506 2158 1520 
13478 1639 3208 3130 732 
13479 980 3334 3275 3276 
13480 197 4542 196 2174 
13481 1012 1561 1010 3005 
13482 3477 4181 246 3478 
13483 2506 2507 1031 2346 
13484 950 799 4281 949 
13485 1329 1955 2525 950 
13486 2057 2205 1751 3841 
13487 1046 1071 1070 3809 
13488 2067 958 959 4198 
13489 2530 1907 2521 949 
13490 1596 2285 1184 2284 
13491 667 670 3929 2778 
13492 1328 1791 2524 2106 
13493 2317 2319 1620 367 
13494 658 659 657 3286 
13495 2982 1020 1018 2983 
13496 4576 1968 2407 2400 
13497 268 2031 3458 3457 
13498 4548 2152 4535 158 
13499 1299 2404 2304 3702 
13500 1152 1153 1147 4341 
13501 2132 103 223 3590 
13502 4291 1816 3836 1737 
13503 504 503 3962 502 
13504 4291 1816 761 4394 
13505 3936 4257 4186 1042 
13506 3473 3474 282 2158 
13507 2981 2982 1018 2983 
13508 3070 3069 526 523 
13509 4549 108 1432 1433 
13510 108 109 4559 1432 
13511 1590 3480 3192 3479 
13512 3077 593 4578 838 
13513 1066 1838 2383 2384 
13514 1590 588 774 3192 
13515 3100 580 579 1984 
13516 2173 1411 3468 3467 
13517 3977 1749 499 3976 
13518 1673 3877 2862 1004 
13519 2992 2993 774 3192 
13520 260 1497 4472 2161 
13521 1054 943 960 2994 
13522 701 832 2974 3602 
13523 2534 500 520 2532 
13524 2822 1143 1454 1721 
13525 1120 2747 1323 2667 
13526 3106 958 3314 3170 
13527 1694 1200 2812 1850 
13528 4432 2674 4364 2081 
13529 2014 2673 2672 2671 
13530 943 1054 3319 2994 
13531 4124 4180 3262 558 
13532 2033 4522 3491 2142 
13533 12 4475 1525 1987 
13534 3783 4136 2117 3469 
13535 3872 1439 1305 1290 
13536 1254 2828 2827 2945 
13537 337 338 336 3780 
13538 4508 33 4484 258 
13539 2542 492 2545 2543 
13540 4522 2033 3491 1842 
13541 2648 782 696 1443 
13542 3704 1054 2994 3975 
13543 591 2221 783 590 
13544 2189 3409 1388 4173 
13545 2135 1868 4545 1643 
13546 1396 106 225 105 
13547 4031 709 1896 2455 
13548 1161 2397 1920 3687 
13549 3767 2097 299 585 
13550 2839 1593 1592 1007 
13551 1528 3542 3563 680 
13552 683 682 2623 2625 
13553 1645 1934 3072 3404 
13554 3961 1990 3259 899 
13555 483 484 2569 4309 
13556 3020 2925 1278 3460 
13557 3871 3872 1439 2759 
13558 1482 1288 4386 1279 
13559 484 483 2569 482 
13560 483 482 481 2569 
13561 2089 3498 1283 2032 
13562 1286 1287 3064 1285 
13563 1482 4421 2026 3291 
13564 3404 1934 3072 3403 
13565 42 4497 4501 1972 
13566 2145 3406 1488 3523 
13567 154 4497 2161 3501 
13568 3626 1383 1106 2401 
13569 4575 1506 2098 1505 
13570 2200 3503 4547 3502 
13571 4520 261 4539 2196 
13572 2297 1585 2051 4436 
13573 1383 2408 2401 3626 
13574 1127 3818 1125 3819 
13575 4497 260 2161 3501 
13576 3729 2596 1594 1131 
13577 1164 1106 2401 2580 
13578 2264 1373 4211 1160 
13579 800 3106 3160 3105 
13580 260 4497 4547 3501 
13581 2200 3502 4547 3501 
13582 1263 3091 1261 2588 
13583 1953 1614 3601 2928 
13584 4509 165 2142 3494 
13585 2905 2903 3513 767 
13586 140 4505 3523 4493 
13587 2960 957 3040 3041 
13588 2013 3387 1150 3738 
13589 1527 766 1916 3129 
13590 3627 1925 766 3129 
13591 1452 1266 2807 1263 
13592 3638 325 322 4315 
13593 4188 2459 2458 609 
13594 1264 1263 2588 2589 
13595 1853 2910 3569 2951 
13596 1933 3719 3866 2346 
13597 2145 140 3523 4493 
13598 3299 3529 1689 3966 
13599 2021 4014 1532 2039 
13600 4301 1497 2001 260 
13601 1634 210 3863 92 
13602 1787 2898 3525 2895 
13603 2591 2745 2590 1267 
13604 1266 1689 3966 1268 
13605 1274 3299 3966 4024 
13606 1274 4024 3966 2934 
13607 426 3726 3097 1578 
13608 2630 835 2644 3770 
13609 3224 639 3968 638 
13610 4212 2856 2842 1830 
13611 2151 4489 134 3447 
13612 425 2247 2599 431 
13613 1869 2208 4515 4482 
13614 1387 254 1524 4419 
13615 1868 2135 4545 3371 
13616 2174 4521 1697 267 
13617 1750 1033 3396 1767 
13618 2186 285 4517 1534 
13619 2212 1948 2211 2210 
13620 2186 2210 1534 3449 
13621 4156 1393 3438 3437 
13622 425 2249 2599 2247 
13623 4231 2135 3371 4545 
13624 4357 3191 1465 3190 
13625 469 3191 1466 1465 
13626 965 1340 852 3073 
13627 1079 877 2999 4034 
13628 1296 1958 3075 3074 
13629 4110 434 433 4075 
13630 11 12 1987 4486 
13631 4542 4521 196 2174 
13632 4071 3517 3073 1754 
13633 2085 2219 763 2217 
13634 4507 1504 61 60 
13635 4126 1397 3535 3392 
13636 676 705 2631 2634 
13637 1430 4092 290 3159 
13638 1541 2135 1868 3451 
13639 4245 670 4403 3929 
13640 2756 1746 1181 3074 
13641 1099 4374 1116 3577 
13642 3537 3536 674 2753 
13643 671 672 673 3536 
13644 3098 3702 4185 1985 
13645 2289 1596 427 3580 
13646 1640 3422 2856 4296 
13647 4048 644 3525 643 
13648 1845 1155 1867 2956 
13649 540 1200 1058 2907 
13650 1475 3685 4023 1270 
13651 3191 3190 1466 1465 
13652 2616 1945 2646 2614 
13653 977 975 4424 1732 
13654 2866 1535 2864 2865 
13655 2731 550 2775 552 
13656 4 3840 4557 2 
13657 1074 963 4149 3545 
13658 415 2256 2258 2257 
13659 342 2374 3869 1745 
13660 1294 1945 2646 2130 
13661 934 1233 3716 2016 
13662 359 2353 336 3780 
13663 749 3432 1747 1688 
13664 934 3716 3203 4316 
13665 1945 2616 2646 2130 
13666 1183 2284 2280 2281 
13667 2567 1980 2786 2565 
13668 3218 4004 3733 311 
13669 2277 2276 2280 1580 
13670 825 1354 3646 1296 
13671 2893 4225 1773 2896 
13672 505 506 504 2535 
13673 4257 4342 1041 575 
13674 507 1826 2657 3973 
13675 3399 274 4207 2184 
13676 1648 1074 3544 963 
13677 243 4202 2154 3776 
13678 3498 3190 2089 2922 
13679 4466 2194 1487 3481 
13680 820 2993 1444 839 
13681 238 4464 1487 3481 
13682 3540 1648 3539 3544 
13683 2674 517 516 2081 
13684 3636 1374 2083 3557 
13685 754 2703 1390 2096 
13686 2673 1931 2676 2675 
13687 529 2703 3413 1390 
13688 539 3944 1719 3931 
13689 1603 4334 389 1602 
13690 496 2541 2540 2539 
13691 2750 1947 2791 2790 
13692 4019 945 4028 2004 
13693 1112 2572 2566 1668 
13694 1781 2680 1036 2679 
13695 1677 1771 3722 3423 
13696 3928 539 3931 537 
13697 1374 1854 2083 3557 
13698 1374 3636 2269 3557 
13699 854 3032 2972 1686 
13700 3365 1136 1135 4314 
13701 3758 2594 1337 940 
13702 958 3949 3170 872 
13703 2518 2931 1401 2874 
13704 966 1854 3557 3635 
13705 1074 1075 4149 1073 
13706 966 1374 1373 2269 
13707 4221 3287 4162 543 
13708 1030 2689 2688 1852 
13709 966 4211 3635 2269 
13710 1374 966 1854 3557 
13711 4247 1074 4149 3545 
13712 963 1073 4149 3546 
13713 3802 1742 3799 1048 
13714 3785 2069 4190 1367 
13715 941 2299 3568 2833 
13716 1045 3801 1048 1047 
13717 848 1627 844 2712 
13718 3895 848 844 2712 
13719 249 18 1930 4536 
13720 3292 1284 3369 3291 
13721 1482 1288 3462 4386 
13722 2727 847 1698 2752 
13723 4136 3783 2117 1289 
13724 2276 1073 3546 4149 
13725 3288 1208 3578 3011 
13726 3238 4032 849 850 
13727 847 2723 1215 2752 
13728 2880 1415 3921 2966 
13729 4068 648 3579 613 
13730 746 2767 2766 764 
13731 746 2735 841 2765 
13732 4214 4159 3093 1281 
13733 4245 3420 665 2810 
13734 4122 613 3579 611 
13735 1186 2287 1184 1238 
13736 613 648 3579 611 
13737 2726 1797 2720 2732 
13738 969 3649 2038 2070 
13739 4522 53 52 2033 
13740 746 2735 1652 841 
13741 2910 1480 3569 3137 
13742 2450 615 4096 2444 
13743 3554 1353 3555 1107 
13744 1614 2745 1267 1542 
13745 614 615 4096 613 
13746 3465 2157 252 4491 
13747 3442 3397 4428 1169 
13748 254 4356 1524 4419 
13749 252 3465 1388 4173 
13750 2772 4563 2820 4237 
13751 3796 1090 1742 3979 
13752 2132 1398 271 3590 
13753 2756 1746 2755 2643 
13754 2069 4451 4184 1366 
13755 770 902 708 3700 
13756 1054 1321 3975 3704 
13757 1112 2572 3791 3792 
13758 3048 4104 3427 1713 
13759 1903 3576 3575 3574 
13760 4126 1398 2180 3590 
13761 4289 1440 3643 3623 
13762 2769 2219 2085 2217 
13763 2112 1132 4231 3171 
13764 3487 2641 1055 2643 
13765 2754 2755 1333 2643 
13766 1736 3341 1818 3599 
13767 459 3393 466 4240 
13768 1398 4355 271 3590 
13769 3452 4544 3634 3220 
13770 2112 1899 3458 4231 
13771 4486 1987 256 3469 
13772 2757 1746 2755 2756 
13773 4384 4474 112 2073 
13774 1398 4126 4355 3590 
13775 4295 1107 3555 1973 
13776 1482 1277 2964 3291 
13777 746 582 3781 2767 
13778 4531 4299 1930 4536 
13779 584 582 746 2767 
13780 3400 3520 1105 1858 
13781 3553 1107 3555 4295 
13782 1493 4526 36 37 
13783 3018 765 3709 795 
13784 38 4511 234 37 
13785 584 2768 765 3709 
13786 669 670 3929 3759 
13787 669 2650 3759 2778 
13788 3519 1313 1971 4579 
13789 2143 3488 4425 1493 
13790 670 4245 4403 1571 
13791 670 1571 4403 1851 
13792 3420 1571 4090 4403 
13793 2903 2905 1894 767 
13794 3509 1152 1146 1147 
13795 4548 158 4535 4534 
13796 1494 2198 1977 278 
13797 3498 2803 2032 2928 
13798 2486 1166 2832 3566 
13799 4477 182 3515 181 
13800 668 2780 2777 666 
13801 1815 3367 1848 3182 
13802 3367 4170 1848 3182 
13803 248 3333 2140 4450 
13804 4170 1848 3182 3777 
13805 2789 1572 3777 3182 
13806 3333 3332 2140 4450 
13807 4464 4466 1487 3481 
13808 1166 2832 3566 1168 
13809 2053 4395 3391 2114 
13810 2102 824 2610 1615 
13811 1965 3506 1498 3779 
13812 4517 4542 1534 81 
13813 3785 1141 4272 3954 
13814 209 208 3915 90 
13815 691 693 4013 3612 
13816 1859 209 90 91 
13817 98 97 217 2154 
13818 4058 691 4013 3612 
13819 912 2728 2808 2725 
13820 2768 793 765 2799 
13821 1419 287 4560 2178 
13822 692 4058 3612 691 
13823 1233 4434 4219 3717 
13824 693 692 3612 691 
13825 1417 2156 4495 246 
13826 3158 1315 1445 1843 
13827 1232 925 2987 1850 
13828 1519 249 4536 17 
13829 3091 3971 1260 1261 
13830 1694 925 2987 3057 
13831 589 2992 3591 775 
13832 1936 1320 3476 3658 
13833 2610 824 2609 3885 
13834 3187 1350 3725 4173 
13835 3224 639 3231 4030 
13836 252 3465 4173 4287 
13837 3430 1508 3429 4417 
13838 4566 4485 3516 1844 
13839 3506 2164 1498 3779 
13840 176 4519 2171 4538 
13841 4478 280 3447 1509 
13842 1947 2750 2792 1117 
13843 1794 1188 2246 1187 
13844 4543 1882 9 8 
13845 2300 1516 1808 2301 
13846 4289 1440 245 2071 
13847 232 4473 4383 4571 
13848 4311 273 2153 3643 
13849 251 103 3589 223 
13850 943 3187 3319 1389 
13851 6 1868 5 4483 
13852 4543 118 2173 117 
13853 4367 2047 3592 3438 
13854 1263 3091 2807 1262 
13855 1516 2299 970 2301 
13856 103 251 3589 1434 
13857 2409 698 4239 4283 
13858 294 3464 292 2954 
13859 4111 899 898 3997 
13860 1393 1395 3438 3270 
13861 1822 1438 245 3624 
13862 306 304 2412 2411 
13863 305 307 3731 1465 
13864 4489 4478 3447 1509 
13865 1771 1772 1872 2855 
13866 327 326 3083 3329 
13867 2845 2844 2843 1149 
13868 397 4027 3128 396 
13869 3329 327 3084 3083 
13870 2034 3134 1600 3132 
13871 3341 1736 2482 3599 
13872 335 430 2788 333 
13873 1716 3696 909 329 
13874 378 374 377 4161 
13875 3030 1009 3600 3028 
13876 3033 1285 3020 1278 
13877 1009 3341 3600 3028 
13878 3873 4368 2357 938 
13879 2871 337 336 3780 
13880 3408 2151 3447 1509 
13881 430 2938 1587 335 
13882 993 4200 4172 3303 
13883 1065 1914 2869 4373 
13884 340 2374 1665 4001 
13885 383 386 3309 4337 
13886 3408 1591 2151 1509 
13887 386 383 1521 4337 
13888 432 2833 4337 1521 
13889 3402 3645 387 3368 
13890 386 384 3309 3402 
13891 692 694 3612 3137 
13892 2429 703 1812 1952 
13893 2427 703 1927 630 
13894 694 2875 3611 3137 
13895 870 3664 916 1114 
13896 360 4256 358 357 
13897 1822 1330 3656 3624 
13898 2514 1683 883 739 
13899 1992 1211 3495 3493 
13900 1933 1339 4129 2005 
13901 1310 1330 3656 1822 
13902 1639 4379 3052 3207 
13903 2449 627 4065 4039 
13904 1986 2300 1808 2302 
13905 505 503 3963 3962 
13906 521 1826 3973 2710 
13907 3211 3210 3209 1588 
13908 3612 694 3611 3137 
13909 2528 1717 2527 2535 
13910 1297 1002 1003 2306 
13911 1834 3631 1809 4039 
13912 891 3729 1594 1131 
13913 2780 2779 2777 666 
13914 901 1195 1523 2293 
13915 3661 1834 4039 3119 
13916 3925 870 1179 1762 
13917 1596 2289 2028 2285 
13918 645 1810 2898 1787 
13919 968 2649 2776 2940 
13920 3277 3376 1820 1005 
13921 1810 647 2898 2899 
13922 1594 2596 1777 1131 
13923 1076 1836 4551 1853 
13924 1973 1294 916 4294 
13925 253 4421 4248 2026 
13926 1826 2657 3973 2710 
13927 4065 1809 4106 3280 
13928 429 3097 4042 1578 
13929 2605 441 1735 1722 
13930 2243 2244 431 3726 
13931 2838 2839 1592 1007 
13932 2244 3726 2247 431 
13933 3791 4442 1094 3984 
13934 4078 4058 3569 689 
13935 4058 726 3569 689 
13936 4065 627 1809 4039 
13937 1132 2135 4231 4545 
13938 1658 787 1599 2466 
13939 1654 914 3149 3865 
13940 2806 2128 3437 785 
13941 2509 921 954 3900 
13942 1439 297 2759 2097 
13943 4202 243 3678 1460 
13944 243 4202 3678 2154 
13945 253 2122 4421 2026 
13946 787 598 2466 2468 
13947 1475 3685 1270 1273 
13948 4467 2190 123 4248 
13949 1507 3626 1106 4206 
13950 106 1981 257 2170 
13951 1462 1461 3173 1685 
13952 3165 3166 1918 403 
13953 951 1940 1951 3918 
13954 1814 2574 2129 2571 
13955 452 2234 2233 3615 
13956 1189 2243 2240 2242 
13957 3892 1232 2943 4219 
13958 1188 1189 1224 2242 
13959 3971 3091 3672 1261 
13960 1107 1353 3555 1973 
13961 2706 846 845 844 
13962 720 780 2369 1586 
13963 2251 1624 2250 728 
13964 2927 2058 471 473 
13965 2563 1847 488 486 
13966 1645 3443 3072 1159 
13967 3924 1889 1932 2559 
13968 4037 1088 1693 1889 
13969 1112 2564 1669 2572 
13970 1233 3717 4219 3716 
13971 3911 479 2786 4064 
13972 2618 1613 2632 697 
13973 1408 2019 4041 3995 
13974 3583 2468 596 2477 
13975 1045 4103 4186 1042 
13976 4103 3936 4186 1042 
13977 1046 3806 1043 1044 
13978 708 2633 2632 3700 
13979 4291 2542 761 1737 
13980 293 1909 3019 291 
13981 3044 4363 3019 1909 
13982 4409 2045 3963 3964 
13983 539 4265 3931 4007 
13984 3293 2087 1191 927 
13985 1748 869 515 2661 
13986 4086 1219 1246 4414 
13987 2658 2660 512 3986 
13988 2783 3980 707 2647 
13989 2969 2970 2968 577 
13990 854 3032 1686 1687 
13991 3892 1232 2987 2811 
13992 1219 2042 3304 4086 
13993 4506 282 16 15 
13994 1065 3389 3490 1911 
13995 2762 748 1704 2741 
13996 2740 2739 2738 533 
13997 2869 1065 4273 887 
13998 2693 747 2692 3249 
13999 2869 2870 887 4273 
14000 1703 1660 1680 2885 
14001 2870 887 4273 886 
14002 547 549 3933 4054 
14003 1451 1746 2757 776 
14004 4366 1827 3272 3328 
14005 887 1064 4273 886 
14006 2019 1408 2710 3995 
14007 878 879 1447 2929 
14008 1453 319 1363 4044 
14009 2729 551 2714 556 
14010 3136 3135 559 3134 
14011 474 473 3183 472 
14012 1658 2464 3622 2466 
14013 1122 1128 3832 3831 
14014 1095 4442 4076 3984 
14015 2824 463 464 3204 
14016 1112 1668 1094 3790 
14017 4285 2034 1247 1655 
14018 934 935 4316 908 
14019 2363 1684 3782 2581 
14020 1701 562 566 2721 
14021 934 925 908 3203 
14022 1747 3340 3031 3439 
14023 1200 1694 2812 3031 
14024 1937 3573 3644 3572 
14025 3077 3528 3534 838 
14026 3084 327 1575 3083 
14027 1054 3319 2994 3975 
14028 925 3892 2987 3203 
14029 3716 934 3203 3892 
14030 3620 4170 1848 1769 
14031 601 2475 2467 600 
14032 2618 2619 2632 1613 
14033 2464 1658 982 1599 
14034 3333 3332 3050 1450 
14035 1681 1517 3581 1766 
14036 697 708 2632 707 
14037 3059 3322 656 3513 
14038 694 782 2875 1480 
14039 622 624 706 2437 
14040 3884 2636 3611 695 
14041 1723 3353 784 1304 
14042 609 2459 608 607 
14043 639 3224 637 638 
14044 2273 1651 1610 2271 
14045 1936 1450 1080 2998 
14046 4552 635 3668 2416 
14047 755 4553 640 642 
14048 3224 638 4552 637 
14049 2619 1613 2633 2632 
14050 888 2977 1446 886 
14051 1230 1146 4556 1960 
14052 1197 1336 2027 4227 
14053 1429 825 4282 1336 
14054 3760 2300 3659 2108 
14055 447 451 446 3647 
14056 462 2223 1544 2224 
14057 3774 1705 1472 1473 
14058 264 4320 2062 4550 
14059 2878 3560 3711 830 
14060 4498 2144 173 174 
14061 830 423 719 3711 
14062 1607 4247 3545 1074 
14063 1374 2009 2262 3636 
14064 1615 2616 2615 2614 
14065 4321 3695 1097 4076 
14066 439 3629 3230 3008 
14067 1440 99 3623 245 
14068 415 416 2257 413 
14069 1473 682 1472 2626 
14070 3958 3178 1775 1800 
14071 3560 830 719 3711 
14072 1451 2802 2801 821 
14073 3057 1694 3031 2987 
14074 636 1804 1383 4552 
14075 665 3420 730 2810 
14076 2079 3531 3867 3343 
14077 2845 1149 2843 3722 
14078 3549 3550 818 3548 
14079 4433 891 773 3547 
14080 2845 1149 1015 1148 
14081 2848 2847 1207 1302 
14082 3564 3541 1621 3537 
14083 1474 968 2649 2776 
14084 1235 2909 1884 2950 
14085 1176 1648 1608 3539 
14086 2933 4253 651 3524 
14087 801 2859 1015 873 
14088 3532 4554 4551 2953 
14089 3000 4563 2820 2822 
14090 42 4497 260 41 
14091 4137 3730 3732 308 
14092 2319 2322 368 367 
14093 3993 4561 3042 3250 
14094 3265 1339 2005 4129 
14095 2394 1849 2504 2400 
14096 4551 1076 2951 2952 
14097 4004 1881 457 311 
14098 3870 2857 2853 1709 
14099 2728 912 2808 2911 
14100 1728 4115 548 545 
14101 210 1634 3863 2202 
14102 4379 1706 3052 3053 
14103 1870 2695 1699 1700 
14104 3033 1285 3064 3063 
14105 3961 1926 2694 1087 
14106 3767 3768 585 2489 
14107 1802 1803 1053 3744 
14108 3872 4323 1290 3313 
14109 1802 1053 2808 3744 
14110 3970 501 1949 4073 
14111 370 2317 1620 367 
14112 4486 3469 256 4514 
14113 1462 3989 2808 2997 
14114 3134 2034 4285 3132 
14115 4543 4518 3457 268 
14116 780 781 721 2372 
14117 3752 1570 1731 721 
14118 2482 1736 3600 1732 
14119 1772 3386 2855 3423 
14120 1354 1958 3075 1296 
14121 4456 3338 2060 4138 
14122 668 667 666 2779 
14123 1354 3289 3646 3075 
14124 573 1915 470 4260 
14125 317 3157 3086 4044 
14126 440 438 445 3151 
14127 1363 317 3086 4044 
14128 1230 3508 4556 1146 
14129 1783 2849 2851 1663 
14130 1462 1802 2808 3989 
14131 2793 2792 1381 2791 
14132 1485 3532 3533 4564 
14133 2243 1189 1578 431 
14134 1624 2250 422 2249 
14135 2255 419 729 2252 
14136 4091 2252 728 2251 
14137 3507 2199 4556 1960 
14138 3198 3195 1027 3655 
14139 2647 708 2632 3700 
14140 307 306 305 2412 
14141 682 2626 2637 2623 
14142 1611 3243 4305 476 
14143 2628 1472 678 679 
14144 2751 681 2627 680 
14145 306 305 2412 304 
14146 4213 2221 591 2219 
14147 3108 1946 3228 3229 
14148 3132 723 4285 3225 
14149 2749 3695 1098 4321 
14150 1590 1483 588 3480 
14151 1825 2239 3614 2294 
14152 3311 1197 3909 2743 
14153 749 3432 2958 856 
14154 2362 1332 1941 2361 
14155 4288 3229 751 4131 
14156 551 2731 2730 552 
14157 1788 1087 1852 2690 
14158 1161 4290 2403 3687 
14159 1896 709 300 2455 
14160 858 3301 1626 861 
14161 1978 2846 2844 2985 
14162 4570 270 3632 4546 
14163 868 2769 2217 3459 
14164 394 1595 2834 427 
14165 3661 625 4039 1834 
14166 2771 4144 4558 4172 
14167 725 828 2819 827 
14168 1023 3278 4172 4144 
14169 2770 2772 829 827 
14170 628 2428 629 630 
14171 4158 4135 1377 3357 
14172 1818 3341 4182 3599 
14173 3615 2234 2237 786 
14174 4494 4467 123 4248 
14175 913 3991 4006 2126 
14176 1493 3488 4425 2116 
14177 760 804 4017 806 
14178 3026 3443 3049 1159 
14179 2241 2239 1863 2294 
14180 3648 901 2293 3568 
14181 339 340 338 4051 
14182 996 3198 1027 3655 
14183 901 2296 2293 3568 
14184 727 3766 2939 3138 
14185 3752 1570 4315 3330 
14186 736 737 769 2512 
14187 1587 727 2939 1938 
14188 3318 3035 3038 1938 
14189 2003 905 904 4336 
14190 3241 320 4327 4088 
14191 735 733 732 3745 
14192 2022 4049 3141 3989 
14193 3089 1077 3141 3989 
14194 2351 2354 3721 1821 
14195 3300 3057 3441 907 
14196 1077 2022 3141 3989 
14197 1120 4234 3857 2747 
14198 2022 1077 3141 2121 
14199 2883 3706 874 2800 
14200 3097 429 4042 4075 
14201 3320 3048 1470 1469 
14202 437 438 434 3152 
14203 2960 957 1100 875 
14204 1331 2365 2362 1941 
14205 1827 4366 3272 3448 
14206 341 340 4051 4085 
14207 3508 3507 4556 1960 
14208 3337 251 1399 3589 
14209 3097 429 4075 3720 
14210 4178 341 343 389 
14211 2938 2871 2939 1587 
14212 4170 1848 3777 3140 
14213 624 2432 1796 2434 
14214 1165 1166 2830 1084 
14215 4564 996 1027 3655 
14216 380 3208 985 732 
14217 846 3895 3238 849 
14218 4212 2839 1756 1593 
14219 100 220 2181 1438 
14220 1012 3004 1309 3005 
14221 975 2223 2501 3470 
14222 4564 3198 996 3655 
14223 3337 3285 4348 1399 
14224 4345 3179 4167 1022 
14225 1492 4445 2162 2118 
14226 258 4527 1841 4262 
14227 2547 3948 1190 3951 
14228 1138 1140 3325 3324 
14229 3185 1139 2908 3954 
14230 97 273 2153 3677 
14231 3430 3429 2138 3205 
14232 1855 2035 1345 3724 
14233 724 1483 4166 2220 
14234 4038 4100 3800 1049 
14235 3576 1479 4261 4458 
14236 2201 209 1859 91 
14237 1832 4145 3027 1883 
14238 2098 3430 2138 3205 
14239 1742 1050 3799 1048 
14240 1409 1805 3810 1201 
14241 3429 3196 2138 3205 
14242 1275 1361 1542 3681 
14243 408 2583 409 4347 
14244 798 3618 2456 1564 
14245 1561 1832 1017 3027 
14246 2397 435 1950 1920 
14247 738 2550 3130 3052 
14248 1838 375 2386 1871 
14249 1640 4379 4296 3386 
14250 3422 1640 3209 4296 
14251 3130 1639 3052 3207 
14252 406 2265 1646 3688 
14253 1386 4104 795 2061 
14254 3399 3175 1303 1335 
14255 581 2733 2732 1797 
14256 408 406 1646 3688 
14257 1693 4037 3924 3792 
14258 485 571 2556 2557 
14259 3800 3801 3799 1048 
14260 806 3849 4017 3853 
14261 4406 806 4017 3853 
14262 1616 2256 414 415 
14263 3308 378 377 4161 
14264 3508 2199 4556 3507 
14265 2550 738 2877 3052 
14266 1088 4038 3798 1049 
14267 743 407 4107 1630 
14268 2363 1332 2362 2360 
14269 1629 1110 1821 3721 
14270 1848 430 3777 3140 
14271 3318 1567 1565 1938 
14272 2682 2684 756 2687 
14273 1050 3800 1049 3798 
14274 4045 518 522 3379 
14275 1768 3829 1348 1806 
14276 4231 3371 3171 4545 
14277 3888 720 2369 1586 
14278 2777 817 3698 816 
14279 3020 1359 3063 3315 
14280 1758 1805 3833 3810 
14281 828 725 2819 1454 
14282 4533 1967 4547 4573 
14283 4558 4200 4172 992 
14284 44 4573 4535 244 
14285 1409 1758 3833 3810 
14286 1813 2651 3108 3228 
14287 4540 262 27 1971 
14288 4131 480 478 751 
14289 259 2199 1960 4556 
14290 769 921 2511 1016 
14291 1946 2023 3229 751 
14292 419 2256 1616 415 
14293 3066 1079 4034 894 
14294 682 681 679 2627 
14295 589 588 3302 3778 
14296 3638 3330 322 3082 
14297 1528 3562 3538 675 
14298 2256 419 2255 2254 
14299 1409 1805 1758 3810 
14300 410 4407 3710 1653 
14301 593 3077 444 838 
14302 3642 1727 3585 1198 
14303 3077 3079 444 3534 
14304 3838 1759 3985 3837 
14305 3818 1127 1125 1126 
14306 3222 3223 1382 3251 
14307 3223 1386 1382 3251 
14308 2680 3944 1719 1036 
14309 276 3488 1493 2116 
14310 1162 1386 3251 1382 
14311 3222 1162 3251 1382 
14312 4010 562 3789 3261 
14313 1123 1216 1125 3821 
14314 817 3096 3698 926 
14315 559 3135 3262 558 
14316 4442 1096 3790 1094 
14317 1471 1057 1548 3428 
14318 1215 2880 3921 2752 
14319 3212 3308 379 3307 
14320 3699 2942 3698 926 
14321 2780 2777 3698 816 
14322 4180 558 557 3262 
14323 375 1838 2383 1829 
14324 4242 722 3258 3775 
14325 3274 978 3273 3062 
14326 3341 1009 1017 3028 
14327 3477 131 130 4495 
14328 1128 3840 1753 4118 
14329 1010 979 3030 1009 
14330 1891 3200 2037 1510 
14331 809 3850 4117 1785 
14332 1011 979 3030 1010 
14333 3904 3113 3163 1248 
14334 2776 2777 817 3698 
14335 317 1363 3086 449 
14336 316 2385 3875 1623 
14337 1453 3912 3240 4044 
14338 1068 1838 2387 1229 
14339 3850 3847 4117 1785 
14340 4159 3188 1314 4228 
14341 318 317 3875 316 
14342 2259 414 3710 1653 
14343 349 2371 4241 346 
14344 348 349 4241 346 
14345 2117 3469 256 1554 
14346 1482 1277 1279 2964 
14347 9 1882 4524 1526 
14348 2131 1299 2404 1589 
14349 3550 4332 818 3548 
14350 2261 2583 3710 410 
14351 3740 4553 2417 2407 
14352 3224 639 640 3231 
14353 3337 1618 3061 1399 
14354 4442 1096 4076 2764 
14355 2927 471 3788 3199 
14356 975 977 4424 4304 
14357 2583 4407 3710 410 
14358 662 3013 2785 4292 
14359 573 4145 4260 3295 
14360 2025 1308 3527 1822 
14361 4147 4201 235 3842 
14362 1440 4289 245 3623 
14363 791 1537 2030 2873 
14364 2102 824 2609 2610 
14365 1340 1341 2613 2611 
14366 2618 1892 2612 955 
14367 3949 958 3170 4198 
14368 1999 1902 3898 3951 
14369 3378 660 3013 4194 
14370 2563 3905 486 4205 
14371 660 1537 4194 762 
14372 3201 1244 1352 4222 
14373 807 3849 4017 806 
14374 2032 3499 457 1467 
14375 2456 3618 4370 1564 
14376 4146 2054 3358 1335 
14377 235 4201 1752 3842 
14378 3091 3092 2807 1262 
14379 1263 3091 1262 1261 
14380 1361 1275 1360 3681 
14381 3554 3552 3635 948 
14382 2650 1474 2776 2777 
14383 4025 2259 3710 1653 
14384 3167 3378 4194 762 
14385 1978 448 2040 2985 
14386 3235 4025 3710 1653 
14387 3441 4368 907 3721 
14388 3861 1134 3855 3843 
14389 3317 407 409 4347 
14390 1134 3861 2086 3843 
14391 1436 221 102 2160 
14392 2805 296 295 294 
14393 3594 107 227 4549 
14394 3595 228 4549 227 
14395 715 2267 2265 2268 
14396 3827 4019 4028 2004 
14397 1394 4176 3270 3269 
14398 3757 1426 3335 4230 
14399 4118 3832 4117 1785 
14400 298 2498 2505 297 
14401 3825 1122 3822 4028 
14402 2656 3990 508 2654 
14403 3328 2137 4358 4095 
14404 1827 4366 952 1203 
14405 2948 2931 1037 3162 
14406 804 807 4017 806 
14407 4385 825 3646 4329 
14408 1990 3961 2694 1087 
14409 4401 4366 3328 1203 
14410 573 463 3204 470 
14411 4366 1827 3328 1203 
14412 4499 4520 4138 1499 
14413 3847 4118 4117 1785 
14414 3781 2735 2733 1652 
14415 4025 3235 3149 1654 
14416 1096 4442 4076 1095 
14417 56 55 4499 1499 
14418 4368 1110 907 3721 
14419 3235 744 3149 1654 
14420 867 2919 2918 2917 
14421 1528 3563 3562 677 
14422 285 4517 1534 82 
14423 1650 2080 2129 2571 
14424 3441 1629 3721 907 
14425 1296 1958 3074 1181 
14426 752 2916 3150 3149 
14427 3076 1354 2094 3075 
14428 4092 2175 4546 3456 
14429 1629 1110 3721 907 
14430 3305 1358 3876 1245 
14431 97 243 1460 3678 
14432 3024 1923 953 1895 
14433 857 2958 856 855 
14434 3175 1303 1335 1081 
14435 3961 1990 899 1087 
14436 352 3321 3887 350 
14437 1958 2817 776 3076 
14438 2915 867 2918 2917 
14439 1760 2815 1214 2996 
14440 1122 3848 4028 3825 
14441 826 2419 634 2418 
14442 4122 2453 610 2458 
14443 3862 3362 2041 2984 
14444 4488 1496 277 39 
14445 89 88 206 1707 
14446 351 352 3887 350 
14447 1681 1517 4046 3581 
14448 1442 219 2182 4128 
14449 643 4048 642 4074 
14450 259 4496 48 1498 
14451 3958 1800 3384 3381 
14452 4134 350 2371 3887 
14453 3142 3375 974 3372 
14454 816 817 3698 926 
14455 3143 3142 974 3372 
14456 350 351 2371 3887 
14457 3321 350 4134 3887 
14458 2595 3718 4155 1428 
14459 2460 1562 798 608 
14460 4519 1504 4507 4083 
14461 496 4300 4183 524 
14462 1504 1501 4350 3382 
14463 3637 2578 4558 1675 
14464 3120 1059 1103 1861 
14465 2009 413 412 2261 
14466 4131 3243 478 4064 
14467 963 1074 3544 3545 
14468 1529 3542 1528 714 
14469 1887 3383 3382 4083 
14470 628 2430 2428 2429 
14471 1383 1164 1106 2401 
14472 524 1999 4183 1369 
14473 1902 3898 1014 1839 
14474 2366 3888 2369 1586 
14475 1540 4169 699 971 
14476 1507 946 1240 3355 
14477 4101 3051 860 3414 
14478 2537 1369 498 4183 
14479 1661 2406 2413 2411 
14480 4140 3271 1597 1598 
14481 4401 4366 952 2593 
14482 1495 259 1960 4556 
14483 1585 4378 4436 2414 
14484 2927 2058 3788 471 
14485 1012 3526 3005 3029 
14486 659 777 3415 3416 
14487 3685 2804 2934 1270 
14488 4137 309 3732 3733 
14489 3074 3487 3909 1181 
14490 3366 1716 909 1780 
14491 3367 1815 3366 3182 
14492 660 3378 3013 3416 
14493 1572 1815 3182 909 
14494 1637 2353 2392 336 
14495 661 660 3013 3416 
14496 2485 2441 851 3932 
14497 141 2145 4464 4493 
14498 430 1848 1912 3140 
14499 1903 3576 4458 1479 
14500 683 2622 1642 1730 
14501 1163 3427 4325 2061 
14502 3487 1197 3909 1181 
14503 3168 3169 1922 3321 
14504 1163 4290 2403 1161 
14505 4323 1290 3313 1289 
14506 3168 4134 1636 3679 
14507 4057 3202 2093 1245 
14508 4290 1163 2403 4325 
14509 419 2256 2255 1616 
14510 681 680 679 2627 
14511 445 3311 4193 4141 
14512 104 2132 223 2180 
14513 452 451 460 2233 
14514 823 3761 653 655 
14515 439 440 3008 438 
14516 3142 2121 1458 3141 
14517 1151 1397 3269 3041 
14518 1391 3738 3060 3436 
14519 1395 1393 1392 3270 
14520 4109 3271 1597 4140 
14521 2054 4146 2147 212 
14522 1296 3074 3909 1181 
14523 1462 4049 3989 2997 
14524 2186 198 3449 4517 
14525 198 4542 3449 4517 
14526 2882 2883 822 2800 
14527 1824 2932 1401 2931 
14528 1197 1296 3909 1181 
14529 2168 4093 239 3920 
14530 301 303 3754 1906 
14531 858 859 856 3431 
14532 4476 2166 4487 1740 
14533 89 208 239 90 
14534 2387 1838 2386 1229 
14535 2399 1550 2402 2397 
14536 3180 857 1052 1660 
14537 3773 3365 1135 4314 
14538 3751 3750 964 922 
14539 3773 4399 2347 1666 
14540 4046 832 3603 3604 
14541 4125 2179 224 2120 
14542 3090 1077 2121 3141 
14543 4125 2120 224 105 
14544 210 1634 91 92 
14545 943 1350 3187 1389 
14546 1054 3319 1400 1389 
14547 1363 1362 3482 3086 
14548 1056 3487 3909 2743 
14549 4037 1089 3794 3792 
14550 2483 3482 1807 1720 
14551 1122 945 4028 3848 
14552 2483 2584 1301 1807 
14553 1210 3937 1823 1718 
14554 452 2233 460 461 
14555 1662 4093 4284 3920 
14556 4093 1662 239 3920 
14557 4189 539 3931 3930 
14558 2702 1739 1674 1051 
14559 1219 4086 3304 4414 
14560 1888 2762 1058 2763 
14561 1955 4198 3941 3314 
14562 539 3928 3931 538 
14563 1934 482 3403 3404 
14564 1220 1219 3665 1218 
14565 2033 2142 3491 3492 
14566 483 4309 2569 2557 
14567 2770 2772 2929 829 
14568 2398 1886 312 310 
14569 756 542 4007 2687 
14570 2563 3905 4411 1847 
14571 3733 309 3732 310 
14572 4309 484 3403 3405 
14573 4566 4477 4550 3515 
14574 1889 571 2559 2556 
14575 869 2662 515 2661 
14576 3857 1120 884 893 
14577 869 2663 2662 2661 
14578 264 4550 4470 2191 
14579 4566 4320 3515 4550 
14580 518 516 519 4364 
14581 4566 4431 3515 4320 
14582 1816 3836 3834 4394 
14583 1307 3609 3526 3285 
14584 3609 1308 3526 3527 
14585 3838 1759 1130 4020 
14586 1308 3609 3526 1307 
14587 4234 1120 1323 2667 
14588 3846 804 4017 3852 
14589 2747 1121 3856 884 
14590 2762 1704 1058 2742 
14591 1781 2680 1719 1036 
14592 2684 2685 2683 757 
14593 3846 804 3852 3845 
14594 2717 3961 3997 897 
14595 540 2907 1058 3930 
14596 3825 1122 3832 3831 
14597 4200 993 4172 992 
14598 518 4244 3942 514 
14599 631 3889 630 629 
14600 4433 891 4332 3548 
14601 3375 2154 3776 1457 
14602 746 2735 2766 2767 
14603 273 1479 4458 3677 
14604 546 545 2930 544 
14605 518 4244 4045 3942 
14606 1794 2651 1225 1813 
14607 2570 1668 2566 3790 
14608 1801 2240 2238 2239 
14609 518 1695 1712 3942 
14610 452 2233 461 3615 
14611 2234 452 2232 446 
14612 3532 3147 4551 1485 
14613 1793 1485 4551 1836 
14614 726 1485 1836 4551 
14615 3532 1793 4551 4554 
14616 3373 2002 3953 4033 
14617 3945 2549 490 2546 
14618 3664 870 4405 3925 
14619 870 3664 4405 831 
14620 682 1473 684 2623 
14621 4264 1481 3194 1478 
14622 3373 3143 3953 973 
14623 3521 1101 4243 4308 
14624 3519 4528 136 4579 
14625 1591 3904 1248 1249 
14626 23 4478 1509 280 
14627 2135 1541 4231 3451 
14628 4517 285 4515 82 
14629 2002 3373 3953 973 
14630 4251 4521 4513 1697 
14631 1230 3508 3570 4556 
14632 2852 2849 3742 1663 
14633 854 865 864 4040 
14634 1144 3571 3570 3511 
14635 3036 4269 964 3751 
14636 2333 3773 1901 3772 
14637 1253 3047 1891 1252 
14638 1144 1230 3511 3570 
14639 3158 4181 1315 1843 
14640 3970 3969 3963 503 
14641 801 2859 3742 3743 
14642 2857 2858 2854 1709 
14643 4410 4574 2170 4152 
14644 2915 867 3897 2918 
14645 2519 1375 2515 2517 
14646 1394 1396 4176 4382 
14647 1956 2949 3914 2932 
14648 2969 3914 1856 853 
14649 1824 2948 2932 2931 
14650 341 4178 3148 389 
14651 3716 3715 2016 2368 
14652 2849 2847 3742 873 
14653 3365 4399 1135 865 
14654 4048 4109 3271 1597 
14655 2916 2861 866 3877 
14656 617 3994 620 3907 
14657 833 2870 2867 2974 
14658 997 3196 1028 3195 
14659 2870 833 2975 2974 
14660 4267 3484 1964 4008 
14661 3707 2241 1224 1863 
14662 1778 4346 521 3964 
14663 1814 4015 2571 576 
14664 461 1559 3615 4393 
14665 472 1569 4449 4154 
14666 472 4154 4449 3294 
14667 2045 1778 521 3964 
14668 3308 381 3307 4239 
14669 2453 4122 610 612 
14670 1778 4346 3964 3965 
14671 386 3309 4337 3402 
14672 383 381 4283 3307 
14673 632 2426 631 2424 
14674 947 1507 1106 4206 
14675 3309 3213 382 3307 
14676 2045 1778 3964 3965 
14677 3015 645 2898 3525 
14678 2833 3625 1521 970 
14679 2274 2272 2279 962 
14680 4456 1293 2060 3338 
14681 2303 3625 2301 1784 
14682 4211 966 3635 885 
14683 281 1431 4250 3471 
14684 3319 1054 4415 3975 
14685 1970 1418 2881 2879 
14686 2728 3894 2719 911 
14687 1803 2726 3744 2734 
14688 1374 416 2009 3636 
14689 1779 1739 1674 2702 
14690 2693 1926 2691 2692 
14691 1054 2018 4415 3975 
14692 644 4048 3271 1597 
14693 3290 2001 2021 1182 
14694 725 2821 1454 1455 
14695 1998 4298 567 1619 
14696 4473 4383 4569 201 
14697 3911 480 478 4131 
14698 480 481 4249 3910 
14699 2023 1946 3228 1813 
14700 1946 2023 3228 3229 
14701 1260 3971 3093 4072 
14702 1794 2651 1813 890 
14703 1878 3474 2158 282 
14704 991 1837 3256 2034 
14705 2034 3256 4285 1247 
14706 513 4142 511 3986 
14707 512 513 511 3986 
14708 2748 4220 512 3986 
14709 2660 2748 512 3986 
14710 977 976 3274 4304 
14711 2998 2783 1443 2796 
14712 3067 3771 2950 1235 
14713 1778 4346 3835 2019 
14714 1127 1778 3965 3819 
14715 1040 4561 1236 4567 
14716 3509 3508 1146 1960 
14717 3012 4243 1062 3237 
14718 3504 1447 3502 4052 
14719 3279 1182 3282 3281 
14720 3323 4388 1447 1577 
14721 4467 2190 4248 253 
14722 4511 1496 234 3500 
14723 621 701 2864 3602 
14724 2338 349 2371 4241 
14725 898 2724 3997 897 
14726 3284 4362 3283 343 
14727 2371 3680 4241 346 
14728 1046 3807 1768 1201 
14729 4134 2371 346 3680 
14730 3796 1089 3798 1050 
14731 4257 2561 4342 575 
14732 2724 898 3997 3010 
14733 1310 3004 3527 3656 
14734 4376 3190 3731 1465 
14735 899 898 3997 897 
14736 4157 4397 3754 1906 
14737 3527 1822 3656 3624 
14738 1513 969 4008 2942 
14739 2305 1298 2303 2304 
14740 2409 1724 2303 2305 
14741 1838 1066 2383 1829 
14742 383 698 1521 4283 
14743 1924 3772 922 1901 
14744 1299 2131 2404 3702 
14745 2971 572 2970 2972 
14746 1299 1297 2131 3702 
14747 969 3649 4008 2942 
14748 353 352 354 4461 
14749 1196 2297 1194 2296 
14750 2299 2298 1516 1196 
14751 1431 252 1389 4287 
14752 3649 3339 2070 4008 
14753 2266 2036 2264 4211 
14754 4157 303 3754 3755 
14755 736 737 3786 735 
14756 3421 2111 3417 4175 
14757 2122 1288 1525 3462 
14758 3003 1309 3005 1561 
14759 1989 2715 4019 4408 
14760 2122 2190 3462 3461 
14761 3449 1898 1534 267 
14762 3409 1351 1740 1388 
14763 2912 1165 1228 2015 
14764 348 4241 344 346 
14765 1989 1407 4019 2715 
14766 1671 1617 2334 2335 
14767 3169 352 1922 3321 
14768 1936 1910 2998 1080 
14769 337 727 2939 1587 
14770 1079 3066 2999 3050 
14771 637 1804 4552 640 
14772 1033 3397 3396 3395 
14773 3333 1450 3724 1345 
14774 3219 3736 314 3735 
14775 263 4422 1506 1887 
14776 2784 1518 2781 2780 
14777 4081 3206 4568 4349 
14778 4553 3224 4552 640 
14779 313 4236 312 311 
14780 1481 3429 4264 3196 
14781 1319 1936 1910 3658 
14782 1613 697 708 2632 
14783 2648 782 3611 696 
14784 3198 3530 996 930 
14785 1309 1012 3005 1561 
14786 725 3968 2819 4030 
14787 4521 80 1697 267 
14788 21 2076 4495 4469 
14789 2166 4356 194 4487 
14790 2821 4030 3676 1455 
14791 735 732 3130 3745 
14792 3745 731 3214 4062 
14793 1846 3442 4428 1169 
14794 3650 4199 377 4161 
14795 1416 109 270 4559 
14796 289 4562 4546 288 
14797 4565 231 4570 4560 
14798 2772 2770 2579 827 
14799 3595 3594 227 4549 
14800 380 732 731 3214 
14801 1143 880 4563 1454 
14802 1426 3454 4230 3757 
14803 4310 4531 4502 129 
14804 1890 1426 4230 1344 
14805 243 4202 3776 1459 
14806 1144 2892 3571 3511 
14807 2498 2759 2097 3767 
14808 1413 3503 4380 961 
14809 4509 51 4490 233 
14810 2759 4389 2097 3767 
14811 1285 1359 2008 3063 
14812 698 3625 1784 1521 
14813 1204 1810 2895 2897 
14814 3020 1359 3315 3460 
14815 3312 2008 3768 3063 
14816 1408 2661 3995 4018 
14817 285 2134 2209 2208 
14818 788 2218 2502 2216 
14819 1351 3055 1444 942 
14820 4334 1603 3248 4094 
14821 1171 1154 4459 3764 
14822 2549 490 489 488 
14823 4089 418 402 2576 
14824 2080 2571 2567 576 
14825 243 1458 3776 1457 
14826 868 1427 3757 1426 
14827 3793 1093 1092 1091 
14828 1111 4328 2083 4448 
14829 1889 571 1932 2559 
14830 1050 3796 1742 3799 
14831 2233 461 3615 2824 
14832 716 3551 819 3550 
14833 847 2727 2723 2752 
14834 3663 870 3925 1762 
14835 1603 4334 1602 4094 
14836 963 962 1072 3546 
14837 1634 210 91 2202 
14838 2661 1408 3995 2659 
14839 606 605 607 4105 
14840 2260 413 2258 2257 
14841 3791 3793 4317 1092 
14842 2572 1112 3791 3790 
14843 413 415 2258 2257 
14844 1112 2572 1668 3790 
14845 3560 831 719 830 
14846 2547 2537 1369 2007 
14847 4090 1571 1851 4403 
14848 3444 813 4091 3445 
14849 1783 2850 3107 3769 
14850 1045 4103 3800 3801 
14851 3801 1045 1048 3800 
14852 1298 1724 2303 1784 
14853 3625 2409 1784 2303 
14854 4103 1045 3800 1049 
14855 2030 1220 2965 3306 
14856 2902 1867 2900 2901 
14857 2154 243 3776 1457 
14858 1153 3705 1845 1204 
14859 901 2296 941 1194 
14860 3219 315 3016 313 
14861 2463 604 4105 4079 
14862 2507 2508 1031 863 
14863 3806 1046 1043 3808 
14864 4390 4339 354 355 
14865 2318 2319 2317 367 
14866 360 357 784 3346 
14867 1877 1237 1939 4127 
14868 1666 1243 939 2347 
14869 578 4302 1939 3823 
14870 4533 43 4501 4547 
14871 878 879 2929 829 
14872 3869 342 4441 4085 
14873 879 4388 2929 4200 
14874 1525 2165 3461 4460 
14875 879 4388 1447 2929 
14876 1882 4543 3457 268 
14877 3978 1877 1939 4127 
14878 1684 2366 1006 1586 
14879 1237 2099 1939 4127 
14880 298 709 2488 2455 
14881 1749 4302 1939 578 
14882 1129 2099 1929 3813 
14883 1043 1042 4186 3830 
14884 3806 1044 4186 1043 
14885 594 3583 1555 3737 
14886 879 4200 2929 829 
14887 1647 4322 3316 1069 
14888 3584 315 3016 3219 
14889 3188 1316 1314 4228 
14890 2398 3733 3732 310 
14891 1286 1287 1289 3064 
14892 637 1804 636 4552 
14893 1043 3834 3808 1070 
14894 2408 2407 1383 2401 
14895 803 804 3852 4344 
14896 626 628 2430 2449 
14897 1759 3838 1757 2711 
14898 3838 1759 3837 2711 
14899 1065 1911 3490 1403 
14900 2052 1240 1377 3357 
14901 405 411 3260 1630 
14902 1467 4376 3731 1465 
14903 636 637 4552 635 
14904 3279 1023 4172 993 
14905 1240 3355 3357 4174 
14906 628 2430 2449 2428 
14907 946 3351 388 981 
14908 3811 3812 1071 3809 
14909 4112 4158 1377 3357 
14910 3169 3168 1922 1228 
14911 1490 4505 3523 3522 
14912 4199 3308 377 4161 
14913 2595 3749 876 4011 
14914 2452 815 2446 612 
14915 2066 989 1603 4053 
14916 2486 1166 1583 1084 
14917 1121 1755 3856 884 
14918 4035 1167 3867 1304 
14919 1167 2079 3867 1304 
14920 4478 23 1509 4489 
14921 1944 3878 1390 4217 
14922 1562 606 2461 2462 
14923 1601 727 3139 3138 
14924 600 2469 3974 2467 
14925 2670 2703 2096 1390 
14926 3618 798 2456 2457 
14927 3811 1409 3810 3809 
14928 3035 1587 2939 1938 
14929 3878 1326 1390 4217 
14930 1409 3811 1071 3809 
14931 2432 624 3666 2434 
14932 3651 649 3637 4106 
14933 1121 2669 4252 1325 
14934 2497 3620 1566 1679 
14935 1549 2443 3613 2445 
14936 769 2513 2511 2512 
14937 604 605 4105 4079 
14938 1670 3900 1170 3239 
14939 411 3107 3260 1630 
14940 3914 1956 1170 1856 
14941 3906 1913 1016 1170 
14942 1956 3914 1170 3239 
14943 1329 1717 2106 2526 
14944 2063 1683 2513 1016 
14945 4412 1955 950 2525 
14946 4122 612 2446 4096 
14947 1683 769 2512 2513 
14948 4129 954 2005 2555 
14949 4122 613 612 4096 
14950 3949 3950 959 4198 
14951 496 2539 497 498 
14952 4309 484 2569 3403 
14953 3025 3024 3023 1895 
14954 405 4263 4107 3260 
14955 2931 1085 1401 1037 
14956 405 407 4107 4263 
14957 485 4309 2557 2554 
14958 1306 3991 3922 2701 
14959 3838 1759 4020 3985 
14960 1418 2881 2879 3940 
14961 1662 1090 1137 3828 
14962 3991 1306 2126 2065 
14963 3922 1205 3940 2126 
14964 4005 2020 1004 1630 
14965 550 549 2884 547 
14966 2574 1947 710 1295 
14967 1126 1125 3820 1124 
14968 3850 3847 1785 807 
14969 3638 323 3082 322 
14970 549 3934 3933 3249 
14971 549 747 3934 3249 
14972 2738 1725 536 2677 
14973 4268 3751 2141 1924 
14974 4252 1755 1325 2675 
14975 2679 3982 2676 1864 
14976 604 606 2463 4105 
14977 537 3928 535 2698 
14978 536 2678 2677 1036 
14979 1342 2608 2607 2606 
14980 2618 955 2612 2613 
14981 3563 2629 677 679 
14982 3563 2751 2627 680 
14983 1133 1864 1036 2678 
14984 809 3850 1785 807 
14985 1449 2638 1448 2634 
14986 49 4471 278 1498 
14987 2837 1007 1576 2841 
14988 1126 3818 3985 3820 
14989 1607 1074 3545 1608 
14990 680 3563 677 679 
14991 2298 2297 1196 2296 
14992 63 1505 62 4538 
14993 4564 2637 4165 4133 
14994 836 2761 931 3959 
14995 3430 4417 178 4525 
14996 2784 1518 2785 2781 
14997 1702 88 2204 3955 
14998 3107 4005 3260 1630 
14999 2663 869 1407 4018 
15000 88 206 2204 3955 
15001 4020 3818 3985 1126 
15002 1122 3848 3825 3832 
15003 3795 3926 3797 1091 
15004 3296 3069 523 3379 
15005 4219 2943 3918 1940 
15006 528 3161 530 574 
15007 3840 1128 3832 4118 
15008 3848 944 4117 3832 
15009 4020 1759 1126 3985 
15010 1788 2717 2722 882 
15011 1749 4302 3977 3978 
15012 3844 1753 3841 4118 
15013 2718 760 4406 1770 
15014 1670 4066 2555 3900 
15015 2695 2696 2694 1700 
15016 2509 2507 2555 954 
15017 3961 1926 1087 2691 
15018 1926 1990 1700 2694 
15019 549 551 3933 3934 
15020 561 558 1690 4119 
15021 1412 4063 3468 1411 
15022 2724 897 896 882 
15023 2447 4031 1896 2455 
15024 847 2706 845 2704 
15025 1462 1802 3989 2022 
15026 954 3719 2555 4129 
15027 821 2802 820 775 
15028 1030 2689 1852 1729 
15029 315 1530 3016 313 
15030 2706 847 846 2727 
15031 3895 2706 846 2727 
15032 1483 3999 2422 465 
15033 3175 3174 3173 1303 
15034 2221 591 467 590 
15035 566 562 3789 2721 
15036 2889 2890 586 1678 
15037 2669 1121 1324 1325 
15038 4189 539 4265 3931 
15039 2682 1781 2680 1719 
15040 558 4124 1690 4119 
15041 2682 756 4007 2687 
15042 646 3172 1598 3271 
15043 1985 1227 1598 4140 
15044 605 606 604 4105 
15045 3135 560 3261 3262 
15046 562 561 566 3789 
15047 2707 844 566 2709 
15048 3928 538 535 2742 
15049 562 1701 564 2721 
15050 1985 3098 4140 4185 
15051 1227 3098 4140 1985 
15052 2703 529 754 1390 
15053 3751 4269 964 3750 
15054 2740 2760 534 2889 
15055 529 3253 754 531 
15056 4012 3054 1357 951 
15057 231 232 4565 4151 
15058 1764 1536 4558 992 
15059 2439 2441 3932 986 
15060 3282 1577 993 3303 
15061 315 1530 2986 3016 
15062 848 3895 3238 3894 
15063 582 3781 2733 1652 
15064 2880 1970 1215 1415 
15065 988 3587 3932 986 
15066 1340 965 2611 3073 
15067 2927 2058 473 710 
15068 4546 4570 4457 3632 
15069 3781 582 2735 1652 
15070 2584 3912 1807 3482 
15071 2847 2859 3742 873 
15072 1837 3256 3607 4306 
15073 1627 1199 1701 2713 
15074 1137 4284 2202 1917 
15075 4284 3926 1137 2202 
15076 524 4300 4183 3952 
15077 1902 2914 3898 3947 
15078 1306 1051 3922 1205 
15079 2849 1207 873 1663 
15080 2727 846 3238 849 
15081 756 2684 753 2687 
15082 1739 2701 2700 2697 
15083 1351 1350 4173 3725 
15084 881 1134 895 2814 
15085 1369 1999 4183 3951 
15086 3660 3628 4000 1258 
15087 1262 3091 1260 1261 
15088 4581 4577 2479 2478 
15089 1585 1584 2414 1196 
15090 814 3277 1862 1005 
15091 242 3429 4264 1481 
15092 3409 1351 4173 3725 
15093 1680 546 2886 2887 
15094 3156 547 546 2886 
15095 1771 1772 2855 3423 
15096 749 546 2930 544 
15097 1351 3409 1740 1799 
15098 855 1680 2887 546 
15099 2958 2957 2887 855 
15100 3442 1846 4428 3886 
15101 1351 1350 1388 4173 
15102 1415 2966 4184 3921 
15103 625 627 4039 1834 
15104 1231 1415 4184 3921 
15105 649 3651 3889 4106 
15106 2197 4488 150 3500 
15107 3785 2069 1367 1366 
15108 2436 2437 706 2434 
15109 3233 4210 4195 1589 
15110 1792 1209 3280 1809 
15111 4572 2199 159 4503 
15112 4203 4192 2582 363 
15113 2113 1243 2327 1337 
15114 682 2626 2623 2625 
15115 3096 2776 817 3698 
15116 767 2903 1543 1894 
15117 1789 1623 1180 3874 
15118 2067 3950 4375 2737 
15119 1011 979 3061 3030 
15120 318 1623 3875 3874 
15121 2575 4088 3874 1180 
15122 3769 2854 2862 2103 
15123 1822 1438 3624 4238 
15124 4389 3312 1305 3768 
15125 1618 1177 3062 978 
15126 3004 1310 1309 2936 
15127 2227 2228 455 2226 
15128 1900 3707 3108 1225 
15129 2936 1310 1312 3656 
15130 2792 2944 1380 1117 
15131 1185 1186 4087 3890 
15132 23 4478 280 22 
15133 2947 1891 3154 1256 
15134 3408 1591 1509 1510 
15135 4236 2398 3735 312 
15136 4577 2055 599 4580 
15137 1453 3912 3534 3240 
15138 1879 1186 4087 1185 
15139 859 858 3058 3431 
15140 558 4124 555 1690 
15141 3421 3419 1905 4402 
15142 858 3301 3431 4101 
15143 4087 3421 1905 4402 
15144 1913 2518 1401 2874 
15145 947 946 1507 4206 
15146 513 1712 1037 3162 
15147 3626 1507 4174 4206 
15148 458 462 1544 2224 
15149 4541 2195 4527 146 
15150 768 4185 1598 3172 
15151 252 75 4491 74 
15152 3246 2877 740 3053 
15153 254 4356 2166 4487 
15154 1309 1310 1311 2936 
15155 1507 3355 4174 4206 
15156 944 809 4116 4117 
15157 1029 2308 3713 1003 
15158 4191 4288 3229 751 
15159 1227 1029 3713 1003 
15160 3014 647 2898 645 
15161 1324 2670 1390 4217 
15162 2496 3613 1763 4094 
15163 2668 1324 1390 4217 
15164 1934 570 3071 3405 
15165 2024 2066 1602 4120 
15166 2252 4091 728 729 
15167 809 3850 4116 4117 
15168 2668 2670 1324 4217 
15169 3242 4015 3868 477 
15170 4429 4131 478 1611 
15171 528 4223 526 3435 
15172 3243 4429 478 1611 
15173 2938 3035 1587 2939 
15174 1938 727 2939 3038 
15175 611 4122 610 2458 
15176 3243 478 477 476 
15177 3245 1100 1942 1609 
15178 1100 2959 875 1609 
15179 527 529 3413 1390 
15180 3375 1442 974 3372 
15181 1604 3146 3110 345 
15182 1694 3057 3031 862 
15183 1748 1826 2659 509 
15184 2658 2657 2656 509 
15185 1110 2354 3721 2357 
15186 965 3701 2611 3073 
15187 2351 1629 1821 3721 
15188 4362 3680 345 346 
15189 852 1340 1754 3073 
15190 437 3268 4110 4153 
15191 1736 3341 2482 3600 
15192 441 437 4110 4153 
15193 3268 1551 4153 437 
15194 1386 2064 795 4055 
15195 3081 3080 592 3078 
15196 3268 4071 4153 1551 
15197 527 529 4163 3413 
15198 529 2703 4163 3413 
15199 2714 551 553 556 
15200 1898 1846 267 3886 
15201 1898 2210 3886 3449 
15202 2009 416 2260 3636 
15203 2111 777 3417 4175 
15204 1672 581 3099 2732 
15205 1195 2295 1356 2292 
15206 4004 1953 3601 2928 
15207 581 2736 3099 2732 
15208 2295 4175 1356 2292 
15209 1779 1739 3902 2700 
15210 2296 2295 1194 2293 
15211 3132 723 3131 563 
15212 3102 3103 1647 3221 
15213 3047 3652 1252 2945 
15214 2212 2210 3886 1898 
15215 303 4157 3754 1906 
15216 3201 1691 3897 4043 
15217 1044 1045 4186 1042 
15218 1045 1044 4186 3804 
15219 4257 1043 1041 3830 
15220 845 2705 1674 2704 
15221 317 3157 3875 316 
15222 1101 3521 4243 4197 
15223 1860 1101 4243 4197 
15224 1209 3123 1059 1025 
15225 3122 1026 1059 1025 
15226 1535 1464 2866 2864 
15227 1893 3674 4420 4095 
15228 3850 809 4116 3854 
15229 3256 991 2034 3134 
15230 3136 991 3256 3134 
15231 4124 4180 555 3901 
15232 527 529 3435 4163 
15233 2913 1605 3109 3110 
15234 935 934 4316 3716 
15235 987 4021 3932 3588 
15236 152 4113 4480 4208 
15237 544 3267 543 3193 
15238 2693 747 3249 3934 
15239 151 152 4480 4208 
15240 3174 2911 1685 4032 
15241 3059 3167 1538 658 
15242 3584 315 2986 3016 
15243 934 3716 4219 3892 
15244 934 1233 4219 3716 
15245 1830 2856 2842 1872 
15246 3322 657 655 4353 
15247 1232 934 4219 3892 
15248 1175 2000 929 4568 
15249 1232 1233 4219 934 
15250 2144 1503 3380 3382 
15251 668 2779 2777 2778 
15252 1561 3003 3027 3005 
15253 1426 1890 4230 1425 
15254 3454 1426 4230 1425 
15255 3518 4510 4528 135 
15256 3455 3454 4230 1425 
15257 348 349 2338 4241 
15258 2091 450 2448 1471 
15259 1891 3047 3154 3200 
15260 3477 4181 2192 1334 
15261 1519 4400 2114 1476 
15262 3047 1891 3154 2947 
15263 4012 951 3918 3919 
15264 4362 4441 2653 344 
15265 738 737 735 2550 
15266 2839 4212 2842 1593 
15267 2812 1058 2763 1850 
15268 3650 3616 2312 376 
15269 4280 1108 3687 3316 
15270 3100 569 579 580 
15271 4322 1647 1327 1069 
15272 1109 1647 3316 1069 
15273 1254 1253 1251 2945 
15274 1002 2308 2306 2307 
15275 1200 2907 2763 1058 
15276 252 1350 1389 4287 
15277 4256 361 358 3899 
15278 2195 4527 4262 1841 
15279 34 33 4508 258 
15280 934 935 2016 3716 
15281 3718 1428 1865 4155 
15282 338 340 1665 4001 
15283 2762 1888 2811 2763 
15284 627 2449 3667 4039 
15285 2811 2812 2763 1850 
15286 4508 4527 258 4262 
15287 2678 1133 2676 2677 
15288 3488 276 4541 2195 
15289 2018 4070 4415 3975 
15290 4374 3575 1116 3577 
15291 3264 2969 577 3006 
15292 4025 3376 1654 3865 
15293 3576 3575 3577 1119 
15294 1058 2811 2763 1850 
15295 627 625 4039 3667 
15296 1681 615 613 4068 
15297 2453 612 610 1568 
15298 2589 1263 2588 2807 
15299 3493 4274 1213 3996 
15300 3693 3691 3577 1512 
15301 2042 1219 1246 4086 
15302 1274 4024 4023 1476 
15303 3691 1119 4261 3577 
15304 1479 2183 4261 3677 
15305 4049 1462 3989 2022 
15306 1119 1099 1116 3577 
15307 352 3169 3342 3321 
15308 2034 723 4285 3132 
15309 385 3344 3342 3343 
15310 1067 3597 1655 1327 
15311 4532 1855 4537 71 
15312 248 4532 4226 4371 
15313 192 2189 4468 191 
15314 3691 1119 3577 1512 
15315 1141 3954 3326 4272 
15316 1035 1067 4279 1655 
15317 1606 3345 3343 2079 
15318 385 1606 3343 2079 
15319 3169 385 3342 3343 
15320 3345 2079 3867 3343 
15321 4035 3567 1993 4061 
15322 3384 1175 4349 3383 
15323 1175 1506 4568 4349 
15324 3350 3351 3349 388 
15325 998 4575 3205 4568 
15326 2678 1133 2677 1036 
15327 922 876 842 2393 
15328 789 436 2339 718 
15329 4258 2594 3758 940 
15330 998 4575 2098 3205 
15331 4318 4544 3634 3633 
15332 2176 4333 269 3633 
15333 4544 4333 3634 3633 
15334 2178 4544 1632 3908 
15335 3220 4544 3908 1632 
15336 423 3712 3711 2600 
15337 3023 2921 3876 1223 
15338 914 752 3149 2917 
15339 83 1869 4515 4482 
15340 4423 4385 2282 456 
15341 3221 3102 1327 1647 
15342 825 3297 3646 4282 
15343 1392 1391 3060 3436 
15344 698 381 4239 4283 
15345 1966 4157 3460 469 
15346 2732 1672 2720 3896 
15347 3393 3289 2105 466 
15348 381 3307 4239 4283 
15349 1981 4574 257 2170 
15350 1032 1846 4428 1169 
15351 4166 1483 1435 3480 
15352 3056 3396 3395 1767 
15353 3055 2993 1444 820 
15354 1296 1354 3646 3075 
15355 4529 1855 281 72 
15356 3879 799 950 1696 
15357 241 2119 4579 2048 
15358 1964 3483 1500 2193 
15359 801 2859 3424 1015 
15360 2410 2297 2295 2051 
15361 1474 2650 2776 2649 
15362 1879 1186 1905 4087 
15363 968 1038 2940 927 
15364 667 4245 2779 2778 
15365 669 2650 2778 668 
15366 3432 2958 856 3340 
15367 3058 859 3431 3340 
15368 735 737 3786 2550 
15369 3484 3293 1191 3699 
15370 1329 2526 2525 3941 
15371 2614 1945 1114 1873 
15372 2617 2616 690 2620 
15373 3763 2956 1172 3764 
15374 3351 3352 388 3350 
15375 1294 1546 3610 4295 
15376 1955 1329 2525 3941 
15377 2134 2209 3220 1423 
15378 4544 3220 1423 1632 
15379 2189 3409 1740 1388 
15380 2340 348 4241 2653 
15381 4441 3869 2653 1612 
15382 2881 1970 2879 2880 
15383 4362 4241 344 2653 
15384 3392 1394 3269 4382 
15385 4241 348 344 2653 
15386 3389 1221 1911 3126 
15387 1914 3669 4373 1456 
15388 3389 1065 1456 1911 
15389 291 3045 289 4545 
15390 1911 3389 3490 3489 
15391 1576 3645 2841 3368 
15392 4500 4532 70 1515 
15393 811 4154 4305 2598 
15394 1369 496 498 4183 
15395 231 4565 2177 4151 
15396 1602 1957 4120 3139 
15397 2207 4565 4384 4151 
15398 4001 338 3780 2350 
15399 2485 989 3613 4053 
15400 2888 505 3962 2535 
15401 3451 2207 4483 114 
15402 232 4473 3 4383 
15403 3506 4496 259 1498 
15404 503 3969 3963 3962 
15405 2188 4299 249 4395 
15406 3570 1230 4556 1961 
15407 2198 164 4490 3494 
15408 2053 4299 1930 3360 
15409 3507 3509 1152 1960 
15410 238 3407 3481 1711 
15411 3672 1259 1553 2587 
15412 3298 2053 3360 4395 
15413 505 504 503 3962 
15414 908 934 3203 4316 
15415 3538 1176 675 674 
15416 713 4036 602 3974 
15417 1317 3188 3360 1316 
15418 1230 1144 3511 1146 
15419 3433 2044 4340 3293 
15420 2099 3814 1939 4127 
15421 3837 1759 3985 3824 
15422 1317 3298 2053 3360 
15423 928 3981 3853 806 
15424 925 934 3892 3203 
15425 3157 317 4327 4044 
15426 1028 3043 1039 1027 
15427 809 808 884 3854 
15428 708 903 2633 2642 
15429 3551 716 3549 3550 
15430 3761 4286 653 655 
15431 4297 3425 3247 772 
15432 3375 1442 4128 1457 
15433 1659 3598 1818 4182 
15434 2936 3003 3002 1311 
15435 1508 242 3429 4417 
15436 3266 792 3006 3265 
15437 1615 690 688 2615 
15438 319 318 317 4327 
15439 1198 1727 3585 1786 
15440 319 320 4327 3241 
15441 4212 3422 1830 1741 
15442 320 319 4327 318 
15443 1067 3597 3596 4279 
15444 1067 2388 3596 3597 
15445 1067 1035 3596 1066 
15446 1035 1067 3596 4279 
15447 1067 1068 1066 3596 
15448 2388 1068 1067 3596 
15449 375 1838 2386 2383 
15450 1035 923 3607 2592 
15451 3135 3134 3133 1600 
15452 1837 923 3607 1247 
15453 1957 2024 4120 4430 
15454 341 4178 3284 4085 
15455 4334 1602 4120 3139 
15456 980 3276 1344 4574 
15457 3397 1032 3434 4428 
15458 339 727 1601 3138 
15459 2459 4188 607 609 
15460 3712 2249 2600 422 
15461 3814 2099 1237 4127 
15462 2234 452 446 1557 
15463 1189 2242 2240 1226 
15464 3812 4003 4127 1237 
15465 2234 1557 2236 2237 
15466 2839 1593 2842 2840 
15467 4561 1076 2952 1234 
15468 3068 1032 3434 4354 
15469 1033 1750 3396 999 
15470 1429 3671 4329 454 
15471 1032 3068 3434 4428 
15472 622 2437 706 2436 
15473 4430 1957 1567 3038 
15474 347 3782 2359 1379 
15475 2359 2360 2358 1379 
15476 2109 4420 3414 1052 
15477 2229 1573 3599 2227 
15478 1332 2362 2360 2361 
15479 3318 1567 1938 3038 
15480 1276 2925 2923 2924 
15481 3450 3363 1707 2203 
15482 117 4543 116 3457 
15483 4577 2473 2479 2478 
15484 2473 2472 4578 3528 
15485 2586 593 3077 3078 
15486 2934 1274 4023 1270 
15487 1178 3697 1780 3085 
15488 3583 2470 596 2468 
15489 503 3970 501 1949 
15490 2000 998 930 4568 
15491 2573 2749 1098 4321 
15492 1515 248 2140 4450 
15493 4003 1877 4127 1237 
15494 956 2883 874 875 
15495 3476 2155 1515 4450 
15496 1066 1034 2592 2382 
15497 1066 1068 2384 3596 
15498 1320 1515 2140 4450 
15499 1320 3476 1515 4450 
15500 748 3917 1888 1940 
15501 2343 3718 1346 2368 
15502 2597 353 4390 4461 
15503 2904 2905 2906 1921 
15504 2550 738 739 2877 
15505 369 3727 365 4050 
15506 2325 1337 2136 2125 
15507 3363 283 1707 2203 
15508 2154 243 1457 4381 
15509 353 352 4461 351 
15510 215 96 2183 214 
15511 2597 353 4461 351 
15512 342 340 2374 1745 
15513 3773 2333 1901 1880 
15514 4301 1497 2161 4113 
15515 1790 1208 3578 1811 
15516 3503 1414 3502 961 
15517 4155 1428 1951 1357 
15518 705 2630 2631 2634 
15519 3322 4378 657 4353 
15520 7 1541 6 4516 
15521 1000 1002 1724 2307 
15522 656 4286 655 654 
15523 3209 3210 3208 985 
15524 3758 4343 939 2347 
15525 789 3749 842 876 
15526 1924 3772 1901 4314 
15527 2355 2354 1637 2049 
15528 374 3650 4161 2493 
15529 2190 122 4475 4467 
15530 2448 2091 3426 4392 
15531 3783 1286 1289 3064 
15532 1359 1285 3020 3063 
15533 4483 3451 114 4516 
15534 3377 1286 3064 3033 
15535 1286 1285 3064 3033 
15536 1714 1661 2077 4360 
15537 4518 1541 7 4516 
15538 1089 4037 3794 3798 
15539 1452 3092 3094 1282 
15540 1089 1090 3794 3795 
15541 1090 3796 3794 3795 
15542 3796 1090 3794 1089 
15543 1112 1693 2572 3792 
15544 1877 4003 4127 3978 
15545 2904 1174 1921 2906 
15546 4324 265 2167 3450 
15547 204 86 203 2149 
15548 2077 2403 4360 2402 
15549 3811 1409 3833 3810 
15550 1045 1726 3936 1042 
15551 2205 3842 1751 3841 
15552 2491 1280 2500 2499 
15553 3843 1753 1752 3841 
15554 2099 3814 1237 3812 
15555 2520 1791 1086 3252 
15556 1755 3856 884 808 
15557 869 1408 1407 4018 
15558 30 29 4493 1488 
15559 85 1757 4557 2 
15560 1876 3523 1113 3401 
15561 1583 1202 2433 1796 
15562 3427 1163 2403 4360 
15563 2718 1770 4406 3981 
15564 542 756 4007 1719 
15565 1063 4365 3237 4308 
15566 543 4221 541 542 
15567 1770 758 1781 2681 
15568 1781 2679 1036 1864 
15569 1163 2077 2403 4360 
15570 759 3988 805 1743 
15571 3331 3913 2962 574 
15572 760 2718 4209 758 
15573 2718 760 4209 4344 
15574 1868 1541 4516 6 
15575 1359 4397 585 3768 
15576 3903 4124 4119 1690 
15577 3871 1439 2758 2759 
15578 3451 1868 4516 4483 
15579 1541 1868 4516 3451 
15580 2816 2805 2758 295 
15581 2911 912 2808 2997 
15582 2139 3559 3558 3556 
15583 1834 3631 4039 3119 
15584 1111 3560 4328 3558 
15585 2553 3937 1823 3935 
15586 1515 2155 4371 4450 
15587 4500 2155 4371 1515 
15588 778 771 772 4297 
15589 4027 397 398 396 
15590 614 2446 4096 2444 
15591 3939 1791 2524 2522 
15592 2443 616 2444 1549 
15593 1515 248 4450 4371 
15594 4478 4132 3447 280 
15595 4532 1515 4371 248 
15596 3163 1248 1157 1313 
15597 280 3447 1509 1510 
15598 4532 4500 4371 1515 
15599 279 56 57 4481 
15600 1396 4176 4382 2169 
15601 3430 177 2171 4538 
15602 3586 1396 4382 2169 
15603 1425 3455 1432 4549 
15604 3594 4549 1433 257 
15605 1499 4456 2060 4138 
15606 2551 2553 1823 3935 
15607 3595 3455 4452 4549 
15608 4037 1693 2568 1889 
15609 3594 4452 1433 4549 
15610 2107 1890 257 4152 
15611 4574 1981 257 2107 
15612 3949 958 959 872 
15613 3595 3594 4549 4452 
15614 111 287 4560 1419 
15615 836 835 3770 4254 
15616 705 2630 3770 835 
15617 2067 1955 4198 3941 
15618 3817 3818 1127 3819 
15619 290 291 4546 289 
15620 760 804 803 4344 
15621 3849 3846 807 4017 
15622 760 4344 4406 4017 
15623 111 286 4570 4565 
15624 111 4565 4570 4560 
15625 2718 760 4344 4406 
15626 4544 1419 2178 1632 
15627 261 1499 2060 4138 
15628 3438 1393 3270 3437 
15629 1733 4201 235 2149 
15630 284 4077 2204 3987 
15631 1738 204 2148 3987 
15632 2206 4571 4150 4383 
15633 1392 3437 3436 3270 
15634 2869 1914 3669 4373 
15635 4208 2197 277 4480 
15636 4488 1496 3500 2197 
15637 4511 1496 3500 4488 
15638 232 4474 112 4384 
15639 1420 4544 1423 1632 
15640 1396 106 1974 2169 
15641 3220 2134 1423 1632 
15642 4462 963 3544 3546 
15643 1419 287 2178 1632 
15644 3560 2878 4405 830 
15645 106 226 2169 225 
15646 4255 2824 4393 464 
15647 602 4036 1963 766 
15648 1921 1174 1212 2906 
15649 605 604 603 4079 
15650 1921 2905 2906 2988 
15651 2670 2096 1324 1390 
15652 603 605 4079 3263 
15653 1156 1105 1104 3116 
15654 1527 605 4143 700 
15655 997 3197 996 930 
15656 691 1615 2615 4013 
15657 3318 4430 1567 3038 
15658 813 814 4091 3445 
15659 1926 2692 1729 2691 
15660 2359 1919 1379 741 
15661 2692 4115 1729 4139 
15662 3406 1063 1489 1113 
15663 3319 1054 1400 4415 
15664 3685 2804 1272 2923 
15665 4070 1206 2018 4415 
15666 203 4147 2149 235 
15667 1206 4070 3472 4415 
15668 881 1134 3861 1776 
15669 2275 2278 1579 1580 
15670 682 2627 679 2626 
15671 1783 2850 1207 2088 
15672 3861 1134 2086 1776 
15673 419 2252 728 729 
15674 3925 2878 830 4405 
15675 814 4091 4278 729 
15676 2252 419 728 420 
15677 1683 737 739 2514 
15678 3202 4057 2093 4426 
15679 803 3860 805 3859 
15680 947 946 3689 699 
15681 364 3352 388 699 
15682 3859 3860 805 3988 
15683 3354 3747 3349 981 
15684 3862 1134 895 2041 
15685 1996 493 2093 4426 
15686 2921 3023 1895 1223 
15687 4497 42 260 1972 
15688 4057 3305 3876 1245 
15689 4557 2057 1751 2 
15690 2706 2705 845 2704 
15691 2711 3992 4557 202 
15692 1330 1822 245 3624 
15693 3903 843 1690 4119 
15694 1479 2183 1511 4261 
15695 3902 1779 1674 2702 
15696 3202 1244 2093 1245 
15697 2079 3345 3867 1304 
15698 951 3054 1357 1322 
15699 106 1981 225 105 
15700 220 100 2181 219 
15701 3750 4269 964 4437 
15702 308 3730 306 307 
15703 1573 2229 3599 1818 
15704 4115 1728 1729 4139 
15705 108 1416 266 3593 
15706 3755 304 2411 2412 
15707 777 2410 3415 3416 
15708 4471 49 48 1498 
15709 254 77 4487 1740 
15710 1164 1968 2400 2401 
15711 1844 3993 4567 1236 
15712 2858 2854 2103 2862 
15713 426 428 3097 2601 
15714 4091 813 728 729 
15715 2585 416 2083 3636 
15716 2848 2849 1207 2847 
15717 4451 2966 1366 3954 
15718 3363 1140 4359 3325 
15719 4566 1844 4567 1236 
15720 4566 3993 4567 1844 
15721 284 4335 2204 4077 
15722 3411 283 4427 1733 
15723 2473 4555 4578 2472 
15724 2250 2252 728 420 
15725 235 1752 1751 3842 
15726 573 3295 4260 3204 
15727 599 4577 4580 4578 
15728 4555 599 4580 4578 
15729 674 3536 673 2753 
15730 2473 4555 4580 4578 
15731 2859 2847 2845 1148 
15732 4577 2473 4580 4578 
15733 4379 1640 4296 3207 
15734 1706 1640 3386 4379 
15735 593 2472 3077 4578 
15736 4330 1407 4018 4019 
15737 4163 527 3413 3435 
15738 4059 2740 2738 533 
15739 865 3037 1687 3153 
15740 3844 932 1753 4118 
15741 1989 945 893 4029 
15742 3835 1778 1216 1125 
15743 945 1122 944 3848 
15744 3421 1574 1905 3419 
15745 3938 1595 2834 394 
15746 3419 2810 663 730 
15747 3421 4235 4087 1905 
15748 2904 2905 1921 1894 
15749 1407 2715 4018 4019 
15750 968 1038 1775 2940 
15751 3177 3178 1038 2940 
15752 3419 1574 1905 730 
15753 518 4364 519 3379 
15754 1008 2325 2125 2324 
15755 1154 4246 4459 3764 
15756 953 889 3049 3445 
15757 4297 778 3425 772 
15758 1529 892 3547 773 
15759 665 2781 2810 664 
15760 1172 1155 1171 3764 
15761 418 2273 1610 2576 
15762 242 4417 4525 4512 
15763 2956 1155 1172 3764 
15764 4003 1816 1070 3834 
15765 3476 1320 1514 4160 
15766 1816 1043 1070 3834 
15767 809 3854 893 4116 
15768 232 231 112 4150 
15769 809 884 893 3854 
15770 4220 513 3986 4142 
15771 1310 3004 1308 3527 
15772 513 734 511 4142 
15773 1999 3952 4183 3951 
15774 2045 505 2888 3973 
15775 2547 1369 1368 2007 
15776 2541 496 494 4300 
15777 4147 235 4557 1751 
15778 4477 4550 182 4470 
15779 4477 67 4550 4470 
15780 4463 236 58 1500 
15781 3223 3103 3222 1382 
15782 235 4147 3842 1751 
15783 2205 4147 4557 1751 
15784 4290 3222 1109 1162 
15785 3455 1425 1432 1421 
15786 3453 1424 1421 1422 
15787 3266 3891 587 4040 
15788 2217 2218 763 2216 
15789 1032 3068 4428 1846 
15790 4147 2205 3842 1751 
15791 2861 1673 3877 2858 
15792 704 2893 2823 1773 
15793 864 854 4040 587 
15794 183 3475 4492 4470 
15795 759 760 4209 758 
15796 759 803 3859 4209 
15797 1437 3374 4033 3373 
15798 3374 3373 247 2182 
15799 1682 3374 4108 1437 
15800 2002 1437 4033 3373 
15801 184 3475 4492 183 
15802 854 3891 4040 587 
15803 2823 2892 1721 1773 
15804 1274 2934 3966 1268 
15805 2893 2892 2823 1773 
15806 1959 45 4534 4548 
15807 1779 4124 555 3901 
15808 2937 2773 1703 567 
15809 45 1959 4534 46 
15810 4496 2199 259 4503 
15811 4400 1519 2188 3473 
15812 2843 2842 1928 2840 
15813 10 9 4524 1526 
15814 10 1526 4524 4514 
15815 4113 153 4472 2161 
15816 154 153 2161 4497 
15817 4091 814 4278 3445 
15818 1876 1102 3401 1113 
15819 1447 1414 3502 4547 
15820 3913 4268 1828 1136 
15821 3365 865 1135 1136 
15822 2131 4210 2404 3702 
15823 756 2682 4007 1719 
15824 2332 2333 1671 2334 
15825 542 4265 4007 2687 
15826 3593 227 266 4549 
15827 1981 1385 4574 4410 
15828 462 2223 2224 2222 
15829 2451 302 301 300 
15830 4421 2122 3462 1482 
15831 1128 3840 3831 1795 
15832 4310 1316 1930 3360 
15833 753 4221 542 2687 
15834 3430 1508 4417 4525 
15835 560 3135 1600 559 
15836 2684 2685 757 2686 
15837 753 2684 4162 2687 
15838 1370 3036 2962 2961 
15839 2711 1757 2 4557 
15840 2373 781 905 904 
15841 2670 2671 2669 2096 
15842 63 1508 4538 4525 
15843 1508 64 4525 63 
15844 3210 380 3746 3214 
15845 242 1508 4525 4417 
15846 2652 2351 1819 2349 
15847 2981 3179 3657 1019 
15848 1508 242 4525 64 
15849 3257 1242 3448 4306 
15850 4114 3746 378 3214 
15851 3407 3406 3127 1489 
15852 2003 3448 4306 2378 
15853 1054 943 3319 1389 
15854 186 4532 4371 4226 
15855 4070 4034 3227 894 
15856 1317 1452 3094 1282 
15857 501 3970 2544 4073 
15858 3826 4409 1372 1949 
15859 2073 4474 112 1 
15860 2200 4533 4547 4573 
15861 3495 1211 3996 3493 
15862 3043 3195 3655 1027 
15863 4520 55 261 1499 
15864 4522 166 4539 3491 
15865 4476 2189 1740 1388 
15866 253 4467 13 14 
15867 253 4467 4475 13 
15868 4301 3323 4303 1982 
15869 3473 4506 125 2158 
15870 4 3840 2 1795 
15871 1291 4323 1289 1290 
15872 3840 4 3831 1795 
15873 1413 4573 3503 4547 
15874 1967 4573 1413 4547 
15875 3840 2057 2 1795 
15876 3473 4530 4506 282 
15877 4488 1496 39 38 
15878 1513 3484 1191 3699 
15879 4511 1496 4488 38 
15880 2198 3496 1977 278 
15881 1131 2272 2270 2050 
15882 4422 4081 2171 4575 
15883 1969 4168 278 1977 
15884 1414 1447 1982 4547 
15885 4547 260 1982 1972 
15886 4144 2771 4558 3637 
15887 3494 1494 233 4490 
15888 4456 1935 1293 3339 
15889 1023 4144 4558 1764 
15890 1023 3279 4172 3278 
15891 4398 2042 2196 4086 
15892 1468 1536 2578 1675 
15893 1528 714 4084 680 
15894 1515 4532 70 248 
15895 3542 1528 4084 680 
15896 2156 1417 4502 4310 
15897 1290 1287 3313 1289 
15898 774 2993 839 3192 
15899 1452 1266 1689 3529 
15900 3542 714 4084 1528 
15901 285 2209 1897 2186 
15902 4092 1416 290 4546 
15903 1899 2185 268 3458 
15904 84 1869 4482 4569 
15905 4576 3740 4553 3232 
15906 1859 2201 1367 4272 
15907 2054 94 212 93 
15908 2054 4146 212 94 
15909 4320 264 2062 4160 
15910 1869 84 2074 4569 
15911 4564 1473 4196 2637 
15912 3774 1473 2626 2637 
15913 687 4133 2621 684 
15914 863 736 2510 1631 
15915 1485 1793 4564 702 
15916 2628 2627 2626 679 
15917 3528 2110 838 4578 
15918 4566 4477 3515 181 
15919 4519 1505 2171 4538 
15920 4561 4554 1040 1039 
15921 175 4507 4350 4083 
15922 4575 4081 2171 3430 
15923 263 1506 4575 1505 
15924 28 262 4523 1490 
15925 2206 4482 201 200 
15926 3904 3652 1591 3408 
15927 4531 19 18 1930 
15928 3583 594 596 2470 
15929 2471 3714 4580 2469 
15930 3904 3113 1248 1249 
15931 296 2805 295 2505 
15932 1253 2827 2947 2945 
15933 2471 4555 2469 4580 
15934 680 714 4084 685 
15935 1320 1936 1319 3658 
15936 2751 680 4084 685 
15937 1101 3521 4197 1875 
15938 2205 3840 4557 4 
15939 1461 1303 3173 1685 
15940 2387 4280 1108 2390 
15941 3681 1360 2809 2499 
15942 1182 1577 993 3282 
15943 2586 594 593 592 
15944 4540 138 2172 137 
15945 3400 3520 1858 2172 
15946 989 2485 851 987 
15947 2355 1637 741 2049 
15948 1379 2360 1378 2104 
15949 1858 3400 2172 262 
15950 328 327 3329 326 
15951 319 1453 321 3240 
15952 1978 2846 1148 2845 
15953 683 682 2625 681 
15954 2195 276 1841 4361 
15955 2101 1021 3127 3657 
15956 1887 1175 3381 3383 
15957 2046 4016 1711 1487 
15958 1075 2286 1183 2284 
15959 1185 2286 1184 3890 
15960 2287 1184 2284 3890 
15961 4533 155 156 2200 
15962 2837 2836 2835 393 
15963 396 395 394 2836 
15964 4548 2152 158 3512 
15965 1185 2286 3890 4396 
15966 2650 1474 2777 668 
15967 1474 668 2776 2777 
15968 3532 4564 3043 3655 
15969 2848 2850 3001 2088 
15970 1529 3543 3547 3540 
15971 3114 1248 1158 1157 
15972 3180 4420 4095 1052 
15973 2810 2781 4292 664 
15974 2163 4499 169 4138 
15975 4322 3221 4276 1327 
15976 2057 3840 1128 1795 
15977 615 4068 4096 613 
15978 2196 4539 167 3491 
15979 4477 4566 3516 181 
15980 262 4540 27 4523 
15981 329 327 3084 4270 
15982 3121 3125 3126 1060 
15983 1914 1464 2869 2866 
15984 626 2430 3667 2449 
15985 3407 2101 3127 3657 
15986 2195 4262 4361 1841 
15987 1209 3631 3123 3280 
15988 3123 3278 1025 3280 
15989 1781 2681 2680 2679 
15990 528 1782 4223 3331 
15991 3278 1792 3280 4144 
15992 75 252 4491 4468 
15993 535 2740 534 533 
15994 649 1792 4106 1809 
15995 2868 3121 1103 3120 
15996 617 2442 615 2450 
15997 1777 1131 2270 2050 
15998 3121 3122 1060 1059 
15999 1805 3839 1806 4275 
16000 1738 86 2148 204 
16001 204 86 2148 203 
16002 3551 3553 4232 1545 
16003 1738 4224 4275 2148 
16004 4029 3848 893 4116 
16005 1419 110 3633 230 
16006 3443 3026 3072 1159 
16007 285 2209 2186 2208 
16008 3829 4002 4404 1806 
16009 2711 4 202 4557 
16010 2205 4147 202 4557 
16011 1753 3840 3841 4118 
16012 96 1479 2183 1511 
16013 1753 2086 3843 1752 
16014 4146 2054 2147 4438 
16015 95 240 3690 213 
16016 3844 1753 3843 3841 
16017 2044 3433 236 1502 
16018 3548 891 818 773 
16019 32 4466 1487 31 
16020 4530 2188 3473 126 
16021 3784 237 211 92 
16022 3575 1119 1116 3577 
16023 2156 1417 4310 4228 
16024 791 2872 2030 2038 
16025 4464 2145 238 4493 
16026 3857 4029 893 4116 
16027 106 226 1974 2169 
16028 4014 3290 4208 2021 
16029 4313 221 1436 2160 
16030 1414 1967 1413 4547 
16031 3586 250 105 224 
16032 151 4488 2197 4480 
16033 4002 3829 1768 1806 
16034 4520 54 4539 261 
16035 2154 3375 4381 1457 
16036 1505 4575 2171 3430 
16037 1298 2304 1808 2303 
16038 3516 4566 3515 181 
16039 271 1682 1436 2160 
16040 3163 3114 1157 1248 
16041 2120 2179 224 104 
16042 1935 4267 279 1964 
16043 999 788 1435 2502 
16044 4499 56 1499 279 
16045 3992 1758 1757 255 
16046 4022 1758 4372 3833 
16047 169 4520 168 4138 
16048 3695 1099 1097 3693 
16049 2704 2702 1674 1051 
16050 3433 2144 236 1502 
16051 2144 3433 236 4187 
16052 3287 1728 4162 543 
16053 3433 4187 4340 236 
16054 2397 1161 1950 2403 
16055 2044 3433 4340 236 
16056 264 1318 2062 4160 
16057 3839 4002 1806 4404 
16058 3839 1805 1806 4002 
16059 814 3277 4278 3445 
16060 2085 868 2217 763 
16061 518 4045 4364 3379 
16062 1427 3757 1344 4338 
16063 588 589 3302 466 
16064 4508 34 258 4527 
16065 3045 3370 289 4545 
16066 276 2195 1841 4527 
16067 1403 1404 1841 4361 
16068 119 120 4514 3469 
16069 4299 4310 1930 3360 
16070 276 1403 1841 4361 
16071 4527 34 1841 35 
16072 19 4531 4502 1930 
16073 2784 969 2038 1518 
16074 2946 3652 1251 1249 
16075 2685 757 2686 1743 
16076 141 142 4464 3481 
16077 1151 1150 3040 3060 
16078 3463 3409 3394 1740 
16079 3397 1033 3396 3434 
16080 4547 43 4501 1972 
16081 1992 2198 3495 3496 
16082 2962 3913 1828 574 
16083 3506 2164 4471 1498 
16084 1370 2962 1828 574 
16085 3036 2141 1370 1828 
16086 163 164 4490 2198 
16087 3036 3913 2141 1828 
16088 3573 1937 3644 2071 
16089 1979 1954 4271 762 
16090 999 1435 4259 2502 
16091 3993 4431 4567 3250 
16092 3476 2155 1514 1515 
16093 76 75 4468 1388 
16094 4356 195 194 4513 
16095 1680 547 2886 546 
16096 556 2729 1699 2699 
16097 1370 3036 1828 2962 
16098 3575 4374 1116 3756 
16099 133 4478 3447 4489 
16100 241 4489 2151 1509 
16101 3375 3142 974 1458 
16102 3576 1119 3577 4261 
16103 243 98 2154 97 
16104 4156 1393 3437 2128 
16105 1343 4574 1344 2107 
16106 4333 4544 269 3633 
16107 3454 3455 3453 1425 
16108 2993 2992 774 820 
16109 3036 3913 1828 2962 
16110 228 108 3593 4559 
16111 3694 1904 3693 1097 
16112 4478 133 3447 4132 
16113 1429 3671 454 447 
16114 224 104 223 2180 
16115 2506 1031 1798 1840 
16116 2954 293 3019 291 
16117 293 292 291 2954 
16118 4148 4122 611 2458 
16119 3519 4540 2172 137 
16120 29 4505 1488 1490 
16121 3118 4308 3401 1102 
16122 238 30 4493 1488 
16123 1581 2439 986 618 
16124 3727 2322 367 366 
16125 287 2178 4150 4560 
16126 2503 3738 1641 3446 
16127 4093 3957 1997 3979 
16128 4114 2493 378 4161 
16129 3311 1552 2027 1197 
16130 1150 1151 1391 3060 
16131 1540 364 3728 365 
16132 89 2168 1702 239 
16133 3466 119 4524 4514 
16134 364 363 3728 365 
16135 1769 1658 1679 3621 
16136 524 1352 4043 1839 
16137 1352 1691 4043 1839 
16138 4386 1482 1279 2964 
16139 4192 2582 1635 2324 
16140 3948 3947 1190 3951 
16141 1229 1920 1886 2389 
16142 1716 329 327 3084 
16143 1871 2386 3735 3736 
16144 449 1360 2787 2809 
16145 4043 3898 3952 1839 
16146 326 327 3083 324 
16147 1902 3947 3898 3951 
16148 3035 2938 1587 1912 
16149 3080 3638 324 323 
16150 902 2043 1333 2754 
16151 2938 430 2788 335 
16152 359 2353 3780 2350 
16153 727 337 2939 3766 
16154 341 4178 343 3284 
16155 2938 430 1587 1912 
16156 524 4043 3952 1839 
16157 3119 2865 652 1861 
16158 1572 331 2789 333 
16159 348 349 436 2338 
16160 3119 2868 2865 1861 
16161 2342 2340 2653 1612 
16162 350 349 346 2371 
16163 4203 4192 363 361 
16164 3356 4192 4203 361 
16165 3378 660 4194 762 
16166 2989 1954 2988 4271 
16167 1636 1605 3679 345 
16168 3344 4390 4339 354 
16169 1979 1537 762 4194 
16170 3348 360 784 3346 
16171 4390 3344 3342 354 
16172 1771 2855 1872 3722 
16173 4185 1985 1598 4140 
16174 4525 4417 178 179 
16175 394 395 393 2836 
16176 4199 3616 376 1533 
16177 2289 1596 2028 427 
16178 1076 1853 2951 2952 
16179 1677 3425 772 3424 
16180 3002 4145 4260 1883 
16181 2705 3903 1674 2702 
16182 405 4263 3260 4216 
16183 873 2859 1015 1148 
16184 3002 1915 1883 4260 
16185 3246 771 772 740 
16186 370 2318 367 369 
16187 417 419 415 2254 
16188 3883 3882 421 1522 
16189 370 2318 2317 367 
16190 395 2837 393 2836 
16191 2563 2552 4205 488 
16192 382 3212 1588 379 
16193 4499 56 279 4481 
16194 1915 573 1883 4260 
16195 3209 3210 985 1588 
16196 1867 1845 2900 750 
16197 3308 3212 379 3746 
16198 1756 4212 1830 1741 
16199 441 4153 3701 852 
16200 2605 2603 2645 1722 
16201 1551 437 852 4153 
16202 3268 1551 437 438 
16203 3912 1363 3482 3086 
16204 3738 1150 1391 3060 
16205 3442 3398 1169 4251 
16206 3210 380 379 3746 
16207 3212 3210 379 3746 
16208 390 373 2312 376 
16209 2233 451 2231 2232 
16210 3598 2421 1659 1560 
16211 1296 1197 3297 1336 
16212 3585 2311 1786 2313 
16213 2394 2395 2391 1817 
16214 488 2552 4205 486 
16215 2309 1000 390 3616 
16216 470 4098 3204 4260 
16217 2314 373 2312 2313 
16218 2552 2553 2554 487 
16219 472 473 3183 3199 
16220 4288 2068 480 751 
16221 4232 1545 1730 4171 
16222 3405 3905 4205 486 
16223 2548 491 2546 2545 
16224 1403 1911 3489 2116 
16225 1000 3616 1533 376 
16226 571 2562 2559 2557 
16227 3946 3945 490 2546 
16228 374 373 376 3650 
16229 2849 2852 2851 1663 
16230 1364 2531 504 2528 
16231 4027 396 398 712 
16232 1748 2661 2660 2659 
16233 3265 792 3006 3264 
16234 2846 2040 3734 2985 
16235 2282 456 454 455 
16236 513 514 4220 512 
16237 572 854 2972 1686 
16238 456 4329 2282 454 
16239 1728 4115 545 3287 
16240 528 1782 526 4223 
16241 527 3070 3413 3435 
16242 536 2738 2677 2698 
16243 2889 1678 586 532 
16244 2014 1133 1725 2673 
16245 401 4080 2040 399 
16246 4059 1725 533 3967 
16247 110 1419 3633 269 
16248 2845 1149 3722 1015 
16249 578 4439 1949 4073 
16250 2717 2716 2690 1788 
16251 2262 2009 412 2261 
16252 2263 2262 412 2261 
16253 857 3180 2957 1660 
16254 2567 1980 2565 2566 
16255 2263 1373 1646 412 
16256 2009 1373 2262 412 
16257 2109 2365 1941 4326 
16258 1545 716 685 4171 
16259 3945 4057 4426 1996 
16260 1373 2263 2262 412 
16261 3551 716 1545 4171 
16262 693 1892 824 3885 
16263 4157 3191 3460 469 
16264 1614 2803 1283 1269 
16265 821 2990 2801 960 
16266 4401 967 952 1203 
16267 3675 924 840 973 
16268 2707 3895 844 2712 
16269 943 2990 821 960 
16270 417 3882 421 2253 
16271 606 2463 2462 982 
16272 2250 1624 2248 2249 
16273 1527 700 4143 3164 
16274 3686 3230 1633 984 
16275 4110 3152 434 4075 
16276 2475 4047 603 4079 
16277 439 3230 434 3152 
16278 943 2990 2994 3187 
16279 3598 1560 1818 2229 
16280 815 2452 2446 2445 
16281 2831 1084 2830 2829 
16282 2443 616 2442 2444 
16283 615 616 614 2444 
16284 428 1722 433 3720 
16285 1736 3341 1017 1818 
16286 2440 617 618 619 
16287 429 426 3097 1578 
16288 406 4263 2268 3688 
16289 1968 4576 2407 4553 
16290 406 405 4216 4263 
16291 2407 1968 1383 2401 
16292 1594 891 818 4332 
16293 4258 4343 4040 864 
16294 3152 438 3008 3151 
16295 405 406 4216 404 
16296 3230 439 3008 3152 
16297 1197 3297 4227 3909 
16298 3598 2229 1818 3599 
16299 660 3378 659 658 
16300 4532 186 4537 4226 
16301 954 1670 2555 3900 
16302 471 472 464 3199 
16303 642 4553 640 641 
16304 3014 650 647 646 
16305 3671 447 453 454 
16306 1573 2228 455 2227 
16307 714 3543 4084 3549 
16308 3542 3543 4084 714 
16309 990 733 2876 4062 
16310 3297 1197 4227 1336 
16311 2751 681 680 685 
16312 1866 1336 4227 2027 
16313 1911 3389 3489 2116 
16314 1846 2174 1697 267 
16315 1017 3341 4182 1818 
16316 4078 4058 689 2624 
16317 1866 3009 4227 1336 
16318 1615 1945 690 2616 
16319 1543 2901 651 750 
16320 1822 2025 4238 3527 
16321 814 813 4091 729 
16322 3190 2089 1466 1465 
16323 2222 2221 467 590 
16324 2221 2222 467 2220 
16325 1438 2025 4238 1822 
16326 2463 604 1599 982 
16327 1177 3275 3390 3514 
16328 811 3708 4305 1611 
16329 4429 3708 3229 1611 
16330 4036 2475 4047 602 
16331 3289 3393 3302 466 
16332 272 3608 1438 4238 
16333 1427 2769 3757 4338 
16334 4542 3449 1534 267 
16335 3708 811 1900 1611 
16336 459 462 458 2224 
16337 3708 1946 3229 1611 
16338 1946 3708 1900 1611 
16339 1832 1017 4182 1818 
16340 2551 2549 2548 489 
16341 2835 3088 392 2291 
16342 491 2548 490 489 
16343 3873 3301 3300 861 
16344 1726 3936 575 3935 
16345 1140 1988 3325 2075 
16346 1823 1726 575 3935 
16347 3103 1647 1984 579 
16348 759 758 2683 757 
16349 2685 759 2683 757 
16350 97 2153 216 3677 
16351 2561 1823 575 3935 
16352 85 235 1751 4557 
16353 2551 2561 489 2548 
16354 2025 272 1438 4238 
16355 768 3233 3172 646 
16356 2300 2298 2108 1516 
16357 1677 801 3424 1015 
16358 1329 2526 2106 2524 
16359 1328 1329 2525 950 
16360 1955 958 4198 3314 
16361 3939 1715 3990 510 
16362 2538 3977 499 3976 
16363 790 2595 2341 789 
16364 3718 1865 1346 2368 
16365 506 2655 508 2654 
16366 397 448 4067 399 
16367 4176 1394 4382 3269 
16368 3939 1791 510 2106 
16369 3025 3905 3071 570 
16370 525 2971 565 522 
16371 297 295 2758 2505 
16372 4323 1291 3467 4063 
16373 4517 2186 1534 3449 
16374 3451 1541 4231 2185 
16375 231 2177 4570 4560 
16376 4136 3466 2117 3469 
16377 3167 3059 3286 658 
16378 572 2971 565 525 
16379 2971 3923 565 522 
16380 2043 1321 3227 894 
16381 3923 1695 565 522 
16382 108 228 3593 4549 
16383 643 642 641 4074 
16384 1549 614 2444 2445 
16385 570 1923 1934 3071 
16386 1695 2968 565 853 
16387 4532 186 4371 185 
16388 2970 572 565 577 
16389 570 3025 1923 3071 
16390 4298 2773 567 554 
16391 2707 2706 845 844 
16392 2968 1695 565 3923 
16393 598 2469 2468 597 
16394 3156 3287 3193 545 
16395 3139 727 3038 3138 
16396 1747 1200 3439 3031 
16397 1915 2795 3753 3002 
16398 2921 1222 2919 915 
16399 445 440 3151 4193 
16400 1915 3002 3753 4260 
16401 2889 2760 534 532 
16402 3253 1725 754 531 
16403 448 1978 1928 2844 
16404 586 951 1322 3919 
16405 4548 2152 1961 244 
16406 529 2703 3253 4163 
16407 1414 1413 3503 4547 
16408 3254 3439 1688 4319 
16409 3254 749 544 1688 
16410 4189 3267 541 4319 
16411 536 2678 1036 2698 
16412 1866 2027 4227 4193 
16413 813 3444 890 889 
16414 899 900 4111 898 
16415 1788 2690 1852 2688 
16416 544 545 2930 3193 
16417 1803 3089 841 2734 
16418 3090 2121 3142 3141 
16419 2076 3477 2192 1334 
16420 2693 2695 1700 3934 
16421 1827 1998 1619 3327 
16422 748 2760 534 2741 
16423 4012 4434 1951 4155 
16424 4130 4181 1334 2192 
16425 528 3331 3161 574 
16426 2762 1704 2742 2741 
16427 1934 1923 1159 3071 
16428 4012 4155 1357 4011 
16429 2882 822 875 1609 
16430 3901 555 553 554 
16431 3901 2714 2730 553 
16432 572 2970 3891 587 
16433 2747 3856 3854 884 
16434 869 2663 1407 1406 
16435 4312 1755 808 3856 
16436 572 3891 854 587 
16437 839 2993 3479 3192 
16438 762 3167 4271 4194 
16439 683 682 684 2623 
16440 3066 1079 2999 4034 
16441 3884 693 1892 695 
16442 1869 287 1632 4571 
16443 1534 4542 267 81 
16444 4407 3317 409 4347 
16445 1979 762 4271 4194 
16446 3009 1866 4227 4193 
16447 2036 1373 1646 2264 
16448 1530 3218 3016 313 
16449 2256 1616 414 2259 
16450 1483 2220 2422 4166 
16451 2986 1530 2809 3016 
16452 3306 1979 4271 4194 
16453 4121 3211 1741 717 
16454 2795 1915 3753 1943 
16455 980 3334 4574 3275 
16456 2483 2584 2480 1301 
16457 595 4555 593 1477 
16458 3587 988 3588 2829 
16459 4021 987 2059 1082 
16460 1486 2055 2029 4580 
16461 1581 2438 619 622 
16462 2495 4581 2479 2478 
16463 2460 798 2457 608 
16464 2825 3647 3236 443 
16465 3009 1429 3236 4282 
16466 3003 3002 1311 1883 
16467 1429 3671 447 3236 
16468 1562 606 608 2461 
16469 4047 603 4079 3263 
16470 648 3144 4068 3579 
16471 4188 1835 607 609 
16472 3189 3288 1208 1835 
16473 1079 877 4034 894 
16474 3475 264 2191 4160 
16475 626 627 3667 625 
16476 1463 2212 3068 3886 
16477 3453 3455 4333 1421 
16478 3603 3994 3907 620 
16479 3177 2087 1038 1502 
16480 198 199 4517 2186 
16481 1032 1033 1169 3397 
16482 447 3671 3647 3236 
16483 1923 3026 1159 3071 
16484 4342 491 575 2548 
16485 3362 3411 1831 3361 
16486 3960 734 1085 1037 
16487 4103 1045 4186 3804 
16488 1484 3994 3603 620 
16489 1350 3187 3725 942 
16490 2868 3120 1103 1861 
16491 3157 316 4293 3875 
16492 2419 634 2424 632 
16493 633 632 631 2424 
16494 701 1464 2867 833 
16495 2419 826 634 632 
16496 2982 2981 1018 2980 
16497 4111 898 4204 3010 
16498 1022 3179 4167 1962 
16499 2419 826 2425 4135 
16500 320 3330 3241 3082 
16501 3155 1445 4072 1257 
16502 4354 999 788 919 
16503 998 2000 2098 4568 
16504 3206 4081 4568 3205 
16505 547 3156 4054 2886 
16506 1030 4162 2686 4139 
16507 1728 1030 1729 4139 
16508 91 209 90 1917 
16509 4111 900 4204 898 
16510 976 977 975 4304 
16511 2573 1650 2129 2571 
16512 3574 3575 1118 2944 
16513 1860 3189 1835 4215 
16514 306 1661 2411 2405 
16515 826 4158 2425 4135 
16516 643 2894 3525 4074 
16517 4104 1386 4055 3251 
16518 3470 975 4424 2501 
16519 1787 645 3525 2898 
16520 2933 2901 3524 651 
16521 4548 4572 4556 3512 
16522 1867 2902 1543 2901 
16523 1570 3752 4315 721 
16524 522 523 3379 519 
16525 2903 2901 2933 1543 
16526 1965 3507 1960 259 
16527 1184 1075 1183 2284 
16528 1607 4247 1074 1075 
16529 2010 2275 2274 2273 
16530 1571 4245 665 667 
16531 4301 2001 1577 1982 
16532 2046 3486 1491 1492 
16533 158 2152 4535 157 
16534 2779 667 666 665 
16535 1174 1211 1212 3996 
16536 656 767 3513 654 
16537 777 2410 3417 4175 
16538 1298 1002 2306 2305 
16539 2131 768 4185 1985 
16540 1968 2407 2400 2401 
16541 1849 1029 3713 1227 
16542 4245 667 2779 665 
16543 1849 2394 2504 3713 
16544 2784 969 1518 2942 
16545 3507 2199 1960 259 
16546 3570 3508 3512 4556 
16547 1967 44 244 4573 
16548 3520 3519 1313 1971 
16549 174 175 4507 4350 
16550 4554 3043 1028 3194 
16551 1626 4101 1941 4326 
16552 1474 2650 669 668 
16553 4235 2287 4087 1186 
16554 2781 664 2785 4292 
16555 1879 4090 1851 1185 
16556 4329 825 3646 4282 
16557 3297 825 1336 4282 
16558 264 4550 2062 1975 
16559 1858 3520 1313 1971 
16560 672 2639 2635 673 
16561 3020 2925 2964 1278 
16562 822 2800 874 794 
16563 1519 4530 16 17 
16564 2635 2639 3536 673 
16565 3631 1209 3120 1861 
16566 2648 2783 1443 2647 
16567 4540 3519 2172 1971 
16568 648 3144 1790 1766 
16569 4123 4078 687 689 
16570 4564 3532 3533 4165 
16571 4445 3486 4167 1492 
16572 3520 3519 1971 2172 
16573 2042 261 2196 1842 
16574 1858 3520 1971 2172 
16575 1211 1174 3065 3996 
16576 3304 1219 4414 3665 
16577 686 687 2621 684 
16578 1145 4225 1146 1147 
16579 683 686 2621 684 
16580 1473 2637 684 2623 
16581 2152 4573 3505 244 
16582 3503 3504 4380 961 
16583 4563 878 961 3504 
16584 3354 1241 3357 4112 
16585 4203 3356 362 3350 
16586 3502 1447 4547 4303 
16587 3309 383 4283 3307 
16588 1252 3652 1591 1249 
16589 1248 3163 4579 1313 
16590 4283 3625 1521 4337 
16591 383 4283 1521 4337 
16592 3013 791 2785 2873 
16593 3092 1262 1281 1282 
16594 698 3625 1521 4283 
16595 1280 2490 2787 2499 
16596 769 921 863 2511 
16597 709 2503 2488 2455 
16598 1519 4400 2188 2114 
16599 4544 3634 1421 1422 
16600 383 3309 4283 4337 
16601 1692 3298 3391 2053 
16602 305 304 3755 2412 
16603 4506 4494 1520 15 
16604 1286 1285 3033 1279 
16605 4467 253 4494 14 
16606 4357 3191 3755 469 
16607 260 4301 2161 1982 
16608 1287 3312 2008 1305 
16609 1615 691 2615 688 
16610 1860 700 4197 4215 
16611 1618 1011 3061 1399 
16612 4489 4510 24 241 
16613 2025 3609 1308 1307 
16614 2025 2124 3609 1307 
16615 1392 1391 3436 785 
16616 1618 1991 1399 3337 
16617 1640 3422 1830 2856 
16618 2174 3449 267 3886 
16619 1079 1450 1345 3050 
16620 617 3994 2442 2450 
16621 1320 3476 1514 1515 
16622 262 4540 4523 2172 
16623 1434 2159 4348 3589 
16624 1328 1329 2106 2524 
16625 780 2372 2369 2370 
16626 505 504 3962 2535 
16627 965 2607 2611 3701 
16628 1342 2607 965 1735 
16629 1767 1387 3395 1799 
16630 254 1387 1799 4419 
16631 2493 374 1622 378 
16632 3465 2189 1388 4173 
16633 990 3234 1622 731 
16634 4581 1547 1258 1300 
16635 2161 4301 4303 1982 
16636 2110 4577 4578 2480 
16637 1362 1363 3482 1807 
16638 966 3635 3557 2269 
16639 408 2263 1646 412 
16640 276 4541 4527 35 
16641 4114 3234 1622 2493 
16642 374 2493 4161 378 
16643 3224 4552 3668 2415 
16644 2408 636 2418 1384 
16645 3353 1723 3747 1993 
16646 1760 1140 4359 1708 
16647 2328 358 1667 742 
16648 1395 4176 2169 1974 
16649 292 1430 290 3159 
16650 2113 2328 1667 742 
16651 3803 3956 1192 1348 
16652 3185 1138 3324 3184 
16653 936 4277 4204 898 
16654 1282 4159 1314 1281 
16655 3287 1728 4139 4162 
16656 3092 1452 1262 1282 
16657 2156 1417 4495 4502 
16658 1252 3047 1510 3408 
16659 3036 3751 2141 4268 
16660 3718 2595 790 1428 
16661 1428 2595 876 4011 
16662 4012 4155 1951 1357 
16663 1781 2682 756 1719 
16664 4565 232 4384 4151 
16665 2031 4363 3468 1412 
16666 812 3044 1412 1410 
16667 3155 3158 4072 1445 
16668 4189 539 541 4265 
16669 2964 1277 1279 1278 
16670 248 3333 4226 3724 
16671 186 187 4537 4226 
16672 3440 1567 1564 4370 
16673 2734 3089 841 2765 
16674 1860 1835 700 4215 
16675 3334 4574 3275 3390 
16676 1970 2880 1215 2879 
16677 3363 283 1708 1707 
16678 1568 1657 1564 2456 
16679 3310 1461 3173 2997 
16680 1908 4438 1335 3358 
16681 180 2150 4512 179 
16682 3320 1471 1470 2448 
16683 1638 3675 840 973 
16684 462 2222 467 590 
16685 3563 680 2627 679 
16686 3334 4410 4574 3390 
16687 4547 4497 4501 3501 
16688 841 746 2765 840 
16689 1567 1565 1564 4370 
16690 3375 1457 4128 4381 
16691 4522 166 2142 165 
16692 1483 1590 1435 3480 
16693 3056 2993 3479 839 
16694 4498 1504 1501 4350 
16695 2647 708 3700 707 
16696 1504 1887 3382 4083 
16697 2783 2998 1443 1080 
16698 175 176 4519 4083 
16699 98 99 1457 4381 
16700 3452 3453 3634 1422 
16701 2222 2220 2422 467 
16702 99 98 218 4381 
16703 3453 4333 3634 1421 
16704 4233 901 3568 432 
16705 3059 2905 767 1538 
16706 1457 99 4128 4381 
16707 99 218 4128 4381 
16708 4378 1585 659 657 
16709 242 4417 4512 2150 
16710 704 643 641 4074 
16711 659 3378 3286 658 
16712 1450 3332 3050 2998 
16713 4178 341 3148 4085 
16714 3453 3454 1425 1424 
16715 346 4362 344 345 
16716 2406 1661 4392 4360 
16717 1549 815 2445 1763 
16718 2452 2453 612 2446 
16719 2187 1855 4537 4226 
16720 2421 460 1659 1560 
16721 3268 437 4110 3152 
16722 4418 1991 3390 3514 
16723 2421 463 1659 460 
16724 809 3850 807 808 
16725 3981 1770 4406 806 
16726 78 1524 4513 79 
16727 4408 1989 3857 893 
16728 1661 1714 4392 4360 
16729 1165 3531 2912 2830 
16730 987 986 3932 851 
16731 4251 1524 1169 1697 
16732 3553 4232 1545 1546 
16733 3119 1834 1861 652 
16734 2091 1661 1714 4392 
16735 3587 1581 2439 986 
16736 3550 819 818 885 
16737 395 2837 1007 393 
16738 2040 4080 3734 2985 
16739 3552 3561 885 819 
16740 4134 3680 346 3679 
16741 1957 727 3139 1601 
16742 3552 885 3635 948 
16743 4241 4362 344 346 
16744 1374 2262 2269 3636 
16745 3552 1107 819 948 
16746 3554 1353 948 1854 
16747 3925 870 830 1179 
16748 275 92 3863 211 
16749 1615 2102 1873 2610 
16750 2604 2603 1722 1531 
16751 1200 3439 2907 1688 
16752 1331 1332 1941 2362 
16753 4245 667 3929 2778 
16754 2494 3662 332 3087 
16755 1662 239 3920 1917 
16756 670 669 3929 2778 
16757 3560 1111 4328 719 
16758 3882 2585 416 1522 
16759 275 1634 3863 92 
16760 221 220 101 3608 
16761 4423 459 458 2224 
16762 1638 3582 2797 3953 
16763 746 764 2766 840 
16764 1855 2187 3724 4226 
16765 2734 2735 1652 2733 
16766 2949 1824 2932 1956 
16767 1338 1649 940 4218 
16768 2509 2507 954 863 
16769 2980 1766 3581 994 
16770 2980 3144 3581 1766 
16771 1803 2726 2734 1652 
16772 1517 2978 3581 994 
16773 1803 2726 1652 1797 
16774 4400 1692 2114 1476 
16775 2734 2726 2733 1652 
16776 2188 1519 4530 3473 
16777 1692 1274 1476 4024 
16778 3541 670 3759 3929 
16779 1519 4530 3473 282 
16780 4299 4531 1930 4310 
16781 3492 4086 1246 4414 
16782 1870 2695 1700 2065 
16783 581 1672 1797 2732 
16784 1634 1137 2202 1917 
16785 560 3135 558 3262 
16786 560 3135 559 558 
16787 1779 2714 3902 3901 
16788 560 558 3261 3262 
16789 3492 4274 4414 1213 
16790 1436 221 101 102 
16791 921 2509 954 863 
16792 1218 4274 1213 4414 
16793 1219 1218 1213 4414 
16794 1770 2718 2681 3981 
16795 3276 980 976 3274 
16796 1213 3492 1246 4414 
16797 1219 1213 1246 4414 
16798 4112 2492 4061 1402 
16799 3028 1561 3027 3005 
16800 1736 1009 1017 3341 
16801 3441 1629 908 4316 
16802 2014 2673 2671 2675 
16803 3369 1878 2158 1520 
16804 544 3254 1688 541 
16805 410 4407 1653 409 
16806 3389 2116 4425 3489 
16807 3550 716 818 819 
16808 85 86 203 255 
16809 4377 3474 2158 1878 
16810 1277 1284 2963 3291 
16811 1716 3366 3696 3085 
16812 1848 1572 3182 3777 
16813 1679 1658 982 3621 
16814 1716 3366 909 3696 
16815 1878 282 2158 1520 
16816 4506 4494 2158 1520 
16817 2813 2814 2722 882 
16818 1848 3620 1769 1566 
16819 606 1562 982 2462 
16820 1134 3862 895 2814 
16821 125 4506 124 2158 
16822 2526 1329 2525 2524 
16823 582 746 2735 1652 
16824 4330 3827 2004 4019 
16825 3301 858 3058 861 
16826 848 1627 2712 2719 
16827 3057 925 908 862 
16828 1462 912 2911 2997 
16829 1053 2726 1797 2720 
16830 3488 276 3489 2116 
16831 4191 2023 1644 1645 
16832 3058 3300 861 862 
16833 3443 4191 1644 1645 
16834 2023 4191 3228 3229 
16835 1407 4330 2004 4019 
16836 3300 907 861 862 
16837 3960 734 4142 4097 
16838 1826 2019 2710 521 
16839 515 2748 514 512 
16840 3894 848 911 850 
16841 4099 2782 918 2095 
16842 1860 3189 1208 1835 
16843 4082 2782 918 4099 
16844 3409 1351 1388 4173 
16845 4258 4343 864 940 
16846 4343 4258 3758 940 
16847 1338 2594 940 1337 
16848 3266 1649 3265 4218 
16849 3013 660 662 1537 
16850 3663 2614 2646 1114 
16851 4155 1428 1865 1951 
16852 1232 1233 1940 4219 
16853 427 2289 1523 2028 
16854 2943 1232 1940 4219 
16855 3385 1976 4338 783 
16856 837 3530 996 4229 
16857 1888 3917 2943 1940 
16858 1232 1888 2943 1940 
16859 891 3729 1131 962 
16860 2297 2298 1196 2414 
16861 962 4462 2279 3546 
16862 1519 2188 4530 4536 
16863 2176 229 3633 4559 
16864 1315 1314 246 3478 
16865 4543 117 2173 3457 
16866 1585 659 777 4436 
16867 2838 2839 1007 2837 
16868 690 2616 2130 2620 
16869 924 3675 3143 973 
16870 3066 4034 1206 894 
16871 3055 1351 1444 1799 
16872 4544 3452 3634 1422 
16873 2176 3455 3595 4549 
16874 4452 3455 1433 4549 
16875 868 1427 2769 3459 
16876 2735 746 2766 2765 
16877 2152 3505 4535 157 
16878 4572 4503 4534 46 
16879 1666 4399 939 1135 
16880 1649 4258 3266 864 
16881 3143 974 973 1874 
16882 2331 3773 2347 1666 
16883 4548 4572 4534 46 
16884 1848 430 1572 3777 
16885 4170 3620 1848 3140 
16886 1460 274 2184 4447 
16887 1222 2921 1895 1223 
16888 3025 3905 1358 3305 
16889 1761 3686 1633 984 
16890 1461 3310 4207 4447 
16891 2921 1222 915 1223 
16892 889 3444 3336 3049 
16893 4563 878 4237 828 
16894 1892 824 3885 1341 
16895 724 1483 2220 467 
16896 270 110 288 4570 
16897 518 1695 4045 522 
16898 4045 1695 3923 522 
16899 2969 2949 3914 853 
16900 3891 2970 3006 587 
16901 4539 166 167 3491 
16902 3686 3629 3230 984 
16903 428 429 3097 3720 
16904 1514 4492 68 69 
16905 1460 1461 4447 1459 
16906 3179 2981 995 1019 
16907 2981 3179 995 2979 
16908 4080 4067 2985 399 
16909 1709 3870 871 2853 
16910 4056 4005 1004 1630 
16911 888 2979 994 995 
16912 1766 1517 3581 994 
16913 2980 1018 994 995 
16914 2979 888 994 2978 
16915 4 3837 3831 1795 
16916 1406 1407 1989 2715 
16917 834 1517 994 2978 
16918 66 67 1975 4477 
16919 1332 1684 2363 1006 
16920 1508 1505 3430 2098 
16921 3999 588 3302 465 
16922 2593 967 906 952 
16923 3673 967 906 2593 
16924 1461 3310 4447 1459 
16925 4485 2150 4512 180 
16926 3372 1442 2182 4128 
16927 274 1461 4207 4447 
16928 4465 1500 58 57 
16929 4049 1462 2022 1459 
16930 4529 188 189 3471 
16931 1867 3763 2956 1172 
16932 4092 1430 290 1416 
16933 1691 867 915 2918 
16934 3043 4554 1028 1039 
16935 1935 1293 3339 2070 
16936 1461 274 1460 4447 
16937 3576 1903 4458 4311 
16938 4542 4521 2174 267 
16939 2055 4577 4581 4580 
16940 4554 1793 1836 1039 
16941 2153 273 4458 3677 
16942 4561 1040 1028 1039 
16943 2443 2485 1549 3613 
16944 815 2496 2445 1763 
16945 1604 3145 2059 1082 
16946 1549 989 1763 3613 
16947 1836 4554 1039 1076 
16948 4549 108 4559 1432 
16949 2157 4504 190 189 
16950 2420 450 304 302 
16951 4136 1526 1291 2117 
16952 2383 2382 2381 1829 
16953 1920 2397 2390 3687 
16954 2396 2397 1920 435 
16955 405 3260 4107 1630 
16956 4179 3166 403 401 
16957 679 2629 677 678 
16958 2772 4563 4237 828 
16959 2502 999 3434 4259 
16960 4564 996 1765 1027 
16961 1207 2847 873 1148 
16962 2845 1978 1149 1148 
16963 1758 1409 3833 4022 
16964 1749 4302 578 3976 
16965 4311 273 4458 2153 
16966 3816 2099 1371 1129 
16967 273 1903 4458 1479 
16968 1044 1045 1047 3804 
16969 1266 3529 3966 1689 
16970 4311 1903 4458 273 
16971 3803 3802 1192 3956 
16972 4103 1045 1049 1726 
16973 4103 1726 1049 4100 
16974 1210 1726 4100 1049 
16975 302 2451 2447 300 
16976 3957 3979 1742 1997 
16977 4418 251 3337 3589 
16978 3979 3957 1742 1192 
16979 4289 1330 245 3624 
16980 1590 3480 3479 4259 
16981 3784 210 92 211 
16982 1340 3517 2613 1995 
16983 2054 93 212 2147 
16984 2640 3517 1061 1995 
16985 93 237 211 2147 
16986 2640 903 1613 1061 
16987 1056 903 2640 1061 
16988 4132 280 4469 2192 
16989 3374 1682 4108 1436 
16990 3374 4313 2182 247 
16991 1077 3090 3089 3141 
16992 1442 3375 4128 3372 
16993 1526 3466 256 2117 
16994 2755 1451 960 1333 
16995 3377 1288 3462 4460 
16996 1651 2274 1072 962 
16997 3466 119 4514 3469 
16998 120 2165 4486 3469 
16999 1651 2010 1072 2274 
17000 2275 2010 2274 1072 
17001 2276 2275 2274 1072 
17002 1396 3586 225 2169 
17003 3999 1483 588 465 
17004 107 3594 257 4549 
17005 248 1855 3724 4226 
17006 230 110 4559 3632 
17007 1958 3076 2094 3075 
17008 3472 281 1400 4250 
17009 1431 2157 4287 4250 
17010 2035 4454 1206 1345 
17011 4478 4132 280 4469 
17012 188 187 2187 4537 
17013 716 3549 818 3548 
17014 1494 2198 4490 3494 
17015 2164 1969 1498 3779 
17016 868 2217 2215 3459 
17017 2124 1434 2159 4348 
17018 3145 4021 2059 1082 
17019 3145 3109 4021 1082 
17020 2134 285 2209 1897 
17021 2210 1948 1897 1898 
17022 591 724 763 2218 
17023 2219 591 763 2218 
17024 3110 1605 3109 1082 
17025 221 102 222 2159 
17026 1497 4113 4480 4472 
17027 878 2772 4237 828 
17028 4113 1497 4480 4208 
17029 4511 2143 234 4526 
17030 451 460 2231 1560 
17031 451 2233 2231 460 
17032 460 2421 2231 1560 
17033 2233 2421 2231 460 
17034 2927 473 2941 710 
17035 1217 3639 3412 2039 
17036 3791 1112 1092 1094 
17037 1156 1925 1158 3115 
17038 2056 1221 3412 1217 
17039 99 100 3623 245 
17040 426 425 2599 431 
17041 1889 3924 2568 2559 
17042 3640 448 2844 2985 
17043 417 2254 3882 2253 
17044 3712 423 421 422 
17045 4387 1353 3556 2139 
17046 1105 3118 1104 3116 
17047 2036 1373 2264 1160 
17048 1925 1156 1916 3115 
17049 700 1860 4197 1875 
17050 2021 4014 277 4208 
17051 1074 1648 3544 3545 
17052 3617 4199 4239 1533 
17053 3400 1105 3116 3118 
17054 4090 1185 3890 4396 
17055 766 1925 1916 3129 
17056 1903 3575 1116 1118 
17057 1075 2286 4149 2280 
17058 1496 2197 277 2039 
17059 4233 3088 391 3402 
17060 4488 39 277 4480 
17061 2504 4576 2092 1227 
17062 1947 1117 1115 3756 
17063 1574 661 3418 3417 
17064 177 176 2171 4538 
17065 1525 1288 1554 4460 
17066 2395 1164 2400 2401 
17067 1408 1216 2004 4041 
17068 3098 1227 3713 1003 
17069 2890 2891 1678 2889 
17070 3649 1292 2038 2070 
17071 3817 3818 3815 1127 
17072 4192 363 1635 2582 
17073 3642 1540 4050 1727 
17074 3345 1606 3346 784 
17075 4256 358 357 4339 
17076 2351 359 1819 2349 
17077 1526 10 256 4514 
17078 3718 2595 2341 790 
17079 2343 3718 2341 790 
17080 4330 1408 2004 4041 
17081 4390 3880 4339 355 
17082 3880 353 356 355 
17083 3169 2912 1228 2015 
17084 2113 2100 1667 2329 
17085 2327 1337 2325 2125 
17086 3782 2360 2359 1379 
17087 76 4476 1388 4468 
17088 3169 3531 2912 2015 
17089 1628 4060 328 347 
17090 1684 2366 2581 2363 
17091 2189 4476 192 4468 
17092 2198 3497 3496 278 
17093 1637 2353 359 1821 
17094 2652 1629 2351 3721 
17095 1664 1783 2851 1663 
17096 2846 2040 1302 3734 
17097 1838 2387 2386 2384 
17098 1035 1034 2592 1066 
17099 1453 444 3534 838 
17100 3607 923 3606 2592 
17101 2849 873 3742 1663 
17102 4280 1068 2387 1108 
17103 781 2376 2373 905 
17104 2320 368 1840 1620 
17105 967 4401 2593 3673 
17106 3733 2398 311 310 
17107 4212 1593 1756 1830 
17108 3506 1965 1498 259 
17109 390 2311 2312 1786 
17110 2514 2515 3787 883 
17111 1198 3585 3748 2391 
17112 1002 1001 1003 2308 
17113 4203 364 3728 3352 
17114 808 3856 884 3854 
17115 2036 2266 1777 1160 
17116 2418 1384 2052 4174 
17117 4135 2052 3357 4174 
17118 1384 2408 3626 2418 
17119 990 3234 3683 3682 
17120 1968 1164 1383 2401 
17121 2266 2036 4211 1160 
17122 1594 2596 1160 1777 
17123 2432 1796 2434 2433 
17124 1167 2079 3531 3867 
17125 3531 1167 2832 1165 
17126 2266 2596 1777 1160 
17127 3994 617 2442 2440 
17128 2596 2266 4211 1160 
17129 4496 3506 4471 1498 
17130 2438 2454 619 622 
17131 1581 2439 618 619 
17132 3256 2034 4285 3134 
17133 232 4474 4473 112 
17134 1057 4455 3320 3706 
17135 2164 1969 278 1498 
17136 3222 4290 1109 3316 
17137 4471 2164 278 1498 
17138 1155 4246 1171 3764 
17139 879 4200 993 3303 
17140 3497 2164 278 4471 
17141 3080 324 3083 1575 
17142 4301 2001 3282 1577 
17143 606 2463 2461 2462 
17144 1547 2055 4581 2029 
17145 3124 1024 3281 1532 
17146 4168 1969 278 2164 
17147 444 3077 3534 838 
17148 4014 3639 1532 2039 
17149 1280 1362 2490 1720 
17150 3124 1024 1532 1026 
17151 3497 4168 278 2164 
17152 3290 2021 3281 1182 
17153 4555 2473 4580 2471 
17154 2481 1271 1258 2587 
17155 3971 4000 4072 1257 
17156 3749 842 2393 2337 
17157 3736 375 4293 314 
17158 922 842 1193 2393 
17159 1284 1273 2963 3292 
17160 3772 922 1193 2393 
17161 1153 4341 1204 1147 
17162 2508 1031 863 1631 
17163 3169 1922 2015 1228 
17164 3014 3015 645 2898 
17165 1810 1204 2895 1787 
17166 1204 4341 2896 1147 
17167 4553 3232 3231 4074 
17168 286 111 4570 288 
17169 4442 1095 1094 3984 
17170 2156 130 4502 4495 
17171 704 2894 1787 643 
17172 2879 1970 1205 1215 
17173 1205 2879 1215 2723 
17174 2656 507 2655 508 
17175 1717 504 2535 2528 
17176 847 1205 1215 2723 
17177 1999 1369 1190 3951 
17178 2536 500 498 2534 
17179 2241 3707 2598 1863 
17180 495 2542 2543 492 
17181 2045 4409 3963 503 
17182 505 507 3973 521 
17183 1825 1569 1863 2294 
17184 3969 3970 501 503 
17185 3422 1640 1830 1741 
17186 2241 2242 1224 1226 
17187 2241 2239 1226 1863 
17188 2239 1825 1226 1863 
17189 3246 771 3787 3893 
17190 2548 2549 490 489 
17191 3926 3795 1137 1091 
17192 130 2156 4502 129 
17193 1188 2245 1224 1225 
17194 3708 4429 4305 1611 
17195 3243 478 4064 477 
17196 4015 1814 477 576 
17197 3169 385 2015 1922 
17198 3369 1878 1520 2026 
17199 1099 3695 3577 3693 
17200 1098 4321 1097 1096 
17201 406 408 4347 3688 
17202 407 408 409 4347 
17203 702 4133 687 684 
17204 2447 1896 300 2455 
17205 4263 406 4347 3688 
17206 709 298 2488 1641 
17207 1468 1536 827 2578 
17208 2451 2447 300 2455 
17209 3751 1924 4314 3772 
17210 3218 4236 313 311 
17211 3265 1339 4177 4218 
17212 1761 1578 1633 4042 
17213 870 3663 1114 1762 
17214 2398 2396 1886 310 
17215 4487 4356 194 4513 
17216 2605 1735 1179 1722 
17217 2398 312 311 310 
17218 692 726 4058 689 
17219 1615 2616 690 2615 
17220 3520 3114 1157 3163 
17221 2636 2648 3611 696 
17222 4058 692 3612 3137 
17223 694 692 1480 3137 
17224 2396 435 1886 310 
17225 2629 3563 2627 679 
17226 3240 3079 321 3082 
17227 4090 1879 4402 4087 
17228 2273 1651 2271 2272 
17229 3959 4254 4307 929 
17230 3096 968 2776 2940 
17231 2011 2033 3492 2142 
17232 968 2649 2940 3765 
17233 3088 3645 387 3402 
17234 2639 1474 2649 2650 
17235 2491 1264 2500 1280 
17236 1800 3178 1775 1038 
17237 1284 1878 3369 2026 
17238 672 1474 2649 2639 
17239 513 4220 3986 512 
17240 518 514 3942 1712 
17241 3960 3916 734 4097 
17242 1280 1720 2490 1553 
17243 3923 4045 522 3379 
17244 2014 2672 754 2096 
17245 4132 3200 280 2037 
17246 4077 4275 1806 4404 
17247 2096 2669 1324 1325 
17248 3240 1453 321 444 
17249 748 2760 586 534 
17250 3638 3080 3082 323 
17251 2745 2746 1269 1267 
17252 1864 1133 2676 2678 
17253 1270 2746 1268 1269 
17254 3087 331 333 2789 
17255 758 1781 2681 2682 
17256 2494 3087 333 2789 
17257 1870 1306 2697 2065 
17258 1843 3154 4130 2037 
17259 747 1926 1700 2693 
17260 2696 1990 1700 2065 
17261 2261 413 412 410 
17262 1315 4214 1445 1281 
17263 3961 1926 2691 2694 
17264 1260 1281 1445 3093 
17265 845 2704 1674 1051 
17266 2714 1779 553 3901 
17267 3903 3902 1674 2702 
17268 2663 1407 1406 2715 
17269 4159 3092 3093 1281 
17270 2019 4346 2710 521 
17271 2019 2710 4041 3995 
17272 1262 3092 1281 3093 
17273 3649 2872 2038 1292 
17274 2713 1701 2721 3896 
17275 3399 4146 3358 1335 
17276 298 297 2505 296 
17277 3466 1526 2173 3467 
17278 3101 3100 3099 569 
17279 4049 1462 3310 2997 
17280 341 3284 343 4085 
17281 3949 3870 3170 872 
17282 1791 3939 3252 2522 
17283 3649 969 4008 2070 
17284 3386 4453 3423 796 
17285 348 2340 1612 2653 
17286 1293 1239 3338 3095 
17287 3916 734 1086 1085 
17288 1748 2660 2658 2659 
17289 4441 342 1612 344 
17290 2658 512 511 3986 
17291 515 1748 2660 512 
17292 518 516 4244 514 
17293 2805 2806 2505 296 
17294 3146 4178 343 389 
17295 4441 342 343 4085 
17296 2090 3399 1303 1335 
17297 203 86 2148 255 
17298 581 582 2736 2733 
17299 3399 2090 1303 274 
17300 1315 4181 246 1334 
17301 2771 2770 4200 4558 
17302 4214 4181 3478 1315 
17303 2476 1468 2578 1675 
17304 2476 3651 1675 3637 
17305 4200 2770 829 4558 
17306 2156 3477 246 3478 
17307 1518 2784 2785 2038 
17308 4543 1882 4524 9 
17309 665 2810 663 664 
17310 3572 3574 1118 2944 
17311 1314 1417 246 3478 
17312 1099 3695 4374 3577 
17313 2671 2669 2096 1325 
17314 215 96 214 2184 
17315 2352 2330 1667 355 
17316 1931 3982 2676 2675 
17317 1452 3529 1689 3094 
17318 4400 1519 3473 1476 
17319 2382 1034 2381 1829 
17320 2377 4069 4315 325 
17321 1614 2745 3601 2928 
17322 2330 2352 3880 355 
17323 2352 358 4339 355 
17324 936 4277 3324 4204 
17325 3311 1197 2027 4227 
17326 302 2447 1896 300 
17327 3880 2352 4339 355 
17328 434 429 4075 1633 
17329 1347 1745 2348 1665 
17330 1346 2115 2345 2368 
17331 1557 2234 2236 2235 
17332 3268 438 437 3152 
17333 3096 3699 3698 926 
17334 4027 397 3128 4067 
17335 397 3640 3128 4067 
17336 2650 672 669 3759 
17337 3420 1571 665 730 
17338 2582 363 1635 366 
17339 1078 1008 2323 2136 
17340 3554 1353 3556 3555 
17341 1819 1347 2115 2345 
17342 4564 702 2637 4133 
17343 369 3727 367 365 
17344 670 671 3759 669 
17345 2020 3769 2862 2103 
17346 4001 2374 1665 2348 
17347 4005 4056 4107 1630 
17348 2920 2921 2919 915 
17349 2582 3727 365 366 
17350 1064 3255 3490 4273 
17351 3255 1064 3490 1403 
17352 2879 1205 3922 2723 
17353 3957 3802 3956 1192 
17354 1418 2879 1205 3940 
17355 1891 3154 1843 2037 
17356 3365 3364 865 3153 
17357 1847 3905 1358 570 
17358 4246 1155 1153 3705 
17359 3905 3025 1358 570 
17360 3154 3200 4130 2037 
17361 2322 3727 2582 366 
17362 2133 1605 3109 2913 
17363 2309 3616 390 2312 
17364 3191 4157 3755 469 
17365 1285 3033 1279 1278 
17366 1891 3200 3154 2037 
17367 2804 2923 2922 1272 
17368 1241 1723 3747 981 
17369 3188 1317 3094 1282 
17370 3685 1273 1272 1270 
17371 496 524 4183 1369 
17372 2152 3762 1961 244 
17373 4300 496 4183 2539 
17374 2946 1251 1983 1250 
17375 3112 3111 3627 1963 
17376 3352 699 3689 388 
17377 1902 1999 3898 1839 
17378 1254 2827 1253 2945 
17379 550 1680 2884 2775 
17380 3351 3352 3689 388 
17381 757 1030 2686 1743 
17382 1660 3180 2957 3881 
17383 3840 2057 3841 2205 
17384 4573 3505 244 1413 
17385 2793 2792 1380 1381 
17386 515 2660 2748 512 
17387 2793 2794 1380 2792 
17388 711 2793 1380 1381 
17389 888 834 994 2978 
17390 1019 2981 995 1018 
17391 4484 4508 258 2162 
17392 2793 711 1380 1943 
17393 3487 2756 1181 3074 
17394 2806 296 294 785 
17395 4213 2221 783 591 
17396 2991 2990 2802 821 
17397 709 2503 2455 4031 
17398 4510 4528 2048 4579 
17399 4328 2585 2083 4448 
17400 914 867 2917 2919 
17401 681 683 3605 2625 
17402 2583 408 412 2263 
17403 2850 1783 3107 411 
17404 648 4148 3578 3579 
17405 4148 3288 1811 3578 
17406 1435 1590 4259 3480 
17407 1352 3201 4043 1691 
17408 294 3464 2128 292 
17409 4528 4510 2048 25 
17410 745 1673 1004 3877 
17411 4528 4579 1971 2048 
17412 2860 1013 3034 3947 
17413 448 2040 2985 399 
17414 3948 1013 959 1190 
17415 4035 1167 1168 2832 
17416 4067 448 2985 399 
17417 295 2805 294 293 
17418 975 1732 1544 3470 
17419 2805 2806 294 3464 
17420 3370 3045 4546 3456 
17421 3396 1033 3395 1767 
17422 2207 4565 4151 4369 
17423 1767 3056 839 1444 
17424 3409 2189 1740 3463 
17425 2278 4027 398 712 
17426 264 4320 2191 4160 
17427 1959 4548 1961 244 
17428 4025 1744 1653 1654 
17429 593 2586 592 3078 
17430 3240 3079 3534 444 
17431 3453 1425 1421 1424 
17432 4060 330 3215 328 
17433 744 743 409 3317 
17434 2768 793 2798 2797 
17435 912 1053 2725 2808 
17436 1462 912 2808 1802 
17437 410 414 3710 2258 
17438 797 2217 763 2216 
17439 4551 1853 3569 2951 
17440 2977 886 2976 1446 
17441 3244 2977 2976 1446 
17442 3255 1064 1446 2976 
17443 3244 3255 1446 2976 
17444 26 4528 1971 2048 
17445 1582 1583 2435 706 
17446 815 614 2446 612 
17447 3121 2868 1103 3669 
17448 744 3235 1653 1654 
17449 2154 98 4381 217 
17450 4407 2583 409 410 
17451 2729 551 2731 2730 
17452 4242 557 554 1619 
17453 110 230 4560 3632 
17454 295 2805 2758 2505 
17455 3145 4021 4053 2059 
17456 2427 2426 1927 2425 
17457 417 2254 2253 420 
17458 1681 4046 2450 4068 
17459 110 270 3632 4570 
17460 1624 2250 728 420 
17461 1445 3155 1256 1257 
17462 956 2883 875 3039 
17463 2190 253 4421 4248 
17464 315 3584 4293 314 
17465 2827 1255 2947 3628 
17466 1837 2003 1242 4306 
17467 97 96 1479 3677 
17468 2274 1651 2273 2272 
17469 1107 3553 1545 1546 
17470 4233 386 4337 3402 
17471 2010 2275 1579 1580 
17472 3653 2275 1579 2010 
17473 1503 1800 1038 3380 
17474 4398 1239 2060 2042 
17475 1479 96 2183 3677 
17476 4493 2145 1488 3523 
17477 119 3466 4524 118 
17478 1504 1503 1501 3382 
17479 1750 1590 4259 1435 
17480 1309 3003 2936 1311 
17481 471 2058 3788 711 
17482 4498 1504 4350 4507 
17483 461 2233 460 2824 
17484 1099 2749 4374 3695 
17485 1991 251 3337 4418 
17486 2409 1724 1784 2303 
17487 2111 1574 3417 777 
17488 3576 1903 4261 1479 
17489 3692 240 3691 1512 
17490 4498 1504 60 1501 
17491 1904 240 3692 1512 
17492 3693 3692 3691 1512 
17493 3693 1904 3692 1512 
17494 2468 787 2477 2466 
17495 3648 1523 2290 2293 
17496 941 2299 2833 970 
17497 3092 3188 3094 1282 
17498 2285 1596 1238 2028 
17499 2100 2331 2330 2329 
17500 2186 2210 1897 1534 
17501 364 4169 3728 3352 
17502 2113 1243 2100 2329 
17503 358 2328 3899 742 
17504 2564 2572 2566 1669 
17505 1603 989 2059 4053 
17506 2283 440 3008 442 
17507 2283 2825 3007 443 
17508 1473 702 684 2637 
17509 1593 4212 2842 1830 
17510 328 329 3215 4270 
17511 82 4517 1534 81 
17512 1232 1888 2811 2943 
17513 285 2186 1897 1534 
17514 4221 753 542 543 
17515 2209 2210 1897 2186 
17516 3551 4232 4171 1545 
17517 440 2283 3007 443 
17518 2283 440 442 443 
17519 704 2823 1455 1721 
17520 4268 3365 4314 1136 
17521 947 4102 972 971 
17522 526 3069 2973 525 
17523 4060 328 3215 4270 
17524 921 1670 954 3900 
17525 2321 1078 1840 368 
17526 716 714 685 3549 
17527 984 1557 2236 442 
17528 3276 980 1976 976 
17529 3697 1780 4352 1556 
17530 1307 1012 3029 3526 
17531 3276 976 3385 3274 
17532 2468 598 2466 2467 
17533 1658 1769 1556 3622 
17534 3156 548 545 547 
17535 2684 2683 2682 756 
17536 1815 3367 1556 1769 
17537 249 4299 2053 4395 
17538 1316 1317 2053 3360 
17539 1316 1417 1314 4228 
17540 4331 3367 1556 4352 
17541 1769 3367 1556 4331 
17542 3035 1912 1587 1938 
17543 847 1051 3922 2723 
17544 4430 3440 3318 1567 
17545 386 384 383 3309 
17546 2024 3440 4430 1567 
17547 3619 3318 4370 1565 
17548 1175 3384 4307 929 
17549 1563 3619 4370 1565 
17550 3508 1230 3511 1146 
17551 647 3014 2898 2899 
17552 1724 2409 1784 698 
17553 798 1568 1564 2456 
17554 2420 304 2411 3755 
17555 2456 3440 1564 4370 
17556 3230 439 1633 984 
17557 912 911 2725 1053 
17558 439 3230 1633 434 
17559 1106 3626 2401 2580 
17560 3037 3891 4040 854 
17561 3036 964 1370 2141 
17562 3037 3032 1687 3153 
17563 429 1578 4042 1633 
17564 2283 3629 2236 442 
17565 3726 426 2599 431 
17566 3726 2243 1578 431 
17567 2244 1188 431 1187 
17568 110 4560 4570 3632 
17569 1573 2228 453 455 
17570 2057 3840 4557 2205 
17571 4035 3353 1993 1304 
17572 989 987 2059 4053 
17573 3992 1757 2711 4557 
17574 628 626 2430 1812 
17575 3992 85 1757 4557 
17576 4268 3751 1924 4314 
17577 3133 3131 4010 563 
17578 462 2222 4240 465 
17579 2222 462 467 465 
17580 3773 1880 1666 2331 
17581 3136 3134 559 1600 
17582 991 3136 559 1600 
17583 3136 991 3134 1600 
17584 243 98 1457 4381 
17585 98 218 4381 217 
17586 710 3868 475 2941 
17587 3142 1458 3776 3141 
17588 478 4131 751 1611 
17589 3229 4429 1611 751 
17590 4288 480 4131 751 
17591 800 799 3160 3879 
17592 3868 3242 475 2941 
17593 4053 1603 3248 2059 
17594 2493 3234 1622 2316 
17595 372 2493 1622 2316 
17596 2316 3234 1622 1676 
17597 990 3234 1676 1622 
17598 1387 3398 3397 3395 
17599 1032 999 3434 4354 
17600 374 3650 377 4161 
17601 2506 3683 1798 1631 
17602 4510 4489 134 2151 
17603 3519 3518 3163 4579 
17604 3616 1000 390 376 
17605 380 3746 378 379 
17606 3145 4053 3248 2059 
17607 2552 488 487 486 
17608 2284 2286 1183 2280 
17609 1504 1503 3382 1887 
17610 263 4519 4083 1504 
17611 1122 3824 1124 1795 
17612 3443 889 3049 1159 
17613 1504 263 1887 4083 
17614 3026 1923 1159 953 
17615 1505 4575 3430 2098 
17616 3443 1645 1644 1159 
17617 3843 1752 3842 3841 
17618 3213 3211 4121 717 
17619 4564 1793 1765 702 
17620 1935 3339 4008 2070 
17621 3873 1626 938 1378 
17622 3057 3058 3031 862 
17623 2669 2668 1324 2667 
17624 723 2012 1655 3225 
17625 1379 2360 2358 1378 
17626 1420 4544 1632 1419 
17627 254 4356 4487 4513 
17628 4279 4285 1655 3225 
17629 4542 4517 1534 3449 
17630 4521 195 4251 4513 
17631 4276 2012 3225 1327 
17632 570 3905 3405 486 
17633 4518 2185 116 3457 
17634 2053 4299 3360 4395 
17635 4575 998 2098 4568 
17636 3299 1274 1692 4024 
17637 4024 1274 4023 2934 
17638 2970 572 577 587 
17639 4541 276 4527 2195 
17640 864 4343 939 940 
17641 4343 865 864 939 
17642 4343 3758 939 940 
17643 400 1579 3654 398 
17644 4509 4522 2033 2142 
17645 2905 1538 1921 767 
17646 779 1677 3425 772 
17647 1749 3977 499 497 
17648 1153 3510 3705 4341 
17649 3977 1749 761 497 
17650 1706 4453 796 740 
17651 2151 4489 3447 1509 
17652 3978 2560 3977 761 
17653 4489 133 134 3447 
17654 1749 3978 3977 761 
17655 1677 3424 772 3247 
17656 3114 3113 1248 3163 
17657 22 21 4469 2076 
17658 1475 3474 1476 4023 
17659 1274 1475 4023 1270 
17660 1789 2575 1180 1731 
17661 4453 1706 3053 740 
17662 3328 3674 2137 4095 
17663 1306 1739 2697 2701 
17664 1529 1176 1528 3540 
17665 3542 1529 1528 3540 
17666 3564 3537 1621 674 
17667 3542 1528 3563 3562 
17668 778 779 3425 772 
17669 4187 4340 1500 2193 
17670 1227 4576 2092 1597 
17671 3483 4465 4481 1500 
17672 966 4211 1160 885 
17673 3432 3254 3439 1688 
17674 3432 749 3254 1688 
17675 2000 4575 2098 4568 
17676 3650 3616 376 4199 
17677 2596 3729 1594 4332 
17678 2655 2656 508 2654 
17679 3991 2696 2697 2065 
17680 2749 1099 1115 1098 
17681 1441 1937 3572 3574 
17682 551 2729 1699 556 
17683 2729 551 1699 3934 
17684 1715 3990 510 508 
17685 229 230 3633 4559 
17686 4317 1094 1093 3984 
17687 1710 3927 3797 1093 
17688 2473 4577 4580 2478 
17689 3730 2399 3732 308 
17690 2385 375 3736 2383 
17691 3672 1264 1261 2588 
17692 1417 4310 1316 1930 
17693 1710 3864 4413 3797 
17694 4125 1981 2170 4410 
17695 4452 1890 4230 4152 
17696 4230 1426 3335 1344 
17697 4553 3231 641 4074 
17698 2823 2892 2822 1721 
17699 2892 1143 2822 1721 
17700 923 1837 3607 4306 
17701 2593 4366 952 3448 
17702 1145 1143 2892 1721 
17703 2659 2658 509 2657 
17704 3328 1998 3327 4358 
17705 1826 2659 509 2657 
17706 3253 3943 531 4163 
17707 3265 1649 1339 4218 
17708 3617 1000 1724 2307 
17709 529 3253 531 4163 
17710 3746 4114 378 4161 
17711 4074 3231 641 3676 
17712 742 2328 3899 2326 
17713 1643 4562 4545 289 
17714 3682 2317 1676 2316 
17715 1453 1363 3912 4044 
17716 468 2227 2226 2225 
17717 2501 975 4424 4304 
17718 1926 747 1729 2692 
17719 1743 1788 1852 2688 
17720 4510 2151 134 135 
17721 1182 3290 3282 3281 
17722 881 803 3860 805 
17723 2689 2690 2688 1852 
17724 2716 3860 3988 805 
17725 897 2724 2722 882 
17726 373 372 371 2314 
17727 990 733 1631 2876 
17728 1384 2408 1383 3626 
17729 3266 792 587 3006 
17730 1788 2716 1743 805 
17731 627 628 626 2449 
17732 2724 896 2722 882 
17733 1209 3631 1809 1834 
17734 628 627 629 2449 
17735 2716 3988 1743 805 
17736 834 833 2974 2975 
17737 3253 1725 531 3967 
17738 4059 3253 531 3967 
17739 781 780 2370 2372 
17740 599 4577 4578 1477 
17741 1725 4059 531 3967 
17742 2373 905 2378 4336 
17743 4221 4265 542 2687 
17744 4307 3530 3206 4568 
17745 2745 1614 3601 1542 
17746 2968 2970 565 577 
17747 2507 2508 2506 1031 
17748 1727 3641 3585 2313 
17749 4406 760 4017 806 
17750 4256 2352 3899 358 
17751 3983 1904 1558 3692 
17752 1904 240 1558 3692 
17753 803 881 3858 1776 
17754 881 3861 3858 1776 
17755 2090 95 214 213 
17756 3861 2086 3845 1776 
17757 237 93 211 92 
17758 643 645 3525 1787 
17759 2905 767 1921 1894 
17760 3858 3861 3845 1776 
17761 1694 1200 1747 3031 
17762 3267 3254 544 541 
17763 540 4189 541 4319 
17764 3267 544 543 541 
17765 930 3530 4307 4568 
17766 383 382 381 3307 
17767 2318 3641 369 2315 
17768 3773 1880 1901 1666 
17769 1147 1204 1773 2896 
17770 2680 3944 4007 1719 
17771 1727 3641 369 4050 
17772 3208 3210 380 985 
17773 3931 3944 1719 4007 
17774 2318 3727 367 369 
17775 2594 3741 2325 2136 
17776 363 4203 3728 2582 
17777 1392 1151 3269 3060 
17778 1430 2047 4367 4156 
17779 4092 1430 4367 4156 
17780 4176 3592 2169 1974 
17781 3682 3234 2316 1676 
17782 551 550 2731 552 
17783 998 3197 930 4568 
17784 3206 3197 3205 4568 
17785 1002 1001 2308 2307 
17786 3197 998 3205 4568 
17787 1001 1002 1000 2307 
17788 823 3761 4195 653 
17789 3761 4253 4195 653 
17790 3904 3518 4579 3163 
17791 1040 1236 1234 4567 
17792 1936 3476 3332 3658 
17793 782 1910 2909 1884 
17794 3532 1485 4551 1793 
17795 1028 4561 3194 1478 
17796 3532 1793 3043 4564 
17797 2910 2909 1884 2875 
17798 4554 1793 4551 1836 
17799 726 3147 1485 4551 
17800 3022 3277 3021 1862 
17801 1744 3376 4164 1005 
17802 4060 330 328 347 
17803 4368 1110 3721 2357 
17804 2365 1331 2109 1941 
17805 1616 1744 4164 1005 
17806 2255 4091 729 4278 
17807 3133 3132 3131 563 
17808 3796 1050 3798 3799 
17809 3376 3277 1820 3021 
17810 1801 1825 1226 2239 
17811 3101 568 564 4009 
17812 3805 3804 1047 3803 
17813 569 3101 564 4009 
17814 1140 3363 1708 2075 
17815 4201 3411 1733 1831 
17816 3411 4201 3362 1831 
17817 1734 4201 1733 1831 
17818 4201 1734 3362 1831 
17819 3835 4346 4041 2019 
17820 3826 3970 4409 1949 
17821 2042 4398 3304 4086 
17822 1130 1129 4020 1126 
17823 4409 2045 1372 503 
17824 1122 3825 3824 3831 
17825 1239 4398 3304 2042 
17826 4444 1218 4414 4274 
17827 537 536 1036 2698 
17828 4234 1406 4408 2715 
17829 2033 3492 3491 1246 
17830 1406 1989 4408 2715 
17831 758 759 2683 4209 
17832 166 4522 2142 3491 
17833 1836 726 4551 1853 
17834 3101 569 564 568 
17835 3099 569 564 4009 
17836 3862 3362 3855 2041 
17837 3958 2761 931 1775 
17838 2020 4005 3769 3107 
17839 2020 4005 1004 2862 
17840 1672 569 564 3099 
17841 2673 1133 1725 2677 
17842 3981 3982 2679 1864 
17843 1770 3981 2679 1864 
17844 3981 1770 928 1864 
17845 1703 550 2775 1680 
17846 4312 1755 928 808 
17847 3933 549 3249 4054 
17848 1743 2685 2688 2686 
17849 3254 3267 544 3193 
17850 2937 1703 2775 3881 
17851 3982 3981 928 1864 
17852 491 2548 489 575 
17853 1156 3117 1916 3115 
17854 2890 2760 586 3919 
17855 3054 4012 3919 951 
17856 561 562 560 3261 
17857 1716 1178 1780 3085 
17858 1513 1935 4008 2070 
17859 4269 3036 1370 2961 
17860 2949 2948 2932 1824 
17861 3914 1956 2932 3239 
17862 3664 870 3925 3663 
17863 1973 4387 3555 4294 
17864 3553 3554 3555 1107 
17865 870 3664 831 916 
17866 1925 3112 1158 3115 
17867 1370 1678 2961 2962 
17868 2211 1948 1897 2210 
17869 1043 3836 1041 3830 
17870 999 1750 4259 1435 
17871 521 4346 3973 3964 
17872 4257 3836 1041 4342 
17873 1902 2914 3947 1405 
17874 2134 1869 1632 4571 
17875 1352 3201 4222 4043 
17876 2638 672 1449 1656 
17877 2134 3220 3908 1632 
17878 2638 1449 1448 1656 
17879 2649 2638 3765 1656 
17880 4540 27 26 1971 
17881 3958 931 3384 1800 
17882 372 2316 2315 2314 
17883 1292 3649 3095 2070 
17884 1778 3835 3819 1125 
17885 2470 595 596 597 
17886 4409 2045 3964 3965 
17887 3813 1130 4022 1929 
17888 2045 2888 3963 3964 
17889 2069 4190 237 1908 
17890 2469 3714 4580 597 
17891 212 93 211 2147 
17892 3714 1486 4580 597 
17893 3662 2355 741 2356 
17894 2358 1379 1378 1355 
17895 3782 347 2359 1919 
17896 913 900 4111 899 
17897 2773 2731 2775 552 
17898 2360 3782 2104 1379 
17899 3782 3972 347 1919 
17900 3979 3802 1742 3799 
17901 791 662 2785 4292 
17902 3805 3829 1768 4002 
17903 3884 1892 2618 695 
17904 4123 689 687 688 
17905 2622 2744 1642 1730 
17906 3520 3163 1313 4579 
17907 1615 1945 2616 2614 
17908 1485 702 3533 687 
17909 787 598 2468 596 
17910 3241 3240 321 3082 
17911 2591 1266 3966 1268 
17912 2109 1052 3414 860 
17913 3519 3520 1313 4579 
17914 2937 2773 2775 1703 
17915 3520 3519 3163 4579 
17916 3353 4035 3867 1304 
17917 3531 1165 2832 2830 
17918 3345 3353 3867 1304 
17919 3904 3163 4579 1248 
17920 834 2978 2975 3604 
17921 1464 2869 2866 2867 
17922 606 2461 607 608 
17923 3279 1024 3281 3124 
17924 3144 4068 3581 1766 
17925 2454 621 2864 3602 
17926 578 4302 4073 3976 
17927 1202 2431 3566 2433 
17928 3567 1952 1168 1993 
17929 2461 2474 607 2459 
17930 2453 4122 612 2446 
17931 2439 2440 618 619 
17932 2460 3618 2457 798 
17933 2443 1549 2444 2445 
17934 1860 1101 4197 1875 
17935 3684 2826 2029 1983 
17936 2119 3904 4579 1248 
17937 617 2442 2440 618 
17938 1185 1607 4396 1851 
17939 3420 1571 1879 4090 
17940 2828 2826 3684 1983 
17941 226 3592 1974 2169 
17942 1396 106 2169 225 
17943 1416 4092 266 3593 
17944 1430 4092 266 1416 
17945 2047 4367 3592 266 
17946 2504 4576 4140 4109 
17947 3015 646 644 3271 
17948 4420 3180 3414 1052 
17949 1293 1292 3095 2070 
17950 3015 3014 646 3172 
17951 2429 2431 3567 1952 
17952 3774 1473 1472 2626 
17953 2628 3774 1472 2626 
17954 484 570 3405 486 
17955 2549 2552 488 489 
17956 1604 3146 345 343 
17957 2563 4411 3945 1996 
17958 2342 1612 983 718 
17959 2340 436 2339 2338 
17960 4411 2563 1847 1996 
17961 436 789 2339 842 
17962 1915 711 3753 1943 
17963 2421 3598 1659 3295 
17964 494 495 2543 492 
17965 2563 2552 488 2549 
17966 2553 2551 1823 487 
17967 298 2487 2455 2488 
17968 2231 1560 2229 2230 
17969 3948 1013 1190 3947 
17970 3889 2426 631 630 
17971 2007 500 520 2534 
17972 2013 3387 1548 1150 
17973 4375 2534 520 2532 
17974 4375 2007 520 2534 
17975 1321 1054 3975 2018 
17976 2043 1321 2754 3227 
17977 4070 1206 894 2018 
17978 1605 1604 3110 345 
17979 2428 2426 3889 630 
17980 1321 2018 3227 894 
17981 3138 339 4051 3148 
17982 2428 2449 629 3889 
17983 1232 1888 1850 2811 
17984 3054 1357 1322 4437 
17985 748 3917 3919 2760 
17986 925 1232 2987 3892 
17987 4563 1143 1454 2822 
17988 4388 879 1577 3303 
17989 3464 292 2954 3159 
17990 3889 2449 629 4065 
17991 4200 2771 4558 4172 
17992 2449 627 629 4065 
17993 4065 627 629 1809 
17994 2254 417 3882 2257 
17995 371 3641 2313 2315 
17996 2946 2828 1983 1251 
17997 3879 799 4281 950 
17998 713 3684 3714 2029 
17999 3684 2826 3714 2029 
18000 2848 2088 1302 1207 
18001 2536 3976 499 2544 
18002 4511 2143 149 3500 
18003 664 791 2785 4292 
18004 2847 2848 2846 1302 
18005 1149 1771 3722 1015 
18006 3946 3945 4426 1996 
18007 2847 2859 873 1148 
18008 2428 628 629 2449 
18009 1721 2823 1455 2821 
18010 4030 3231 3676 641 
18011 2835 393 387 3645 
18012 1695 2949 2967 2968 
18013 1099 1119 1512 3577 
18014 1326 1944 2081 3878 
18015 1944 4432 2081 3878 
18016 2821 2823 1455 3676 
18017 1968 4576 755 2092 
18018 2295 2410 1356 4175 
18019 1662 4284 1137 1917 
18020 1130 1759 1126 4020 
18021 4563 2820 1454 828 
18022 242 1844 1478 2150 
18023 2810 3418 663 4292 
18024 463 573 3204 3295 
18025 3294 1559 464 4393 
18026 1849 4576 1968 2092 
18027 2793 711 1943 3753 
18028 4566 4320 2062 4567 
18029 3278 3124 3123 1025 
18030 1673 2860 1709 2858 
18031 4379 1706 4453 3386 
18032 4266 2530 778 4297 
18033 2926 802 3105 810 
18034 551 2729 553 2730 
18035 1418 2881 3940 3186 
18036 3122 1060 1059 1026 
18037 4038 4037 1088 3798 
18038 2207 4384 2073 4483 
18039 1868 2207 2073 4483 
18040 2773 4298 2774 554 
18041 88 206 1707 2203 
18042 4565 2207 4384 2073 
18043 791 664 662 4292 
18044 463 573 3295 1659 
18045 4565 1868 2207 2073 
18046 275 3864 3863 4413 
18047 4225 1145 3511 2892 
18048 1452 1317 3094 1689 
18049 3298 1692 1317 2053 
18050 2471 2473 4580 2478 
18051 128 4299 4536 127 
18052 2480 4577 2479 4581 
18053 127 2188 4536 126 
18054 1858 262 2172 1971 
18055 3419 3418 663 2810 
18056 4181 3158 1315 4214 
18057 2826 2495 2478 4581 
18058 2188 4400 3391 2114 
18059 3418 663 4292 662 
18060 3598 1818 4182 3599 
18061 2791 2927 2790 710 
18062 1231 4099 918 2095 
18063 4317 3793 1093 1092 
18064 1231 4099 2095 3921 
18065 4005 4056 1004 2862 
18066 2069 1231 4184 3359 
18067 2782 2095 3921 2752 
18068 3729 891 1594 4332 
18069 891 3729 4433 4332 
18070 1008 2325 2136 2125 
18071 3693 1099 1512 3577 
18072 374 3650 2493 2314 
18073 1164 2395 972 2580 
18074 1880 2100 1666 2331 
18075 769 736 2510 863 
18076 1463 3068 919 1032 
18077 1748 2658 512 509 
18078 1176 3539 1608 3537 
18079 2209 2134 1897 1423 
18080 1422 2955 1994 2213 
18081 1291 4063 1410 1411 
18082 1104 1875 1916 3117 
18083 4247 1607 3545 1608 
18084 139 140 4505 3523 
18085 1583 2435 2434 2433 
18086 812 3871 1410 1439 
18087 746 582 2735 3781 
18088 107 227 4549 266 
18089 3498 3499 1467 4376 
18090 473 474 3183 2941 
18091 426 3726 2599 3097 
18092 1074 1648 3545 1608 
18093 483 485 2557 571 
18094 470 463 3204 464 
18095 3872 3871 1410 4063 
18096 2112 4363 1412 1909 
18097 4363 3044 1412 1909 
18098 1526 2173 3467 1411 
18099 4078 4123 687 3533 
18100 1239 1293 3338 2060 
18101 2854 2858 2103 1709 
18102 1842 2033 3491 1246 
18103 3564 1607 1608 1621 
18104 1392 1393 785 3437 
18105 3554 1353 1854 3556 
18106 1546 1294 1973 4295 
18107 3835 3821 3819 1125 
18108 1216 1408 2019 4041 
18109 3537 3564 1608 674 
18110 1893 4420 2109 1052 
18111 1035 1034 923 2592 
18112 1176 3537 1608 674 
18113 2155 4500 185 184 
18114 3043 1028 3194 3195 
18115 3196 1481 1028 3194 
18116 2909 1319 2950 1235 
18117 3539 3564 3545 1608 
18118 3429 242 4264 2150 
18119 1844 3516 4264 2150 
18120 1040 4561 1478 1236 
18121 3539 3564 1608 3537 
18122 479 4015 576 2786 
18123 1508 3430 4538 4525 
18124 1706 4379 3052 1639 
18125 1648 3539 3545 1608 
18126 950 2523 949 4281 
18127 3209 1640 985 3207 
18128 64 242 4525 4512 
18129 4575 4081 4568 4349 
18130 4158 826 1927 1377 
18131 4464 31 30 238 
18132 2858 1673 2103 1709 
18133 249 2053 2114 4395 
18134 31 4466 1487 4464 
18135 2046 4016 2194 4345 
18136 3466 1526 256 4514 
18137 2190 4467 4475 253 
18138 2117 3466 256 3469 
18139 2216 797 2215 2214 
18140 2035 2187 281 3472 
18141 4213 3385 4338 783 
18142 2189 3465 1388 4468 
18143 2648 782 2875 3611 
18144 1288 3377 1286 1554 
18145 2636 696 3611 695 
18146 4488 4511 150 3500 
18147 4497 260 4472 2161 
18148 1413 1414 3503 961 
18149 770 3980 707 877 
18150 95 96 214 1511 
18151 240 3691 1511 3690 
18152 3980 2783 707 877 
18153 877 2783 1443 1080 
18154 4497 4547 4501 1972 
18155 3691 240 1511 1512 
18156 4508 144 145 2162 
18157 214 96 2183 1511 
18158 1505 4519 62 4538 
18159 174 4498 4350 4507 
18160 4538 3430 178 4525 
18161 2113 1337 2327 2125 
18162 3299 1692 1317 3298 
18163 3369 1520 2158 4248 
18164 3407 4016 3481 1711 
18165 4323 4136 3467 1291 
18166 2486 1202 3566 2433 
18167 144 4508 4484 2162 
18168 3884 2618 2636 695 
18169 2145 141 4464 3481 
18170 3407 4443 238 3481 
18171 1497 4301 2161 260 
18172 636 2408 1383 1384 
18173 4553 3231 640 641 
18174 4553 1804 4552 2407 
18175 4553 3740 2417 3232 
18176 2145 4464 238 3481 
18177 3139 1601 3138 3148 
18178 1142 880 961 4563 
18179 1144 1143 3571 2892 
18180 3846 932 3845 3844 
18181 980 3334 3276 4574 
18182 1385 1991 3390 2120 
18183 1910 2998 1443 2796 
18184 4334 1601 3139 3148 
18185 2594 1338 2136 1337 
18186 877 2783 707 1443 
18187 4354 3068 919 2214 
18188 788 919 797 2216 
18189 2117 3783 3469 1554 
18190 4475 253 13 1525 
18191 696 2648 1443 707 
18192 1463 2212 2214 3068 
18193 3598 1560 1659 1818 
18194 2341 2342 983 718 
18195 2166 4487 194 193 
18196 797 2217 2216 2215 
18197 1424 2955 1994 1422 
18198 2439 2441 986 618 
18199 3669 3121 3126 1456 
18200 1948 2211 1422 2213 
18201 2979 888 1962 995 
18202 2342 2341 2340 718 
18203 1017 1832 4182 3027 
18204 30 4464 238 4493 
18205 2805 2816 2954 293 
18206 4164 4278 729 1005 
18207 143 144 4484 3485 
18208 4365 1063 3406 1113 
18209 4466 143 4484 3485 
18210 1616 4164 729 1005 
18211 1903 3576 4261 1119 
18212 214 95 3690 213 
18213 4278 2255 4164 729 
18214 2255 1616 4164 729 
18215 1801 1761 984 2238 
18216 1761 3686 984 2238 
18217 3424 3425 772 3247 
18218 2239 1801 2237 2238 
18219 627 626 3667 2449 
18220 2495 3660 4581 1547 
18221 2594 3741 2136 1338 
18222 2651 1813 3336 3228 
18223 424 2602 423 1531 
18224 471 711 3788 4098 
18225 3560 3883 3711 719 
18226 2601 424 2600 2599 
18227 4342 491 1041 575 
18228 2009 416 413 2260 
18229 417 2254 415 2257 
18230 625 3661 3666 623 
18231 416 417 415 2257 
18232 1581 2438 622 2436 
18233 1078 3741 1338 2136 
18234 416 2585 2257 2260 
18235 4334 1601 3148 389 
18236 2054 237 93 2147 
18237 21 20 4495 246 
18238 3047 3200 1510 3408 
18239 280 2076 4469 2192 
18240 131 3477 4469 4495 
18241 3784 4190 2147 237 
18242 132 4478 4469 4132 
18243 2877 771 739 3787 
18244 737 2550 739 2514 
18245 1131 2596 1777 2270 
18246 3714 2471 4580 2478 
18247 4214 1315 1314 1281 
18248 1651 1131 2050 2272 
18249 725 639 4030 1455 
18250 451 1560 2230 453 
18251 2833 941 970 432 
18252 4385 4329 2282 456 
18253 1908 2054 4438 2147 
18254 1143 1142 3000 4563 
18255 1659 1832 3295 4182 
18256 2206 4571 3908 4150 
18257 154 155 4501 3501 
18258 1195 1523 2293 2290 
18259 2299 2296 941 3568 
18260 2296 901 941 3568 
18261 1808 2303 2302 2301 
18262 901 1195 2293 1194 
18263 2296 901 2293 1194 
18264 2366 1684 2581 1628 
18265 3972 3782 2359 1919 
18266 1808 1298 2303 1784 
18267 2306 1297 2304 3702 
18268 1298 1297 2304 2306 
18269 1297 1299 2304 3702 
18270 1298 1299 2304 1297 
18271 2746 2934 1270 1268 
18272 370 2317 2315 2316 
18273 2318 370 2317 2315 
18274 370 371 2315 369 
18275 4384 4474 2073 4483 
18276 3224 4552 3968 3668 
18277 2318 370 2315 369 
18278 1360 2787 2809 2499 
18279 1899 1541 268 2185 
18280 742 1635 2125 2326 
18281 4530 1519 4536 17 
18282 361 358 3899 742 
18283 237 2054 1908 2147 
18284 29 28 4505 1490 
18285 3356 4192 361 3899 
18286 4256 3356 361 3899 
18287 436 2339 2338 2337 
18288 1497 41 4472 40 
18289 2339 436 842 2337 
18290 2197 4488 277 4480 
18291 4509 4522 52 2033 
18292 51 1494 4490 233 
18293 4178 4334 3148 389 
18294 3715 2349 2115 2345 
18295 1346 1347 2345 2115 
18296 1395 1396 2169 4176 
18297 1379 2359 2356 2358 
18298 1505 263 62 4519 
18299 791 1518 664 2785 
18300 1475 1274 4023 1476 
18301 1518 2781 664 2785 
18302 229 230 4559 3632 
18303 2691 2689 1729 1852 
18304 86 87 1733 204 
18305 3344 357 4339 3346 
18306 2132 250 2180 104 
18307 4439 3970 1949 4073 
18308 1606 3344 3346 357 
18309 96 215 2183 3677 
18310 1628 2366 3888 2581 
18311 2177 4562 4457 4369 
18312 2184 274 4207 4447 
18313 2800 2799 3017 794 
18314 97 217 216 2153 
18315 98 97 273 2153 
18316 98 243 2154 4381 
18317 1628 720 3888 1586 
18318 2813 2815 896 2724 
18319 1981 106 225 2170 
18320 1396 3586 250 105 
18321 228 227 3593 4549 
18322 4156 2047 3438 1393 
18323 4176 1395 3592 1974 
18324 226 107 1974 3592 
18325 4104 4055 795 3018 
18326 2185 268 3458 3457 
18327 1855 4532 248 71 
18328 642 4553 641 4074 
18329 2385 375 1829 1623 
18330 2187 4529 4537 1855 
18331 1417 19 4502 1930 
18332 20 1417 4495 246 
18333 4104 1386 795 4055 
18334 4104 3048 3018 795 
18335 1490 1488 1113 3523 
18336 3410 1404 4361 1841 
18337 2871 335 2788 2392 
18338 2494 2355 2392 334 
18339 329 3696 909 3181 
18340 3048 4104 1713 795 
18341 3475 3476 1514 4160 
18342 3507 1152 1965 1960 
18343 4104 3251 4325 2061 
18344 3251 1162 4325 2061 
18345 3059 3167 2988 1538 
18346 1318 264 1514 4160 
18347 4431 4566 3515 3516 
18348 1550 1661 2405 2402 
18349 2942 1513 926 3699 
18350 1584 1585 2414 657 
18351 1431 74 4491 4504 
18352 3465 191 4491 4468 
18353 4353 1584 3659 2414 
18354 3839 1805 4224 4275 
18355 284 4335 4077 3956 
18356 1584 2298 3659 2414 
18357 265 4324 2075 1707 
18358 3957 2078 1997 1192 
18359 264 3475 1514 4160 
18360 97 96 215 3678 
18361 292 3464 2128 3159 
18362 1536 829 827 4558 
18363 100 99 3623 219 
18364 3009 1336 4282 4227 
18365 4562 289 4546 4545 
18366 228 108 4559 4549 
18367 2476 3651 2424 633 
18368 2047 1395 3592 3438 
18369 3592 2047 266 1974 
18370 2078 4335 3957 4440 
18371 632 2419 2425 2424 
18372 4265 539 542 4007 
18373 1702 4335 4440 3955 
18374 2426 3651 631 2424 
18375 3375 1442 1457 974 
18376 1859 209 3915 90 
18377 221 272 101 102 
18378 210 209 91 2202 
18379 105 3586 224 225 
18380 1890 4452 257 4152 
18381 4499 55 4520 1499 
18382 2432 626 624 1796 
18383 4522 53 1842 4539 
18384 829 2770 827 4558 
18385 1437 3374 247 1436 
18386 2123 3387 2503 4031 
18387 709 2123 4031 1896 
18388 2772 2579 2819 827 
18389 793 1638 933 3582 
18390 3920 4284 1917 2202 
18391 1682 3374 1437 1436 
18392 1988 3185 3325 3326 
18393 4563 2772 2820 828 
18394 450 1661 2413 304 
18395 450 2420 2413 2447 
18396 1911 1221 1456 3126 
18397 539 540 4189 541 
18398 4201 4147 235 2149 
18399 2223 590 1544 975 
18400 4563 880 828 1454 
18401 1568 798 610 2457 
18402 3594 107 226 227 
18403 1060 1221 3126 1456 
18404 209 3920 1917 2202 
18405 4331 4352 1556 3622 
18406 598 2469 2467 2468 
18407 3583 3697 2477 1555 
18408 2369 2366 1586 2367 
18409 1716 3696 3084 3085 
18410 326 4069 3083 3329 
18411 2465 601 2467 1599 
18412 2351 359 2349 2350 
18413 1629 2652 3441 3721 
18414 1769 4331 1556 3622 
18415 599 4555 4580 597 
18416 3751 3750 922 2393 
18417 3714 2826 2478 2029 
18418 2133 1605 2913 1636 
18419 3169 352 385 1922 
18420 3356 4256 361 360 
18421 362 3356 361 360 
18422 362 3356 3348 3350 
18423 3345 1606 784 2079 
18424 358 2352 1667 355 
18425 2325 2326 2125 2324 
18426 371 372 2315 2314 
18427 3641 371 369 2315 
18428 1849 1164 2395 1817 
18429 3616 390 2312 376 
18430 2826 2495 4581 2029 
18431 3234 990 1676 3682 
18432 733 736 2876 3786 
18433 2029 2826 2478 4581 
18434 1945 1615 1873 2614 
18435 2550 737 2512 2514 
18436 3211 1588 1741 717 
18437 1756 4212 4121 2841 
18438 2483 2484 2490 1720 
18439 1935 2163 1499 279 
18440 1361 1530 3217 2809 
18441 1031 2506 1798 1631 
18442 3056 1767 839 3479 
18443 2300 2298 3659 2108 
18444 1280 1275 2500 2499 
18445 788 724 1435 2502 
18446 4566 4431 4320 4567 
18447 997 3197 3196 3195 
18448 796 4453 3423 3247 
18449 404 4179 4216 403 
18450 724 4166 1435 2502 
18451 724 788 2218 2502 
18452 4166 724 2218 2502 
18453 2550 737 3786 2512 
18454 91 1634 2202 1917 
18455 426 3726 1578 431 
18456 209 91 2202 1917 
18457 3882 417 416 2257 
18458 1373 2264 2262 2263 
18459 438 439 434 3152 
18460 2602 423 3711 2600 
18461 3409 1799 3394 1740 
18462 1948 2212 2213 920 
18463 2212 1948 2213 2211 
18464 2249 2250 422 3712 
18465 1744 1616 4164 2259 
18466 2728 2911 4032 850 
18467 2525 1328 950 2523 
18468 799 2530 4281 949 
18469 591 4213 2219 2085 
18470 2523 2530 2521 949 
18471 4266 2530 4281 799 
18472 2657 507 3973 2655 
18473 2888 2045 3973 3964 
18474 2603 2604 2602 1531 
18475 2728 912 2911 850 
18476 2657 507 2655 2656 
18477 507 506 2655 508 
18478 397 2838 3640 1592 
18479 397 3640 448 1592 
18480 3640 1592 2840 1928 
18481 1573 1736 2227 468 
18482 1736 2482 2227 468 
18483 1560 1573 2229 453 
18484 1427 1426 1344 3757 
18485 2421 463 2824 3204 
18486 3199 471 3788 4098 
18487 4409 3970 3963 503 
18488 4145 573 1832 3295 
18489 573 1659 1832 3295 
18490 1915 470 3753 711 
18491 848 3895 846 849 
18492 2531 504 2528 3962 
18493 2824 461 4393 464 
18494 491 492 490 2546 
18495 493 3946 490 2546 
18496 1141 3785 1367 1366 
18497 463 461 2824 464 
18498 492 493 490 2546 
18499 848 3894 849 850 
18500 491 492 2546 2545 
18501 492 2546 2545 2543 
18502 494 2541 2558 2543 
18503 2561 4342 575 2548 
18504 1889 2568 1718 2556 
18505 2563 488 4205 486 
18506 1369 2537 498 2007 
18507 2045 505 503 3963 
18508 2557 485 2554 2556 
18509 1889 2559 2568 2556 
18510 846 2727 1698 849 
18511 2361 1332 1378 2360 
18512 3464 4156 2128 3159 
18513 1210 3937 1889 2568 
18514 2078 3957 1997 4440 
18515 4234 1406 2715 2665 
18516 538 3928 535 537 
18517 4059 533 531 532 
18518 1210 4038 3937 2568 
18519 3943 4059 531 532 
18520 2891 2889 532 1678 
18521 4037 1088 1889 2568 
18522 857 1660 2957 855 
18523 3857 2747 3854 884 
18524 4037 4038 1088 2568 
18525 749 3432 855 2958 
18526 544 545 3193 543 
18527 3300 3058 3057 862 
18528 1088 1210 1889 2568 
18529 3881 1703 2775 2885 
18530 4038 1210 1088 2568 
18531 843 561 2708 566 
18532 559 558 3775 557 
18533 3327 4242 1619 3258 
18534 3222 3103 3221 1647 
18535 4563 3000 2820 4237 
18536 2454 621 3602 3907 
18537 1386 3223 4055 3251 
18538 581 582 580 2736 
18539 3949 3948 3034 959 
18540 2476 633 2423 2577 
18541 1361 1953 1542 3601 
18542 582 2736 3781 3703 
18543 580 3100 2736 3703 
18544 1953 1361 3217 3601 
18545 1890 4230 3335 1344 
18546 724 2220 591 467 
18547 1614 1953 3601 1542 
18548 1013 1902 1190 3947 
18549 3652 1252 1591 3408 
18550 2828 1254 2826 1983 
18551 3652 3113 3904 1249 
18552 1925 3627 3115 3129 
18553 1953 4004 3601 3217 
18554 1265 1266 2591 1267 
18555 4047 4036 602 766 
18556 3288 1208 1835 1811 
18557 648 4148 611 1811 
18558 3288 1835 4188 609 
18559 1722 2645 433 3720 
18560 1464 2870 2867 833 
18561 441 2605 2645 1722 
18562 886 1064 4273 2976 
18563 3948 1013 3034 959 
18564 2046 3485 2194 1487 
18565 3476 2155 3475 1514 
18566 3950 2067 1368 959 
18567 1189 1188 431 2244 
18568 1376 1375 883 2519 
18569 824 4013 3885 2610 
18570 394 393 392 2835 
18571 1849 2504 2092 1227 
18572 2614 2608 2610 1873 
18573 1615 2615 2610 2614 
18574 3014 647 645 646 
18575 297 2498 2097 299 
18576 4013 1615 2615 2610 
18577 3323 1447 4303 1982 
18578 1447 3502 4052 4303 
18579 2902 2903 1543 2901 
18580 4561 4554 1028 3194 
18581 3495 1992 3493 3494 
18582 150 4511 149 3500 
18583 1485 4078 687 3533 
18584 676 3562 675 2631 
18585 675 3562 2753 2631 
18586 2629 2630 2631 678 
18587 2629 2630 678 2628 
18588 705 2630 835 678 
18589 2628 835 678 1472 
18590 4153 852 3073 3701 
18591 2376 781 910 905 
18592 3562 3538 675 2753 
18593 3537 3541 1621 674 
18594 4153 441 3701 2645 
18595 683 686 1642 2622 
18596 824 2102 2609 1341 
18597 4123 4078 689 2624 
18598 4075 429 433 3720 
18599 264 67 4550 1975 
18600 2645 4110 433 3720 
18601 690 2617 688 2615 
18602 4110 4075 433 3720 
18603 616 2441 618 851 
18604 701 2867 2864 3602 
18605 1024 3124 1025 1026 
18606 622 2454 619 621 
18607 511 4142 2995 3986 
18608 2267 715 3670 2268 
18609 397 4067 398 399 
18610 3653 2278 1579 2275 
18611 3653 418 400 4089 
18612 3670 404 4216 2268 
18613 568 723 563 3131 
18614 3939 1715 510 1791 
18615 404 406 4216 2268 
18616 2520 1376 1086 1791 
18617 2370 780 904 906 
18618 1376 2520 1086 1375 
18619 1944 4432 519 2081 
18620 2666 517 1323 2665 
18621 715 404 3670 2268 
18622 4387 3559 916 2139 
18623 2861 1673 1405 866 
18624 3235 744 1653 409 
18625 3928 2739 535 2698 
18626 2854 1709 1664 2853 
18627 537 3928 2698 3944 
18628 758 2683 757 756 
18629 2738 536 535 2698 
18630 715 406 404 2268 
18631 542 539 1719 4007 
18632 3988 2716 1743 2688 
18633 550 2731 2775 2884 
18634 1904 3694 1349 1095 
18635 2669 2670 2096 1324 
18636 4576 4553 755 642 
18637 1728 4115 3287 4139 
18638 2410 2295 1356 2051 
18639 658 3059 656 1538 
18640 810 2926 3170 3106 
18641 3246 3053 740 3247 
18642 1447 4547 4303 1982 
18643 4266 799 4281 3879 
18644 778 2530 799 949 
18645 771 3893 778 1907 
18646 1447 3323 4303 4052 
18647 1617 842 2337 2335 
18648 891 892 2279 962 
18649 3096 3177 3293 927 
18650 1870 2695 2697 2699 
18651 2729 2714 2699 556 
18652 1801 1761 2240 1226 
18653 4429 4131 1611 751 
18654 3177 2087 3293 927 
18655 1901 3773 1135 4314 
18656 1624 425 2248 2249 
18657 2883 956 874 3039 
18658 3320 1057 1470 1471 
18659 4111 900 4006 3186 
18660 3991 1306 2697 2701 
18661 795 3018 794 3017 
18662 1870 556 2699 2700 
18663 2870 1464 2867 2869 
18664 3994 617 2440 3907 
18665 3992 1758 4372 1757 
18666 617 3994 1484 620 
18667 886 2977 2976 2975 
18668 3300 907 938 861 
18669 3300 4368 938 907 
18670 2724 2815 896 3010 
18671 843 2707 566 2708 
18672 3873 3300 938 861 
18673 3873 4368 938 3300 
18674 548 3156 4054 547 
18675 4115 3156 545 3287 
18676 3937 2553 1718 2556 
18677 551 550 549 3933 
18678 4232 1546 4295 2744 
18679 2916 2861 2915 866 
18680 1999 524 3952 1839 
18681 2861 2915 866 2914 
18682 2850 1783 2849 2851 
18683 3898 1999 3952 1839 
18684 1673 2861 1405 2860 
18685 2914 2861 1405 866 
18686 2783 3980 2999 877 
18687 2647 2783 1443 707 
18688 4123 2617 2624 688 
18689 4387 1353 1973 3555 
18690 770 4034 894 3226 
18691 3704 1321 2754 1333 
18692 770 3980 3226 3700 
18693 943 3187 2994 3319 
18694 428 424 1531 2601 
18695 2162 3410 4262 258 
18696 1065 1914 887 2869 
18697 958 810 3170 3106 
18698 3704 2755 960 1333 
18699 2762 3917 748 2741 
18700 841 924 840 2765 
18701 810 958 3170 872 
18702 2780 1518 816 2942 
18703 1746 1055 1333 2643 
18704 899 3961 3997 3259 
18705 746 2766 2765 840 
18706 2696 1990 3259 2694 
18707 898 4277 4204 3010 
18708 952 2593 4336 904 
18709 924 3675 840 2765 
18710 3323 1577 3282 3303 
18711 2926 810 3170 872 
18712 3388 2056 3500 234 
18713 305 4357 3755 469 
18714 1023 4558 4172 992 
18715 829 1536 992 4558 
18716 1935 4267 4008 3339 
18717 3239 3906 1170 2874 
18718 3906 1913 2516 1016 
18719 3906 2516 2513 1016 
18720 1670 3914 1170 1856 
18721 1670 4066 3900 3239 
18722 2205 2057 1751 4557 
18723 567 2773 552 554 
18724 3096 3293 1191 927 
18725 4200 879 992 829 
18726 970 1808 2301 1784 
18727 1808 2303 2301 1784 
18728 3619 3035 1912 3140 
18729 2166 254 4487 1740 
18730 1350 943 3187 942 
18731 373 3650 2312 376 
18732 584 4026 2767 3709 
18733 4026 584 2064 3709 
18734 4454 2035 3472 2187 
18735 765 2799 3018 3709 
18736 1638 793 764 2797 
18737 1924 1901 1135 4314 
18738 793 2768 764 2797 
18739 954 2507 1031 863 
18740 2143 4511 234 3500 
18741 2056 3388 3500 3412 
18742 3290 4014 3281 2021 
18743 1008 2325 2324 2323 
18744 666 2781 2810 665 
18745 1076 4561 1040 1234 
18746 2223 2222 590 2221 
18747 2779 666 2810 665 
18748 2795 2793 1943 3753 
18749 2779 2781 2810 666 
18750 458 468 2225 1544 
18751 1590 839 3479 3192 
18752 1590 774 839 3192 
18753 1809 1792 4106 3280 
18754 2823 704 1455 3676 
18755 3278 1023 1025 1792 
18756 2267 715 1777 2050 
18757 1804 4553 4552 640 
18758 3147 1485 3533 4078 
18759 2486 1583 2433 2435 
18760 2832 4035 3566 1168 
18761 1012 1308 3526 1307 
18762 1202 2431 2433 1796 
18763 103 1434 222 102 
18764 980 1343 1177 3275 
18765 1020 1021 1019 2983 
18766 1008 2325 2323 2136 
18767 2597 2332 1671 2334 
18768 3264 3265 2005 4129 
18769 2336 351 2334 3887 
18770 3741 1078 2323 2136 
18771 792 3265 2005 3264 
18772 3265 792 2005 1339 
18773 1045 4103 1042 3936 
18774 3639 3124 1532 1026 
18775 3836 4257 1041 3830 
18776 1044 3806 4186 3804 
18777 888 2979 2977 2978 
18778 1593 1830 2842 1872 
18779 1064 3255 4273 2976 
18780 2118 258 1841 4262 
18781 3122 3121 3120 1059 
18782 351 2597 2334 3887 
18783 1024 1023 1025 3278 
18784 3122 3123 1059 3120 
18785 1607 3565 4396 1851 
18786 3537 3538 675 674 
18787 3565 4090 1851 4403 
18788 3123 1209 1059 3120 
18789 3916 3960 1085 2518 
18790 3640 2838 2840 1592 
18791 3916 2520 2517 1086 
18792 2520 1375 2517 1086 
18793 3695 1098 4321 1097 
18794 3695 1099 1098 1097 
18795 1904 3694 3693 3692 
18796 2842 2843 1928 1872 
18797 4324 265 3450 1707 
18798 1460 96 3678 2184 
18799 4577 4581 4580 2478 
18800 1068 2387 1108 1229 
18801 2746 2591 1268 1267 
18802 3872 4389 1305 2759 
18803 1838 1871 2386 1229 
18804 2597 351 2334 1671 
18805 3424 1677 3423 3247 
18806 1121 2747 3856 4252 
18807 4261 1479 3677 4458 
18808 4005 2020 3769 2862 
18809 1677 796 3423 3247 
18810 1013 2860 1709 1405 
18811 3813 1130 4020 4022 
18812 3827 1123 3821 1216 
18813 2007 2537 498 2534 
18814 2045 4409 1372 3965 
18815 3175 1335 3358 1081 
18816 2854 2857 1709 2853 
18817 2201 3785 3784 1367 
18818 3812 1237 1071 1070 
18819 4324 265 1988 2167 
18820 2852 2853 2851 1663 
18821 1760 4277 2996 4359 
18822 4324 3363 3325 2075 
18823 1046 3807 3808 3806 
18824 4496 4471 48 1498 
18825 3509 3510 3507 1152 
18826 3669 2868 1103 1885 
18827 3812 4003 1237 1070 
18828 1959 4548 4534 46 
18829 3175 3399 3358 1335 
18830 746 584 2767 764 
18831 2487 2451 300 2455 
18832 3661 3119 2865 652 
18833 3661 625 1834 652 
18834 1908 1231 3359 1081 
18835 1219 1218 4414 3665 
18836 1494 1992 1977 2198 
18837 50 1494 278 4479 
18838 732 733 731 3745 
18839 1211 3493 1213 3996 
18840 2285 2287 1238 1184 
18841 732 3208 3130 3745 
18842 1574 3421 1905 2111 
18843 735 2550 3786 3130 
18844 2512 736 3786 2510 
18845 1879 1571 1851 4090 
18846 548 4115 3249 4054 
18847 4115 548 3249 2692 
18848 1728 1030 4139 4162 
18849 3308 3746 378 4161 
18850 1321 3704 3227 3975 
18851 3088 4233 391 3648 
18852 4080 401 400 399 
18853 749 855 2887 546 
18854 1772 3386 3423 796 
18855 485 571 1718 2556 
18856 847 2706 2723 2727 
18857 545 3156 2930 3193 
18858 4290 1162 4325 3251 
18859 2904 2905 1894 2903 
18860 749 3432 2887 855 
18861 1145 4225 1147 1773 
18862 1494 1992 2198 3494 
18863 1845 3705 2897 1204 
18864 1810 2900 2899 2897 
18865 3355 946 981 3351 
18866 4099 1231 918 1081 
18867 1318 3067 1235 3771 
18868 4158 826 1377 4135 
18869 2431 1812 1202 1952 
18870 1318 1319 1235 3067 
18871 3113 3652 2946 1249 
18872 1250 3111 1963 1983 
18873 4000 3971 2587 1259 
18874 2910 1853 2950 2951 
18875 2828 1254 1251 2945 
18876 3771 2952 2950 1235 
18877 3176 4099 918 1081 
18878 1362 3482 2787 2490 
18879 1891 3047 1510 1252 
18880 1910 3658 2796 2909 
18881 782 694 3611 696 
18882 1316 2053 1930 3360 
18883 4099 3176 3359 1081 
18884 1222 914 2919 915 
18885 3499 4004 457 3733 
18886 2804 1272 1283 1269 
18887 2919 867 2918 915 
18888 1231 4099 3359 1081 
18889 3793 3792 1092 3791 
18890 1614 2803 2745 2928 
18891 1452 1263 2807 1262 
18892 1868 6 4516 4483 
18893 3201 1244 2920 915 
18894 1650 2573 1295 1098 
18895 3794 3793 3792 1092 
18896 2573 2749 1295 1098 
18897 2573 2574 1295 2749 
18898 1306 1205 3922 2126 
18899 3914 1670 3239 4066 
18900 747 2693 1700 3934 
18901 3176 4082 918 4099 
18902 1170 1913 1401 2874 
18903 913 2696 2065 1990 
18904 4374 1099 1116 1115 
18905 3906 1913 1170 2874 
18906 1824 2931 1401 1037 
18907 4159 4214 1314 1281 
18908 4395 2188 3391 2114 
18909 1089 3794 3792 1092 
18910 3794 1089 3793 1092 
18911 1914 3669 1103 1885 
18912 3188 4159 1314 1282 
18913 513 3960 4142 3162 
18914 3121 1060 1456 1103 
18915 1004 2020 2862 2103 
18916 1791 1328 2524 2522 
18917 1885 2868 1103 1861 
18918 732 731 3214 3745 
18919 3208 732 3214 3745 
18920 2507 954 1031 1933 
18921 2507 3719 954 1933 
18922 3669 3121 1456 1103 
18923 3532 4554 2953 3043 
18924 1033 1387 3395 1767 
18925 3055 2991 942 3725 
18926 1914 3669 1456 1103 
18927 2157 1431 3471 4250 
18928 1162 1163 4325 2061 
18929 3178 3177 1038 3380 
18930 1503 2144 1501 3382 
18931 3663 3664 1114 2646 
18932 1881 4004 457 1953 
18933 2746 2591 3966 1268 
18934 3369 1284 2026 3291 
18935 1276 1273 1272 2923 
18936 2591 1266 1268 1267 
18937 870 3664 1114 3663 
18938 4294 3664 1114 916 
18939 1294 4294 1114 916 
18940 3969 503 501 502 
18941 1123 1122 3822 1124 
18942 501 578 1949 4073 
18943 1371 3826 1949 4439 
18944 1804 1968 1383 2407 
18945 2407 1804 4552 1383 
18946 2408 2407 4552 1383 
18947 3586 1396 225 105 
18948 1276 2925 2963 2923 
18949 250 1397 3392 1394 
18950 2646 1294 4294 1114 
18951 957 1151 3040 3041 
18952 1273 3685 2963 3292 
18953 3387 956 1548 1150 
18954 3685 1273 2963 2923 
18955 832 834 2974 3604 
18956 4043 1691 3897 1839 
18957 1691 3897 1839 1014 
18958 393 2837 1007 1576 
18959 3664 2646 4294 1114 
18960 269 109 1432 4559 
18961 4570 2177 4457 3632 
18962 3604 834 2974 2975 
18963 4562 4570 4546 288 
18964 3045 291 4546 290 
18965 701 833 2974 832 
18966 832 3603 2974 3602 
18967 2606 1342 1762 1735 
18968 2219 4213 2769 2085 
18969 1500 279 57 4481 
18970 1438 3624 4238 2181 
18971 1033 1032 3434 3397 
18972 1033 999 3434 1032 
18973 219 99 3623 218 
18974 833 701 2974 2867 
18975 3157 317 3086 2986 
18976 1127 1778 3819 1125 
18977 449 1530 2986 315 
18978 317 449 2986 315 
18979 3584 3157 2986 315 
18980 2783 2999 2998 1080 
18981 3157 317 2986 315 
18982 1759 3837 2 1795 
18983 4290 1163 4325 1162 
18984 2630 835 678 2628 
18985 2184 1460 4447 3678 
18986 1778 3835 3965 3819 
18987 3989 1802 2808 3744 
18988 4268 2141 1828 1136 
18989 3365 4268 3153 1136 
18990 4268 3913 1828 2141 
18991 1057 3706 3320 1469 
18992 765 2799 795 3018 
18993 4268 3913 3153 1136 
18994 2123 1471 4031 1896 
18995 3175 3399 1303 4207 
18996 2892 1145 1721 1773 
18997 11 4486 256 4514 
18998 1305 3312 2008 3768 
18999 303 2420 302 3754 
19000 1288 3377 4386 1279 
19001 3125 1221 3412 3388 
19002 3509 1152 1147 4341 
19003 3485 144 4484 2162 
19004 3410 2118 1841 4262 
19005 4225 3509 1147 4341 
19006 2144 4498 4350 174 
19007 2003 952 4336 904 
19008 2144 4498 1501 4350 
19009 1800 1175 3381 1887 
19010 2487 2451 299 300 
19011 438 440 3008 3151 
19012 1551 4071 1754 2818 
19013 438 1551 445 4141 
19014 3268 438 3152 3151 
19015 1936 1320 2140 3332 
19016 4532 4500 185 4371 
19017 248 3333 4450 4371 
19018 3044 812 1909 3019 
19019 3332 3333 2140 1450 
19020 3466 4136 2117 1526 
19021 1987 2165 1554 3469 
19022 120 4486 4514 3469 
19023 2816 812 3044 3019 
19024 248 4532 70 71 
19025 2781 1518 664 666 
19026 4225 1147 1773 2896 
19027 1858 3520 1157 1313 
19028 1435 4166 3480 4259 
19029 3113 3114 1248 1158 
19030 3446 2503 2488 1641 
19031 4421 3369 2026 3291 
19032 4571 4473 4569 112 
19033 4570 270 4546 288 
19034 3114 3113 3112 1158 
19035 1010 1561 1017 3028 
19036 1434 3589 4348 1399 
19037 1011 1012 3029 1307 
19038 1150 3738 3040 3060 
19039 104 250 2180 224 
19040 1398 1397 3392 250 
19041 4255 4098 3204 464 
19042 1100 4126 3535 1942 
19043 1097 3695 3693 4076 
19044 1397 3041 3535 3392 
19045 1530 1881 1361 3217 
19046 326 4069 325 324 
19047 1387 3398 1169 3397 
19048 2575 3330 4088 1180 
19049 1623 2385 3875 3874 
19050 2575 1570 3330 1180 
19051 2960 957 3041 3535 
19052 2440 617 619 3907 
19053 1978 2846 2845 2844 
19054 1978 2844 1149 1928 
19055 3066 4070 1206 4034 
19056 952 2003 4336 3448 
19057 4566 1844 1236 1975 
19058 2133 1605 1082 3109 
19059 4126 3245 3535 1942 
19060 1604 1603 3248 389 
19061 2960 1100 3535 2959 
19062 1513 2942 4008 3699 
19063 2405 306 2412 2411 
19064 1285 1287 3064 3063 
19065 3499 309 1467 4137 
19066 3681 1361 3217 2809 
19067 1287 3312 3064 3063 
19068 12 4475 13 1525 
19069 2593 952 4336 3448 
19070 969 1513 926 2942 
19071 3484 1513 4008 3699 
19072 2913 3168 1636 3679 
19073 4334 1602 1601 389 
19074 342 4441 343 344 
19075 1601 341 3148 389 
19076 3366 3697 3085 1780 
19077 3102 1647 579 1327 
19078 3102 3221 1327 4276 
19079 1716 3366 3085 1780 
19080 3009 1429 443 3236 
19081 328 329 4270 327 
19082 4285 723 1655 3225 
19083 598 787 2466 1599 
19084 2465 2475 601 4079 
19085 1486 713 600 3714 
19086 4170 3620 4331 1769 
19087 2464 1658 3622 3621 
19088 1178 594 1555 3737 
19089 603 604 601 4079 
19090 2586 594 3583 2470 
19091 3447 3408 1509 1510 
19092 571 2562 2006 2559 
19093 1937 3574 1118 3572 
19094 668 2777 817 2776 
19095 407 406 4347 4263 
19096 1581 1582 2436 706 
19097 1626 4101 860 1941 
19098 968 3096 817 927 
19099 2437 624 706 2434 
19100 2780 668 2777 816 
19101 1244 3201 1352 1691 
19102 1902 2914 1405 1014 
19103 1167 1166 1168 2832 
19104 3201 1691 915 2918 
19105 89 88 3955 206 
19106 2593 2370 906 2367 
19107 3927 4317 3797 1093 
19108 3369 1520 4248 2026 
19109 823 3761 3760 4195 
19110 3114 1156 3115 3116 
19111 4210 2404 4195 1589 
19112 381 382 379 3307 
19113 28 262 27 4523 
19114 2409 3617 1533 1724 
19115 1489 3406 1113 1488 
19116 1211 2011 1213 3493 
19117 1544 2223 2225 2224 
19118 1876 262 1490 3522 
19119 3297 1296 3075 3074 
19120 3673 2593 906 2367 
19121 4274 3493 1213 3492 
19122 2817 1958 1746 3074 
19123 1958 1746 3074 1181 
19124 1056 3487 1181 1197 
19125 1527 3164 1916 1875 
19126 3992 1757 4372 2711 
19127 3813 4022 3811 1929 
19128 3838 1759 1757 1130 
19129 2920 2919 2918 915 
19130 3493 2011 1213 3492 
19131 1044 3806 3805 1768 
19132 1046 3806 1044 1768 
19133 3806 3807 3805 1768 
19134 1046 3807 3806 1768 
19135 3065 1174 2906 3996 
19136 558 561 3261 4119 
19137 239 4093 4440 1997 
19138 2707 2705 843 845 
19139 474 811 4154 4305 
19140 2707 845 843 844 
19141 610 798 608 2457 
19142 1875 3521 3117 1104 
19143 1022 3179 995 1019 
19144 4274 1218 1213 1212 
19145 2980 2982 3144 1766 
19146 2056 1217 3412 2039 
19147 1208 3288 3578 1811 
19148 2242 1189 1224 1226 
19149 3118 3521 1104 3117 
19150 3164 3521 3117 1875 
19151 2794 1118 1380 2944 
19152 474 3216 476 4305 
19153 430 2938 2788 3777 
19154 2427 703 2492 1402 
19155 1211 1213 1212 3996 
19156 2245 1188 1224 2242 
19157 1796 624 2434 706 
19158 1535 623 2865 652 
19159 3661 1834 3119 652 
19160 2245 3707 1224 1225 
19161 430 2938 3777 3140 
19162 1210 1726 1823 3935 
19163 2548 2561 489 575 
19164 524 4300 3952 4043 
19165 4071 3517 1754 2818 
19166 39 40 277 4480 
19167 3388 1221 2072 1911 
19168 1985 768 4185 1598 
19169 2027 3311 4227 4193 
19170 1810 1845 2897 1204 
19171 3707 2245 1224 2242 
19172 445 3311 2027 4193 
19173 2901 3524 651 750 
19174 4566 2062 1236 4567 
19175 1155 1867 2956 1172 
19176 3914 1856 4066 3264 
19177 2949 1695 1824 853 
19178 3250 4561 2952 1234 
19179 2969 2968 853 577 
19180 2949 1956 3914 853 
19181 572 2971 2970 565 
19182 2969 2949 853 2968 
19183 650 4253 651 653 
19184 2855 2843 2842 1872 
19185 1546 2744 1730 1642 
19186 3250 4561 1234 4567 
19187 282 4506 1520 15 
19188 4320 3771 2062 4567 
19189 1878 3474 282 1476 
19190 1824 2948 1037 1712 
19191 4400 1692 1476 4024 
19192 4032 2911 1685 850 
19193 917 4032 1685 850 
19194 3474 4024 1476 4023 
19195 1286 3377 3783 1554 
19196 111 4565 4560 112 
19197 2911 912 1685 850 
19198 1461 1462 3173 2997 
19199 1139 1138 2908 937 
19200 936 1138 937 3184 
19201 900 1418 3186 937 
19202 1783 2850 2088 411 
19203 1418 1970 2881 937 
19204 1210 3937 1718 1889 
19205 3708 3707 3108 1900 
19206 3707 2245 3108 1225 
19207 1946 3708 3108 1900 
19208 1946 1813 1225 3108 
19209 2137 1833 4358 4095 
19210 2245 1794 1225 1188 
19211 1794 2245 1225 2651 
19212 1221 3388 2072 2056 
19213 3389 1221 3388 1911 
19214 2003 1837 905 2378 
19215 3410 4445 3244 2118 
19216 1138 3184 2908 937 
19217 4511 4526 234 37 
19218 1319 2909 1884 1235 
19219 3321 352 1922 350 
19220 350 3321 4134 1922 
19221 3321 3168 4134 1922 
19222 3640 448 1928 2844 
19223 2319 3727 367 2318 
19224 4564 3532 4165 3655 
19225 2506 2320 2346 1840 
19226 1473 3774 4196 2637 
19227 527 528 526 3435 
19228 1705 3774 4196 1473 
19229 1365 2067 2737 3941 
19230 2529 1364 1329 2526 
19231 810 800 3106 1696 
19232 1439 2759 1305 2097 
19233 2011 2033 1246 3492 
19234 305 4357 3731 2412 
19235 4564 2637 4196 4165 
19236 998 2098 2138 3205 
19237 3496 1992 1977 1173 
19238 4575 4081 3430 3205 
19239 1173 1172 1171 4351 
19240 3196 998 2138 3205 
19241 4086 1842 3491 1246 
19242 3492 4086 3491 1246 
19243 1360 1275 2499 3681 
19244 1361 3681 3217 3601 
19245 2201 1859 3915 4272 
19246 1988 4324 3325 2075 
19247 2032 1614 1953 2928 
19248 2548 491 490 2546 
19249 2745 2590 1267 1542 
19250 4191 2023 3228 1644 
19251 1352 4222 2558 4043 
19252 2651 890 3336 1813 
19253 3158 4214 4072 1445 
19254 3628 3155 4000 1257 
19255 2277 2278 2275 1580 
19256 1187 425 2248 1624 
19257 402 4089 401 400 
19258 2932 3239 1170 2874 
19259 3993 4566 4567 4431 
19260 3993 4561 4567 1236 
19261 902 770 3226 3700 
19262 4561 1040 1234 4567 
19263 3771 3250 2952 1234 
19264 1998 1833 4358 2137 
19265 3498 2089 1467 2032 
19266 3771 2952 1235 1234 
19267 2952 1076 1235 1234 
19268 4137 309 1467 307 
19269 309 3733 311 310 
19270 1269 2746 1268 1267 
19271 3499 3498 1467 2032 
19272 1427 868 2769 2085 
19273 3564 4247 3545 1608 
19274 566 2707 2709 2708 
19275 3333 1450 3050 3724 
19276 560 3133 3261 4010 
19277 560 3135 3261 3133 
19278 2755 3704 2754 1333 
19279 2911 1462 2997 1685 
19280 1265 2591 2590 1267 
19281 4146 2090 2054 1335 
19282 1837 2003 4306 2378 
19283 3174 3176 917 1081 
19284 1090 3795 1137 3828 
19285 4190 2069 237 1367 
19286 2825 3009 443 3236 
19287 2370 2593 904 4336 
19288 913 2696 3991 2065 
19289 3328 1827 3272 3327 
19290 3691 2183 1511 3690 
19291 3926 1710 4413 3797 
19292 4323 3872 1410 4063 
19293 3154 3155 1256 1843 
19294 3872 4323 1410 1290 
19295 3328 1998 4358 2137 
19296 1591 241 2151 1509 
19297 3076 589 776 2094 
19298 3484 1513 1964 4008 
19299 3136 3135 3775 559 
19300 4242 722 1619 3258 
19301 3647 447 3236 443 
19302 589 3076 776 3591 
19303 4063 1412 1410 1411 
19304 3680 4362 345 3283 
19305 1825 2294 3614 4449 
19306 2790 2927 2941 710 
19307 2175 4546 3456 3632 
19308 473 474 2941 475 
19309 4125 1385 2120 105 
19310 4125 1981 1385 105 
19311 3242 3243 477 476 
19312 472 3199 3183 3294 
19313 4544 1420 269 1419 
19314 2047 1395 1974 3592 
19315 2179 251 223 104 
19316 2751 681 685 3605 
19317 473 2927 2941 3183 
19318 3660 2481 1300 1258 
19319 3308 381 379 3307 
19320 1002 1298 2306 1297 
19321 3419 1574 3418 3417 
19322 4577 2480 1301 1300 
19323 2480 2481 1300 2479 
19324 905 2003 2378 4336 
19325 1996 4057 2093 1245 
19326 3023 1358 3876 3305 
19327 3202 1244 3876 2920 
19328 447 1429 3236 443 
19329 3221 4322 3316 1647 
19330 3310 4202 4447 1459 
19331 3222 3221 3316 1647 
19332 1109 3222 3316 1647 
19333 1871 3735 2389 1886 
19334 3497 4471 278 4479 
19335 4581 2480 1300 2479 
19336 2084 2055 4581 1300 
19337 1998 4298 3327 4358 
19338 1833 2937 4358 4095 
19339 1416 270 290 4546 
19340 4298 2937 4358 567 
19341 3593 227 3592 266 
19342 2965 2872 3095 1292 
19343 1395 4176 3592 3438 
19344 4092 1416 2175 3593 
19345 261 4520 4138 2196 
19346 4577 2084 4581 1300 
19347 1239 1293 1292 3095 
19348 1871 2386 2389 3735 
19349 1463 3068 1846 3886 
19350 3068 1846 3886 4428 
19351 1229 1871 2389 1886 
19352 3339 1293 3338 3095 
19353 1539 362 3348 3350 
19354 3220 4544 3634 4318 
19355 4544 2178 3633 4318 
19356 3356 4256 360 3348 
19357 1750 1590 3479 4259 
19358 4473 84 2074 1 
19359 2386 1871 2389 1229 
19360 467 1483 2422 465 
19361 1343 980 1344 4574 
19362 3190 4357 3731 1465 
19363 4561 3993 1478 1236 
19364 788 4354 919 2216 
19365 2794 2935 1312 3572 
19366 1197 3311 3909 4227 
19367 2633 708 2642 3700 
19368 2283 2236 2235 442 
19369 4385 4423 2105 456 
19370 1958 2817 3076 3075 
19371 4562 4570 4457 4546 
19372 3686 1761 2243 2240 
19373 3024 953 3049 3445 
19374 419 2255 2254 2252 
19375 408 2263 3688 1646 
19376 1416 4092 2175 4546 
19377 1120 4234 1323 1406 
19378 3958 3178 1800 3381 
19379 3561 4211 3635 885 
19380 1374 1373 2262 2009 
19381 998 997 3197 3196 
19382 1175 1800 3381 3384 
19383 1887 1503 3382 3381 
19384 418 1651 2273 2010 
19385 418 3653 2576 4089 
19386 1625 813 728 2251 
19387 1692 2053 3391 2114 
19388 2668 2667 2666 1323 
19389 1800 1503 1887 3381 
19390 2277 1183 2281 2017 
19391 963 1074 4149 1073 
19392 2287 4235 1238 1186 
19393 4090 1879 4087 1185 
19394 3740 4576 2504 4109 
19395 3383 1887 3382 3381 
19396 1326 2668 2666 1323 
19397 4181 3477 246 1334 
19398 1175 3384 3381 3383 
19399 2410 777 1356 4175 
19400 2410 777 3417 3416 
19401 1001 2309 2308 2307 
19402 1001 1000 2309 2307 
19403 2311 1198 1786 1774 
19404 3617 1000 2307 3616 
19405 823 3760 1986 1589 
19406 3641 2318 369 4050 
19407 3728 3727 4050 365 
19408 4423 4385 2105 3393 
19409 3642 1540 4169 4050 
19410 132 131 2192 4469 
19411 3047 1891 1510 3200 
19412 1540 3728 4050 365 
19413 4240 2222 2422 465 
19414 4385 825 2105 3646 
19415 864 3266 587 4040 
19416 2328 2113 2327 2326 
19417 349 1617 436 2338 
19418 1354 3289 2105 3646 
19419 1617 349 2336 2338 
19420 2340 348 436 2338 
19421 4134 350 346 2371 
19422 3289 4385 2105 3646 
19423 2351 2353 359 2350 
19424 2016 1346 2368 2115 
19425 338 340 4001 4051 
19426 482 2068 3404 1645 
19427 2652 1629 3441 4316 
19428 2363 1332 2360 2104 
19429 857 858 3051 860 
19430 2068 4191 3404 1645 
19431 1934 482 3404 1645 
19432 781 2373 2370 904 
19433 1645 1934 1159 3072 
19434 3378 659 3286 3415 
19435 2222 467 2422 465 
19436 1623 1789 1829 2381 
19437 209 3920 90 1917 
19438 2310 1001 2308 1029 
19439 1198 2311 3585 2391 
19440 209 208 90 3920 
19441 1661 2091 450 2413 
19442 1714 2091 3426 1470 
19443 2077 1714 4360 1163 
19444 3066 1079 1206 1345 
19445 4552 2408 2416 2415 
19446 1713 1714 3427 3426 
19447 1714 1713 1470 3426 
19448 4553 2407 4552 2417 
19449 3224 4553 4552 2417 
19450 1163 1714 4360 3427 
19451 2426 3651 3889 631 
19452 4552 2416 3668 2415 
19453 4454 3066 1206 1345 
19454 632 2426 1927 630 
19455 1812 2431 1202 1796 
19456 993 1023 4172 992 
19457 3122 3125 1026 3639 
19458 2806 3464 3437 2128 
19459 1395 1394 3270 1392 
19460 1151 3041 3269 3060 
19461 2133 3109 1082 1083 
19462 988 1083 1082 3588 
19463 3299 3298 1317 3094 
19464 4148 648 611 3579 
19465 615 1681 2450 4068 
19466 1484 3994 2450 4046 
19467 923 3607 3606 4306 
19468 1790 2982 3578 3011 
19469 1681 1484 2450 4046 
19470 615 1484 2450 1681 
19471 1242 1827 3272 3448 
19472 610 2458 608 609 
19473 2003 1827 1242 3448 
19474 1857 4175 2292 1356 
19475 3189 1860 4197 4215 
19476 2474 4188 607 2459 
19477 1426 3454 3757 3459 
19478 2453 1568 610 2457 
19479 868 1426 3757 3459 
19480 593 2586 3077 2472 
19481 868 3454 1426 3459 
19482 1530 1361 1360 2809 
19483 2955 3454 1424 3459 
19484 3312 1287 3313 1290 
19485 3454 868 1424 3459 
19486 1195 1857 2292 1356 
19487 3784 237 92 1367 
19488 92 210 1367 91 
19489 1362 1280 2490 2787 
19490 2473 4577 2479 2480 
19491 2055 4577 599 2084 
19492 297 2498 2758 2759 
19493 2498 297 2758 2505 
19494 295 297 2758 1439 
19495 2816 295 2758 812 
19496 1439 297 2758 2759 
19497 3871 2816 2758 812 
19498 210 2201 1367 91 
19499 2498 298 2505 2488 
19500 1913 2518 2516 2517 
19501 1429 3009 1336 4282 
19502 3385 976 4304 3274 
19503 4213 591 783 2085 
19504 1717 506 2527 2535 
19505 505 2888 2655 2535 
19506 210 3784 92 1367 
19507 2888 505 3963 3962 
19508 1717 506 2535 504 
19509 505 2045 521 3973 
19510 4346 1778 521 2019 
19511 976 3385 4304 2501 
19512 977 3274 3273 4304 
19513 493 492 2543 2546 
19514 3125 3639 3412 1217 
19515 210 2201 3784 1367 
19516 2564 2562 2006 2565 
19517 1098 4321 1096 2764 
19518 1218 2989 1954 1212 
19519 1218 4444 4414 3665 
19520 2042 1842 4086 1246 
19521 2361 3873 2358 1378 
19522 327 1716 3084 1575 
19523 2142 2011 3493 3492 
19524 1132 4231 3171 4545 
19525 1980 481 2565 2006 
19526 4562 2177 4457 4570 
19527 4295 1294 4294 3610 
19528 3762 1142 1413 4380 
19529 1028 3196 3194 3195 
19530 689 691 688 2624 
19531 4123 689 688 2624 
19532 686 683 2621 2622 
19533 4497 260 4547 1972 
19534 3147 726 1485 4078 
19535 3323 4301 1577 1982 
19536 4133 4564 3533 4165 
19537 3198 4564 4196 3655 
19538 4564 1473 2637 702 
19539 1473 682 2637 2623 
19540 1431 4250 1389 1400 
19541 1955 4412 950 1696 
19542 3470 1732 1544 2225 
19543 978 1177 3062 3275 
19544 4250 3319 1400 4415 
19545 281 1431 1400 4250 
19546 65 66 1844 4485 
19547 1473 682 2626 2637 
19548 2585 3636 2083 4448 
19549 3370 4546 4457 3456 
19550 2754 2043 3227 3226 
19551 903 1613 708 2633 
19552 1216 3835 3821 4041 
19553 1206 3472 1400 4415 
19554 1408 1748 2659 2661 
19555 1408 1826 2659 1748 
19556 1385 4410 3390 4574 
19557 1845 2900 1810 2897 
19558 1845 3705 2900 2897 
19559 4223 3070 526 3435 
19560 2897 1204 2896 2895 
19561 4223 3032 1686 2973 
19562 2674 516 4364 2081 
19563 1781 2682 2680 2681 
19564 3567 4035 1168 3566 
19565 2894 704 4074 643 
19566 1725 1133 536 2677 
19567 1864 2679 1036 2678 
19568 4048 643 3525 4074 
19569 2689 2692 1729 4139 
19570 548 747 3249 2692 
19571 1926 747 2692 2693 
19572 3961 1087 2690 2691 
19573 2694 1926 2691 2693 
19574 747 548 1729 2692 
19575 644 645 3525 643 
19576 3961 2717 2690 1087 
19577 3015 645 3525 644 
19578 671 3536 673 674 
19579 3541 671 1621 674 
19580 2672 2014 2671 2096 
19581 537 539 3931 3944 
19582 1202 1166 3566 1168 
19583 2760 2890 586 2889 
19584 557 722 4242 3775 
19585 672 2639 3536 3759 
19586 2702 1739 2701 2700 
19587 4180 4124 555 558 
19588 1627 2713 2709 2712 
19589 2728 911 2719 2725 
19590 3103 3102 1647 579 
19591 3895 848 2712 3894 
19592 671 672 3536 3759 
19593 3101 568 4009 3131 
19594 2012 3102 4276 3104 
19595 3729 891 2279 962 
19596 2735 2734 1652 841 
19597 583 3223 3703 4026 
19598 583 582 3703 580 
19599 3543 1529 3547 773 
19600 615 614 4096 2444 
19601 526 4223 1686 2973 
19602 4432 1944 3296 3878 
19603 615 2442 2444 2450 
19604 3543 1529 773 714 
19605 3543 3549 773 3548 
19606 796 1677 772 3247 
19607 4333 4544 3634 1421 
19608 4264 1481 3196 3194 
19609 4387 3559 2139 3556 
19610 2650 668 2777 2778 
19611 1854 1353 2139 3556 
19612 2942 969 816 926 
19613 253 4494 1520 4248 
19614 2779 668 2777 666 
19615 3067 1319 2950 2909 
19616 1669 2564 2565 2566 
19617 2058 2927 2791 710 
19618 4551 726 3569 1853 
19619 1644 1813 3228 3336 
19620 1480 2910 3569 1853 
19621 726 1480 3569 1853 
19622 3980 770 4034 877 
19623 4494 124 4248 123 
19624 726 692 3569 1480 
19625 1607 4247 3564 1608 
19626 692 726 3569 4058 
19627 2802 1451 2801 2757 
19628 4561 4554 3042 2952 
19629 1760 936 898 4277 
19630 1760 2815 896 1214 
19631 1076 4554 4561 2952 
19632 2503 709 2488 1641 
19633 1183 1596 2281 2017 
19634 898 2724 896 3010 
19635 1526 1882 2173 1411 
19636 2233 2421 460 2824 
19637 1825 3614 2237 786 
19638 474 811 1569 4154 
19639 2855 1771 3423 3722 
19640 2794 3572 1118 2944 
19641 2139 1854 3556 3558 
19642 463 461 460 2824 
19643 2421 463 460 2824 
19644 393 2837 3645 2835 
19645 3088 2835 387 3645 
19646 393 3645 1576 387 
19647 1771 1772 3423 796 
19648 394 2836 2835 2834 
19649 427 1595 2834 3580 
19650 2289 427 2834 3580 
19651 427 394 392 2834 
19652 588 3778 774 3192 
19653 3670 4179 402 2576 
19654 3546 963 3544 3545 
19655 588 3999 3302 3778 
19656 3560 831 4405 3559 
19657 623 3661 3666 2863 
19658 3561 3550 818 885 
19659 740 796 772 3247 
19660 1464 2867 2866 2864 
19661 1640 3209 4296 3207 
19662 2547 1369 4183 3951 
19663 1948 2211 1423 1422 
19664 920 1948 1422 2213 
19665 3637 4144 4106 1764 
19666 1535 701 2864 621 
19667 1535 623 621 2864 
19668 624 2437 3666 2434 
19669 2485 989 4053 987 
19670 920 2215 2214 2213 
19671 86 204 1733 2149 
19672 3220 4544 1423 1422 
19673 847 2704 1051 2723 
19674 2066 989 4094 3613 
19675 3917 748 951 1940 
19676 3452 4544 3220 1422 
19677 99 1440 3623 218 
19678 4155 1428 1357 4011 
19679 4289 2071 3644 3643 
19680 3750 922 876 964 
19681 3624 1438 245 2181 
19682 1924 3751 964 922 
19683 823 3761 655 4353 
19684 3552 3554 1107 948 
19685 3705 1155 1845 2956 
19686 1969 4168 1977 1171 
19687 2264 1373 2262 2269 
19688 1373 1374 2262 2269 
19689 3297 1296 3646 3075 
19690 2079 385 2015 3343 
19691 3168 1636 1922 1228 
19692 1277 1273 2963 1284 
19693 4377 1878 2158 3369 
19694 3498 2089 1283 2922 
19695 825 1296 3646 3297 
19696 2803 3498 1283 2922 
19697 2804 2803 1283 2922 
19698 3080 3638 3083 324 
19699 2176 4549 4559 1432 
19700 462 2222 2224 4240 
19701 3912 1363 3086 4044 
19702 4333 3455 1432 1421 
19703 4333 269 1421 1432 
19704 1022 2101 3657 1019 
19705 3570 4548 4556 3512 
19706 3179 1022 3657 1019 
19707 386 432 4337 1521 
19708 2821 725 4030 1455 
19709 635 638 3668 2577 
19710 516 518 4244 4364 
19711 4432 1944 519 3296 
19712 3994 1484 3603 4046 
19713 1018 2980 994 1766 
19714 2980 2981 995 2979 
19715 834 888 2977 2978 
19716 2870 886 2976 2975 
19717 638 3968 3668 2577 
19718 3996 2989 1212 2906 
19719 2989 1218 4274 1212 
19720 1954 3167 2988 4271 
19721 3279 1182 993 3282 
19722 1495 4503 46 47 
19723 878 2772 2929 4237 
19724 2200 4573 3503 3505 
19725 3505 4573 3503 1413 
19726 3455 2176 1432 4549 
19727 4443 3407 238 1489 
19728 2101 4016 1022 3657 
19729 2145 238 4493 1488 
19730 4016 2101 3407 3657 
19731 4443 3406 1489 1488 
19732 241 4510 2048 4579 
19733 2771 2770 4558 2578 
19734 1244 3202 3201 2920 
19735 2579 638 827 2577 
19736 1556 3697 1555 2477 
19737 1605 2913 3679 3110 
19738 2913 1605 3679 1636 
19739 3905 4411 1847 3305 
19740 240 3692 3691 3690 
19741 1288 3377 3462 4386 
19742 240 3739 3692 3690 
19743 2122 3462 1525 3461 
19744 3399 2090 214 213 
19745 3783 1286 1554 1289 
19746 2031 1412 3468 1411 
19747 4518 1541 4516 2185 
19748 95 2090 94 213 
19749 1541 2135 4231 1899 
19750 965 441 3701 852 
19751 1033 1387 3397 3395 
19752 441 2605 3701 2645 
19753 2990 2991 942 821 
19754 965 2607 3701 1735 
19755 2801 3704 960 2994 
19756 2607 2605 3701 1735 
19757 1451 821 2801 960 
19758 441 965 3701 1735 
19759 2187 2035 1855 3724 
19760 2605 441 3701 1735 
19761 4352 3697 1556 2477 
19762 3444 889 3445 3049 
19763 2584 2110 838 3528 
19764 3528 3077 4578 838 
19765 2835 392 2834 2291 
19766 4133 4123 3533 687 
19767 581 569 3099 2736 
19768 581 1672 3099 569 
19769 3883 3712 3711 421 
19770 3443 1644 3228 3336 
19771 1582 3587 2435 2829 
19772 890 1813 1644 3336 
19773 890 813 1625 3723 
19774 3146 3145 1604 3110 
19775 3110 3283 3679 345 
19776 3444 813 890 3723 
19777 890 3444 3336 889 
19778 1221 3389 3388 3126 
19779 1209 3631 3120 3123 
19780 3444 890 3336 3723 
19781 3221 4322 1647 1327 
19782 2846 1978 2040 2985 
19783 723 2034 4285 1655 
19784 2388 1068 1069 1067 
19785 3902 1739 2702 2700 
19786 448 3640 4067 2985 
19787 401 4080 3734 2040 
19788 3166 4080 3734 401 
19789 3143 924 973 974 
19790 787 2468 2477 596 
19791 4132 3200 3447 280 
19792 1555 787 2477 596 
19793 2261 410 3710 2258 
19794 2583 408 2263 3688 
19795 557 4180 3775 4242 
19796 1722 2604 1531 1179 
19797 4074 704 3676 641 
19798 1328 2525 2524 2523 
19799 3186 3184 4204 937 
19800 2852 802 3742 3105 
19801 943 2990 942 821 
19802 2991 2990 942 3725 
19803 2894 704 3676 4074 
19804 733 990 731 4062 
19805 4114 3234 4062 731 
19806 1351 3409 3055 3725 
19807 1351 3055 942 3725 
19808 2894 704 2823 3676 
19809 4081 4575 4568 3205 
19810 2909 2910 1884 2950 
19811 836 837 835 4254 
19812 2876 733 3745 4062 
19813 656 3322 4286 3513 
19814 3191 2924 3460 1466 
19815 2924 2922 2127 1466 
19816 2297 1585 4436 2414 
19817 2211 1948 1423 1897 
19818 1898 2210 1534 1897 
19819 2924 3190 2922 1466 
19820 3453 2955 1424 1422 
19821 644 4048 642 643 
19822 4553 3232 2417 3231 
19823 3224 4553 2417 3231 
19824 2507 3719 2555 954 
19825 2922 2089 2127 1466 
19826 4397 301 1906 585 
19827 890 2651 3336 3723 
19828 3190 2089 2922 1466 
19829 3456 4546 4457 3632 
19830 1937 1441 3644 2071 
19831 1188 2245 2246 2244 
19832 1814 2574 710 1295 
19833 3528 2110 4578 2480 
19834 2760 2740 534 2741 
19835 3076 589 3302 3778 
19836 1704 748 534 2741 
19837 537 539 3944 1719 
19838 588 589 774 3778 
19839 2739 2738 535 2698 
19840 2220 1483 2422 467 
19841 820 2992 774 775 
19842 589 2992 774 3778 
19843 2733 2726 2732 1797 
19844 2713 1701 2709 2721 
19845 3037 854 1687 3032 
19846 844 1627 566 2709 
19847 1627 1701 566 2709 
19848 1463 3068 2214 919 
19849 2721 1701 564 3896 
19850 2110 1477 838 4578 
19851 1750 3396 4259 3479 
19852 2223 462 1544 590 
19853 659 4378 657 3286 
19854 3322 658 657 3286 
19855 4378 3322 657 3286 
19856 3232 4553 642 4074 
19857 3769 1783 2851 1664 
19858 451 2230 3647 447 
19859 3802 3979 1742 1192 
19860 4577 599 2084 1477 
19861 3246 740 772 3247 
19862 1537 1979 2030 2873 
19863 791 1518 2785 2038 
19864 3802 1192 1742 1048 
19865 1089 3796 3798 3794 
19866 4341 4225 2896 1147 
19867 2473 3528 4578 2480 
19868 1490 4505 1488 3523 
19869 3838 1757 2711 4372 
19870 1451 1746 2755 2757 
19871 3319 3187 4287 1389 
19872 3465 2157 4287 252 
19873 4022 1409 3833 3811 
19874 3817 1127 3965 3819 
19875 3241 319 4044 4327 
19876 2377 780 720 721 
19877 3079 3080 323 3082 
19878 3671 2230 453 447 
19879 884 3857 893 3854 
19880 978 980 3275 3274 
19881 945 3848 893 4029 
19882 944 3848 4116 893 
19883 980 3276 3275 3274 
19884 4224 1805 3833 1758 
19885 946 3355 4206 3689 
19886 3839 1805 3833 4224 
19887 1043 3836 3830 3834 
19888 3862 1134 2041 3855 
19889 2704 1051 3922 2701 
19890 1134 1734 2041 3855 
19891 4077 3829 4404 1806 
19892 4201 1734 3855 3362 
19893 3373 2002 1874 973 
19894 3832 1128 1785 4118 
19895 1442 100 2182 219 
19896 3608 272 1438 101 
19897 1736 1009 3600 1732 
19898 980 978 976 3274 
19899 2482 1736 1732 468 
19900 1876 1490 1113 3523 
19901 458 1544 2225 2224 
19902 1827 3327 1619 3258 
19903 4356 254 2166 4419 
19904 3398 1387 4419 3395 
19905 4201 1734 1752 3855 
19906 724 2220 4166 2218 
19907 3844 2086 3843 1753 
19908 2086 3845 3844 3843 
19909 648 1790 3578 1811 
19910 1078 1933 4177 3866 
19911 3639 4014 3412 2039 
19912 2982 1020 2983 3011 
19913 669 670 667 2778 
19914 722 1827 1619 3258 
19915 3421 1574 3419 3417 
19916 3043 4554 2953 3042 
19917 1078 1933 3866 2346 
19918 735 3130 3786 3745 
19919 4520 2196 168 4138 
19920 1481 998 2138 3196 
19921 2322 1008 2324 2323 
19922 3260 4005 4107 1630 
19923 1508 242 2138 3429 
19924 3429 242 2138 1481 
19925 2496 2024 1657 3440 
19926 261 4398 2060 2042 
19927 745 4056 1004 743 
19928 3377 1286 3783 3064 
19929 301 2489 299 585 
19930 1673 745 866 3877 
19931 2861 1673 866 3877 
19932 733 735 3786 3745 
19933 1239 4398 2060 3338 
19934 4463 4187 236 1500 
19935 1827 1242 3272 3258 
19936 173 4463 172 4187 
19937 2364 2366 2367 1006 
19938 328 1628 326 4435 
19939 4069 326 3888 4435 
19940 1992 3496 3495 1173 
19941 3510 1154 1965 1152 
19942 4246 1155 2956 3764 
19943 280 3200 3447 1510 
19944 3200 3408 3447 1510 
19945 3200 280 2037 1510 
19946 4246 1154 1171 3764 
19947 1843 4130 1334 2037 
19948 2409 3625 1784 698 
19949 386 4233 4337 432 
19950 1341 1340 965 2611 
19951 955 1341 2613 1340 
19952 2619 2618 2613 955 
19953 2612 1341 3885 2609 
19954 1340 3517 1995 1754 
19955 4577 2473 4578 2480 
19956 4555 595 599 1477 
19957 4555 593 4578 2472 
19958 2833 3625 970 2301 
19959 2531 1364 2532 2529 
19960 676 2635 2631 2753 
19961 1176 3539 3537 3538 
19962 4288 480 4249 3911 
19963 678 2629 677 676 
19964 1142 1413 4380 961 
19965 482 481 4249 480 
19966 891 892 773 3547 
19967 416 2585 2260 3636 
19968 4179 3165 4216 403 
19969 870 3925 830 4405 
19970 685 2751 4171 4084 
19971 481 482 4249 2569 
19972 1415 1215 3921 2095 
19973 1415 2880 3921 1215 
19974 2095 1215 3921 2752 
19975 966 1374 2269 3557 
19976 847 1215 1698 2752 
19977 2879 2880 1215 2752 
19978 1440 218 3643 3623 
19979 3574 1441 4311 3644 
19980 1441 3574 3572 3644 
19981 2723 2879 1215 2752 
19982 956 4455 3706 3039 
19983 2727 2782 2752 1698 
19984 2586 595 2470 4555 
19985 107 3592 266 1974 
19986 228 229 4559 2175 
19987 1981 4125 225 105 
19988 381 383 4283 698 
19989 2409 3625 698 4283 
19990 3109 4021 1082 3588 
19991 987 988 3932 986 
19992 606 2463 4105 2461 
19993 766 4047 3129 3263 
19994 1242 1827 722 3258 
19995 4069 3638 325 324 
19996 1178 3081 3085 1575 
19997 1138 3185 2908 3184 
19998 3606 923 4306 2378 
19999 2069 3785 4451 1366 
20000 1217 3639 2039 1532 
20001 2942 2780 3698 816 
20002 1855 248 3724 1345 
20003 3096 3293 3699 1191 
20004 2989 1921 1212 2906 
20005 505 2045 2888 3963 
20006 2575 1789 1180 3874 
20007 3660 2481 1258 2587 
20008 3628 2495 1547 3660 
20009 1720 2484 2490 1553 
20010 2495 3660 2479 4581 
20011 4014 3639 3281 1532 
20012 1417 2156 3478 4228 
20013 1778 4346 3965 3835 
20014 627 1834 1809 4039 
20015 3639 3124 3281 1532 
20016 1801 1557 2237 2236 
20017 1866 440 3007 443 
20018 4253 2933 651 653 
20019 372 2316 1622 1676 
20020 2506 2508 3683 1631 
20021 370 372 1676 2316 
20022 2508 2506 1031 1631 
20023 1303 1461 3173 4207 
20024 3694 1097 4076 1095 
20025 1097 4321 4076 1096 
20026 1119 1479 1511 4261 
20027 1937 3572 1118 1380 
20028 578 4302 3823 4073 
20029 2536 500 2534 2533 
20030 4253 650 651 3524 
20031 2354 2353 1637 1821 
20032 359 2351 1819 1821 
20033 1392 1394 3270 3269 
20034 1346 1865 2016 2368 
20035 3716 935 2016 3715 
20036 1810 647 2899 750 
20037 2793 2058 3788 2791 
20038 3686 1761 1633 4042 
20039 2603 428 1531 2601 
20040 1189 2244 431 2243 
20041 2586 592 3078 3737 
20042 594 2586 3737 592 
20043 1178 594 3737 592 
20044 947 946 4206 3689 
20045 88 206 205 2204 
20046 2901 2900 2899 750 
20047 921 3906 2511 1016 
20048 2394 2310 1817 2391 
20049 2395 1164 972 1817 
20050 88 87 284 2204 
20051 669 668 2778 667 
20052 284 88 2204 1702 
20053 516 2674 3998 2664 
20054 668 667 2779 2778 
20055 4245 3420 4403 1571 
20056 3774 1705 4196 4229 
20057 2668 1326 2666 3878 
20058 996 1705 4229 4196 
20059 1365 2737 520 2532 
20060 517 2666 2664 2665 
20061 2768 584 765 764 
20062 1406 2663 2715 2665 
20063 600 2469 2467 598 
20064 583 4026 3703 582 
20065 4009 4010 564 2721 
20066 4010 3131 564 563 
20067 650 647 651 3524 
20068 582 4026 3703 3781 
20069 2933 654 1543 651 
20070 1759 1126 3985 1124 
20071 472 474 1569 4154 
20072 1097 1096 4076 1095 
20073 2080 2571 2570 2567 
20074 3802 3803 1192 1047 
20075 3802 1192 1048 1047 
20076 3803 1348 1192 1047 
20077 3829 3805 1768 3803 
20078 1365 2529 2737 2532 
20079 450 302 2447 1896 
20080 3428 1471 2448 4031 
20081 2123 1471 3428 4031 
20082 1548 3387 4031 3428 
20083 2123 1548 4031 3428 
20084 2123 3387 4031 1548 
20085 1122 1123 4028 945 
20086 3822 1123 1124 3820 
20087 2900 1810 2899 750 
20088 2165 3783 1554 3469 
20089 2165 1987 1554 4460 
20090 3960 1085 2931 1037 
20091 3152 3230 434 4075 
20092 3362 1734 3855 2041 
20093 3917 748 3919 951 
20094 429 1633 4042 4075 
20095 1722 441 433 2645 
20096 3943 2891 532 530 
20097 2086 932 3844 3845 
20098 4334 1603 389 3248 
20099 881 803 3858 3860 
20100 3860 881 2814 3858 
20101 881 3861 2814 3858 
20102 790 2341 983 718 
20103 3613 2066 1763 4094 
20104 2349 1347 1819 2345 
20105 2344 2342 3869 1745 
20106 2393 3772 2335 1193 
20107 1636 4134 346 3679 
20108 3145 3146 1604 3248 
20109 3783 2165 1554 4460 
20110 2597 353 3880 4390 
20111 1602 2066 4094 4120 
20112 3783 3377 4460 1554 
20113 479 3911 478 4064 
20114 2571 2080 2129 576 
20115 1814 2571 2129 576 
20116 3230 434 4075 1633 
20117 428 2603 1722 3720 
20118 429 428 433 3720 
20119 437 441 4110 433 
20120 2970 577 3006 587 
20121 437 4110 434 433 
20122 1418 1970 1205 2879 
20123 4539 2196 1842 3491 
20124 2069 3785 4190 4451 
20125 3377 1288 4460 1554 
20126 1912 3035 1565 1938 
20127 1842 2196 4086 3491 
20128 1568 2453 2456 2457 
20129 2196 4539 168 167 
20130 2541 495 2543 494 
20131 1086 1715 4097 3252 
20132 808 3849 806 3853 
20133 1693 1112 2572 3924 
20134 2572 1693 3924 3792 
20135 3916 1086 4097 3252 
20136 2146 275 3864 3863 
20137 734 3916 1086 4097 
20138 1210 4038 4100 3937 
20139 1715 734 1086 4097 
20140 4313 221 101 1436 
20141 1044 3805 3804 1047 
20142 1726 1210 4100 3935 
20143 3619 3035 3318 1565 
20144 4300 494 2558 524 
20145 493 1352 4222 2558 
20146 3035 3619 1912 1565 
20147 493 4222 3946 2558 
20148 3803 3829 1348 1047 
20149 1702 239 4440 1997 
20150 3800 1045 1048 1049 
20151 4355 3245 1942 4108 
20152 2168 239 4440 1702 
20153 1682 4355 1942 4108 
20154 3968 638 2579 2577 
20155 3224 638 3968 4552 
20156 493 3946 2543 2558 
20157 636 2408 2416 4552 
20158 636 2408 2418 2416 
20159 2705 3903 2708 843 
20160 635 636 634 2416 
20161 566 561 2708 3789 
20162 494 493 2543 2558 
20163 3979 1662 1742 1997 
20164 384 386 387 3402 
20165 2396 2398 1886 2389 
20166 2283 440 3007 3008 
20167 2527 3939 2106 2524 
20168 487 2553 2554 1718 
20169 1715 3939 3990 3252 
20170 3939 1715 1791 3252 
20171 3619 1563 4370 3618 
20172 3311 1552 4141 445 
20173 1602 4334 1601 3139 
20174 1552 1551 4141 445 
20175 1061 2640 2743 2818 
20176 1552 3311 4141 2818 
20177 485 487 2554 1718 
20178 749 546 2887 2930 
20179 4269 964 1322 1370 
20180 1669 2564 2006 2565 
20181 1678 2890 586 1322 
20182 4434 1233 1951 1865 
20183 2595 1428 4155 4011 
20184 3213 384 717 3368 
20185 2804 1272 1269 1270 
20186 3474 4400 3473 1476 
20187 1980 1669 2006 2565 
20188 2640 2619 1613 2633 
20189 4454 4070 1206 3066 
20190 2187 4529 281 3471 
20191 2043 770 894 3226 
20192 1321 3704 2754 3227 
20193 2754 902 3226 2642 
20194 2757 1451 2801 2755 
20195 770 3980 4034 3226 
20196 2223 3470 1544 2225 
20197 527 1944 3296 523 
20198 3070 527 3413 3296 
20199 3069 2971 525 522 
20200 2967 1695 3923 4045 
20201 1944 1390 3413 4217 
20202 1390 2703 3413 4217 
20203 1687 3032 1686 4391 
20204 1595 3630 2017 712 
20205 3670 2271 2576 1610 
20206 745 2916 866 3877 
20207 997 1028 1027 3195 
20208 3626 1106 4206 2580 
20209 4564 1485 702 3533 
20210 947 4102 4206 2580 
20211 4102 947 4206 3689 
20212 402 3670 2576 1610 
20213 2838 397 3128 395 
20214 396 4027 3128 3938 
20215 397 396 3128 395 
20216 395 396 3128 2836 
20217 2617 2615 2624 688 
20218 2615 691 2624 688 
20219 4058 691 689 2624 
20220 692 4058 691 689 
20221 2871 337 1587 335 
20222 1782 1687 1686 4391 
20223 2010 2275 1580 1072 
20224 362 1539 388 3350 
20225 2938 2871 1587 335 
20226 399 400 3654 398 
20227 1579 2278 3654 398 
20228 4067 4027 398 3654 
20229 2278 712 1579 1580 
20230 3035 1938 2939 3038 
20231 1050 3800 3798 3799 
20232 727 1957 3038 1938 
20233 646 3015 3172 3271 
20234 755 4576 642 1597 
20235 3015 4048 3271 644 
20236 2717 1087 897 1788 
20237 3271 644 1597 1598 
20238 1705 996 1765 4196 
20239 3530 3198 996 4229 
20240 4564 1473 1765 4196 
20241 4122 4148 611 3579 
20242 1473 1705 1765 4196 
20243 1227 4109 1597 4140 
20244 4576 4048 642 1597 
20245 681 682 2625 2627 
20246 681 2751 2627 2625 
20247 2751 681 3605 2625 
20248 2625 683 2622 2623 
20249 2622 2744 2620 1642 
20250 1227 4140 1597 1598 
20251 685 3605 1730 4171 
20252 2627 682 2625 2626 
20253 3279 993 4172 3303 
20254 3278 1023 1792 4144 
20255 635 634 2423 2416 
20256 2959 2882 875 1609 
20257 2320 2319 1620 2317 
20258 3631 4065 3280 1809 
20259 1460 4202 4447 3678 
20260 790 3718 1428 1865 
20261 3717 3716 2016 2368 
20262 2349 1819 2115 2345 
20263 3682 2317 1620 1676 
20264 2594 1338 940 4218 
20265 4258 2594 940 4218 
20266 3682 2320 1620 2317 
20267 3683 990 1631 2876 
20268 2992 2802 3591 775 
20269 1078 1339 4177 1933 
20270 2325 3741 2323 2136 
20271 2508 3683 1631 2876 
20272 837 835 2644 4229 
20273 1078 3741 3866 4177 
20274 1483 4166 2422 3480 
20275 683 3605 2622 1730 
20276 4232 1546 2744 1730 
20277 1562 2462 2461 2460 
20278 2298 1584 3659 2108 
20279 3605 4232 2744 1730 
20280 374 372 2493 1622 
20281 1218 1979 1954 4271 
20282 4356 3398 4251 1524 
20283 3650 4199 376 377 
20284 1387 3398 1524 1169 
20285 3605 2744 2622 1730 
20286 3397 1032 4428 1169 
20287 4508 2162 4262 258 
20288 1447 1414 961 3502 
20289 3432 749 2887 2930 
20290 3410 1404 1841 2118 
20291 3255 1404 1403 4361 
20292 814 889 953 3445 
20293 418 402 2576 1610 
20294 3553 3554 1107 3552 
20295 1624 425 2249 422 
20296 2916 745 3150 3877 
20297 4266 778 3425 4297 
20298 3112 3114 1158 3115 
20299 700 3164 4197 4143 
20300 2118 3410 258 4262 
20301 4527 34 258 1841 
20302 1527 3164 4143 3263 
20303 837 1705 835 4229 
20304 3198 996 4229 4196 
20305 931 1175 3384 1800 
20306 3384 3959 4307 929 
20307 3959 3958 931 3384 
20308 835 2630 2644 2628 
20309 4254 837 2644 4229 
20310 4494 4506 2158 124 
20311 1546 4232 1545 1730 
20312 4494 253 1520 14 
20313 3840 1128 3831 3832 
20314 2673 1725 3967 2677 
20315 1744 4025 1653 2259 
20316 3101 569 3099 4009 
20317 208 2168 239 3920 
20318 3101 568 3131 3104 
20319 3132 723 3225 3104 
20320 1206 2035 1400 3472 
20321 414 1744 1653 2259 
20322 4250 3472 4415 1400 
20323 3472 281 4250 3471 
20324 1151 1394 1392 3269 
20325 3881 1660 1052 1833 
20326 4124 1779 3902 3901 
20327 551 2729 2714 553 
20328 2854 1709 2103 1664 
20329 557 559 722 3775 
20330 557 558 3775 3262 
20331 484 485 4309 483 
20332 4191 3443 3072 1645 
20333 481 2569 4249 3910 
20334 275 93 92 211 
20335 485 483 2557 4309 
20336 4320 4550 2191 3515 
20337 3877 4056 2862 1004 
20338 275 2146 93 211 
20339 242 3429 4417 2150 
20340 3475 264 1514 4470 
20341 1236 2062 1234 4567 
20342 92 210 3863 211 
20343 3278 1792 1025 3280 
20344 1658 2464 982 3621 
20345 1687 3913 4391 1828 
20346 3876 1244 1245 1223 
20347 1697 4521 4513 79 
20348 1846 3442 1697 2174 
20349 3442 4251 1169 1697 
20350 3791 1094 4317 3984 
20351 4444 1218 4274 2989 
20352 2748 4244 3998 514 
20353 526 3069 525 523 
20354 522 518 519 3379 
20355 1094 1095 1093 3984 
20356 2174 4521 4251 1697 
20357 3442 2174 4251 1697 
20358 2531 502 2533 2532 
20359 4375 2067 520 1368 
20360 3185 1138 3325 3324 
20361 4214 1445 3093 4072 
20362 1277 2925 2964 2963 
20363 1341 824 3885 2609 
20364 3883 4328 1522 719 
20365 3345 3353 784 3347 
20366 271 2160 222 3590 
20367 4330 1408 4041 3995 
20368 3837 3824 3831 1795 
20369 2671 4252 1325 2675 
20370 1120 1989 3857 4408 
20371 3913 3153 1687 4391 
20372 1214 1760 2996 1708 
20373 103 271 222 3590 
20374 175 4519 4507 4083 
20375 756 753 542 2687 
20376 340 2374 4051 4085 
20377 1887 4422 3383 4083 
20378 263 4422 4083 2171 
20379 1957 1602 1601 3139 
20380 4221 753 4162 2687 
20381 342 341 4085 340 
20382 342 340 4085 2374 
20383 2680 2682 1719 4007 
20384 4441 1612 2653 344 
20385 1065 1064 3490 4273 
20386 4 2205 202 4557 
20387 1403 1911 3490 3489 
20388 797 920 2215 2214 
20389 711 470 3753 4098 
20390 3422 3211 1741 4121 
20391 1177 1618 3062 3514 
20392 573 470 3204 4260 
20393 4463 4498 59 236 
20394 4519 263 62 61 
20395 3389 1911 4425 2116 
20396 2144 4498 4463 236 
20397 263 4519 1504 61 
20398 1976 3276 4338 1344 
20399 8 4518 268 7 
20400 3504 3503 3502 961 
20401 4200 2770 2929 829 
20402 2160 271 222 102 
20403 197 4542 2174 3449 
20404 4565 231 4560 112 
20405 1576 1756 717 2841 
20406 232 231 4565 112 
20407 4485 3516 2150 180 
20408 1134 2086 1752 3843 
20409 271 103 222 102 
20410 4224 1758 3833 4372 
20411 4224 3992 1758 4372 
20412 1146 3508 4556 1960 
20413 1495 1959 4572 4556 
20414 1992 1494 233 3494 
20415 3497 163 162 4479 
20416 263 4422 1887 4083 
20417 4519 263 4083 2171 
20418 1753 2057 1751 3841 
20419 4509 2142 233 3494 
20420 3045 290 3456 3159 
20421 289 3370 4546 4545 
20422 1017 1561 3027 3028 
20423 3472 2187 281 3471 
20424 2018 1321 3227 3975 
20425 2142 3494 3493 233 
20426 2496 815 1657 1763 
20427 2024 2496 1657 1763 
20428 3407 4443 3406 1489 
20429 3518 4510 135 2151 
20430 1936 3332 2998 3658 
20431 694 1480 2875 3137 
20432 4003 1877 4394 3978 
20433 1853 2952 2950 2951 
20434 2910 1480 1884 1853 
20435 4003 1816 4394 1877 
20436 414 1616 1744 2259 
20437 2175 1416 4546 4559 
20438 1782 1687 4391 1828 
20439 231 230 2177 4560 
20440 231 4565 4570 2177 
20441 683 2623 2621 2622 
20442 3503 1414 4547 3502 
20443 2395 3748 1817 972 
20444 1413 3762 244 1961 
20445 2311 1198 1774 2391 
20446 1959 1495 1230 4556 
20447 745 2916 752 866 
20448 4353 3761 655 4286 
20449 2365 2362 1941 4326 
20450 2296 2297 1194 2295 
20451 2362 2361 1941 4326 
20452 2310 2311 1774 2391 
20453 1756 4121 717 2841 
20454 2684 757 756 753 
20455 2011 2142 3493 233 
20456 2564 1932 2006 2559 
20457 2812 1200 1058 1850 
20458 3814 3812 4127 1237 
20459 932 2086 1776 3845 
20460 626 2432 624 3666 
20461 1166 2486 1202 3566 
20462 1202 1952 1168 3566 
20463 3913 1782 4391 1828 
20464 3812 3813 3811 1929 
20465 1955 958 3314 1696 
20466 1342 2102 1341 2609 
20467 2584 2110 1301 1807 
20468 1477 593 838 4578 
20469 626 625 3667 3666 
20470 1342 2608 2609 2607 
20471 3176 3175 3358 1081 
20472 1669 2564 1932 2006 
20473 1796 1583 2434 2433 
20474 1668 1096 3790 2764 
20475 1980 3910 2786 2565 
20476 3420 3419 4402 730 
20477 45 4548 244 4535 
20478 45 1959 244 4548 
20479 2146 1558 93 212 
20480 2878 3925 830 1179 
20481 819 3552 948 885 
20482 1793 3532 3043 4554 
20483 997 3198 3197 3195 
20484 4056 743 4107 1630 
20485 1559 472 4449 3294 
20486 2606 3925 1179 1762 
20487 429 428 3097 426 
20488 2792 2750 3756 1117 
20489 2179 104 223 224 
20490 472 1559 4449 1569 
20491 1559 1825 3614 4449 
20492 1825 1559 1569 4449 
20493 823 1584 4353 655 
20494 622 1581 2436 706 
20495 86 1738 2148 255 
20496 2052 1240 3357 4174 
20497 1453 1363 1807 3912 
20498 1738 1805 4224 255 
20499 4224 3992 2148 255 
20500 1738 4224 2148 255 
20501 1186 4235 1238 1857 
20502 162 2164 4471 161 
20503 4496 3506 161 4471 
20504 383 3309 382 3307 
20505 1879 3420 4402 730 
20506 380 731 378 3214 
20507 3506 2164 161 4471 
20508 4509 3494 233 4490 
20509 3497 162 2164 4471 
20510 50 49 4479 278 
20511 683 681 3605 1730 
20512 1933 1078 1840 2346 
20513 2288 4235 1238 2287 
20514 285 2186 4517 4515 
20515 4245 670 3929 667 
20516 3022 3024 953 1895 
20517 2186 199 4517 4515 
20518 4474 4384 113 4483 
20519 2102 2608 2609 1342 
20520 4462 892 3547 3544 
20521 3894 4032 3238 850 
20522 2911 2997 3173 1685 
20523 3663 1114 1762 1873 
20524 1294 2130 2646 3610 
20525 281 4529 4504 3471 
20526 3507 3510 3779 1965 
20527 3510 1154 3779 1965 
20528 1431 281 4504 3471 
20529 73 1431 281 4504 
20530 3507 3506 1965 3779 
20531 1204 3705 2897 2896 
20532 4529 73 281 4504 
20533 4482 2208 4515 200 
20534 2606 3663 3925 1762 
20535 1342 2608 2606 1762 
20536 3510 4246 4459 1154 
20537 3663 2608 1873 1762 
20538 2143 149 148 4526 
20539 2143 4511 149 4526 
20540 3488 2143 148 4526 
20541 2143 3488 1493 4526 
20542 4571 2206 4569 4383 
20543 4473 84 4482 4569 
20544 1294 2646 4294 3610 
20545 3333 248 4226 4371 
20546 2188 1519 249 4536 
20547 3400 262 3522 2172 
20548 4532 1855 248 4226 
20549 1294 2130 3610 1546 
20550 141 2145 4493 140 
20551 2046 4016 1022 1711 
20552 4443 2145 3406 1488 
20553 1142 3762 1413 1961 
20554 4113 153 152 4472 
20555 1497 4113 4472 2161 
20556 4573 3505 156 157 
20557 2152 4548 4535 244 
20558 3505 4573 4535 157 
20559 1358 3023 3876 1223 
20560 3023 1358 1895 1223 
20561 4471 49 278 4479 
20562 2198 3497 278 4479 
20563 1494 51 4490 50 
20564 4572 1959 4548 4556 
20565 109 110 270 4559 
20566 269 2176 3633 4559 
20567 1175 3384 4568 4307 
20568 2176 269 1432 4559 
20569 2207 3371 4545 4369 
20570 4519 1504 61 4507 
20571 730 1879 1905 4402 
20572 270 290 4546 289 
20573 4500 1515 70 69 
20574 953 3022 1895 1862 
20575 4565 4384 112 2073 
20576 4474 4483 5 2073 
20577 1033 999 3396 3434 
20578 2206 4482 4569 201 
20579 110 109 269 4559 
20580 240 3739 94 1558 
20581 4146 2090 94 2054 
20582 3022 1222 1895 1862 
20583 3022 1222 2921 1895 
20584 3023 3022 2921 1895 
20585 4510 241 2048 25 
20586 23 4489 24 1509 
20587 2197 4014 277 2039 
20588 1287 3312 1305 1290 
20589 232 4474 3 4473 
20590 4397 1359 585 1906 
20591 301 4397 2489 585 
20592 4299 249 1930 4536 
20593 2188 4530 4536 126 
20594 3411 283 3361 2203 
20595 2964 1277 2963 3291 
20596 283 3411 4427 2203 
20597 3400 1876 3401 3522 
20598 3920 239 90 1917 
20599 4014 2197 277 4208 
20600 4560 110 4570 288 
20601 265 1859 3915 90 
20602 1021 2101 3127 1489 
20603 2195 4541 147 146 
20604 88 206 2203 205 
20605 3388 2143 234 3500 
20606 283 88 2203 205 
20607 208 239 90 3920 
20608 205 283 4427 2203 
20609 2854 3769 2851 1664 
20610 111 4560 4570 288 
20611 4520 261 4138 1499 
20612 3484 3483 1964 2193 
20613 111 110 4560 288 
20614 298 2487 2498 299 
20615 183 182 2191 4470 
20616 4407 3235 1653 409 
20617 264 67 4470 4550 
20618 2155 4500 184 4492 
20619 1149 2843 1872 1928 
20620 1431 2157 4491 252 
20621 4476 3463 192 193 
20622 2842 1593 1928 2840 
20623 2844 3640 2840 1928 
20624 284 87 3987 2204 
20625 1593 2839 1592 2840 
20626 3803 3802 3801 1047 
20627 2078 3957 3956 1192 
20628 86 1733 235 2149 
20629 3739 3983 1558 3692 
20630 1749 1877 1939 3978 
20631 4302 1749 1939 3978 
20632 1371 578 1939 3823 
20633 914 1222 2919 3021 
20634 2099 1371 1939 3823 
20635 4574 2107 257 4152 
20636 1395 1396 4176 1394 
20637 2008 1359 585 3768 
20638 3586 250 3392 4382 
20639 1832 4145 4182 3027 
20640 1161 1163 1950 2403 
20641 4484 32 1487 1491 
20642 143 4466 2194 3485 
20643 1163 2077 1950 2403 
20644 677 3562 676 2631 
20645 4299 2188 4536 127 
20646 2498 2097 299 3767 
20647 4310 1417 1316 4228 
20648 18 4531 1930 4536 
20649 155 2200 4547 3501 
20650 4388 879 1447 1577 
20651 3762 3505 3503 1413 
20652 3502 4547 3501 4303 
20653 833 834 2974 832 
20654 2001 4301 260 1982 
20655 1376 2520 2522 1791 
20656 271 4355 2160 3590 
20657 3762 1142 3571 1961 
20658 950 2525 2523 4281 
20659 2159 1434 222 3589 
20660 3571 1144 3570 1961 
20661 2524 1328 2523 2522 
20662 2365 4420 3414 2109 
20663 4400 3474 4024 1476 
20664 3473 1519 282 1476 
20665 3474 3473 282 1476 
20666 2958 857 3431 3051 
20667 2228 455 454 453 
20668 812 3871 3044 1410 
20669 4483 2207 113 114 
20670 2112 4231 3458 4363 
20671 3762 3571 3570 1961 
20672 270 289 4546 288 
20673 2487 2498 299 3767 
20674 3730 308 306 2405 
20675 546 3156 2930 545 
20676 956 4455 3039 3387 
20677 2448 450 2413 2447 
20678 317 3157 316 315 
20679 3482 2483 2490 1720 
20680 1362 3482 2490 1720 
20681 449 1530 2809 2986 
20682 1967 1414 1972 4547 
20683 857 2958 2957 3051 
20684 3752 2377 4315 721 
20685 4101 1626 4416 4326 
20686 858 3431 3051 4101 
20687 325 2377 720 721 
20688 1570 3330 322 4315 
20689 1628 326 3888 720 
20690 43 1967 1972 4547 
20691 322 320 321 3082 
20692 339 1601 3148 3138 
20693 338 359 3780 2350 
20694 4540 4528 1971 26 
20695 2354 2049 2356 2357 
20696 4497 154 4501 3501 
20697 331 3087 333 332 
20698 2629 677 676 2631 
20699 3766 339 4051 3138 
20700 331 330 3087 332 
20701 1156 3114 1157 3116 
20702 3111 2946 1983 1250 
20703 276 4541 35 36 
20704 2341 2340 718 2339 
20705 789 2341 718 2339 
20706 2353 2354 2351 1821 
20707 2353 2351 359 1821 
20708 3718 3717 1865 2368 
20709 342 3869 1612 1745 
20710 2828 2946 1983 3111 
20711 1493 4541 36 4526 
20712 276 4527 1841 35 
20713 373 374 372 2314 
20714 1798 3682 1620 1676 
20715 2507 3719 1933 2346 
20716 2506 2320 1798 3682 
20717 391 3088 387 3402 
20718 2514 2550 739 2877 
20719 1545 685 1730 4171 
20720 2837 393 3645 1576 
20721 276 4541 36 1493 
20722 3662 3972 1919 332 
20723 3972 3662 3087 332 
20724 2835 3088 387 392 
20725 45 4548 4535 4534 
20726 1579 3653 400 3654 
20727 4179 404 402 403 
20728 259 1495 47 4503 
20729 2199 160 159 4503 
20730 4465 172 2193 171 
20731 3459 2955 2215 1994 
20732 2583 2263 412 2261 
20733 3235 4025 1653 1654 
20734 868 3459 2215 1994 
20735 1244 3201 1691 915 
20736 4465 4463 58 1500 
20737 3419 730 1905 4402 
20738 2605 2606 1179 1735 
20739 275 1634 1710 4413 
20740 2202 1634 3863 4413 
20741 3264 4066 4129 2005 
20742 3264 1670 4066 2005 
20743 1514 1515 4492 69 
20744 1856 792 2005 3264 
20745 1728 753 4162 543 
20746 1670 1856 2005 3264 
20747 468 458 2225 2226 
20748 3972 330 1919 332 
20749 330 3972 3087 332 
20750 4178 3146 343 3284 
20751 3146 3283 345 343 
20752 2230 451 453 447 
20753 3146 3284 3283 343 
20754 4146 94 213 212 
20755 298 2498 297 299 
20756 3344 385 3342 354 
20757 1436 1682 4108 2160 
20758 825 1429 4282 4329 
20759 877 770 4034 894 
20760 3151 445 4193 4141 
20761 104 251 223 103 
20762 4367 3593 3592 266 
20763 4474 232 3 4384 
20764 4288 480 3911 4131 
20765 664 2810 663 4292 
20766 4429 3229 4131 751 
20767 2872 2784 3649 2038 
20768 4383 2206 4569 201 
20769 1043 4257 1041 1042 
20770 3836 1737 1041 4342 
20771 2784 969 3649 2038 
20772 1816 1043 3836 1041 
20773 1737 1816 3836 1041 
20774 1265 1264 1275 2500 
20775 2359 3662 741 2356 
20776 2049 741 2356 1355 
20777 4540 3519 136 137 
20778 1364 2531 502 504 
20779 2536 500 499 498 
20780 3519 4540 136 4528 
20781 1096 4442 1095 1094 
20782 1088 1050 1049 3798 
20783 1606 385 3344 354 
20784 1110 2049 2357 1355 
20785 2054 1908 4438 1335 
20786 4037 1089 1088 3798 
20787 4508 2162 145 4262 
20788 2547 2537 4183 1369 
20789 4508 4527 4262 145 
20790 4262 4527 146 145 
20791 867 1691 1014 3897 
20792 2860 1013 1709 2857 
20793 2672 2671 2670 2096 
20794 3785 1141 1367 4272 
20795 2195 4527 146 4262 
20796 2358 2357 2356 1355 
20797 2739 2740 535 533 
20798 1935 4456 1293 2060 
20799 3287 1728 543 545 
20800 44 4533 4535 4573 
20801 3728 3727 365 2582 
20802 4572 2199 3512 159 
20803 159 4572 158 3512 
20804 1200 1747 3439 1688 
20805 2887 546 2886 2930 
20806 4366 4401 952 1203 
20807 4456 2163 4138 1499 
20808 2196 4520 168 4539 
20809 4398 261 2060 4138 
20810 723 2034 1600 3132 
20811 560 3133 4010 563 
20812 4010 562 564 2721 
20813 177 3430 178 4538 
20814 363 3728 365 2582 
20815 3131 568 564 563 
20816 3100 3101 579 569 
20817 3102 3101 579 3100 
20818 3101 569 568 579 
20819 2012 723 568 3104 
20820 3597 1327 3225 1655 
20821 2253 3712 421 420 
20822 4521 4542 80 267 
20823 468 1573 455 2227 
20824 1427 2769 783 2085 
20825 1624 2250 420 422 
20826 4289 1330 3573 2071 
20827 1012 3004 3526 1308 
20828 3671 1429 4329 3236 
20829 2055 1486 599 4580 
20830 1330 1937 3573 2071 
20831 2629 3562 677 2631 
20832 625 3661 623 652 
20833 2253 2252 2250 420 
20834 2440 2441 2439 618 
20835 622 2438 2437 2436 
20836 826 2419 2425 632 
20837 826 632 2425 1927 
20838 2250 3712 420 422 
20839 2250 2253 420 3712 
20840 3668 635 2577 2423 
20841 3046 1682 4108 2082 
20842 933 3046 2082 1609 
20843 4233 901 3648 3568 
20844 3231 639 640 641 
20845 3046 1682 2082 1609 
20846 903 2641 2642 1055 
20847 2821 2822 2820 1454 
20848 4146 2090 213 94 
20849 3399 2090 213 4146 
20850 1584 657 4353 655 
20851 4353 3322 4286 655 
20852 3059 2905 3513 767 
20853 2784 969 2942 3649 
20854 4245 670 667 1571 
20855 2132 3590 223 2180 
20856 676 2635 2753 673 
20857 3926 1634 2202 4413 
20858 1518 2781 2780 666 
20859 3420 4245 665 1571 
20860 250 3586 3392 2180 
20861 1612 348 2653 344 
20862 2780 2781 2779 666 
20863 4089 4080 400 3654 
20864 2635 676 2631 2634 
20865 4126 1398 3392 2180 
20866 103 3590 222 223 
20867 3586 250 224 2180 
20868 1319 3067 2950 1235 
20869 1156 1104 3117 3116 
20870 2461 2459 607 608 
20871 4143 700 4215 4197 
20872 271 2132 3590 103 
20873 4188 2474 607 4215 
20874 2058 2793 1381 2791 
20875 1134 1734 3855 1752 
20876 2792 2794 1380 2944 
20877 2793 2058 1381 711 
20878 1734 4201 1752 235 
20879 1352 493 4222 2093 
20880 1244 1352 4222 2093 
20881 3202 4222 4426 2093 
20882 990 3683 1798 3682 
20883 4114 2493 1622 378 
20884 4214 4159 1314 3478 
20885 3202 1244 4222 2093 
20886 3208 3209 985 3207 
20887 744 3235 3150 3317 
20888 4025 3376 1744 1654 
20889 1314 1417 3478 4228 
20890 1744 3376 1820 1654 
20891 1417 2156 246 3478 
20892 4152 3594 257 2170 
20893 226 106 257 2170 
20894 106 107 226 257 
20895 3740 4576 4109 3232 
20896 3234 990 4062 731 
20897 107 3594 226 257 
20898 700 1527 1875 3164 
20899 1890 4452 1433 257 
20900 605 603 1527 3263 
20901 2295 1194 1356 2051 
20902 2028 1195 2292 2290 
20903 1710 3926 4413 1137 
20904 107 4549 257 1433 
20905 1075 4247 1074 4149 
20906 4267 2163 279 3483 
20907 1055 902 1333 2643 
20908 4267 1935 279 2163 
20909 3276 4574 3335 1344 
20910 4499 4520 169 4138 
20911 1651 2274 962 2272 
20912 3483 4465 171 4481 
20913 1329 1328 2525 2524 
20914 4412 3879 4281 950 
20915 4266 2530 799 778 
20916 3483 171 170 4481 
20917 4092 290 3456 4546 
20918 3782 347 2104 1379 
20919 1684 3782 347 2104 
20920 3782 2363 2360 2104 
20921 1684 2363 3782 2104 
20922 2349 3715 2115 1819 
20923 4412 3879 950 1696 
20924 799 800 1696 3879 
20925 2420 2451 302 3754 
20926 3024 3022 953 3445 
20927 2630 705 2631 676 
20928 3242 3216 476 475 
20929 3242 2941 3216 475 
20930 1021 3012 1062 3237 
20931 3219 4236 312 313 
20932 834 1517 3604 832 
20933 435 308 310 3732 
20934 2398 2396 310 3732 
20935 3131 568 4009 564 
20936 2707 844 843 566 
20937 308 309 310 3732 
20938 314 3219 3735 312 
20939 3219 4236 3735 312 
20940 3079 3240 321 444 
20941 844 2707 2712 2709 
20942 3079 323 321 3082 
20943 1120 1121 1323 2747 
20944 854 3037 1687 865 
20945 865 3365 3153 1136 
20946 320 1570 3330 322 
20947 4223 1782 4391 3331 
20948 3365 4399 865 3364 
20949 325 3638 322 324 
20950 323 3079 321 444 
20951 3036 3751 964 2141 
20952 3991 1306 3922 2126 
20953 2595 1428 876 789 
20954 484 485 486 4309 
20955 3405 4309 486 4205 
20956 1671 2333 1880 1193 
20957 484 4309 486 3405 
20958 3991 3922 3940 2126 
20959 2338 1617 2337 2336 
20960 1914 1464 887 2869 
20961 3244 1404 2118 1446 
20962 3081 1178 592 1575 
20963 2870 1464 887 833 
20964 1464 2870 887 2869 
20965 3081 3084 1575 3083 
20966 3807 4002 1768 1201 
20967 327 324 1575 3083 
20968 2542 495 761 1737 
20969 3662 2355 2494 334 
20970 108 109 1416 4559 
20971 1110 4368 907 938 
20972 2494 2788 333 334 
20973 2614 1945 2646 1114 
20974 1572 430 333 3777 
20975 2788 335 333 334 
20976 2761 836 1448 3770 
20977 2639 2638 2649 1656 
20978 931 2761 1448 1775 
20979 3662 2494 332 334 
20980 836 705 1448 3770 
20981 2635 1449 676 2634 
20982 1846 3442 1169 1697 
20983 2540 2560 761 3977 
20984 4275 1738 2148 3987 
20985 2993 3056 3055 1444 
20986 3283 4362 345 343 
20987 3283 3680 3679 345 
20988 1222 3022 3021 1862 
20989 3277 1820 1862 1005 
20990 1634 1710 4413 1137 
20991 3680 346 3679 345 
20992 385 352 3342 354 
20993 3697 1178 1555 3737 
20994 2330 2332 356 3880 
20995 352 3342 354 4461 
20996 1573 2229 2228 2227 
20997 2330 3880 356 355 
20998 4178 4334 389 3248 
20999 2442 616 2441 618 
21000 987 2485 3932 4021 
21001 2597 2332 3880 356 
21002 353 2597 3880 356 
21003 988 3587 986 1582 
21004 1450 3333 248 1345 
21005 1590 1750 3479 839 
21006 2322 368 367 366 
21007 2113 1243 2329 2327 
21008 1933 3719 4177 3866 
21009 2322 2321 368 2323 
21010 3727 367 365 366 
21011 1020 2982 1018 1790 
21012 888 2979 1962 2977 
21013 2891 3161 574 530 
21014 363 2582 365 366 
21015 2560 4291 761 4394 
21016 4257 3936 575 1042 
21017 3936 2561 575 3935 
21018 3926 1634 4413 1137 
21019 102 1434 222 2159 
21020 1779 3901 555 553 
21021 1833 1052 4095 2137 
21022 221 2160 222 102 
21023 2937 1703 3881 1833 
21024 4242 4298 3327 1619 
21025 4298 1998 3327 1619 
21026 1434 103 222 3589 
21027 2656 3990 2995 508 
21028 4135 826 1377 2052 
21029 2426 632 1927 2425 
21030 4505 29 1488 4493 
21031 3351 3354 3349 981 
21032 671 670 3541 1621 
21033 1533 4199 4239 377 
21034 1603 2066 4053 4094 
21035 2278 2277 712 1580 
21036 4362 345 343 344 
21037 892 1529 3547 3540 
21038 2278 712 398 1579 
21039 103 223 222 3589 
21040 4 2711 2 4557 
21041 2518 3916 2517 1085 
21042 2562 2564 2006 2559 
21043 272 1434 102 2159 
21044 221 272 102 2159 
21045 405 404 4216 403 
21046 240 3739 1558 3692 
21047 2573 1650 2571 2570 
21048 1096 4321 4076 2764 
21049 3165 405 403 411 
21050 3553 3552 1107 819 
21051 3552 3553 3551 819 
21052 1854 966 948 3635 
21053 3166 401 3734 1918 
21054 1330 4289 3573 3624 
21055 2944 2792 3756 1117 
21056 1903 3575 1118 3574 
21057 1441 1903 1118 3574 
21058 1937 1441 1118 3574 
21059 3816 3815 3814 1129 
21060 2099 3816 3814 1129 
21061 283 3363 3361 2203 
21062 89 207 3450 206 
21063 265 4324 1988 2075 
21064 1128 1753 1785 4118 
21065 3437 1392 3436 785 
21066 1981 4410 4574 2170 
21067 407 405 4107 1630 
21068 4156 1430 1393 2128 
21069 1560 1573 1818 2229 
21070 3245 1100 3535 1942 
21071 3464 2806 294 2128 
21072 1732 3470 4424 3600 
21073 4104 1386 3251 2061 
21074 2387 1108 1229 2390 
21075 1871 3735 1886 312 
21076 743 4056 1004 1630 
21077 1109 3222 1647 1382 
21078 3222 1109 1162 1382 
21079 3165 3001 3107 411 
21080 1211 1992 3495 1173 
21081 4168 3496 1977 1171 
21082 100 3623 245 2181 
21083 1438 100 245 2181 
21084 2285 1596 3580 2281 
21085 2285 1596 2281 2284 
21086 2287 2285 2284 1184 
21087 1480 782 2875 1884 
21088 392 427 2834 2291 
21089 1624 1625 728 2251 
21090 3883 719 1522 421 
21091 392 427 2291 1523 
21092 427 2289 2834 2291 
21093 3563 2629 3562 677 
21094 4357 305 1465 469 
21095 3580 1596 2017 2281 
21096 1326 517 2666 2081 
21097 2025 3609 4238 3527 
21098 2030 2872 1292 2038 
21099 3125 1221 1060 1217 
21100 3878 1326 2666 2081 
21101 3389 1911 1456 3126 
21102 1209 3120 1861 1059 
21103 3241 319 321 3240 
21104 2866 2868 3669 1885 
21105 323 322 321 3082 
21106 1182 2021 3281 1532 
21107 3079 3078 3077 444 
21108 2913 3168 1228 1636 
21109 2133 2913 1228 1636 
21110 3169 385 3343 2015 
21111 1167 3531 2015 1165 
21112 3531 3169 3343 2015 
21113 2044 3433 2087 3293 
21114 2030 2872 2965 1292 
21115 2674 3878 2666 2081 
21116 1220 1219 3304 3665 
21117 3112 1925 1250 1963 
21118 3111 3112 1250 1963 
21119 713 4036 1963 602 
21120 3684 4036 3111 1963 
21121 3627 1925 1963 766 
21122 1254 2828 1251 1983 
21123 713 3684 2029 1983 
21124 4432 4364 519 2081 
21125 4364 516 519 2081 
21126 4329 825 454 456 
21127 1573 2229 453 2228 
21128 3462 1482 4386 3291 
21129 1276 2924 2127 1466 
21130 2229 2230 453 2228 
21131 2934 2746 3966 1268 
21132 2804 1272 2922 1283 
21133 2924 2923 2127 2922 
21134 2487 2451 2489 299 
21135 2924 1276 2127 2923 
21136 920 1422 1994 2213 
21137 1945 1294 2646 1114 
21138 1958 3076 776 2094 
21139 2955 3452 2213 1422 
21140 686 2622 2620 1642 
21141 920 2215 2213 1994 
21142 588 466 3302 465 
21143 528 1782 3331 574 
21144 2759 4389 1305 2097 
21145 2498 297 2097 2759 
21146 3242 3243 4064 477 
21147 811 474 476 4305 
21148 4429 3243 4305 1611 
21149 3216 3243 476 4305 
21150 3243 3242 3216 476 
21151 3477 2076 246 1334 
21152 4577 2110 2084 1301 
21153 811 1611 4305 476 
21154 473 710 475 2941 
21155 490 3945 1996 488 
21156 568 723 3131 3104 
21157 923 1035 3607 1247 
21158 2388 1067 1069 3597 
21159 2388 4280 4322 1069 
21160 2388 3597 1069 4322 
21161 4280 4322 1069 3316 
21162 2549 3945 490 488 
21163 1108 4280 1069 3316 
21164 1067 3597 1327 1069 
21165 3161 3331 2962 574 
21166 2482 468 2225 2227 
21167 2538 2539 2537 498 
21168 2542 4291 761 2560 
21169 3983 1904 3694 1349 
21170 2539 2540 497 2538 
21171 3927 1349 1710 3864 
21172 2540 2538 3977 497 
21173 1732 2482 2225 3470 
21174 2934 1274 1270 1268 
21175 1614 2745 1269 1267 
21176 2538 2536 499 498 
21177 4004 1881 3217 1953 
21178 1280 2491 2490 2499 
21179 1264 2491 1553 1280 
21180 468 2482 2225 1732 
21181 4221 4265 541 542 
21182 2236 1557 2235 442 
21183 2527 1717 2106 510 
21184 3103 3100 579 1984 
21185 2503 2013 709 1641 
21186 1396 250 4382 1394 
21187 1492 4445 2118 1446 
21188 3244 3410 1404 3255 
21189 2978 834 2975 2977 
21190 33 32 4484 1491 
21191 3410 3244 1404 2118 
21192 3939 2527 2106 510 
21193 1139 2966 2908 3954 
21194 1415 1231 2095 3921 
21195 506 1717 2527 510 
21196 506 2535 2655 2654 
21197 2782 918 2095 1698 
21198 1557 446 2235 442 
21199 3454 1426 1425 1424 
21200 3455 3453 1425 1421 
21201 3276 980 1344 1976 
21202 4544 1420 1421 269 
21203 1430 2047 266 4367 
21204 506 507 2655 505 
21205 797 868 2215 1994 
21206 2176 228 4559 4549 
21207 446 2232 2235 3647 
21208 4221 3267 541 4265 
21209 4355 1682 271 2160 
21210 219 99 218 4128 
21211 3943 4163 3161 530 
21212 529 528 4163 530 
21213 1678 2891 574 530 
21214 2891 1678 532 530 
21215 968 1474 2649 1656 
21216 3943 529 4163 530 
21217 425 424 2599 2600 
21218 3161 2891 574 2962 
21219 3943 529 531 4163 
21220 2635 3536 2753 673 
21221 3484 1513 1191 1964 
21222 2761 3770 1448 2634 
21223 3310 1462 1459 1461 
21224 4049 1462 1459 3310 
21225 4202 4049 1459 3310 
21226 2503 2123 4031 709 
21227 4059 1725 531 533 
21228 3253 4059 531 3943 
21229 3198 996 1027 3195 
21230 2891 3943 3161 530 
21231 4163 528 3161 530 
21232 425 426 2599 424 
21233 2891 1678 574 2962 
21234 540 4319 541 1688 
21235 700 605 4143 607 
21236 4167 1022 1962 1492 
21237 4526 1493 234 37 
21238 3267 4221 541 543 
21239 4307 3206 4349 4568 
21240 2087 2044 3293 1191 
21241 1187 1794 3723 2246 
21242 1188 2244 2246 1187 
21243 4499 2163 170 4481 
21244 3433 2044 2087 1502 
21245 1503 2144 1502 1501 
21246 4081 4422 4349 4575 
21247 4507 1504 4350 4083 
21248 182 4550 2191 4470 
21249 67 264 4470 68 
21250 1515 2155 1514 4492 
21251 1187 3723 2248 2246 
21252 4180 557 3775 3262 
21253 4407 3235 3710 1653 
21254 2190 2122 1525 3461 
21255 2190 122 3461 4475 
21256 253 2190 2122 1525 
21257 2772 878 829 828 
21258 2261 413 410 2258 
21259 413 414 410 2258 
21260 632 2426 630 631 
21261 2416 635 3668 2423 
21262 1373 2264 4211 2269 
21263 2029 2055 4581 4580 
21264 4211 1373 2269 1160 
21265 966 4211 2269 1160 
21266 1649 3266 587 864 
21267 1486 713 3714 2029 
21268 1373 966 2269 1160 
21269 1649 792 587 3266 
21270 1255 1254 1547 2827 
21271 3983 2146 3739 1558 
21272 2146 3983 275 1558 
21273 2470 4555 597 2469 
21274 2469 4555 597 4580 
21275 3242 477 475 476 
21276 4255 3294 464 4393 
21277 2277 1183 2280 2281 
21278 1073 1075 4149 2280 
21279 1556 787 3622 2477 
21280 3770 705 1448 2634 
21281 3565 1607 3564 1621 
21282 963 3546 4149 3545 
21283 787 1556 1555 2477 
21284 3904 1591 1248 2119 
21285 138 2172 3522 4523 
21286 3652 3904 1591 1249 
21287 4555 595 597 599 
21288 342 341 343 4085 
21289 1780 3697 1555 1556 
21290 3440 2024 4430 4120 
21291 2496 2024 3440 4120 
21292 2663 869 2662 2664 
21293 1523 1195 2028 2290 
21294 1523 2289 2291 2290 
21295 1613 708 2633 2632 
21296 693 3884 3611 695 
21297 2585 3882 4328 1522 
21298 2618 2636 697 2632 
21299 3022 3277 1862 3445 
21300 611 4148 2458 609 
21301 414 2256 2259 2258 
21302 4148 4188 2458 609 
21303 1481 1028 3194 1478 
21304 1794 2651 890 3723 
21305 1299 2404 2302 2304 
21306 2594 3758 1337 2327 
21307 1078 2321 3866 2323 
21308 2322 1008 368 366 
21309 3642 1727 4050 3641 
21310 1008 2322 2324 366 
21311 1811 4148 611 609 
21312 2265 2264 1646 2263 
21313 2265 2036 1646 2264 
21314 715 406 2265 1646 
21315 2036 715 2265 1646 
21316 2452 2496 1657 3440 
21317 2452 815 1657 2496 
21318 798 1568 2456 2457 
21319 2452 1657 1568 2456 
21320 3618 1563 4370 1564 
21321 1657 3440 1564 2456 
21322 1096 1668 3790 1094 
21323 2080 1650 1668 2570 
21324 2571 4015 2567 576 
21325 1650 2080 2571 2570 
21326 1980 576 2567 2786 
21327 1980 2080 2567 576 
21328 3620 1769 1566 1679 
21329 1986 1299 2302 1808 
21330 1912 1848 1566 3140 
21331 2464 2463 1599 982 
21332 621 2454 619 3907 
21333 620 621 619 3907 
21334 1299 1986 2302 2404 
21335 2428 703 2427 630 
21336 3651 2476 1675 633 
21337 2901 1867 2900 750 
21338 1792 1023 1764 4144 
21339 4421 1482 3462 3291 
21340 649 3651 1675 631 
21341 1779 4124 3902 1690 
21342 3903 1779 3902 1690 
21343 4124 3903 3902 1690 
21344 3637 649 1675 1764 
21345 561 3261 4119 3789 
21346 560 562 4010 3261 
21347 3262 558 3261 4119 
21348 566 3789 2709 2721 
21349 879 4200 992 993 
21350 4576 4048 3232 642 
21351 4553 1804 755 640 
21352 3231 639 641 4030 
21353 4553 3224 640 3231 
21354 3650 373 2312 2314 
21355 2486 1166 1202 1583 
21356 1539 3349 3348 3347 
21357 1241 4112 1993 1402 
21358 3246 4297 3247 772 
21359 2322 2582 2324 366 
21360 2514 2877 739 3787 
21361 4576 755 2092 1597 
21362 2900 1845 1810 750 
21363 1877 1749 761 3978 
21364 3361 283 1831 1708 
21365 3363 2996 4359 1708 
21366 650 4253 653 4195 
21367 1877 1816 4394 761 
21368 2343 1346 2345 2368 
21369 3561 3552 885 3635 
21370 842 1617 1193 2335 
21371 1574 3419 663 730 
21372 392 3088 387 391 
21373 3208 1639 985 732 
21374 3355 946 1240 981 
21375 2639 672 2638 1656 
21376 2288 2285 1238 2028 
21377 2278 4027 3654 398 
21378 661 660 662 3013 
21379 3978 1877 4394 761 
21380 3817 3826 3965 1372 
21381 1372 3817 1127 3965 
21382 2381 1789 2380 2379 
21383 910 2376 2380 2379 
21384 2375 781 721 1731 
21385 2560 3978 4394 761 
21386 3418 661 663 662 
21387 842 2393 2337 2335 
21388 781 2375 910 1731 
21389 1574 661 663 3418 
21390 1176 1528 3538 675 
21391 3382 1503 3380 3381 
21392 2393 842 1193 2335 
21393 4213 3385 783 2501 
21394 2144 1502 1501 236 
21395 4498 2144 1501 236 
21396 3562 677 676 675 
21397 3144 648 1790 3578 
21398 4148 648 3578 1811 
21399 3144 2982 3578 1790 
21400 2459 2460 2457 608 
21401 3562 1528 677 675 
21402 4123 4133 2621 687 
21403 1562 2461 608 2460 
21404 3605 681 685 1730 
21405 590 975 2501 783 
21406 96 97 215 3677 
21407 2637 4133 684 2623 
21408 976 975 783 2501 
21409 3674 3328 2137 1203 
21410 2617 4123 2621 686 
21411 1989 4408 4029 893 
21412 1893 3674 2137 1203 
21413 3328 1998 2137 1203 
21414 697 2636 695 696 
21415 4566 3993 3516 4431 
21416 2799 2800 2798 794 
21417 3993 4566 3516 1844 
21418 4454 2035 3724 1345 
21419 793 2799 2798 794 
21420 2618 955 697 695 
21421 3465 2189 191 4468 
21422 759 3859 805 3988 
21423 3883 3560 4328 719 
21424 4328 1111 1522 719 
21425 417 3882 416 1522 
21426 2355 741 2356 2049 
21427 2209 2211 3220 1423 
21428 3882 3883 4328 1522 
21429 2357 2049 2356 1355 
21430 3420 3419 730 2810 
21431 4003 3812 3809 1070 
21432 759 803 805 3859 
21433 2780 668 816 666 
21434 4235 1186 4087 1905 
21435 2344 2343 1347 2345 
21436 3992 85 203 255 
21437 1694 925 1850 2987 
21438 2811 1232 2987 1850 
21439 540 4189 4319 2907 
21440 3419 1574 663 3418 
21441 859 3431 3340 856 
21442 1704 2739 535 2742 
21443 1704 538 1058 2742 
21444 3013 661 3418 662 
21445 1412 3044 3468 4063 
21446 4543 8 4518 268 
21447 1541 4518 268 2185 
21448 1412 3044 4063 1410 
21449 4363 3044 3468 1412 
21450 2349 1347 2345 2348 
21451 4518 1541 268 7 
21452 1637 2355 741 334 
21453 3724 3066 1345 3050 
21454 2355 3662 741 334 
21455 3066 1079 1345 3050 
21456 2211 2209 1897 1423 
21457 782 1910 2796 2909 
21458 2998 1910 1443 1080 
21459 1921 2989 1954 2988 
21460 3662 1919 2359 741 
21461 1110 2354 2357 2049 
21462 2989 1921 2906 2988 
21463 1684 1332 2363 2104 
21464 1693 1112 3924 1932 
21465 2572 1112 1932 3924 
21466 2564 2572 1932 3924 
21467 2564 1112 1932 2572 
21468 4060 328 3329 4435 
21469 1919 347 2359 1379 
21470 2343 1347 2345 1346 
21471 1693 1889 1932 3924 
21472 2795 2936 1311 1312 
21473 573 4145 1832 1883 
21474 1915 2795 1311 1943 
21475 2795 1915 1311 3002 
21476 2793 711 3753 3788 
21477 2795 2794 1943 2793 
21478 2750 1947 3756 1117 
21479 2791 1947 1381 710 
21480 2749 1099 4374 1115 
21481 2905 3059 2988 1538 
21482 1538 3167 2988 1954 
21483 2915 867 752 866 
21484 3167 1538 762 1954 
21485 2916 2915 752 866 
21486 914 3865 2917 3149 
21487 3013 3418 4292 662 
21488 591 2219 763 2085 
21489 2575 1789 2379 1731 
21490 4168 1969 2164 3779 
21491 4329 3671 2282 454 
21492 2375 2575 2379 1731 
21493 1154 1969 3779 1965 
21494 2376 2375 2379 910 
21495 1623 318 1180 3874 
21496 2221 590 2501 783 
21497 1789 2575 2379 3874 
21498 1285 1359 3020 1278 
21499 318 316 3875 1623 
21500 3053 1706 3052 740 
21501 771 3246 772 4297 
21502 1998 1827 3328 3327 
21503 1331 2364 1006 2362 
21504 944 809 4117 1785 
21505 1789 910 2379 1731 
21506 3847 932 807 3846 
21507 3849 3847 807 3846 
21508 1770 760 4406 806 
21509 910 2375 2379 1731 
21510 1229 2387 2390 2389 
21511 3543 714 773 3549 
21512 1518 2780 816 666 
21513 2396 435 310 3732 
21514 1882 2031 268 3457 
21515 2011 3492 1246 1213 
21516 1293 4456 3339 3338 
21517 54 53 4539 1842 
21518 1920 1229 2390 2389 
21519 3549 716 773 3548 
21520 3298 3188 3360 1317 
21521 20 1417 19 4502 
21522 716 3548 818 773 
21523 1536 2578 4558 827 
21524 4400 1692 3391 2114 
21525 1721 2822 2821 1454 
21526 3048 1713 1470 1469 
21527 927 1191 3699 926 
21528 1163 1713 3427 2061 
21529 1108 1920 2390 3687 
21530 3637 2771 4558 2578 
21531 2167 89 207 3450 
21532 2454 2438 619 3907 
21533 1108 1161 1920 3687 
21534 3846 804 807 4017 
21535 1447 4388 4052 2929 
21536 4240 3393 466 3302 
21537 1626 858 860 4101 
21538 3089 924 841 2765 
21539 1284 1482 2026 3291 
21540 2489 3767 299 585 
21541 2485 989 851 1549 
21542 2013 2123 2503 709 
21543 305 469 3755 303 
21544 2485 2443 1549 851 
21545 4378 659 4436 3415 
21546 823 1584 2108 3659 
21547 823 3761 4353 3659 
21548 1584 823 4353 3659 
21549 2441 2443 2485 851 
21550 1755 1931 1325 2675 
21551 3856 1755 4252 2675 
21552 3058 859 3031 862 
21553 3518 4510 4579 4528 
21554 2119 1248 4579 1313 
21555 859 1694 3031 862 
21556 938 1110 2357 1355 
21557 2578 2770 4558 827 
21558 999 1032 919 4354 
21559 1968 1849 1164 2400 
21560 1677 1771 1015 3722 
21561 4268 3036 3913 2141 
21562 1782 3331 1828 3913 
21563 4399 865 939 1135 
21564 2579 2770 2578 827 
21565 4268 1924 2141 1136 
21566 307 3730 306 2412 
21567 2859 2845 3722 1015 
21568 4572 1495 4503 46 
21569 2859 2845 1015 1148 
21570 1959 4548 4556 1961 
21571 157 4573 4535 156 
21572 4496 2199 4503 160 
21573 2163 4499 170 169 
21574 1120 2747 3857 884 
21575 945 944 893 3848 
21576 4463 4465 4187 1500 
21577 1989 1120 3857 893 
21578 1220 1239 2965 3304 
21579 4357 305 3731 1465 
21580 1831 3361 1708 1214 
21581 3449 1898 267 3886 
21582 3862 2814 2813 895 
21583 1463 2212 3886 1898 
21584 1846 1463 3886 1898 
21585 1846 2174 267 3886 
21586 4063 1291 3467 1411 
21587 4516 3451 114 115 
21588 2814 2813 895 882 
21589 1899 2112 3458 2031 
21590 3451 2135 3371 4231 
21591 2813 896 895 882 
21592 307 1467 3731 1465 
21593 780 2377 2369 2372 
21594 1220 2965 3665 3304 
21595 3338 4398 2060 4138 
21596 53 4522 1842 2033 
21597 261 4398 2042 2196 
21598 3673 2364 2367 1006 
21599 3673 1006 2367 906 
21600 1661 2406 2411 2405 
21601 3894 3238 849 850 
21602 1661 306 2411 304 
21603 4562 4565 2207 4369 
21604 4565 4562 4570 4369 
21605 1132 2135 1899 4231 
21606 1132 2112 4231 1899 
21607 3174 4082 4032 917 
21608 1868 2135 3371 3451 
21609 724 788 763 2218 
21610 2476 1468 2577 2578 
21611 3895 846 3238 2727 
21612 3894 2728 4032 850 
21613 2728 3894 911 850 
21614 2997 1462 3173 1685 
21615 1732 2482 3470 3600 
21616 2230 1560 2229 453 
21617 828 2772 2819 827 
21618 623 624 2437 3666 
21619 4060 1628 328 4435 
21620 3444 813 2251 4091 
21621 808 3849 807 806 
21622 2110 2584 838 1807 
21623 2585 416 1522 2083 
21624 4266 779 4446 3425 
21625 3554 1854 3557 3556 
21626 2275 3653 2273 2010 
21627 3653 418 2273 2010 
21628 4179 4089 402 2576 
21629 3653 418 2576 2273 
21630 2286 1075 1184 2284 
21631 2331 2100 1666 2347 
21632 4343 4399 939 2347 
21633 2276 2274 3546 1072 
21634 3106 3879 3314 1696 
21635 1185 4090 1851 4396 
21636 1376 1791 2522 1328 
21637 2436 1582 2435 706 
21638 2436 2435 2434 706 
21639 3400 1105 3118 3401 
21640 4233 901 391 3648 
21641 2288 2028 2292 2290 
21642 1523 2289 2290 2028 
21643 901 3648 1523 391 
21644 1299 1986 2404 1589 
21645 880 878 961 4563 
21646 1453 3912 838 3534 
21647 1002 1298 1724 2305 
21648 1808 1516 970 2301 
21649 2300 2299 1516 2301 
21650 1142 3762 3571 4380 
21651 3000 1142 3571 4380 
21652 3683 990 1798 1631 
21653 2322 2319 3727 367 
21654 3912 1453 838 1807 
21655 357 3344 4339 354 
21656 1198 3748 1817 2391 
21657 390 2311 1786 1774 
21658 2326 2327 2325 2125 
21659 1198 3748 971 972 
21660 1540 3642 4169 971 
21661 2595 3749 2339 789 
21662 2341 2595 2339 789 
21663 2374 340 1665 1745 
21664 3912 2584 838 3534 
21665 2350 4001 1665 2348 
21666 2374 1745 1665 2348 
21667 2344 1745 1347 983 
21668 1347 2344 2345 2348 
21669 4102 947 699 971 
21670 2442 616 615 2444 
21671 2115 3715 2345 2368 
21672 436 2340 2339 718 
21673 3180 3051 3414 860 
21674 2340 348 1612 718 
21675 3301 1626 4416 4101 
21676 2361 1626 1378 1941 
21677 3301 3873 4416 1626 
21678 348 2340 436 718 
21679 2584 3912 838 1807 
21680 4032 917 849 850 
21681 3277 4278 4164 1005 
21682 2366 1684 1628 1586 
21683 2373 781 2370 2372 
21684 1035 1066 2592 3596 
21685 3596 1066 2592 2382 
21686 1034 1789 2380 2381 
21687 2384 1066 2382 2383 
21688 3596 1066 2382 2384 
21689 736 2876 3786 2510 
21690 918 4082 917 849 
21691 4233 386 391 432 
21692 2394 1849 1029 3713 
21693 2394 1849 1817 1029 
21694 3440 1657 1564 1567 
21695 2310 2394 1817 1029 
21696 3021 3277 1820 1862 
21697 1849 2395 2394 1817 
21698 2782 4082 849 3238 
21699 3730 2399 308 2405 
21700 1661 2406 2405 2402 
21701 1161 2397 1950 1920 
21702 1550 2399 2402 2405 
21703 308 1550 306 2405 
21704 308 2399 1550 2405 
21705 3440 3318 1567 4370 
21706 2419 2418 2416 634 
21707 4091 2255 729 2252 
21708 3353 1723 1993 1304 
21709 2516 2063 2513 1016 
21710 2516 1913 2063 1016 
21711 713 3684 3974 3714 
21712 3604 832 3603 2974 
21713 921 3906 1170 3900 
21714 649 3889 631 629 
21715 3900 3906 1170 3239 
21716 2441 986 618 851 
21717 2454 2438 2437 622 
21718 713 3714 3974 600 
21719 623 2437 2863 3666 
21720 4082 2782 849 918 
21721 668 1474 2776 817 
21722 4032 4082 3238 849 
21723 624 625 3666 623 
21724 3651 649 3889 631 
21725 4036 3684 3974 713 
21726 4036 2475 602 3974 
21727 2497 1563 3618 2460 
21728 1562 1563 2497 2460 
21729 2458 2459 608 609 
21730 1486 2029 2478 4580 
21731 2464 1658 1599 2466 
21732 3125 1217 1060 1026 
21733 3631 3120 3119 1861 
21734 2463 2464 2462 982 
21735 1914 2866 3669 1885 
21736 2586 595 594 2470 
21737 602 2475 601 600 
21738 2586 4555 2470 2472 
21739 2178 1419 3633 230 
21740 3714 1486 2478 4580 
21741 977 978 3273 3274 
21742 1486 3714 2478 2029 
21743 1308 3004 3526 3527 
21744 2317 370 1676 2316 
21745 1065 3389 1456 4373 
21746 1060 3121 1059 1103 
21747 1130 1129 1929 3813 
21748 3209 1640 1741 985 
21749 3812 1071 3809 1070 
21750 4210 2131 4185 3702 
21751 1164 1849 2395 2400 
21752 4576 1849 2400 2504 
21753 2395 1164 2401 2580 
21754 1849 2395 2400 2394 
21755 4003 1816 1877 1070 
21756 4397 301 3754 1906 
21757 2517 2516 2063 2515 
21758 2519 3893 3787 883 
21759 4082 4032 917 849 
21760 1375 2515 2063 883 
21761 1717 1364 2528 2526 
21762 1364 1717 1329 2526 
21763 958 3106 3314 1696 
21764 1805 3839 3833 3810 
21765 3145 3110 3109 1082 
21766 1604 3145 1082 3110 
21767 4412 1955 3941 3314 
21768 3950 3948 1368 2547 
21769 1999 524 4183 3952 
21770 1605 1604 1082 3110 
21771 3180 857 860 1052 
21772 2589 1264 2500 2588 
21773 1902 1999 1190 3951 
21774 500 2536 2544 2533 
21775 2547 2537 2007 2534 
21776 1095 3927 1093 3984 
21777 2547 3948 1368 1190 
21778 1816 4291 3836 4394 
21779 1349 3927 1093 1095 
21780 501 500 2544 2533 
21781 1042 4257 1041 575 
21782 3905 2563 486 1847 
21783 1137 1710 3797 1091 
21784 489 2552 488 487 
21785 1889 1693 2568 3924 
21786 1650 1098 1096 2764 
21787 1096 1650 2764 1668 
21788 1098 2573 4321 2764 
21789 3638 4069 3083 324 
21790 1112 1693 3792 1092 
21791 324 3080 323 1575 
21792 802 2926 2852 871 
21793 810 2926 871 872 
21794 1710 3927 3864 3797 
21795 4159 1314 3478 4228 
21796 2926 802 810 871 
21797 2695 1870 2697 2065 
21798 617 616 2442 618 
21799 1340 3517 1754 3073 
21800 965 852 3701 3073 
21801 1063 1101 1102 4308 
21802 2602 2603 1531 2601 
21803 3118 1105 1104 1102 
21804 2608 2102 2610 1873 
21805 2608 2102 1873 1342 
21806 2606 1735 1762 1179 
21807 1342 1341 2611 2609 
21808 1116 4374 1115 3756 
21809 4374 2749 1115 3756 
21810 2750 2749 3756 1115 
21811 1947 2750 3756 1115 
21812 694 693 3611 695 
21813 2926 3870 871 872 
21814 1129 3815 4020 1126 
21815 694 693 692 3612 
21816 2647 2636 697 696 
21817 770 3980 3700 707 
21818 3815 3818 4020 1126 
21819 708 770 3700 707 
21820 3870 2926 871 2853 
21821 1275 1360 2499 1280 
21822 1126 3818 3820 1125 
21823 903 2640 1613 2633 
21824 863 2509 2510 2511 
21825 507 1826 509 2657 
21826 1122 3824 3822 1124 
21827 1748 2659 2658 509 
21828 1712 2948 3162 3942 
21829 4142 511 2995 4097 
21830 514 2748 4220 512 
21831 2518 3960 1085 2931 
21832 3926 1137 3797 1091 
21833 1371 578 4439 1949 
21834 2670 2669 2668 1324 
21835 517 2674 2666 2081 
21836 3837 2711 2 4 
21837 1781 1770 2681 2679 
21838 2508 863 2510 1631 
21839 1089 3793 1092 1091 
21840 2685 759 757 1743 
21841 3795 1090 1137 1091 
21842 1089 1090 3795 1091 
21843 1779 1739 2700 556 
21844 3001 3166 3734 1918 
21845 1051 847 3922 1205 
21846 1739 2702 2701 1051 
21847 2847 2846 1148 1302 
21848 1870 1739 2700 2697 
21849 1207 2847 1148 1302 
21850 2876 2508 2510 1631 
21851 1051 2704 3922 2723 
21852 1978 2846 2040 1302 
21853 769 863 2510 2511 
21854 2512 769 2510 2511 
21855 848 3894 911 2719 
21856 4312 1755 3856 2675 
21857 1627 2713 2712 2719 
21858 1199 1627 2719 2713 
21859 1199 911 2725 2719 
21860 3961 2717 1087 897 
21861 4111 898 3010 3997 
21862 2814 3860 2722 882 
21863 881 3860 2814 882 
21864 881 2814 895 882 
21865 2717 897 2722 882 
21866 2717 2724 2722 897 
21867 1087 3961 3997 899 
21868 2518 1085 1401 2931 
21869 1398 2132 2180 3590 
21870 2518 1913 1401 1085 
21871 1956 2932 3239 1170 
21872 1199 1053 1797 2720 
21873 3090 924 3089 2765 
21874 2948 1824 1037 2931 
21875 1627 1199 2719 911 
21876 2519 3893 1907 2521 
21877 1274 3299 1689 3966 
21878 1931 2014 1325 2675 
21879 1376 1328 2522 2521 
21880 2716 1788 882 805 
21881 1788 2716 882 2722 
21882 943 2990 960 2994 
21883 3801 3802 1048 1047 
21884 3704 2801 960 2755 
21885 3487 1056 3909 1197 
21886 3487 1056 1181 1055 
21887 2531 3969 2533 502 
21888 3781 746 2767 2735 
21889 1768 3829 3803 1047 
21890 1057 3320 1470 1469 
21891 3223 583 4055 4026 
21892 3222 4290 3251 1162 
21893 1186 4235 1857 1905 
21894 3829 1768 1348 1047 
21895 501 502 500 2533 
21896 3674 4401 1203 967 
21897 1893 3674 1203 967 
21898 2815 2813 896 1214 
21899 3969 502 501 2533 
21900 501 3969 2533 2544 
21901 801 779 4446 800 
21902 896 2813 895 1214 
21903 2801 1451 960 2755 
21904 3704 1054 960 2994 
21905 1214 2815 2984 2996 
21906 2739 3928 535 2742 
21907 859 856 3340 1747 
21908 326 1628 3888 4435 
21909 3361 1214 2984 2996 
21910 1747 3432 3340 3439 
21911 856 3432 3340 1747 
21912 539 538 3931 3930 
21913 1694 925 3057 862 
21914 881 3860 882 805 
21915 1143 3000 3571 2822 
21916 3860 2716 882 805 
21917 1580 2277 2017 1183 
21918 4320 4431 3250 4567 
21919 1481 242 1478 4264 
21920 3993 1844 1478 1236 
21921 891 4433 773 3548 
21922 1844 4264 1478 2150 
21923 2855 2843 1872 3722 
21924 4046 1484 3603 832 
21925 1517 834 3604 2978 
21926 954 1670 2005 2555 
21927 3389 4373 3126 1456 
21928 701 621 620 3602 
21929 834 833 2975 886 
21930 423 424 422 2600 
21931 4279 4285 1247 1655 
21932 4133 2623 2621 684 
21933 4279 3607 1247 4285 
21934 2572 1112 2566 1669 
21935 2481 1271 1301 1300 
21936 2080 2570 2566 2567 
21937 2080 1668 2566 2570 
21938 2481 3660 1300 2479 
21939 3971 3672 2587 1259 
21940 2480 4577 4581 1300 
21941 1271 2481 1258 1300 
21942 2481 2480 1300 1301 
21943 2901 2933 1543 651 
21944 2080 1669 2566 1668 
21945 3233 650 4253 3524 
21946 912 2728 911 850 
21947 4202 4049 3776 1459 
21948 1053 2726 2725 3744 
21949 3660 4581 1300 2479 
21950 1802 1077 3089 3989 
21951 2716 3860 882 2722 
21952 1077 1802 2022 3989 
21953 912 1462 2808 2997 
21954 2804 2803 2746 1269 
21955 2803 2804 1283 1269 
21956 650 3233 1589 768 
21957 2803 2746 1269 2745 
21958 1614 2803 1269 2745 
21959 2933 4286 654 653 
21960 2904 3763 2902 1894 
21961 1947 2792 1381 1117 
21962 711 4098 3753 3788 
21963 979 978 3062 3273 
21964 3572 2794 1118 1380 
21965 1117 1116 1115 3756 
21966 3298 3188 1317 3094 
21967 920 797 2215 1994 
21968 3429 1481 2138 3196 
21969 1720 2483 1301 1807 
21970 3454 3453 2955 1424 
21971 2483 2484 1720 1271 
21972 3854 3857 893 4116 
21973 918 3176 1081 917 
21974 3912 1363 1807 3482 
21975 3784 3785 4190 1367 
21976 1263 3091 2588 2807 
21977 833 2870 886 887 
21978 4388 3323 1447 4052 
21979 1759 1757 2 2711 
21980 3323 4388 1577 3303 
21981 693 4013 3612 3885 
21982 4373 3669 3126 1456 
21983 1538 1921 1954 2988 
21984 1538 2905 1921 2988 
21985 2110 4577 2480 1301 
21986 693 824 4013 3885 
21987 1450 2998 3050 1080 
21988 3884 693 3612 3885 
21989 1910 1936 2998 3658 
21990 1450 3724 1345 3050 
21991 3044 812 1412 1909 
21992 2173 1882 3457 3468 
21993 3783 4136 3313 1289 
21994 2607 1342 2611 2609 
21995 900 3186 4204 937 
21996 831 3560 4405 830 
21997 1111 3559 3558 2139 
21998 3312 3872 1305 1290 
21999 3851 3849 808 3853 
22000 1120 1121 2747 884 
22001 4019 945 4029 4028 
22002 525 2971 2973 2972 
22003 3166 403 401 1918 
22004 3037 3891 854 2972 
22005 690 2130 1642 2620 
22006 854 3037 2972 3032 
22007 3891 572 854 2972 
22008 2848 2088 1918 1302 
22009 4540 3519 1971 4579 
22010 1844 4485 2150 4512 
22011 3712 423 422 2600 
22012 2616 2130 2620 3610 
22013 1076 4551 2951 1853 
22014 4554 1076 4551 2952 
22015 528 529 3435 527 
22016 2622 686 2620 2621 
22017 3750 3749 4011 876 
22018 4011 4012 4437 1357 
22019 3054 4269 1322 2961 
22020 2617 690 686 2620 
22021 1211 3495 3065 1173 
22022 1174 1211 3065 1173 
22023 1969 1154 3779 4459 
22024 4168 1969 3779 4459 
22025 3510 1154 4459 3779 
22026 4246 1155 1171 1154 
22027 1987 4475 2165 4486 
22028 1987 2165 4475 1525 
22029 2532 502 1364 2531 
22030 2532 1364 502 520 
22031 4408 1120 1406 4234 
22032 4408 1406 1120 1989 
22033 2856 1872 1772 2855 
22034 1772 1872 2856 1830 
22035 2397 1550 435 2399 
22036 2397 435 1550 1950 
22037 4105 607 4143 605 
22038 4105 4143 607 2474 
22039 1312 3573 3656 1330 
22040 1312 3656 3573 2935 
22041 1642 3610 1546 2744 
22042 1642 1546 3610 2130 
22043 2795 1312 2794 2935 
22044 2794 1312 2795 1943 
22045 1799 3409 3055 1351 
22046 1799 3055 3409 3394 
22047 1844 3993 4264 3516 
22048 1844 4264 3993 1478 
22049 3057 907 908 3441 
22050 908 907 3057 862 
22051 2094 3302 3289 3076 
22052 2094 3289 3302 466 
22053 597 2468 2470 2469 
22054 597 2470 2468 596 
22055 3622 1769 3621 1658 
22056 3622 3621 1769 4331 
22057 2661 515 2660 2662 
22058 2661 2660 515 1748 
22059 315 4293 3157 316 
22060 315 3157 4293 3584 
22061 1996 3946 490 493 
22062 1996 490 3946 3945 
22063 288 1643 4570 286 
22064 288 4570 1643 4562 
22065 4565 4570 1643 286 
22066 4565 1643 4570 4562 
22067 1477 4577 2110 2084 
22068 1477 2110 4577 4578 
22069 1929 4022 1409 1130 
22070 1929 1409 4022 3811 
22071 2283 443 2235 2825 
22072 2235 443 2283 442 
22073 1988 1859 3915 265 
22074 3915 2167 1988 265 
22075 1988 2167 3915 3326 
22076 1497 4301 3290 4113 
22077 1497 3290 4301 2001 
22078 742 4192 3899 361 
22079 742 3899 4192 2326 
22080 2797 793 3582 1638 
22081 2797 3582 793 2798 
22082 4150 112 4560 231 
22083 1343 3275 3390 1177 
22084 3390 3275 1343 4574 
22085 3390 1385 1343 1177 
22086 1343 1385 3390 4574 
22087 2864 623 2865 1535 
22088 2864 2865 623 2863 
22089 623 2865 3661 2863 
22090 623 3661 2865 652 
22091 477 3868 475 1814 
22092 477 475 3868 3242 
22093 3813 2099 3812 3814 
22094 3813 3812 2099 1929 
22095 3244 1962 4445 4167 
22096 4445 1962 3244 1446 
22097 3406 3237 1489 1063 
22098 3406 1489 3237 3127 
22099 1021 1489 3237 1063 
22100 1021 3237 1489 3127 
22101 486 2552 2554 487 
22102 486 2554 2552 4205 
22103 3824 1759 1795 3837 
22104 3824 1795 1759 1124 
22105 438 4141 3268 1551 
22106 3268 4141 438 3151 
22107 4040 865 4343 3364 
22108 4040 4343 865 864 
22109 2021 4208 1497 3290 
22110 1497 4208 2021 277 
22111 812 2758 1439 295 
22112 812 1439 2758 3871 
22113 1940 4434 4219 1233 
22114 1940 4219 4434 3918 
22115 2995 1715 508 3990 
22116 2995 508 1715 511 
22117 4465 4187 172 4463 
22118 172 4187 4465 2193 
22119 750 3524 647 2899 
22120 750 647 3524 651 
22121 1218 3306 4271 4444 
22122 1218 4271 3306 1979 
22123 3567 1993 1402 1952 
22124 1402 1993 3567 4061 
22125 3567 2492 1402 4061 
22126 3039 1150 957 956 
22127 3039 957 1150 3040 
22128 1801 2236 984 1557 
22129 984 2236 1801 2238 
22130 4389 2097 585 1305 
22131 585 2097 4389 3767 
22132 585 3768 4389 1305 
22133 4389 3768 585 3767 
22134 1081 3175 3174 3176 
22135 1081 3174 3175 1303 
22136 2082 4108 1437 1682 
22137 2082 1437 4108 4033 
22138 291 3159 2954 292 
22139 291 2954 3159 3045 
22140 4179 401 4089 3166 
22141 4089 401 4179 402 
22142 3067 1320 3658 3476 
22143 3067 3658 1320 1319 
22144 1101 3237 1062 4243 
22145 1062 3237 1101 1063 
22146 2103 3769 1664 2020 
22147 2103 1664 3769 2854 
22148 609 3288 4148 4188 
22149 609 4148 3288 1811 
22150 2878 1179 1531 2604 
22151 1531 1179 2878 830 
22152 2299 1196 2296 2298 
22153 2296 1196 2299 941 
22154 4095 1893 1052 4420 
22155 4095 1052 1893 2137 
22156 3448 952 1827 4366 
22157 3448 1827 952 2003 
22158 3294 464 3199 4255 
22159 3294 3199 464 472 
22160 3845 804 932 3846 
22161 3845 932 804 1776 
22162 924 3142 3143 3090 
22163 3143 3142 924 974 
22164 3628 1256 1257 1255 
22165 3628 1257 1256 3155 
22166 800 3743 4446 801 
22167 4446 3743 800 3160 
22168 516 2664 515 517 
22169 515 2664 516 3998 
22170 1408 2710 2659 1826 
22171 2659 2710 1408 3995 
22172 564 3896 3099 4009 
22173 564 3099 3896 1672 
22174 1867 3763 1894 2902 
22175 1867 1894 3763 1172 
22176 1249 3112 2946 3113 
22177 1249 2946 3112 1250 
22178 2208 4571 4569 1869 
22179 4569 4571 2208 2206 
22180 4569 4482 2208 1869 
22181 2208 4482 4569 2206 
22182 4343 865 4399 3364 
22183 4399 865 4343 939 
22184 541 3254 4319 3267 
22185 541 4319 3254 1688 
22186 3292 1878 3369 1284 
22187 3292 3369 1878 4377 
22188 2378 923 2376 3606 
22189 2378 2376 923 905 
22190 910 923 2376 905 
22191 4323 1289 4136 1291 
22192 4136 1289 4323 3313 
22193 657 2414 4353 4378 
22194 657 4353 2414 1584 
22195 3378 762 658 660 
22196 658 762 3378 3167 
22197 4280 1068 1069 2388 
22198 4280 1069 1068 1108 
22199 795 3709 4055 2064 
22200 795 4055 3709 3018 
22201 2983 1018 1019 1020 
22202 2983 1019 1018 2981 
22203 2703 2096 2672 2670 
22204 2672 2096 2703 754 
22205 1766 4068 648 3144 
22206 1766 648 4068 1681 
22207 4326 2109 860 1941 
22208 4326 860 2109 3414 
22209 2577 827 2578 1468 
22210 2577 2578 827 2579 
22211 2134 4571 2208 1869 
22212 2208 4571 2134 3908 
22213 2349 359 1665 2350 
22214 2349 1665 359 1819 
22215 1278 3033 2964 3020 
22216 1278 2964 3033 1279 
22217 1773 2892 4225 2893 
22218 1773 4225 2892 1145 
22219 1355 3873 1378 2358 
22220 1355 1378 3873 938 
22221 2913 1228 2831 2133 
22222 2831 1228 2913 2912 
22223 2418 2052 826 4135 
22224 2418 826 2052 1384 
22225 3368 387 1576 3645 
22226 3368 1576 387 384 
22227 2362 1006 2363 2364 
22228 2362 2363 1006 1332 
22229 4457 4545 4369 4562 
22230 4457 4369 4545 3370 
22231 1671 2335 2333 1193 
22232 2333 2335 1671 2334 
22233 1402 2427 4158 2492 
22234 1402 4158 2427 1927 
22235 3602 832 620 701 
22236 3602 620 832 3603 
22237 1464 2864 701 2867 
22238 701 2864 1464 1535 
22239 4126 1100 1397 1398 
22240 1397 1100 4126 3535 
22241 1920 2389 2396 1886 
22242 2396 2389 1920 2390 
22243 2767 582 4026 584 
22244 2767 4026 582 3781 
22245 3566 1952 2431 1202 
22246 3566 2431 1952 3567 
22247 4112 1993 3747 1241 
22248 3747 1993 4112 4061 
22249 2893 2895 1787 2894 
22250 1787 704 2893 2894 
22251 2893 704 1787 1773 
22252 421 3711 719 423 
22253 421 719 3711 3883 
22254 464 3199 4098 471 
22255 464 4098 3199 4255 
22256 623 2454 2864 2863 
22257 623 2864 2454 621 
22258 3017 795 3048 1469 
22259 3017 3048 795 3018 
22260 469 3460 1466 3191 
22261 469 1466 3460 1966 
22262 2005 4066 2555 1670 
22263 2005 2555 4066 4129 
22264 343 4362 4441 3284 
22265 343 4441 4362 344 
22266 2577 633 635 1468 
22267 2577 635 633 2423 
22268 2873 1979 4194 1537 
22269 2873 4194 1979 3306 
22270 3416 660 659 661 
22271 3416 659 660 3378 
22272 278 3496 4168 3497 
22273 278 4168 3496 1977 
22274 3942 1695 2948 2967 
22275 3942 2948 1695 1712 
22276 1824 1695 2948 1712 
22277 2151 4579 4510 241 
22278 2151 4510 4579 3518 
22279 2037 4132 1334 280 
22280 2037 1334 4132 4130 
22281 2192 1334 4132 280 
22282 2192 4132 1334 4130 
22283 1695 4045 3942 518 
22284 3942 4045 1695 2967 
22285 4556 259 4572 1495 
22286 4556 4572 259 2199 
22287 4503 4572 259 1495 
22288 4503 259 4572 2199 
22289 3424 779 801 1677 
22290 3424 801 779 4446 
22291 254 3394 1740 2166 
22292 1740 3394 254 1799 
22293 3501 4303 1982 2161 
22294 1982 4303 3501 4547 
22295 1982 260 3501 2161 
22296 3501 260 1982 4547 
22297 4030 641 1455 639 
22298 1455 641 4030 3676 
22299 3809 1409 1201 1071 
22300 3809 1201 1409 3810 
22301 3011 1062 3189 1208 
22302 3011 3189 1062 3012 
22303 4096 612 614 613 
22304 4096 614 612 2446 
22305 1329 2529 3941 1365 
22306 1329 3941 2529 2526 
22307 3868 710 2574 2790 
22308 3868 2574 710 1814 
22309 2587 1553 1271 1259 
22310 2587 1271 1553 2484 
22311 4118 932 3847 3844 
22312 4118 3847 932 1785 
22313 3107 1630 2020 4005 
22314 2020 1630 3107 411 
22315 317 3875 4327 318 
22316 317 4327 3875 3157 
22317 1764 4106 1792 4144 
22318 1764 1792 4106 649 
22319 4326 1626 2361 1941 
22320 4326 2361 1626 4416 
22321 1687 3913 1136 3153 
22322 1687 1136 3913 1828 
22323 3771 2062 1234 1318 
22324 1234 2062 3771 4567 
22325 3480 588 3192 3999 
22326 3480 3192 588 1590 
22327 3628 1547 2827 1255 
22328 3628 2827 1547 2495 
22329 1640 3386 2856 1772 
22330 2856 3386 1640 4296 
22331 3535 957 1397 1100 
22332 3535 1397 957 3041 
22333 1962 2979 3179 4167 
22334 1962 3179 2979 995 
22335 967 3674 1331 1893 
22336 967 1331 3674 3673 
22337 2365 3674 1331 3673 
22338 1320 4450 3332 3476 
22339 3332 4450 1320 2140 
22340 1876 3523 3522 1490 
22341 3522 3523 1876 3401 
22342 112 111 4150 4560 
22343 287 4150 111 4560 
22344 3263 766 603 1527 
22345 3263 603 766 4047 
22346 2643 3487 1181 1055 
22347 1181 3487 2643 2756 
22348 1181 1746 2643 1055 
22349 2643 1746 1181 2756 
22350 524 2558 4043 1352 
22351 524 4043 2558 4300 
22352 3107 2020 1783 3769 
22353 3107 1783 2020 411 
22354 4160 1320 3067 3476 
22355 4160 3067 1320 1318 
22356 4306 1242 3256 3257 
22357 4306 3256 1242 1837 
22358 991 3256 1242 3257 
22359 991 1242 3256 1837 
22360 282 4530 16 1519 
22361 282 16 4530 4506 
22362 3445 813 889 3444 
22363 3445 889 813 814 
22364 2579 2819 725 3968 
22365 725 2819 2579 827 
22366 725 638 2579 3968 
22367 2579 638 725 827 
22368 4073 3976 499 578 
22369 499 3976 4073 2544 
22370 499 501 4073 578 
22371 4073 501 499 2544 
22372 1843 3155 1445 3158 
22373 1843 1445 3155 1256 
22374 4016 1487 3481 1711 
22375 3481 1487 4016 2194 
22376 276 4361 3489 1403 
22377 3489 4361 276 2195 
22378 4160 2062 3771 1318 
22379 4160 3771 2062 4320 
22380 1809 4106 629 4065 
22381 1809 629 4106 649 
22382 3889 629 4106 4065 
22383 3889 4106 629 649 
22384 3280 1025 1209 1792 
22385 3280 1209 1025 3123 
22386 3486 4167 1022 4345 
22387 1022 4167 3486 1492 
22388 1022 2046 3486 4345 
22389 3486 2046 1022 1492 
22390 3043 1039 1793 4554 
22391 1793 1039 3043 1027 
22392 3908 4150 1632 2178 
22393 3908 1632 4150 4571 
22394 287 1632 4150 2178 
22395 287 4150 1632 4571 
22396 1575 3085 3084 3081 
22397 1575 3084 3085 1716 
22398 2554 486 4309 4205 
22399 2554 4309 486 485 
22400 1905 4235 2111 3421 
22401 1905 2111 4235 1857 
22402 4175 2111 4235 3421 
22403 4175 4235 2111 1857 
22404 4238 272 3609 2025 
22405 4238 3609 272 3608 
22406 1218 4271 2989 4444 
22407 2989 4271 1218 1954 
22408 3218 1530 3217 1881 
22409 3218 3217 1530 3016 
22410 3071 1159 3072 3026 
22411 3071 3072 1159 1934 
22412 2458 608 2457 610 
22413 2458 2457 608 2459 
22414 2787 1280 1360 1362 
22415 2787 1360 1280 2499 
22416 3335 4152 1344 4574 
22417 3335 1344 4152 1890 
22418 2107 1344 4152 4574 
22419 2107 4152 1344 1890 
22420 3849 808 3850 3851 
22421 3850 808 3849 807 
22422 3850 808 3854 3851 
22423 3854 808 3850 809 
22424 4392 1661 2413 2091 
22425 4392 2413 1661 2406 
22426 1531 423 3711 2602 
22427 3711 423 1531 830 
22428 3711 2878 1531 2602 
22429 1531 2878 3711 830 
22430 4557 203 3992 85 
22431 4557 3992 203 202 
22432 1594 2596 885 1160 
22433 4211 2596 885 3561 
22434 4211 885 2596 1160 
22435 4041 2004 3827 1216 
22436 4041 3827 2004 4330 
22437 4436 777 2051 2410 
22438 4436 2051 777 1585 
22439 1006 2363 2366 1684 
22440 1006 2366 2363 2364 
22441 4554 3194 3042 3043 
22442 3042 3194 4554 4561 
22443 4469 280 22 2076 
22444 4469 22 280 4478 
22445 591 2218 2220 724 
22446 2220 2218 591 2219 
22447 1799 3395 4419 1387 
22448 1799 4419 3395 3394 
22449 3575 1903 1119 3576 
22450 3575 1119 1903 1116 
22451 3816 1371 1127 1129 
22452 3816 3815 1127 3817 
22453 1127 3815 3816 1129 
22454 2350 338 1665 4001 
22455 2350 1665 338 359 
22456 1629 2351 1819 2652 
22457 1819 2351 1629 1821 
22458 3102 1327 2012 4276 
22459 2012 1327 3102 579 
22460 3460 1359 4157 1966 
22461 3460 4157 1359 3315 
22462 1906 4157 1359 1966 
22463 3628 1258 1547 1255 
22464 1547 1258 3628 3660 
22465 95 2184 96 274 
22466 96 2184 95 214 
22467 1506 4349 4422 4575 
22468 1894 3763 1174 2904 
22469 1894 1174 3763 1172 
22470 3065 1174 3763 2904 
22471 3684 1963 1983 713 
22472 1983 1963 3684 3111 
22473 1380 3572 1312 1937 
22474 1380 1312 3572 2794 
22475 3841 1752 1751 1753 
22476 3841 1751 1752 3842 
22477 785 1641 2806 296 
22478 2505 2806 1641 296 
22479 2505 1641 2806 3446 
22480 3089 1802 1803 1077 
22481 3089 1803 1802 3744 
22482 617 2450 1484 3994 
22483 1484 2450 617 615 
22484 420 2254 2252 419 
22485 420 2252 2254 2253 
22486 1467 3731 4137 307 
22487 1467 4137 3731 4376 
22488 3367 1556 1780 1815 
22489 1780 1556 3367 4352 
22490 1780 3366 3367 1815 
22491 3367 3366 1780 4352 
22492 2059 3248 1604 1603 
22493 2059 1604 3248 3145 
22494 498 2539 4183 496 
22495 498 4183 2539 2537 
22496 1447 2929 3504 878 
22497 3504 2929 1447 4052 
22498 996 4564 4196 3198 
22499 996 4196 4564 1765 
22500 4568 3530 3197 930 
22501 4568 3197 3530 3206 
22502 957 3039 875 2960 
22503 875 3039 957 956 
22504 2561 489 1823 2551 
22505 1823 489 2561 575 
22506 2004 4028 1123 945 
22507 2004 1123 4028 3827 
22508 3714 597 600 1486 
22509 600 597 3714 2469 
22510 2070 3095 3339 3649 
22511 2070 3339 3095 1293 
22512 3101 3102 568 3104 
22513 3101 568 3102 579 
22514 2012 568 3102 3104 
22515 2012 3102 568 579 
22516 500 2532 502 520 
22517 502 2532 500 2533 
22518 3722 1872 1149 2843 
22519 3722 1149 1872 1771 
22520 3588 987 1082 988 
22521 3588 1082 987 4021 
22522 3729 962 2272 1131 
22523 2272 962 3729 2279 
22524 3481 4466 142 4464 
22525 3481 142 4466 2194 
22526 1930 4502 4310 4531 
22527 1930 4310 4502 1417 
22528 3224 637 640 639 
22529 640 637 3224 4552 
22530 1908 2147 4190 237 
22531 4190 2147 1908 4438 
22532 751 4191 2068 2023 
22533 751 2068 4191 4288 
22534 842 2339 3749 789 
22535 842 3749 2339 2337 
22536 3479 1767 3396 3056 
22537 3479 3396 1767 1750 
22538 4042 1761 2243 3686 
22539 4042 2243 1761 1578 
22540 2727 849 2782 1698 
22541 2782 849 2727 3238 
22542 3159 2128 1430 4156 
22543 3159 1430 2128 292 
22544 2235 443 3647 2825 
22545 2235 3647 443 446 
22546 3873 861 1626 3301 
22547 1626 861 3873 938 
22548 1757 4022 3838 1130 
22549 3838 4022 1757 4372 
22550 3582 793 2882 933 
22551 3582 2882 793 2798 
22552 822 2882 793 933 
22553 2640 1995 1613 2619 
22554 1613 1995 2640 1061 
22555 1228 2831 1165 2912 
22556 1165 2831 1228 1083 
22557 1086 2517 1085 1375 
22558 1086 1085 2517 3916 
22559 3631 1861 1834 1209 
22560 1834 1861 3631 3119 
22561 4341 1204 3705 1153 
22562 3705 1204 4341 2896 
22563 3460 1278 1359 1966 
22564 3460 1359 1278 3020 
22565 4422 1887 1175 1506 
22566 1175 1887 4422 3383 
22567 1175 4349 4422 1506 
22568 4422 4349 1175 3383 
22569 3019 812 293 2816 
22570 3019 293 812 1909 
22571 483 2006 2569 481 
22572 3910 2569 2006 481 
22573 3910 2006 2569 2562 
22574 3401 1105 1102 1876 
22575 3401 1102 1105 3118 
22576 2378 1837 923 4306 
22577 2378 923 1837 905 
22578 1922 4134 1636 3168 
22579 1922 1636 4134 350 
22580 959 3034 872 1013 
22581 959 872 3034 3949 
22582 3870 3034 872 3949 
22583 3628 1257 1258 1255 
22584 1258 1257 3628 4000 
22585 1242 3258 3136 3257 
22586 3136 3258 1242 722 
22587 3136 991 1242 3257 
22588 1242 991 3136 722 
22589 3055 820 942 2991 
22590 942 820 3055 1444 
22591 3412 1496 3500 2056 
22592 3412 3500 1496 2197 
22593 3572 1312 3573 2935 
22594 3572 3573 1312 1937 
22595 2167 90 89 265 
22596 89 90 2167 208 
22597 1661 4360 2402 2077 
22598 2402 4360 1661 2406 
22599 1913 2517 2063 1375 
22600 2063 2517 1913 2516 
22601 1626 2361 3873 4416 
22602 1626 3873 2361 1378 
22603 4448 3557 1854 3558 
22604 1854 3557 4448 2083 
22605 1854 1111 4448 3558 
22606 4448 1111 1854 2083 
22607 2120 3390 4125 2179 
22608 2120 4125 3390 1385 
22609 563 3132 1600 3133 
22610 563 1600 3132 723 
22611 891 3547 2279 892 
22612 2279 3547 891 4433 
22613 3220 1422 2211 3452 
22614 2211 1422 3220 1423 
22615 3643 2071 1441 1440 
22616 3643 1441 2071 3644 
22617 2977 834 886 888 
22618 2977 886 834 2975 
22619 4552 638 635 637 
22620 4552 635 638 3668 
22621 1525 2190 4475 253 
22622 1525 4475 2190 3461 
22623 3078 593 444 592 
22624 3078 444 593 3077 
22625 425 2600 422 424 
22626 422 2600 425 2249 
22627 2831 1165 1084 1083 
22628 2831 1084 1165 2830 
22629 3723 813 2251 3444 
22630 3723 2251 813 1625 
22631 1767 1799 3056 1444 
22632 3055 3056 1799 1444 
22633 3055 1799 3056 3394 
22634 942 3187 2990 943 
22635 942 2990 3187 3725 
22636 1276 1466 2925 2924 
22637 1276 2925 1466 1966 
22638 3460 2925 1466 2924 
22639 3460 1466 2925 1966 
22640 1725 2673 2672 2014 
22641 1725 2672 2673 3967 
22642 298 2505 1641 296 
22643 1641 2505 298 2488 
22644 777 3415 4436 659 
22645 777 4436 3415 2410 
22646 480 3404 482 2068 
22647 482 3404 480 4249 
22648 479 2786 3910 3911 
22649 479 480 3910 481 
22650 3910 480 479 3911 
22651 906 2369 2370 780 
22652 2370 2369 906 2367 
22653 3588 1083 2829 988 
22654 3588 2829 1083 2831 
22655 1084 2829 1083 988 
22656 1084 1083 2829 2831 
22657 4212 1741 4121 3422 
22658 4121 1741 4212 1756 
22659 1141 3185 1139 1138 
22660 1141 1139 3185 3954 
22661 3820 1123 3821 3822 
22662 3820 3821 1123 1125 
22663 1365 2532 1364 2529 
22664 1364 2532 1365 520 
22665 3504 3000 961 4563 
22666 3504 961 3000 4380 
22667 1142 961 3000 4563 
22668 1142 3000 961 4380 
22669 4108 1942 3046 3245 
22670 4108 3046 1942 1682 
22671 1609 3046 1942 3245 
22672 1609 1942 3046 1682 
22673 1933 4177 4129 1339 
22674 1933 4129 4177 3719 
22675 4391 1686 4223 3032 
22676 4391 4223 1686 1782 
22677 811 2294 1863 1569 
22678 1863 2294 811 2598 
22679 2841 717 3368 4121 
22680 2841 3368 717 1576 
22681 233 3493 1992 3494 
22682 233 1992 3493 2011 
22683 2346 1078 2321 3866 
22684 2346 2321 1078 1840 
22685 1173 3496 1171 1977 
22686 1173 1171 3496 4351 
22687 3632 4560 2177 230 
22688 3632 2177 4560 4570 
22689 4470 1514 68 264 
22690 4470 68 1514 4492 
22691 284 3956 1348 2078 
22692 1348 3956 284 4077 
22693 2154 97 3678 243 
22694 2154 3678 97 216 
22695 2349 1665 1347 2348 
22696 1347 1665 2349 1819 
22697 1994 3459 1424 868 
22698 1994 1424 3459 2955 
22699 2461 607 4105 606 
22700 2461 4105 607 2474 
22701 1639 4379 1640 1706 
22702 1639 1640 4379 3207 
22703 4426 493 4222 3946 
22704 4426 4222 493 2093 
22705 3037 865 4040 3364 
22706 4040 865 3037 854 
22707 761 2542 2540 495 
22708 761 2540 2542 2560 
22709 3025 1895 1358 1923 
22710 1358 1895 3025 3023 
22711 356 2597 1671 353 
22712 356 1671 2597 2332 
22713 2496 4120 1763 2024 
22714 2496 1763 4120 4094 
22715 2066 1763 4120 2024 
22716 2066 4120 1763 4094 
22717 1085 2517 1913 1375 
22718 1085 1913 2517 2518 
22719 508 2995 509 511 
22720 508 509 2995 2656 
22721 2658 509 2995 511 
22722 2658 2995 509 2656 
22723 1172 3764 4351 3763 
22724 4351 3764 1172 1171 
22725 444 3078 323 3079 
22726 444 323 3078 592 
22727 3080 323 3078 3079 
22728 3080 3078 323 592 
22729 1984 3100 3703 3103 
22730 1984 3703 3100 580 
22731 3103 1382 1647 3222 
22732 1647 1382 3103 1984 
22733 607 4143 4215 2474 
22734 607 4215 4143 700 
22735 2827 1547 2029 1254 
22736 2029 1547 2827 2495 
22737 2029 2826 2827 1254 
22738 2827 2826 2029 2495 
22739 3600 977 1732 1009 
22740 3600 1732 977 4424 
22741 515 2664 869 517 
22742 515 869 2664 2662 
22743 2665 2664 1406 2663 
22744 2665 1406 2664 517 
22745 869 1406 2664 2663 
22746 869 2664 1406 517 
22747 2113 2326 2125 2327 
22748 2125 2326 2113 742 
22749 1052 3881 4095 3180 
22750 1052 4095 3881 1833 
22751 1861 2865 1885 2868 
22752 1861 1885 2865 652 
22753 1947 2791 2792 2750 
22754 2792 2791 1947 1381 
22755 740 4453 3247 3053 
22756 740 3247 4453 796 
22757 2850 411 3001 2088 
22758 3001 411 2850 3107 
22759 1964 2193 4340 3484 
22760 4340 2193 1964 1500 
22761 1964 2044 4340 1500 
22762 2347 2100 1243 2329 
22763 2347 1243 2100 1666 
22764 2418 636 634 1384 
22765 2418 634 636 2416 
22766 2460 1563 798 1562 
22767 2460 798 1563 3618 
22768 883 3893 771 1907 
22769 883 771 3893 3787 
22770 4446 4266 799 779 
22771 799 4266 4446 3160 
22772 799 800 4446 779 
22773 4446 800 799 3160 
22774 1094 4317 1092 3791 
22775 1092 4317 1094 1093 
22776 1295 1115 2574 1947 
22777 1295 2574 1115 2749 
22778 2750 2574 1115 1947 
22779 2750 1115 2574 2749 
22780 3815 1126 1127 3818 
22781 1127 1126 3815 1129 
22782 4046 832 1517 1484 
22783 1517 832 4046 3604 
22784 1270 2746 2804 2934 
22785 1270 2804 2746 1269 
22786 898 4277 2815 1760 
22787 898 2815 4277 3010 
22788 1988 1141 4272 1859 
22789 4272 1141 1988 3326 
22790 4272 3915 1988 1859 
22791 1988 3915 4272 3326 
22792 1402 3567 2429 2492 
22793 2429 3567 1402 1952 
22794 2429 703 1402 2492 
22795 1402 703 2429 1952 
22796 923 2376 2380 910 
22797 923 2380 2376 3606 
22798 1787 2893 2896 2895 
22799 2896 2893 1787 1773 
22800 2896 1204 1787 2895 
22801 1787 1204 2896 1773 
22802 1695 2948 2949 1824 
22803 1695 2949 2948 2967 
22804 3674 1331 4420 2365 
22805 3674 4420 1331 1893 
22806 2109 4420 1331 2365 
22807 2109 1331 4420 1893 
22808 287 4150 112 111 
22809 112 4150 287 4571 
22810 2596 885 4332 1594 
22811 2596 4332 885 3561 
22812 818 4332 885 1594 
22813 818 885 4332 3561 
22814 1127 3816 3826 1371 
22815 3826 3816 1127 3817 
22816 3826 1372 1127 1371 
22817 1127 1372 3826 3817 
22818 4157 1359 4397 1906 
22819 4157 4397 1359 3315 
22820 1173 1174 4351 3065 
22821 1173 4351 1174 1172 
22822 3763 4351 1174 3065 
22823 3763 1174 4351 1172 
22824 1641 2806 1391 785 
22825 1641 1391 2806 3446 
22826 3436 1391 2806 785 
22827 3436 2806 1391 3446 
22828 2882 793 2800 822 
22829 2882 2800 793 2798 
22830 794 2800 793 822 
22831 794 793 2800 2798 
22832 571 2006 2557 483 
22833 571 2557 2006 2562 
22834 2569 2557 2006 483 
22835 2569 2006 2557 2562 
22836 3034 872 2857 3870 
22837 3034 2857 872 1013 
22838 1709 2857 872 3870 
22839 1709 872 2857 1013 
22840 1799 3056 3395 1767 
22841 1799 3395 3056 3394 
22842 3910 479 1980 2786 
22843 1980 479 3910 481 
22844 4340 1964 1191 2044 
22845 1191 1964 4340 3484 
22846 1191 3293 4340 2044 
22847 4340 3293 1191 3484 
$EndElements
