$MeshFormat
4.1 0 8
$EndMeshFormat
$PhysicalNames
4
2 1 "epi"
2 2 "base"
2 3 "endo"
3 10 "wall"
$EndPhysicalNames
$Entities
4 6 4 2
3 2.517 -6.164668385141846e-16 -2.075952690999694e-15 0 
4 1.541167096285462e-16 -3.77464603682632e-32 -8.476000000000001 0 
5 2.887 -7.070877086970406e-16 -2.16657356118255e-15 0 
6 1.767719271742602e-16 -4.329520503900511e-32 -8.846 0 
4 -2.517026539711557 -2.518996941857588 -2.639421770035079e-05 2.517026498181565 2.518996941857586 2.639421770035079e-05 0 2 3 -3 
5 -8.476000004087325e-07 -8.476000006164669e-07 -8.476000847600003 2.5170008476 8.476000000000002e-07 0.970805111164585 0 2 4 -3 
6 -8.47600000163114e-07 -8.476000000890993e-07 -1.0000008476 8.476000001307326e-07 8.476000002371289e-07 -0.9999991523999999 0 2 4 -4 
7 -2.88703024580381 -2.889225235688526 -3.009614714335382e-05 2.88703020363463 2.88922523568852 3.009614714335382e-05 0 2 5 -5 
8 -8.846000005835464e-07 -8.846000007070878e-07 -8.846000884600002 2.8870008846 8.846e-07 1.013520041356609 0 2 6 -5 
9 -8.846000001631139e-07 -8.846000000890992e-07 -1.0000008846 8.846000001307325e-07 8.846000002371287e-07 -0.9999991153999999 0 2 6 -6 
3 -5.034000847599999 -4.359572730250866 -8.476000847600002 2.517000847599999 4.359572730250862 8.476000847600002 1 0 4 4 -5 6 5 
4 -2.517026539711557 -2.518996941857588 -2.639421770035079e-05 2.517026498181565 2.518996941857586 2.639421770035079e-05 0 1 -4 
5 -5.774000884599999 -5.000431566051351 -8.8460008846 2.887000884599999 5.000431566051347 8.8460008846 1 1 4 7 -8 9 8 
6 -2.88703024580381 -2.889225235688526 -3.009614714335382e-05 2.88703020363463 2.88922523568852 3.009614714335382e-05 1 2 2 -7 4 
1 -5.774030096147142 -5.000460777598494 -8.846030096147144 2.887030203634629 5.000460777598491 8.846030096147144 1 10 3 5 6 -3 
2 -5.034026394217699 -4.359598276868565 -8.476026394217701 2.517026498181565 4.359598276868562 8.476026394217701 0 2 3 4 
$EndEntities
$Nodes
12 5051 1 5051
0 3 0 1
1
2.517 -6.164668385141846e-16 -2.075952690999694e-15
0 4 0 1
2
1.541167096285462e-16 -3.77464603682632e-32 -8.476000000000001
0 5 0 1
3
2.887 -7.070877086970406e-16 -2.16657356118255e-15
0 6 0 1
4
1.767719271742602e-16 -4.329520503900511e-32 -8.846
1 4 0 64
5
6
7
8
9
10
11
12
13
14
15
16
17
18
19
20
21
22
23
24
25
26
27
28
29
30
31
32
33
34
35
36
37
38
39
40
41
42
43
44
45
46
47
48
49
50
51
52
53
54
55
56
57
58
59
60
61
62
63
64
65
66
67
68
2.505249721465697 -0.2429255338691911 0
2.470108614687189 -0.4835829458271485 0
2.411904820686696 -0.7197252868581235 0
2.331181594835855 -0.9491477132374473 0
2.228692814242217 -1.169708219798789 0
2.10539533529079 -1.379347484672041 0
1.962440345513459 -1.576108147019339 0
1.801162597451794 -1.758153126871372 0
1.623067842647976 -1.923782672102814 0
1.429818969090718 -2.071450407010536 0
1.223220288078488 -2.199777613229795 0
1.005200656481706 -2.307565964079772 0
0.7777957681308226 -2.39380924780464 0
0.5431288320746483 -2.457702261570339 0
0.3033908209320975 -2.498648236991049 0
0.06082013947872893 -2.516265071628399 0
-0.1823184040391101 -2.510388217576848 0
-0.4237546881893831 -2.481072540725849 0
-0.6612344880522223 -2.428591756186409 0
-0.8925405302140188 -2.353435904286152 0
-1.115513202743989 -2.256306733096451 0
-1.328070480971238 -2.138110825088167 0
-1.528228025698708 -1.999952034021918 0
-1.714116911938041 -1.843120245528775 0
-1.884001555250702 -1.669079739307937 0
-2.036295771649824 -1.479455480434867 0
-2.169577651170203 -1.276017954618506 0
-2.282602766600247 -1.060666588145089 0
-2.374315868031844 -0.8354120727960077 0
-2.443860547385149 -0.6023575244371759 0
-2.490587627423416 -0.3636789372126631 0
-2.514060778213191 -0.1216047759291026 0
-2.5140607783207 0.1216047737065336 0
-2.490587627726048 0.3636789351401434 0
-2.443860547984135 0.6023575220069917 0
-2.374315868807564 0.8354120705913499 0
-2.282602767964641 1.060666585208852 0
-2.169577652978538 1.276017951543847 0
-2.036295771797782 1.479455480231212 0
-1.884001554994082 1.669079739534262 0
-1.714116914539142 1.843120240349699 0
-1.528228021431129 1.999952029715333 0
-1.328070488108195 2.138110814102733 0
-1.115513205228036 2.256306731868348 0
-0.892540522252776 2.353435907305466 0
-0.6612344829624618 2.428591757572204 0
-0.4237546822532189 2.481072541739713 0
-0.1823184050830856 2.510388217501026 0
0.06082013729423619 2.516265071681205 0
0.3033908184704786 2.498648237289943 0
0.543128833824167 2.457702261183719 0
0.7777957690121449 2.393809247518284 0
1.005200655789602 2.307565964381261 0
1.223220287198917 2.199777613718884 0
1.42981896898421 2.071450407084051 0
1.623067842148928 1.923782672523854 0
1.801162595964246 1.758153128395292 0
1.962440345478334 1.57610814706306 0
2.105395337420768 1.379347481420903 0
2.228692813345003 1.169708221508279 0
2.331181595441655 0.9491477117495634 0
2.41190482067274 0.719725286904958 0
2.470108614197936 0.4835829483261973 0
2.505249722135782 0.242925526958806 0
1 5 0 37
69
70
71
72
73
74
75
76
77
78
79
80
81
82
83
84
85
86
87
88
89
90
91
92
93
94
95
96
97
98
99
100
101
102
103
104
105
0.2401387948413698 -5.881509879239797e-17 -8.437335637744619
0.4602999014309128 -1.127372367912219e-16 -8.333059992166747
0.6540254384184967 -1.601847414897514e-16 -8.184856279092029
0.8236375854456166 -2.017263640767246e-16 -8.009351839748653
0.9733856593262669 -2.38402852626106e-16 -7.81652718464442
1.107031371339388 -2.711355302445827e-16 -7.612169175906218
1.227485248748581 -3.006372469681507e-16 -7.399748371446312
1.33694435365318 -3.274461100381271e-16 -7.181442639094708
1.437068923162103 -3.519687468369987e-16 -6.958696086172837
1.529138445733095 -3.745185313037645e-16 -6.732496616490508
1.614152993665503 -3.953404024168373e-16 -6.503549545718759
1.692908204545751 -4.146292287449519e-16 -6.272372482225554
1.766046544337132 -4.325423638682608e-16 -6.039356124402236
1.834094175700309 -4.492086762142429e-16 -5.80480162344528
1.897487254465665 -4.647349896231263e-16 -5.568945772764222
1.956591174813752 -4.792107969019422e-16 -5.331978160523692
2.011714980858617 -4.927117895278249e-16 -5.094052752163014
2.063122178193558 -5.053025056255389e-16 -4.855296375550073
2.111039034982761 -5.170383630813898e-16 -4.615814820491731
2.155661034189621 -5.279672398311852e-16 -4.375697288702392
2.197157921310328 -5.38130710157559e-16 -4.135019820965286
2.235677727219524 -5.4756502997044e-16 -3.893847820143864
2.271349976433541 -5.563019225789641e-16 -3.652238078217315
2.304288280443086 -5.643692138538084e-16 -3.410240374375302
2.334592465743909 -5.717913534271684e-16 -3.167898624265823
2.362350296277901 -5.785898365552185e-16 -2.925251950580341
2.387638906537706 -5.847835551159175e-16 -2.682335459769211
2.410525985076579 -5.903890874757447e-16 -2.439180893456313
2.431070755952744 -5.954209388662999e-16 -2.195817180228048
2.449324795621947 -5.998917414586664e-16 -1.952270895736099
2.465332713604636 -6.038124210732801e-16 -1.708566637118324
2.479132716226671 -6.071923352520217e-16 -1.464727356137927
2.490757071676057 -6.100393871605034e-16 -1.220774660457638
2.500232492674542 -6.123601193124807e-16 -0.9767290347245803
2.507580442555084 -6.141597885347371e-16 -0.7326100697857222
2.512817375595107 -6.154424248298075e-16 -0.4884366843719043
2.515954919063506 -6.162108759631667e-16 -0.2442273041152597
1 7 0 73
106
107
108
109
110
111
112
113
114
115
116
117
118
119
120
121
122
123
124
125
126
127
128
129
130
131
132
133
134
135
136
137
138
139
140
141
142
143
144
145
146
147
148
149
150
151
152
153
154
155
156
157
158
159
160
161
162
163
164
165
166
167
168
169
170
171
172
173
174
175
176
177
178
2.876599543343925 -0.244834693244538 0
2.845473143752094 -0.4879053635331884 0
2.793845070137873 -0.7274606767853076 0
2.722087195981103 -0.9617745904487685 0
2.630716655962802 -1.189158901860758 0
2.520391742864278 -1.407975304904803 0
2.391907355345297 -1.616647211418489 0
2.246189219927876 -1.813671135627859 0
2.084287257631339 -1.997627537971653 0
1.907367918210256 -2.167190946705079 0
1.716705980066735 -2.321139732104097 0
1.513675153819197 -2.458364681956967 0
1.299738220934839 -2.577876982751538 0
1.076436651622499 -2.678815640393458 0
0.8453793287620348 -2.760453356393371 0
0.6082310628876423 -2.822202055088368 0
0.3667004373058366 -2.863616559613461 0
0.1225277419153197 -2.884398714108133 0
-0.1225277677813092 -2.884398713511189 0
-0.3667004555389823 -2.863616535299102 0
-0.608231075319063 -2.822201980019732 0
-0.8453793630371218 -2.760453355993157 0
-1.076436682026139 -2.678815631762195 0
-1.299738314857593 -2.577877097425071 0
-1.513675117693972 -2.458364651958716 0
-1.716705979102487 -2.321139723868839 0
-1.907367947194724 -2.16719097528297 0
-2.084287239826375 -1.997627520018367 0
-2.24618920994412 -1.813671126430835 0
-2.391907357830242 -1.616647202128538 0
-2.520391746692457 -1.407975300234445 0
-2.630716654264459 -1.189158897897109 0
-2.722087222494024 -0.9617745924350587 0
-2.793845021980468 -0.7274606594242314 0
-2.845473150665666 -0.4879053632056226 0
-2.876599570323152 -0.2448346981221304 0
-2.887000149656639 2.715119296568003e-09 0
-2.87659956990053 0.2448347030875621 0
-2.845473149578011 0.4879053695488453 0
-2.793845020752883 0.7274606641388351 0
-2.722087221254485 0.9617745959432994 0
-2.630716653264617 1.189158900109009 0
-2.520391744857703 1.407975303518807 0
-2.391907351892685 1.616647210913434 0
-2.246189207230231 1.813671129790188 0
-2.084287235811551 1.997627523750959 0
-1.907367937834114 2.167190977023956 0
-1.716705969456231 2.321139723446723 0
-1.513674879745272 2.458364772208639 0
-1.299738326419591 2.57787712148449 0
-1.076436683165635 2.678815631337638 0
-0.8453793654596403 2.760453355251273 0
-0.6082310708150027 2.822201980990428 0
-0.3667004603188227 2.863616534687023 0
-0.1225277656413668 2.884398713602091 0
0.122527741146268 2.884398714140804 0
0.3667004390273151 2.863616559393017 0
0.6082310605404683 2.822202055594237 0
0.8453793212040583 2.760453358707977 0
1.076436646737653 2.678815642356343 0
1.299738220612251 2.577876982914206 0
1.513675153183815 2.458364682348213 0
1.716705981694638 2.321139730900101 0
1.907367920001626 2.167190945128474 0
2.084287257949649 1.997627537639525 0
2.246189219941275 1.813671135611247 0
2.391907356922363 1.616647209085144 0
2.520391742016916 1.407975306421605 0
2.630716655545752 1.189158902783364 0
2.722087196905051 0.9617745878337287 0
2.793845071021392 0.7274606733920177 0
2.845473143392275 0.4879053656316817 0
2.876599543154763 0.2448346954669496 0
1 8 0 39
179
180
181
182
183
184
185
186
187
188
189
190
191
192
193
194
195
196
197
198
199
200
201
202
203
204
205
206
207
208
209
210
211
212
213
214
215
216
217
0.2428170163383841 -5.947105220483544e-17 -8.814656196004066
0.4716652082501293 -1.155208421800126e-16 -8.727144713998456
0.6796909473325465 -1.664707705477975e-16 -8.597347145197578
0.8664184166494224 -2.122042996195213e-16 -8.438239284700158
1.034087291358925 -2.532699734810222e-16 -8.259065046188184
1.185442820790873 -2.903401620867249e-16 -8.06586451360721
1.322954739548335 -3.240197559740638e-16 -7.86255185738828
1.44865582868166 -3.548066264610763e-16 -7.65171807106497
1.564176404989468 -3.831000728098294e-16 -7.435129216802837
1.670818624832308 -4.092190208108822e-16 -7.214028349352001
1.769629534747838 -4.33419914432788e-16 -6.989314600165279
1.861458616739247 -4.55910809887259e-16 -6.76165604118735
1.947002547665982 -4.768623381560236e-16 -6.531560093174845
2.026838399187614 -4.964158363632657e-16 -6.299420675582524
2.101449167282875 -5.146896004978704e-16 -6.065548411576498
2.17124250945206 -5.317834745528472e-16 -5.830192917538775
2.236565521940377 -5.477824697816493e-16 -5.593557095947982
2.297715793721589 -5.62759472053897e-16 -5.355808367271886
2.354950187728868 -5.767773925655944e-16 -5.117086320102168
2.408491664713616 -5.898908391473059e-16 -4.877508660360598
2.458534714095863 -6.021474463949352e-16 -4.637175673650931
2.505249738934419 -6.135889496421883e-16 -4.396173475154647
2.548786551242466 -6.242520410377094e-16 -4.15457673725716
2.589277242496908 -6.341690725938796e-16 -3.912450724583085
2.626838538974269 -6.433686330586762e-16 -3.669852885111727
2.661573730776345 -6.518760203750881e-16 -3.426834208798482
2.693574284614079 -6.597136366861931e-16 -3.183440255868369
2.722921182656872 -6.669013162478295e-16 -2.9397120290175
2.749686042574796 -6.734565997507604e-16 -2.695686700111223
2.773932060676483 -6.793949653152042e-16 -2.451398190111465
2.795714802023828 -6.847300220067298e-16 -2.206877680395776
2.815082866907329 -6.894736730702458e-16 -1.962154029443497
2.832078449151202 -6.936362526707972e-16 -1.717254148258082
2.846737805923566 -6.972266409600745e-16 -1.472203293222345
2.859091644996521 -7.002523589246425e-16 -1.227025376686246
2.869165447555508 -7.027196474488201e-16 -0.9817431797936634
2.876979726746757 -7.046335306384489e-16 -0.7363785949209579
2.882550233464516 -7.059978662225647e-16 -0.4909528024709069
2.885888110269123 -7.068153832512045e-16 -0.2454864812283242
2 3 0 2141
218
219
220
221
222
223
224
225
226
227
228
229
230
231
232
233
234
235
236
237
238
239
240
241
242
243
244
245
246
247
248
249
250
251
252
253
254
255
256
257
258
259
260
261
262
263
264
265
266
267
268
269
270
271
272
273
274
275
276
277
278
279
280
281
282
283
284
285
286
287
288
289
290
291
292
293
294
295
296
297
298
299
300
301
302
303
304
305
306
307
308
309
310
311
312
313
314
315
316
317
318
319
320
321
322
323
324
325
326
327
328
329
330
331
332
333
334
335
336
337
338
339
340
341
342
343
344
345
346
347
348
349
350
351
352
353
354
355
356
357
358
359
360
361
362
363
364
365
366
367
368
369
370
371
372
373
374
375
376
377
378
379
380
381
382
383
384
385
386
387
388
389
390
391
392
393
394
395
396
397
398
399
400
401
402
403
404
405
406
407
408
409
410
411
412
413
414
415
416
417
418
419
420
421
422
423
424
425
426
427
428
429
430
431
432
433
434
435
436
437
438
439
440
441
442
443
444
445
446
447
448
449
450
451
452
453
454
455
456
457
458
459
460
461
462
463
464
465
466
467
468
469
470
471
472
473
474
475
476
477
478
479
480
481
482
483
484
485
486
487
488
489
490
491
492
493
494
495
496
497
498
499
500
501
502
503
504
505
506
507
508
509
510
511
512
513
514
515
516
517
518
519
520
521
522
523
524
525
526
527
528
529
530
531
532
533
534
535
536
537
538
539
540
541
542
543
544
545
546
547
548
549
550
551
552
553
554
555
556
557
558
559
560
561
562
563
564
565
566
567
568
569
570
571
572
573
574
575
576
577
578
579
580
581
582
583
584
585
586
587
588
589
590
591
592
593
594
595
596
597
598
599
600
601
602
603
604
605
606
607
608
609
610
611
612
613
614
615
616
617
618
619
620
621
622
623
624
625
626
627
628
629
630
631
632
633
634
635
636
637
638
639
640
641
642
643
644
645
646
647
648
649
650
651
652
653
654
655
656
657
658
659
660
661
662
663
664
665
666
667
668
669
670
671
672
673
674
675
676
677
678
679
680
681
682
683
684
685
686
687
688
689
690
691
692
693
694
695
696
697
698
699
700
701
702
703
704
705
706
707
708
709
710
711
712
713
714
715
716
717
718
719
720
721
722
723
724
725
726
727
728
729
730
731
732
733
734
735
736
737
738
739
740
741
742
743
744
745
746
747
748
749
750
751
752
753
754
755
756
757
758
759
760
761
762
763
764
765
766
767
768
769
770
771
772
773
774
775
776
777
778
779
780
781
782
783
784
785
786
787
788
789
790
791
792
793
794
795
796
797
798
799
800
801
802
803
804
805
806
807
808
809
810
811
812
813
814
815
816
817
818
819
820
821
822
823
824
825
826
827
828
829
830
831
832
833
834
835
836
837
838
839
840
841
842
843
844
845
846
847
848
849
850
851
852
853
854
855
856
857
858
859
860
861
862
863
864
865
866
867
868
869
870
871
872
873
874
875
876
877
878
879
880
881
882
883
884
885
886
887
888
889
890
891
892
893
894
895
896
897
898
899
900
901
902
903
904
905
906
907
908
909
910
911
912
913
914
915
916
917
918
919
920
921
922
923
924
925
926
927
928
929
930
931
932
933
934
935
936
937
938
939
940
941
942
943
944
945
946
947
948
949
950
951
952
953
954
955
956
957
958
959
960
961
962
963
964
965
966
967
968
969
970
971
972
973
974
975
976
977
978
979
980
981
982
983
984
985
986
987
988
989
990
991
992
993
994
995
996
997
998
999
1000
1001
1002
1003
1004
1005
1006
1007
1008
1009
1010
1011
1012
1013
1014
1015
1016
1017
1018
1019
1020
1021
1022
1023
1024
1025
1026
1027
1028
1029
1030
1031
1032
1033
1034
1035
1036
1037
1038
1039
1040
1041
1042
1043
1044
1045
1046
1047
1048
1049
1050
1051
1052
1053
1054
1055
1056
1057
1058
1059
1060
1061
1062
1063
1064
1065
1066
1067
1068
1069
1070
1071
1072
1073
1074
1075
1076
1077
1078
1079
1080
1081
1082
1083
1084
1085
1086
1087
1088
1089
1090
1091
1092
1093
1094
1095
1096
1097
1098
1099
1100
1101
1102
1103
1104
1105
1106
1107
1108
1109
1110
1111
1112
1113
1114
1115
1116
1117
1118
1119
1120
1121
1122
1123
1124
1125
1126
1127
1128
1129
1130
1131
1132
1133
1134
1135
1136
1137
1138
1139
1140
1141
1142
1143
1144
1145
1146
1147
1148
1149
1150
1151
1152
1153
1154
1155
1156
1157
1158
1159
1160
1161
1162
1163
1164
1165
1166
1167
1168
1169
1170
1171
1172
1173
1174
1175
1176
1177
1178
1179
1180
1181
1182
1183
1184
1185
1186
1187
1188
1189
1190
1191
1192
1193
1194
1195
1196
1197
1198
1199
1200
1201
1202
1203
1204
1205
1206
1207
1208
1209
1210
1211
1212
1213
1214
1215
1216
1217
1218
1219
1220
1221
1222
1223
1224
1225
1226
1227
1228
1229
1230
1231
1232
1233
1234
1235
1236
1237
1238
1239
1240
1241
1242
1243
1244
1245
1246
1247
1248
1249
1250
1251
1252
1253
1254
1255
1256
1257
1258
1259
1260
1261
1262
1263
1264
1265
1266
1267
1268
1269
1270
1271
1272
1273
1274
1275
1276
1277
1278
1279
1280
1281
1282
1283
1284
1285
1286
1287
1288
1289
1290
1291
1292
1293
1294
1295
1296
1297
1298
1299
1300
1301
1302
1303
1304
1305
1306
1307
1308
1309
1310
1311
1312
1313
1314
1315
1316
1317
1318
1319
1320
1321
1322
1323
1324
1325
1326
1327
1328
1329
1330
1331
1332
1333
1334
1335
1336
1337
1338
1339
1340
1341
1342
1343
1344
1345
1346
1347
1348
1349
1350
1351
1352
1353
1354
1355
1356
1357
1358
1359
1360
1361
1362
1363
1364
1365
1366
1367
1368
1369
1370
1371
1372
1373
1374
1375
1376
1377
1378
1379
1380
1381
1382
1383
1384
1385
1386
1387
1388
1389
1390
1391
1392
1393
1394
1395
1396
1397
1398
1399
1400
1401
1402
1403
1404
1405
1406
1407
1408
1409
1410
1411
1412
1413
1414
1415
1416
1417
1418
1419
1420
1421
1422
1423
1424
1425
1426
1427
1428
1429
1430
1431
1432
1433
1434
1435
1436
1437
1438
1439
1440
1441
1442
1443
1444
1445
1446
1447
1448
1449
1450
1451
1452
1453
1454
1455
1456
1457
1458
1459
1460
1461
1462
1463
1464
1465
1466
1467
1468
1469
1470
1471
1472
1473
1474
1475
1476
1477
1478
1479
1480
1481
1482
1483
1484
1485
1486
1487
1488
1489
1490
1491
1492
1493
1494
1495
1496
1497
1498
1499
1500
1501
1502
1503
1504
1505
1506
1507
1508
1509
1510
1511
1512
1513
1514
1515
1516
1517
1518
1519
1520
1521
1522
1523
1524
1525
1526
1527
1528
1529
1530
1531
1532
1533
1534
1535
1536
1537
1538
1539
1540
1541
1542
1543
1544
1545
1546
1547
1548
1549
1550
1551
1552
1553
1554
1555
1556
1557
1558
1559
1560
1561
1562
1563
1564
1565
1566
1567
1568
1569
1570
1571
1572
1573
1574
1575
1576
1577
1578
1579
1580
1581
1582
1583
1584
1585
1586
1587
1588
1589
1590
1591
1592
1593
1594
1595
1596
1597
1598
1599
1600
1601
1602
1603
1604
1605
1606
1607
1608
1609
1610
1611
1612
1613
1614
1615
1616
1617
1618
1619
1620
1621
1622
1623
1624
1625
1626
1627
1628
1629
1630
1631
1632
1633
1634
1635
1636
1637
1638
1639
1640
1641
1642
1643
1644
1645
1646
1647
1648
1649
1650
1651
1652
1653
1654
1655
1656
1657
1658
1659
1660
1661
1662
1663
1664
1665
1666
1667
1668
1669
1670
1671
1672
1673
1674
1675
1676
1677
1678
1679
1680
1681
1682
1683
1684
1685
1686
1687
1688
1689
1690
1691
1692
1693
1694
1695
1696
1697
1698
1699
1700
1701
1702
1703
1704
1705
1706
1707
1708
1709
1710
1711
1712
1713
1714
1715
1716
1717
1718
1719
1720
1721
1722
1723
1724
1725
1726
1727
1728
1729
1730
1731
1732
1733
1734
1735
1736
1737
1738
1739
1740
1741
1742
1743
1744
1745
1746
1747
1748
1749
1750
1751
1752
1753
1754
1755
1756
1757
1758
1759
1760
1761
1762
1763
1764
1765
1766
1767
1768
1769
1770
1771
1772
1773
1774
1775
1776
1777
1778
1779
1780
1781
1782
1783
1784
1785
1786
1787
1788
1789
1790
1791
1792
1793
1794
1795
1796
1797
1798
1799
1800
1801
1802
1803
1804
1805
1806
1807
1808
1809
1810
1811
1812
1813
1814
1815
1816
1817
1818
1819
1820
1821
1822
1823
1824
1825
1826
1827
1828
1829
1830
1831
1832
1833
1834
1835
1836
1837
1838
1839
1840
1841
1842
1843
1844
1845
1846
1847
1848
1849
1850
1851
1852
1853
1854
1855
1856
1857
1858
1859
1860
1861
1862
1863
1864
1865
1866
1867
1868
1869
1870
1871
1872
1873
1874
1875
1876
1877
1878
1879
1880
1881
1882
1883
1884
1885
1886
1887
1888
1889
1890
1891
1892
1893
1894
1895
1896
1897
1898
1899
1900
1901
1902
1903
1904
1905
1906
1907
1908
1909
1910
1911
1912
1913
1914
1915
1916
1917
1918
1919
1920
1921
1922
1923
1924
1925
1926
1927
1928
1929
1930
1931
1932
1933
1934
1935
1936
1937
1938
1939
1940
1941
1942
1943
1944
1945
1946
1947
1948
1949
1950
1951
1952
1953
1954
1955
1956
1957
1958
1959
1960
1961
1962
1963
1964
1965
1966
1967
1968
1969
1970
1971
1972
1973
1974
1975
1976
1977
1978
1979
1980
1981
1982
1983
1984
1985
1986
1987
1988
1989
1990
1991
1992
1993
1994
1995
1996
1997
1998
1999
2000
2001
2002
2003
2004
2005
2006
2007
2008
2009
2010
2011
2012
2013
2014
2015
2016
2017
2018
2019
2020
2021
2022
2023
2024
2025
2026
2027
2028
2029
2030
2031
2032
2033
2034
2035
2036
2037
2038
2039
2040
2041
2042
2043
2044
2045
2046
2047
2048
2049
2050
2051
2052
2053
2054
2055
2056
2057
2058
2059
2060
2061
2062
2063
2064
2065
2066
2067
2068
2069
2070
2071
2072
2073
2074
2075
2076
2077
2078
2079
2080
2081
2082
2083
2084
2085
2086
2087
2088
2089
2090
2091
2092
2093
2094
2095
2096
2097
2098
2099
2100
2101
2102
2103
2104
2105
2106
2107
2108
2109
2110
2111
2112
2113
2114
2115
2116
2117
2118
2119
2120
2121
2122
2123
2124
2125
2126
2127
2128
2129
2130
2131
2132
2133
2134
2135
2136
2137
2138
2139
2140
2141
2142
2143
2144
2145
2146
2147
2148
2149
2150
2151
2152
2153
2154
2155
2156
2157
2158
2159
2160
2161
2162
2163
2164
2165
2166
2167
2168
2169
2170
2171
2172
2173
2174
2175
2176
2177
2178
2179
2180
2181
2182
2183
2184
2185
2186
2187
2188
2189
2190
2191
2192
2193
2194
2195
2196
2197
2198
2199
2200
2201
2202
2203
2204
2205
2206
2207
2208
2209
2210
2211
2212
2213
2214
2215
2216
2217
2218
2219
2220
2221
2222
2223
2224
2225
2226
2227
2228
2229
2230
2231
2232
2233
2234
2235
2236
2237
2238
2239
2240
2241
2242
2243
2244
2245
2246
2247
2248
2249
2250
2251
2252
2253
2254
2255
2256
2257
2258
2259
2260
2261
2262
2263
2264
2265
2266
2267
2268
2269
2270
2271
2272
2273
2274
2275
2276
2277
2278
2279
2280
2281
2282
2283
2284
2285
2286
2287
2288
2289
2290
2291
2292
2293
2294
2295
2296
2297
2298
2299
2300
2301
2302
2303
2304
2305
2306
2307
2308
2309
2310
2311
2312
2313
2314
2315
2316
2317
2318
2319
2320
2321
2322
2323
2324
2325
2326
2327
2328
2329
2330
2331
2332
2333
2334
2335
2336
2337
2338
2339
2340
2341
2342
2343
2344
2345
2346
2347
2348
2349
2350
2351
2352
2353
2354
2355
2356
2357
2358
1.028448721345203 -0.2179295216855567 -7.701268589342312
1.559972080892456 0.2111341941364244 -6.613688327563024
1.857002810583542 -0.2025645667313441 -5.680802661809441
1.973935597034885 0.211246941947929 -5.210648216822452
-2.504051612330181 -0.2461136801164072 -0.2244529533453177
2.167694469521994 -0.1860076148818904 -4.261972442473705
-1.62256668883668 -1.923188674691039 -0.2106145560277954
2.339390789530983 -0.2116860390939752 -3.045175782424371
2.206941091116504 0.2112904510338837 -4.012920204047322
-1.800366271572481 1.757974205164497 -0.1991381374773343
2.310268959922524 0.2113065377644061 -3.287922638723583
-0.5562641827021216 2.45386158983473 -0.2239440565430252
1.030869766288978 0.2177835919800966 -7.697643843703641
-0.5429611397715245 -2.456943332456362 -0.2106145554499347
0.6650919747338473 2.426600837025626 -0.2271514313476976
0.6614229171945104 -2.42776779186252 -0.2062789775465543
2.411913349122817 0.2113207834965215 -2.316748963109757
1.563186869718231 -0.2051558668557061 -6.607211054696259
2.411852727195422 -0.2072682518481365 -2.321611196970894
1.31825174382062 -2.143407693433068 -0.193588832286664
1.526944608167998 1.999849456552105 -0.2216244153475485
-2.41123189044588 0.719564352555486 -0.198565889756754
-2.225760190140695 -1.173406081411551 -0.2233428638875992
1.897979495777914 1.651600174894646 -0.2423593972846231
2.040685140259779 -1.472035425574387 -0.213108920111003
2.463487804276038 0.2113274754847318 -1.586152081332809
2.461486440859622 -0.2238605799066996 -1.601812094334634
2.02808705368573 -0.2029190336259349 -4.973168254135425
1.789218864737034 0.211203419068347 -5.918930699202511
0.3419006230443806 0.2099095098105808 -8.367634176666902
-1.216875602390725 2.202362234671046 -0.2157134923414814
2.281897973600562 1.060339085524329 -0.2106145552034304
2.495246121278033 -0.2113314283761597 -0.8544088769288959
2.494571325319835 0.2084893652750759 -0.8841539631356984
2.37358272388173 -0.8351541121967672 -0.2106145547709919
2.365981863004964 0.2113145297412124 -2.80285544187251
2.279943281779026 -0.2079327502043028 -3.522077005300571
2.123616614094267 0.2112761483593196 -4.493947254222373
1.713708752745138 -0.2215262009972893 -6.163002898598534
1.374680418382717 -0.211062152953793 -7.064528727066032
1.374680418381307 0.2110621529526227 -7.064528727069542
-2.40852914470695 -0.7275770720196647 -0.2359165392752561
-2.504476184892758 0.2428505251637341 -0.2106145537398361
-1.961834408560349 -1.57562149376851 -0.2106145545647869
-2.228408031227017 1.168708698682693 -0.2022358598373415
-1.220757171489284 -2.200155077219531 -0.2223204783752627
-0.06080137872828928 2.515488129692346 -0.210614553441736
-0.05846308170384461 -2.515753328120349 -0.179972691359799
1.713587648126347 -1.842551141878283 -0.2106145542549261
1.115168682510419 2.255609928109366 -0.2106145545401022
0.7260110637460399 -0.2105495755153886 -8.084714038114861
0.7260110637454793 0.2105495755153698 -8.084714038115438
0.3419006230462733 -0.2099095098054517 -8.367634176667485
2.442970504023494 0.6030535264776258 -0.1995243819617341
2.504092761493988 -0.2252963375518758 -0.3991590013154912
2.503869698559185 0.2298616480833128 -0.3852685372652961
2.501279107224586 -0.2109330134393479 -0.6245701432521635
2.472386173613748 -0.4156498528546723 -0.7517210273527736
2.464426733829792 -0.4205331170374134 -0.9820280221591959
2.424485190937796 -0.6260039775766634 -0.8603920817367052
2.415392672267806 -0.6284439524237082 -1.097544143115265
2.358581164791297 -0.8302137316313748 -0.9709215450567596
2.348746385405007 -0.8299000489588365 -1.213914401058702
2.275549585717273 -1.025965351774752 -1.088896845850372
2.264315585338532 -1.025482345297214 -1.332398438846255
2.176388507555303 -1.21210955869448 -1.211423002066074
2.162777715550714 -1.213217187827549 -1.451489059937158
2.060974068760263 -1.389054598049525 -1.339411451339585
2.045137666722927 -1.390976430340348 -1.571889060962909
1.926510016601923 -1.56241584238203 -1.439404379561899
1.909553112123497 -1.562379635684172 -1.676548124436602
1.778979235897295 -1.719808634945925 -1.553364139706741
1.761078594680673 -1.717646590716667 -1.793273714617243
1.618180828426544 -1.863256261373331 -1.66701813249057
1.600444360072507 -1.85803164291787 -1.909658905869185
1.445134137272809 -1.991858170985243 -1.77993167149541
1.422428471419946 -1.989757277638184 -2.000341565995535
1.259094471848253 -2.10608266471578 -1.888162102153059
1.235511995677249 -2.100599139579466 -2.119874275056116
1.06454496779142 -2.202242883954058 -1.998376473977444
1.044078529129711 -2.191528790181866 -2.23980737973657
0.8618684584361072 -2.280404413860061 -2.109000756727114
0.8383720750952205 -2.268863279058977 -2.344420924101299
0.6509039007493534 -2.340767657980231 -2.214422880437783
0.627104628996524 -2.326244548539958 -2.452999889302363
0.4371792168143977 -2.380869037831754 -2.322418629134066
0.4092950354029001 -2.365511610828919 -2.547134194733404
0.2181070312806989 -2.401236617537914 -2.432494545766719
0.1896337559791852 -2.38230526566115 -2.660005340817619
-0.005716420135405146 -2.402675202170511 -2.525419635171917
-0.02951767478986895 -2.379187923595861 -2.764393299877112
-0.2271534641561066 -2.382628736246367 -2.62313112428033
-0.2504439116795925 -2.355734029012769 -2.863532508897257
-0.4468839296964629 -2.341560779683304 -2.720550820539272
-0.470448387587015 -2.310982149791081 -2.961350615622509
-0.6629988214900551 -2.279618482995766 -2.815563401153691
-0.6848135337575172 -2.245717068280683 -3.055112774048689
-0.8724186166167087 -2.197399025210213 -2.907798170332365
-0.8936706248694146 -2.159386930539964 -3.147649668901829
-1.074578476964791 -2.094762582251502 -2.997907845553288
-1.09384937392239 -2.053082172717523 -3.236370181573704
-1.266464436602964 -1.972798997495095 -3.08530166496129
-1.283496666329669 -1.9271476833581 -3.323481424364721
-1.445359688870447 -1.831033934504084 -3.18320430358945
-1.461401562915686 -1.781426205360346 -3.411188993222106
-1.612585434370789 -1.674007485666031 -3.251960253437897
-1.623543857399716 -1.620477406961089 -3.488976946443711
-1.763055426397823 -1.499496158672625 -3.330994436353407
-1.769725132789568 -1.442532359167175 -3.567743497460295
-1.896382070422557 -1.309912268038549 -3.406263281614632
-1.900307351134353 -1.249527467011244 -3.631287482152332
-2.011346627607131 -1.10656470758944 -3.475692200797725
-2.009695971481922 -1.042068629095494 -3.705022590074461
-2.104668183270157 -0.8927218330403811 -3.545817949779959
-2.092432929176113 -0.8355724616078117 -3.778258226355704
-2.175652572131523 -0.6705417928231272 -3.614692867068714
-2.157062608780905 -0.6068442151965644 -3.86032253997486
-2.224438091072803 -0.4403397836338411 -3.678546019166884
-2.204224456296092 -0.3636728101834479 -3.904596176334205
-2.250275335586098 -0.2041105101626455 -3.734570464711075
-2.21996169721149 -0.1342297240222136 -3.968855931086039
-2.250803541656039 0.03191868926964601 -3.792221222629591
-2.212990306750811 0.1031790140457992 -4.023165984459946
-2.183549096388687 -0.2919914668339481 -4.099707137474908
-1.628923563366192 -1.568230611524635 -3.723411256017295
-0.7063270667644933 -2.208829757584504 -3.295099595872351
0.1698263201764756 -2.360897568721879 -2.882334357054206
-2.283638412231996 -0.03928497757537627 -3.561824907603451
-2.267976555825754 0.1978521150008905 -3.615049383374807
-2.304012532868598 0.1266734708057655 -3.38558488101193
-2.272150050278472 0.3627417138122989 -3.43590995878505
-2.008348051181461 -1.169398807753111 -3.255057768937824
-2.311720277159977 0.2922656241479195 -3.205003329818955
-2.263790580488137 0.5256948950978281 -3.254800915674773
1.022414676231592 -2.178303055534755 -2.485920682049054
-1.599008548246662 -1.725945988907847 -3.011176957060986
-2.306603224824403 0.4555489438164116 -3.025781107906439
-2.243234170639881 0.6859439906769325 -3.072870576441476
-2.192256740143075 0.7539050940439966 -3.301055426307595
-2.15668083408942 0.9093851081929579 -3.117504862322205
-2.097521171708514 0.9742601766654242 -3.344711842793298
-2.047943601630949 1.123218036851354 -3.158272966935761
-1.978001350516714 1.183184350782792 -3.405798090845226
-1.917502846036828 1.325644253620991 -3.196713102356839
-1.843780322013233 1.376453206107131 -3.436071838074554
-1.766974397191279 1.51397122540663 -3.231716170145974
-1.685444993086389 1.562710051458342 -3.454769589670279
-1.597681256609984 1.686259865528392 -3.2635780511548
-1.511476898846635 1.728556957202511 -3.471659048488832
-1.412354628865618 1.840632422078626 -3.286749438537881
-1.316684456477423 1.877628882612876 -3.493351491725162
-1.209845914112354 1.976307898074475 -3.309362589285263
-1.10763516119663 2.003475075388866 -3.523057863678882
-0.9938535306694291 2.089586584611083 -3.335648808173592
-0.8882182706777326 2.10472711173521 -3.558225093684372
-1.004960972019189 2.01965892728419 -3.759434826629986
-0.769423554115272 2.179209935068706 -3.357924436632169
-0.6584299437480198 2.184942988497696 -3.576189572705028
-0.5358264911939171 2.245934364383036 -3.374158364061865
-0.4260840801607289 2.243654780962375 -3.563437584644563
-0.2950041007640892 2.289131939360057 -3.381173149796743
-0.1750704049226713 2.275653031039843 -3.573428936011593
-0.0500364453182905 2.30692340095847 -3.385787011550762
0.06373560379938692 2.277427788531596 -3.602674381126215
0.1918091899793185 2.298180677661052 -3.39577672669504
-0.08452543408414473 2.247681711362675 -3.804041234309979
0.07518244486009819 2.331397395941715 -3.184421867761696
0.3180968661860367 2.310308694572343 -3.188611134228401
-0.8779972907759872 2.166030536329991 -3.145904708243105
-1.683539539908064 1.638606317679417 -3.041867493050594
0.177884143130727 2.240859723440922 -3.81315615778807
0.05239064779821891 2.214523119244991 -4.024736507890485
0.2954482716028233 2.194970081458177 -4.027094262377352
0.1684984516556941 2.173738035186165 -4.235240314319531
0.2013828953964642 2.347684225263551 -2.980024730804964
0.4431720074650492 2.314104466748188 -2.981347524059004
-2.211092179720533 0.8426236671663592 -2.889672456226545
-1.053861080549772 -2.134981920834659 -2.749246497507064
0.4101491324224597 2.141122546456436 -4.236445982271469
0.2838205594019165 2.124364142046507 -4.4443510630026
0.3272724501154018 2.355895918250976 -2.772695221032003
0.5667902476445464 2.309972916438295 -2.772954457285967
0.6793502325844432 2.255918675789287 -2.982859291666756
0.8003709336730602 2.240029220638401 -2.77070741424253
0.9089972350421606 2.174023683792543 -2.979113857207618
1.025509519412603 2.14679100110885 -2.766495061427456
0.5233431623883993 2.078580518169256 -4.443192604638652
0.397825159363398 2.066089001299492 -4.651907827041194
0.1561272211928136 2.098515503392127 -4.650500550121302
0.270699576975527 2.044531819726203 -4.858897129051186
0.02758044968098245 2.063066680070939 -4.854675431760874
0.1424603520333175 2.013370509964428 -5.063957073551854
-0.101244650907137 2.01748293801217 -5.056637871725365
0.01367239323445082 1.972038615759666 -5.266846658094859
-0.2296827896158847 1.961205798052656 -5.256114207415078
-0.1150037950811663 1.919937994695829 -5.467292362625069
-0.3569647708291968 1.89365438371787 -5.452792360101033
-0.2427955303113919 1.856441674902012 -5.664977120265142
-0.4821834382118034 1.814233719208934 -5.646310258707397
-0.3687897032276922 1.780898710590516 -5.859531983965951
-0.6042842045574859 1.722341965166335 -5.83624720113676
-0.4919076910842579 1.692643714963418 -6.050522282121604
-0.722015506914493 1.6173924379436 -6.022109011911241
-0.5903278359420995 1.57909712786403 -6.293943414408906
-0.83418549031614 1.498023811015551 -6.205115842809933
-0.940197017767174 1.515016613176494 -5.982451743496935
-1.042041260551748 1.379716412991039 -6.159693813841053
-0.9377578825322826 1.366354067928168 -6.37959328596006
-1.14184530808031 1.386634919483959 -5.937432266745751
-1.232007653394871 1.236423600800252 -6.106889305004711
-0.2532713790951377 1.738423337964219 -6.069939835984813
0.1154237545653265 1.91829160837982 -5.473741738720137
0.4521759349178955 2.356137768155389 -2.5633756019474
-1.59839070376748 1.611323971821301 -3.66434743353666
-1.325330780107681 1.236174444241152 -5.88172399586065
-1.40115126701133 1.072106168800581 -6.04525285378484
0.5078270281355115 1.999484536820868 -4.856051206768537
1.580040969903252 -1.85240340542935 -2.149302482033725
-0.2007446712513893 -2.406000019942737 -2.39579291084454
1.128939886602409 2.069033895265511 -2.973872277960179
1.240037286616426 2.031261786875094 -2.759650279791768
-1.98865301449227 -1.004860726589672 -3.942713979434638
-1.488307233391934 1.065799754536049 -5.81740203291418
-1.547425109361046 0.8901647402155216 -5.975176007082514
1.138557339312725 2.112768658455606 -2.553944325502009
1.347335698165042 1.987085180701347 -2.545679300353105
1.24813487262546 2.072348106957284 -2.339920522301079
1.450680672273657 1.936961838626623 -2.330625573127756
-1.237572486912625 1.3862657224605 -5.716793591974635
-1.462011525463076 0.8968706385271339 -6.203366762598349
-1.590299513888812 0.7042596607243862 -6.126866868442103
-1.505782981588115 0.7114344910488201 -6.35536533195072
-1.66945486456119 0.6943698459055515 -5.896550946281125
-1.69293253023638 0.5001557924472918 -6.0419317977676
-2.346585417363201 0.217180852316184 -2.97725628034187
1.337039768089732 1.942209993597724 -2.965378619616323
0.4575545757892722 -2.395854070793791 -2.091692771134952
1.353911884701973 2.025812206762315 -2.125254692457748
1.549865493745091 1.881150823615506 -2.115041375401266
0.2108266301698428 2.390047558254911 -2.56132444606615
0.3363088840547664 2.394614070713357 -2.352456239313502
0.0955281750943992 2.416679253976355 -2.347186242241144
0.219933635087072 2.425508846010405 -2.139953574974937
-0.0197901340531314 2.435878986271967 -2.133494372514853
-1.766445438589583 0.488258305553331 -5.809855042415146
-1.769543739492031 0.2882286880766707 -5.949077404215482
1.638623673712793 1.782085655020837 -2.319355581026641
1.73045675296042 1.717809086946251 -2.102842909905507
-1.838523633228806 0.2753556004992116 -5.714143287237257
-1.820301135100883 0.07195512037653848 -5.848812414969642
-1.750999871584179 0.08485975883441496 -6.082127503415788
-1.780824683166003 -0.132155523001592 -5.973388047323622
-1.709419543278017 -0.1194321794456056 -6.208369417654761
-1.716713086226316 -0.3350595867574957 -6.095009585941834
-1.64362842839188 -0.3218316735357427 -6.327138249850686
-1.62909533429613 -0.5331961903029533 -6.206660817180651
-1.552784561234741 -0.5191260291335635 -6.437704830904782
-1.70009634387241 -0.5458883903659562 -5.973843578557453
-1.591612114047811 -0.7372711612084545 -6.078774079720741
-1.661409238644851 -0.7494944290349894 -5.845565080683206
-1.533312401787478 -0.9319190861600662 -5.944158088285562
-1.60288876559815 -0.9407604970846385 -5.715837006351861
-1.457160964988744 -1.115424673372627 -5.801295051817685
-1.383304531406515 -1.100564459783445 -6.033858400290099
-1.289161564134215 -1.271100411807713 -5.888463506568279
-1.210912671001203 -1.252084874389289 -6.118539847524103
-1.102510262515243 -1.407720549466652 -5.965405137404535
-1.019523403453517 -1.383261708691601 -6.193316886856225
-0.8985058466663091 -1.522340944906891 -6.033800935064643
-0.8109376444450124 -1.490946894956055 -6.259156706253139
-0.6797822231172018 -1.612204258727058 -6.093206730644978
-0.7683571619860091 -1.645586235751146 -5.868504292641876
-0.5413698154477005 -1.717931916144144 -5.920405454183077
-0.5881162757357045 -1.572286470742314 -6.315589431728577
-0.6311141824875761 -1.753228650401053 -5.698119352865934
-0.3981993953226573 -1.806903488045044 -5.746328428563181
-0.4885813936423876 -1.845666683842375 -5.52320643731055
-0.2510543242554045 -1.881742818800176 -5.565354175025589
-0.1590743245250999 -1.832200367313582 -5.786838745564645
-0.01018085800664954 -1.888808818711899 -5.602196550881317
-0.1026631969040293 -1.941568246510519 -5.382802618716794
0.1322611042970747 -1.932841462461118 -5.411019678259167
0.0465458502348306 -1.988357157788676 -5.194645402243018
0.2988868988311501 -1.950438300436437 -5.262086466304616
0.2139866281934359 -1.870451252699391 -5.625753684505873
0.1952780616916509 -2.021851190001045 -5.005326926268201
0.4318798036787297 -1.980149624659954 -5.026243472746549
-0.7201853591822545 -1.452998113550668 -6.48225881559808
-0.4933448885061597 -1.525024209045775 -6.535208962834234
-0.6261956267577742 -1.407673789061303 -6.702615083175578
-0.3954699375796569 -1.469455836901849 -6.751475919095261
-0.5289582078589352 -1.35395347734364 -6.919622290770317
-0.04624945794591102 -2.037185139194818 -4.975506017933302
-1.835022862985641 0.4752733091588752 -5.576336981066642
0.3438033479963604 -2.042778638979519 -4.814635822407468
0.5786217287048638 -1.985214478070226 -4.832580251464683
0.6677521495801508 -1.910856058912146 -5.037791827951104
0.8069107441969134 -1.90064449847226 -4.847019712421909
0.7195107899981775 -1.980139927970126 -4.63767254555454
0.9440009912454267 -1.880212805279465 -4.652700694840822
1.025298023456017 -1.790780471943353 -4.853360222944933
1.153457493479446 -1.759845377374894 -4.651260173016014
1.073894385108312 -1.855402500153561 -4.441427957014827
-1.524684685238938 -1.127382868081102 -5.573833159243429
-0.2945571611910196 -1.404401372002074 -6.963632061729427
-0.4285237377391571 -1.290570795153698 -7.132493844057664
1.277340717349748 -1.720909184558385 -4.444796784557981
1.200164708222503 -1.820094263913458 -4.23576282908776
1.395853031091529 -1.674517036676235 -4.236733833140222
-0.4614731686936364 1.915850703068255 -5.272959897521678
0.1032731435934339 2.448921818752397 -1.926862715161516
-0.1381066850141016 2.447612377872655 -1.920979101850363
-0.1907778371309333 -1.328402707826127 -7.170673354282127
-0.05311163833793353 -1.421580627536386 -6.992392354809613
1.644592189541896 1.820068725067851 -1.898850669179526
1.228318548700225 -1.656891709602309 -4.85811758512673
-0.3250493899683071 -1.215938038216493 -7.340168558386504
-0.5562987662297545 -1.156729442620244 -7.291085017374591
1.321279348475213 -1.777200353730369 -4.028450087060592
1.508823462835447 -1.621275791035936 -4.027234926191269
1.817526750062267 1.648716433099106 -1.885859594913446
1.08534159430039 -2.210123486382507 -1.758457295050773
-1.726036708637473 -0.7594296531618501 -5.614092679746828
-1.564985828808857 -0.3071476151054144 -6.557354320854982
0.6468470108411362 2.082506680671753 -4.232941876235246
-0.4529267802691362 -1.082313097324653 -7.49883170218921
-0.67437510425786 -1.001498468520461 -7.437153226854616
1.81012523258108 1.609272764151508 -2.306128048447705
1.121664882311782 -1.911174360038764 -4.01929189132904
1.437046270376765 -1.727315687997504 -3.81965401249068
1.616110641188832 -1.561751677378366 -3.81644563459999
0.05198571059440304 -1.330609045413837 -7.192643199016028
0.1896973011564842 -1.404156780249731 -7.005411976644437
-0.5703585509195493 -0.9258747188180774 -7.644105703565481
-0.7782033385074224 -0.8240876760584332 -7.567942900809712
-0.6720471107300698 -0.7456808091783563 -7.772730528088125
-0.8840232270333751 -0.6311059160531366 -7.646153502020579
2.027640216155522 -1.392370127594942 -1.798603627869709
-0.7637645615872043 -0.5477959750930925 -7.862860460002834
-0.9201749410874683 -0.4059360819728383 -7.769944273575811
-0.01427453748274804 2.46496120062654 -1.713960474220687
-0.2578149292936286 2.451833117502775 -1.708271970462772
0.2283776231720409 2.454089605110831 -1.718999162700256
-0.378895713727548 2.420835973707627 -1.938230796209429
-0.4992445220148377 2.414602398836331 -1.70296746942882
-0.6127383435231734 2.373904573835263 -1.918050633659474
-0.7333765912607856 2.354653695432015 -1.694002789797627
-0.8541103505186735 2.299490975048409 -1.899359417172221
-0.9635732383009105 2.27086368767698 -1.683729370204915
-1.077955907318584 2.204296778883237 -1.888131628516167
-1.182814168302307 2.16558881769173 -1.671803036025205
-1.290226735665206 2.088706772978749 -1.868608025549958
-1.391017655702055 2.039173900365778 -1.657031844617557
-1.494184312107724 1.949433160663773 -1.851857943963812
-1.584921338213209 1.893449838908338 -1.64339934320074
-1.678029094369521 1.794222737275455 -1.845292612230883
-1.763785740401286 1.729021893953263 -1.631873581508612
1.54730798506876 -1.670994484002897 -3.60952193378649
1.717603053415351 -1.496469463947071 -3.604497140028983
-1.902394017683969 0.2614341578058494 -5.479657986085511
-1.899039965803444 0.4613559419844604 -5.341590010677955
1.734707272175678 1.754008402968639 -1.682181190668627
1.899703766862787 1.575095143658488 -1.668493561555821
1.574562909339302 -1.508550669839125 -4.2333057382049
-1.84861472027955 1.619678017433824 -1.827643450799485
-1.927302478789085 1.54650291544452 -1.6119143799383
-2.00011856210023 1.430489564014136 -1.808803701029122
-2.06943187517646 1.352740524815608 -1.589638060769166
-2.131974517028633 1.227896091979386 -1.789042849814492
-2.193006143172063 1.143918691873139 -1.570364620511786
-2.243983479166124 1.012204111542988 -1.766799060172581
-2.296040714397455 0.9232792800028559 -1.547004479727891
-2.333758299056223 0.7877471118303296 -1.74433850078817
-2.376213187253575 0.695972462187733 -1.522923128104755
-2.401295664600117 0.5551769941613874 -1.71988873869904
-2.434135349791452 0.4608867045628451 -1.497904204931892
-2.445722881185359 0.3172604018360963 -1.694071993093217
-2.468867546236945 0.2214263299652449 -1.471534048532827
-2.466666439776811 0.0762931851450563 -1.66691307594363
-2.48013144428414 -0.02012280407145894 -1.443837765002429
-2.46398115208759 -0.16541036470384 -1.638438197368045
-2.46787404800275 -0.2614655575589084 -1.414841207036488
-2.437749733775159 -0.4055398091527079 -1.608674288319927
-2.43226638605211 -0.50031901639721 -1.384571730632014
-2.388279923298819 -0.6418118834589808 -1.577650007305292
-2.397707976169678 -0.5477761431020549 -1.801618564341269
-2.334401099243525 -0.7807432593819077 -1.770103027754569
-2.316111181515012 -0.8719919949534006 -1.545194831815926
-2.24877081663128 -1.006139042483331 -1.736804891816527
-2.221993135761566 -1.093895627894076 -1.511358530947574
-2.141652685842228 -1.221934424426284 -1.702134467180236
-2.106879012102756 -1.305447192068534 -1.476169928429159
-2.014131490874433 -1.426102995822649 -1.666125636271562
-1.971915431802195 -1.504682079186719 -1.439662288091832
-1.867480428632587 -1.61674172687065 -1.62881270484482
-0.8062930730832027 -0.320547556250205 -7.956450506212528
-0.9457542117308047 -0.1721823129276142 -7.833469795463895
-1.818429873019204 -1.68976367976629 -1.40186968603294
-1.70363197412565 -1.791693791322334 -1.589376474817276
-2.347661893526264 -0.6877623736586064 -1.994389637320378
-2.027510966471393 1.043010120016974 -3.590170133894389
0.2933021829322722 -1.296321174507915 -7.197960896207266
0.4278766186819029 -1.352115823538447 -7.002453662382531
-0.8133878364662515 -0.08117581443242998 -8.016562071643285
-0.9340940954627284 0.06873663343098023 -7.867301445290366
-1.647916010932207 -1.85899969653706 -1.362827066121184
-1.524562937011297 -1.949280634418257 -1.547958779984413
-0.7186001025295986 -1.782702093058848 -5.472449327641259
-0.7841126108479578 0.159816955531546 -8.036211421819457
-0.8832922674359679 0.3069264836565719 -7.869353328930432
-1.03079584624538 0.2153366318540576 -7.698536709491074
-0.9610141692441472 0.4484163361373971 -7.686953407015686
-0.7930724951459768 0.5315885836217724 -7.842546591324616
-0.8565035596776611 0.6651338787025719 -7.648963709617536
-0.6689631297150794 0.7340408304453572 -7.788296272437269
-0.7228967295930516 0.8589045282054161 -7.586219904349965
-0.5185763237778434 0.9085763454371162 -7.70919217157653
-0.5670223235624356 1.025664199853772 -7.501132185135835
-0.3499520956689336 1.052667771740001 -7.608401130569036
-0.3951778743682259 1.166532086256142 -7.391895829303798
-0.1703928654144509 1.166330451146437 -7.489134866789913
-0.2146805703892419 1.275559556877331 -7.271111598796756
0.01410150290125533 1.251231167274603 -7.354355966605348
0.05957180587501799 1.134515758696108 -7.563480842615723
0.2433388472625655 1.194771780469018 -7.415077831665084
0.1984450278654959 1.311943848324702 -7.202605152776124
0.4230272436710681 1.231125191583633 -7.254341042121168
0.3781855559056297 1.348739491322378 -7.042157553838477
0.5963614741800296 1.246961913422981 -7.083550929257862
0.5515189724097435 1.364992970624192 -6.874908135831563
0.7619605009107988 1.245323150203857 -6.904506655404115
0.7181990823402258 1.365532742675468 -6.696840612283965
-0.3472537084456203 -1.006465957705429 -7.680361134655114
-0.8478780418808417 2.328243303832801 -1.489619476083159
-1.462018016667464 -2.010856396458789 -1.322570192508843
-1.328144189840945 -2.090721077414652 -1.506772834435011
-1.262514311189666 -2.143970866200321 -1.281136261683237
-1.119386853926255 -2.211909318682044 -1.466774723844748
1.228224865082009 1.983739081229504 -3.179627068385133
1.429101665127196 1.84581635124826 -3.169602826076279
0.1108427939733134 2.474425077252598 -1.506833134437256
0.3531466944856849 2.451399356750712 -1.510569533453836
-2.05234169464427 -1.34446560388961 -1.891788833469555
1.322748720974892 1.890916613229879 -3.384395766974982
1.51565174126258 1.742126379643853 -3.372690483545865
1.411951842044892 1.79064115402351 -3.588064412229382
1.596056870303086 1.631426113659052 -3.573901218677062
1.495240366442973 1.683013603696064 -3.790511617162224
1.692000897675681 1.574262954381566 -3.357582756631292
1.669847498004398 1.513362975223405 -3.774953350945195
1.571984924817478 1.568165937256049 -3.991601060983742
1.736220760958743 1.388628839907522 -3.973845817657075
1.641516027653014 1.446267578338537 -4.19118505693061
-1.48614988984627 1.985594345406723 -1.444742701428974
-1.10778476173814 0.3565691356982859 -7.515610695777815
1.627016865207455 -1.872110366590688 -1.441777747713282
1.651936823791881 -1.608753459795558 -3.398184005849933
1.813214129144501 -1.42591581472299 -3.391505882489664
0.9190480208214595 1.228846409772447 -6.718629700967634
0.876869767287339 1.351588953922298 -6.512084975597261
0.526574222232473 -1.2262644920398 -7.186505898102108
0.6555453999864097 -1.266827473752435 -6.983564918895514
0.5577719749919172 -1.394967241730299 -6.800556173108644
0.7792867401221802 -1.296075044645835 -6.775451041991926
1.067246305867471 1.199782287323821 -6.527044660493194
1.027109160336569 1.325223875949561 -6.321685985931548
1.820058850372522 1.683266357696398 -1.465111216718403
1.645779739718854 1.853117554787296 -1.478073548467867
1.976856074380572 1.497235816237462 -1.450818431856836
2.046262150002333 1.380948130173883 -1.653448046598981
2.114683607381008 1.296831231719598 -1.435167913173042
1.868599333713462 -1.305103471552234 -3.596028249642909
-1.961784887314457 0.246595191387001 -5.244962381278409
-1.958816944965406 0.4466323253758754 -5.105785352222077
-1.998986922565689 1.472162615914939 -1.396914406350594
0.6827274849001829 -1.426697163729805 -6.593518258896169
0.8977457681605586 -1.315629628519691 -6.563137811001664
-1.876566350430079 0.6567980035337688 -5.197750726161501
-1.936894746074378 0.6422343309039713 -4.962081910626105
-1.836002239679457 0.8460480938723006 -5.049665595540555
-1.897486536808072 0.8318193017820769 -4.813183308058282
-1.77870586690664 1.027726656667763 -4.897685338634074
-1.05089450891967 -2.257359157414226 -1.238395299311633
-0.9023524142406133 -2.311360778061987 -1.423383652313542
-0.876331339364398 -0.8922884817667412 -7.355622521121143
1.20643547565631 1.160037006679965 -6.330648033432772
1.168738962940013 1.288212007475042 -6.12649045735477
-1.580790576573272 -1.886383602211368 -1.775369577090967
1.472514537238057 -1.773900818115783 -3.401452435620594
-1.841144422638034 1.014130464704497 -4.662518389918914
-1.706056222377319 1.200674699932867 -4.742131866526551
-0.7799410766843865 0.9671483475098828 -7.371370440905734
0.8294711618869697 1.469821763688526 -6.288207898836599
0.80264563895067 -1.448815913620594 -6.382264132460112
1.010971819085421 -1.326808492930907 -6.347363490952388
0.9175349827569315 -1.462567338511359 -6.16750735923593
1.11906934530127 -1.330690187377287 -6.128700477028581
0.2362243511483273 2.476041214715102 -1.298593960448228
0.4767809558615043 2.441007867841108 -1.301832109509919
0.7455930120354639 -1.122732654713649 -7.158495639237048
0.617412670576477 -1.083662077100768 -7.362259144764072
1.954609122133405 -1.227404665886958 -3.381396881845213
1.902764626165362 -1.350733540606968 -3.177419975771733
-0.9736628076497748 -2.26894932275881 -1.646768956830354
-0.8300634322481669 -2.349556337455036 -1.194721371982216
-0.676975567894471 -2.389384548369169 -1.379584893859869
-2.34191377870595 0.8338088787067363 -1.327887272617016
1.794532305791 1.257290504482657 -4.171032175766937
1.703122241689551 1.317532459684183 -4.389097819710278
1.541142987657879 1.499113314001679 -4.407216926037415
1.605935498363087 1.373145751502999 -4.605888229023914
1.880211089056437 1.192871851327064 -3.951833806668774
-1.188468919973624 2.13000122340219 -2.091989123081036
-0.6015050612112196 -2.420091078773443 -1.15008827210006
-0.4445472006350656 -2.445546632354657 -1.334178460176495
-1.128674485600813 -1.228492127443285 -6.346814803864176
0.7997709426863003 1.114383413911505 -7.10678756839816
1.027464765978963 -1.46898213055897 -5.949809790502496
1.222170303343017 -1.328166332713629 -5.907601667824298
-0.2998038892312948 0.9374598571332354 -7.801109252896337
1.756210924292967 1.182048354234827 -4.584965915698345
1.662329173772012 1.240178378522854 -4.802566836590281
1.502758676233053 1.423850212938952 -4.821123030434439
1.562342198143532 1.293569761076103 -5.018653432578288
1.393550565810099 1.469054513024031 -5.034593797565715
-2.447580805322223 0.1724486456373078 -1.889701217763683
1.734108183971789 1.785461156245814 -1.26129103855589
1.551939757436595 1.945267142045181 -1.272129985896573
-1.922816443952798 1.509778022913522 -2.016669924354544
2.048792586502378 1.415531065418154 -1.232752566348591
2.177686685008157 1.209317202609625 -1.216603148246203
-2.190743850142434 -1.17899171261805 -1.286318929685112
2.173038016401895 1.173395272154899 -1.637098458276289
1.22577209957495 -1.181884815254925 -6.242078944309083
0.4607005068343871 2.391249246669799 -2.142988001213718
1.33665762746041 1.111223851260833 -6.130162531462639
-0.03262085604082154 2.399510168715551 -2.557030739235548
0.4320251221934074 2.264464549603948 -3.402415413452035
0.2872194878378725 1.065894854256062 -7.617300738655621
-0.06777397542384551 2.184248094188087 -4.205678382605869
-2.311086152696734 -0.1122088342480468 -3.336340409239616
-0.2158834388979443 2.054034633010815 -4.844551426423296
1.949985391525359 -1.550555692843786 -1.207722277466462
2.243854441315828 -1.037362787210764 -1.594804861156193
2.034413946267209 -1.145698691957376 -3.165851072230708
1.986225902134063 -1.271346575592161 -2.962393419012268
0.0004756518426575112 2.487443617829043 -1.295122765477205
0.59190206301364 2.404794822529402 -1.513139308039521
-0.6384926496558455 -2.310919461945935 -2.580629577156864
-0.2826956326038712 -2.327458233386601 -3.083259986582165
0.5020386216735042 1.472968935145751 -6.661874316930454
1.580097388452513 -1.71488197886926 -3.190715705899821
-2.486384512221219 0.1250573190927355 -1.248892233415741
-1.298586492623531 -1.878895631623277 -3.561780388429241
0.9835645007598131 -1.168272440360317 -6.737551862104841
0.1498122000941636 1.415446891098045 -6.990590926440486
-1.988112006684538 1.26656327435897 -2.971267936545242
-0.3676463376474869 -2.468313726415751 -1.104378706776547
-0.2079812956307173 -2.479071287385448 -1.287770125959685
-1.309026525643038 1.942893726295775 -3.099020477495096
-0.2567305309273955 -1.567041631073646 -6.576341433772212
-0.1301590979819063 -2.493934245695806 -1.057629012919869
0.03076867675293645 -2.489722303916495 -1.240160312257119
-0.7322837818132251 2.323142756359238 -2.135264366124576
0.5789638594058537 -1.543163013708071 -6.405990476870918
-2.017436035688669 0.231149619757488 -5.008200524514731
-2.000528759266992 0.02873282820734442 -5.142856632336345
0.5961575172485487 -2.308802901371572 -2.713533840861913
2.108013892258668 -1.060384368873881 -2.949499176174153
-2.184892980612008 -0.737496477526471 -3.397056837057005
-0.6323735128698306 -0.4542165014173845 -8.06028095252255
-2.36258323687874 0.644134664338473 -1.959468886579569
0.7134806051634053 2.382550657772783 -1.302865154482906
-1.585847742666786 1.857192549169041 -2.051722413677495
-1.925819033846523 -1.580050909335474 -1.213932369735677
1.998645638524208 -1.099050792362984 -3.584122236734383
0.1085074036858275 -2.496712076241622 -1.009935677776242
0.2687740540079684 -2.47744427898687 -1.192111296749691
0.7545552330105597 2.008013404780115 -4.434140314696821
-2.466345946043351 -0.3568632731965674 -1.190949844618338
-1.470582460740939 -0.5034899403488623 -6.666609410667878
-1.480143166476173 -0.2908121739986214 -6.78523748008048
2.063577439765935 -1.188166689361479 -2.746520821442619
-1.060946430161176 -0.2582663467842239 -7.636865769684074
0.3603181363841362 2.469506439619394 -1.101526948994709
-1.954867651402336 0.8158774572940146 -4.577975405324609
-1.769899945577554 1.187958486906836 -4.507293865479123
-1.619426339072961 1.363936089607627 -4.583298348803326
-1.550642247135931 1.372848133307832 -4.816922228857138
-1.44995957334581 1.523993463414545 -4.654405551847705
-1.37628498042375 1.52818617987902 -4.886678670981397
-1.263081834450904 1.665827705274773 -4.720428478433801
1.799955696900915 1.040100826910316 -4.778576175506525
-0.4389573757876626 1.264240224168584 -7.17862602305025
1.099918010409743 1.071699220770124 -6.715551966412526
-2.185878874385212 1.101020668861434 -1.977890272424238
1.456182000105303 1.341628584871349 -5.233031233107803
1.278277583450983 1.508108202670822 -5.246070551097704
1.609442141057724 1.161792421028956 -5.211716004695476
-1.589564763597361 -1.92213489650254 -1.136851088600669
1.926075572342433 1.053218773970496 -4.146612387124485
2.002385535739462 0.9832563829148543 -3.925628158399161
2.115414659246408 1.330252279162981 -1.014387742554287
2.235182818020974 1.118680287218806 -0.9978331344459948
1.097393892389676 -1.690376870825193 -5.077719935927217
1.291089080835492 -1.548891384162851 -5.072884537151552
-0.6027005934860993 0.5980380979015977 -7.979194956972117
1.392257693660757 -1.870350876497342 -3.192375157690307
-1.338375148844839 1.66353361819734 -4.488636122525623
-1.14038064400953 1.791160267002289 -4.551194578947936
0.8250477162655531 -0.9617403376620856 -7.323552705228582
0.6972256901547375 -0.9231745668398813 -7.527637072802333
-2.344913052263817 0.384279438140857 -2.79523089107863
-2.376744209937559 0.1437663037447302 -2.747573778013954
2.175413646549323 -0.971841733104884 -2.732427973617048
-0.5208556506834375 -2.418576439489013 -1.559579830376363
1.212982957461687 1.930301500796301 -3.592189976277609
2.285852485744045 0.9916084097921899 -1.199512055300523
0.825093721922896 2.335159825884892 -1.511771443463746
-1.551586626346358 -0.08997233469302982 -6.667118689556707
1.642156550940616 1.881548463626617 -1.05626993136117
1.452256402375068 2.031193619996615 -1.067518103836631
0.3461702222208114 -2.476683030883525 -0.9613395056579144
0.5022294416824529 -2.443224499064546 -1.135545278072178
1.930412077923644 -1.392372957601559 -2.756615325443192
-0.6582951957668288 0.009659452152422919 -8.180909029915926
-0.04784636775347433 -2.478633049258056 -1.465454765836393
-1.193092165166347 -2.193864197609922 -1.058381336164493
-2.052622374162726 0.01305679571677649 -4.905305792592388
-2.015757858297927 -0.1895618836732817 -5.035597031416046
-0.7557648827134691 -2.383675300756456 -0.9654837509655368
-1.184704499697825 1.664334593785637 -4.951205238947013
-1.462723977188092 -0.07313299394453109 -6.893414472852279
1.502615535641804 -1.814711540256987 -2.982202255376984
0.4813992476167044 -1.032526144169245 -7.558095873860126
0.5624388336281292 -0.8747159596279486 -7.718723321375023
1.362642250551314 0.9725805663101662 -6.329273559880637
1.205540108872446 1.624262944411952 -5.044210675926348
1.081941612322784 1.652792853775062 -5.252618431254587
0.5807405095980769 -2.434152188383812 -0.9094284448384852
0.7341023113112116 -2.386021567842422 -1.082241024636593
0.8101883846770505 -2.369404800536512 -0.8572567090740348
0.961532411670543 -2.30655606895209 -1.013296224820364
2.140048321647244 -0.9354996290899832 -3.159574967370277
2.186620739590195 -1.213466489161109 -0.9612302621744133
1.480670201685509 0.9143203510365971 -6.123782778454105
1.390250505733275 1.728448919175044 -4.005708415131297
2.134811462493467 -1.101576362371569 -2.52988437243419
-1.381769996377106 -0.4860717799508171 -6.892884554874078
1.276932816072633 -1.919488615181997 -3.401501133901734
1.189451628335136 -2.005652299590139 -3.190878541653683
1.067330809102325 -2.04393709477394 -3.398365974024024
1.531069481145448 1.794889113888137 -2.953988134338716
1.415422743833713 -1.500867066118065 -4.855821424528356
1.475303840274392 -1.378901392419042 -5.059549525085675
1.584131420486793 -1.324605423823117 -4.846437788025458
1.632652437629746 -1.192794593579501 -5.047855992294654
1.731349907630358 -1.130216230642465 -4.83365768133702
1.767396513420177 -0.9901186798451498 -5.030175866940426
1.67217656773845 -1.054946876496659 -5.24531019174011
1.85569135675843 -0.9212167341835922 -4.813357446226708
1.7933444426187 -0.8441770549438773 -5.224045665394395
1.701664044102563 -0.910955779086573 -5.440143448546796
-0.4071927007924744 2.296481223050416 -3.186974717132899
2.108242688601638 1.259737257929117 -1.855684963345113
2.223514646560552 1.045564316025628 -1.838504052753998
2.162452786929928 1.133933384824702 -2.057435694233021
-1.962953701506457 -0.1738591436249882 -5.27298910890736
1.144519447176246 2.150340497266803 -2.133518466466849
-0.5367255427773893 2.18164966335249 -3.821215182434619
1.916294956401846 -1.179046814367054 -3.799387751913717
2.034339639193958 -0.9659723298680655 -3.785479584123217
1.955513474596613 -1.049884141705635 -3.997266715337472
1.960094435139288 1.124930043120573 -3.73147556968381
2.072914298667165 0.9103250317155327 -3.703674970924629
2.034262186125193 1.053838777667059 -3.510109275222047
-1.712483294641264 1.039349023863188 -5.131925202286657
-2.421497203042736 -0.5940783227998429 -1.160255556466184
-2.459491779325496 -0.4513991224514479 -0.9668189753799411
-2.405534519038077 -0.6866386843353838 -0.9357775388660325
-2.401764136355375 -0.4526263669565333 -2.025958132923891
-2.355581070175898 -0.5935661064162788 -2.2189917739819
-2.287557690881477 -0.8250624552143917 -2.186648739417224
-2.299325691859149 -0.7319003098349123 -2.411263101160245
-2.217553909182758 -0.9587515634546723 -2.377701571996439
-0.5767997548617986 -1.878371903942412 -5.29705876021414
-0.8039477744306321 -1.806313055571309 -5.245297768317742
-0.663440776694724 -1.904393951441502 -5.071884697687453
-0.8870960546430143 -1.824522681682404 -5.016860635871103
-0.7477415440576144 -1.925335769447761 -4.844116829261106
-0.9680024799749655 -1.837732290773526 -4.787302974117774
-0.8298823552537445 -1.9412104559079 -4.615179758822184
-1.046639811824302 -1.846292434182628 -4.556763122425359
-1.176153599334516 -1.72711212781643 -4.725355591385086
-0.9098244681917522 -1.952368534372213 -4.385212422346591
-0.6856742548371426 -2.031538713635194 -4.439472836305189
-0.7670168537507051 -2.045311754366484 -4.210957287424192
-0.5373599408092666 -2.108058753436441 -4.263077486311272
-1.250798943502202 -1.729262503332817 -4.49336472811008
-1.369907600985396 -1.59529338582686 -4.658461656334685
-1.296755153781131 -1.595078995548166 -4.890926340749039
-1.478666380317146 -1.449097654923755 -4.820293575070815
-1.547235975859633 -1.444418581433962 -4.586487887992283
-1.642956179009837 -1.287112171150484 -4.737687651564174
-0.9382386042398385 -1.693919837449328 -5.414909038050071
-2.23300760514297 -0.866960276709736 -2.602679438810211
-2.137650901562601 -1.08825850110638 -2.567774287324859
-2.305890681117097 -0.6369527379836465 -2.63537533087518
-2.230148504097213 0.4229117056029966 -3.662491880257603
-2.069286022210175 0.2154552380942849 -4.770601393495594
-0.7512746700136416 -1.272211727541742 -6.862065349246997
-0.6194197972898611 -2.125188182269791 -4.034237103177264
-0.3853301623726488 -2.171710081125823 -4.083551436257985
-0.3014285017066176 -2.146072300922885 -4.310932064130032
-0.1467739125245079 -2.193320459192623 -4.128577892021467
-0.2311122059417748 -2.222475200582615 -3.901770006197832
0.008832306476371296 -2.227863522203912 -3.944197835694097
2.265750892527959 0.913744496896397 -2.039307241469154
2.208631339502801 1.003950087634903 -2.257282983189389
-1.349890792228001 -0.6909992716134135 -6.764909587159177
-0.7069480219533323 1.743398136664628 -5.63095753091565
1.4570394930977 2.004397497222817 -1.485963334319214
-1.510569230726203 0.1289767627037145 -6.765941055820532
0.09346878367209838 -2.189408491726787 -4.169508915293658
0.2487165157928398 -2.207897546796704 -3.982513110854272
0.1642923560850069 -2.250126318321136 -3.757787965764995
0.4027213008486726 -2.214487975319357 -3.793707055291362
-1.37086999668723 0.900438774608736 -6.429382665952232
-1.958057654485588 -0.3903169512630933 -5.161129951820209
-2.008462681803033 -0.4057327997729794 -4.922484303084041
-1.930943781788186 -0.602452545403018 -5.044282738008141
-1.97927374069056 -0.6172878473376143 -4.805885449252589
2.333839011607411 0.8965160118110723 -0.9803044015591644
-1.418165849504916 0.716722642696806 -6.573447572103818
-1.27478380227183 0.900662417479663 -6.6494481109847
-1.320281890420487 0.7166663285525224 -6.800796529297107
0.8156446243339496 -1.585375708840631 -5.982976295317492
0.9274892800572244 -1.595126034026185 -5.764848517240202
1.457800915356829 1.055226802266183 -5.925846799975759
1.58969795565946 0.8501723677302396 -5.915076944184083
2.236625213422748 -0.8804246946016506 -2.514711691658568
0.4857195240325304 -2.162516371405819 -4.016919840218963
-2.378595812662678 0.3124181329311209 -2.564536892078228
-1.684816610174948 1.352384417126302 -4.348822619699697
-1.830456135515472 1.172853562908459 -4.271730235432578
1.157195877163837 1.540029116814334 -5.45545244736069
0.9528538841299041 1.673265430135892 -5.458615524458544
-2.407143309817083 0.05875496563557476 -2.46885813072358
2.19992845471242 -1.011932058938123 -2.312562018520669
-0.2900942825245641 -2.486358142576242 -0.8855790962614256
0.3100672206796118 -2.261982203824296 -3.567936555930505
0.4499024073097843 -2.442162089546748 -1.383223946457729
1.03293922943441 -2.282939819982649 -0.8005260775352322
1.176003400637817 -2.205974554287037 -0.9874375855558385
0.3372981026789747 -0.9665039272490878 -7.743340734473216
0.4164263729715101 -0.8047834271084726 -7.907679461626056
2.036834288710617 0.8181123830399151 -4.148027537027446
-1.707115725401702 -1.276722986504865 -4.506696919861716
2.372311425905602 0.7644122853963684 -1.181514760853388
2.136627245392058 0.8379361147122867 -3.480074135236833
2.102711867622582 0.9802828121193695 -3.287304398298235
-0.9802263520259277 -1.972508283017196 -4.101799195671529
2.061421201865582 -0.8305665321004678 -3.978771702877744
2.317126249077868 0.8211268658799199 -1.819590190458134
1.35291089287759 -1.428947403885418 -5.284971157025602
-1.170348622248113 0.8962894732220683 -6.870228823980689
0.1853302423307865 -0.8819341988088966 -7.914081410875725
0.975150111806046 -2.117904971170816 -3.19264987440056
-1.425580348921276 0.1386019789040604 -6.969831568771916
-1.217723350907922 1.791289914443768 -4.317392746190015
-1.009626252818905 1.904135079111247 -4.378027715619695
-0.9286987847017059 1.897228247358637 -4.609089819448028
-0.7898954364058376 1.994429006826447 -4.433871224758399
2.176624339732304 1.24167060022395 -0.7958253747221274
2.045709299356116 1.446452247152041 -0.8119683817393102
-1.612581714957265 -1.436944524224473 -4.351848056680735
1.544839695610145 1.970985373198853 -0.851757926963006
1.346261107448038 2.111213930570117 -0.862801925604133
0.8903029545498029 -0.783269353101009 -7.476412500992529
1.009495636603807 -0.8130099921515472 -7.265708087953525
2.290927279128606 -0.7892358520812375 -2.293977594517559
-1.366067078741063 -0.05644559140121867 -7.116481480887691
1.823211773325353 -1.063270916219651 -4.618074012658687
1.937241481335478 -0.8487976880435324 -4.595037382832563
0.6366531133284694 -2.153906808804018 -3.825705333703767
2.263064454434113 -0.7581958967649253 -2.691826315533696
1.492762034500148 0.7664459351563432 -6.317553150393712
0.422979770942961 -2.471721823035528 -0.7298109102255012
-1.406984112756143 -1.450495177865039 -5.053213739320962
2.086121801331611 -1.227216144981111 -2.326563918054052
0.8757124809521659 1.998619631283435 -4.224752750080635
0.7677371739646681 2.078455874448363 -4.021154086406527
0.9740066410017095 1.911546213667811 -4.4325717742691
2.196991427170042 0.7569037102784691 -3.257288237612662
2.165761062492612 0.9035944410535725 -3.064768382303305
2.058033009054622 1.120657530908417 -3.09355113925879
2.123474241195866 1.047345919800278 -2.875642117567059
2.004158071314968 1.256215921982356 -2.897931702535963
2.222795838050837 0.817868446555068 -2.868428700897139
0.9427707396916339 2.301423805851277 -1.303883157345674
0.8211509576080107 2.357715541084882 -1.076429117751261
-1.299852253806499 1.528649219568536 -5.116944831908537
1.244504051460441 -2.176245274367349 -0.7564157736423054
1.37876683135284 -2.087623862860155 -0.9290741291404864
-1.211007955189585 0.7219236634658408 -7.021522174147256
1.445270150318546 -2.0501324267997 -0.701865291688517
1.57367630885336 -1.947343208628167 -0.8696130579404097
-2.101088020392588 -0.002818720983547382 -4.667009148342464
0.2654093739795223 -0.723855116308504 -8.068577800754879
0.02676310884495377 -0.7742726756238248 -8.064496665681224
2.129372131135751 -0.7424054839366226 -3.764826086618241
-1.103177195365167 1.65872504776654 -5.180832469676204
2.162451765072937 0.6854581974483011 -3.672334212748807
2.108754145693859 1.362353535715932 -0.6065036328539466
2.299338007924026 0.778623884319928 -2.239017380822557
-2.447930882784735 -0.545548184034191 -0.7167365888114228
-2.487706836322966 -0.3071685626384665 -0.7697607184735369
-2.386499547678425 -0.7732217244515697 -0.6904368633760896
1.030397849387789 1.563999794523199 -5.662484627142278
0.8184569072337945 1.684799022132835 -5.661879420623048
0.734169542097633 1.781266493814665 -5.45428488153376
0.593555125742259 1.778872259715116 -5.653586683802017
1.000855739007518 1.756972616823793 -5.047460521260438
-2.11755886802672 0.1995635072483717 -4.53227084299795
-2.381807042796294 -0.1065779920889262 -2.716897928288896
-1.255909235646852 -0.6713532854796153 -6.988895820636407
-1.203056349125052 -0.8653196230654687 -6.85116100829771
-1.882864284284201 -0.8081518540975301 -4.922777002200918
-1.932778815946291 -0.8155019900380978 -4.683867715156912
-2.024827809215259 -0.63054945565817 -4.56513012217851
-2.243322916009542 -0.7732685801131103 -2.827191064389019
-2.307054270517517 -0.5404010216353338 -2.858919749055008
0.07936076566095981 -2.286640820210842 -3.532289644709899
1.056279164737362 -0.6171770995655519 -7.407473306871482
1.80820923621746 -0.6928263266526151 -5.414937449703237
1.720079643985554 -0.7612361630528731 -5.632022863446034
1.602404591156123 -0.9739298860523891 -5.654042293876976
1.624279240345839 -0.8260221811296206 -5.846948933379651
0.6288766202492913 -0.6950806677766024 -7.86631658278295
2.365320783435899 -0.8310173673418098 -0.7526701961355897
1.102073375141882 -2.23199393696099 -1.255162719672316
-1.746936427442509 1.338392344901035 -4.113603432653366
-0.7056648000045541 1.980050198336442 -4.66216788390643
-0.5607606550876287 2.061084534762864 -4.483669220364105
1.167400682760473 -0.6431167406327518 -7.19011973098901
0.6793732661551495 1.686193138398351 -5.86225118037014
0.448999334009911 1.76530143822935 -5.849572587173875
1.570167847754159 0.9931766443410189 -5.718272598003935
1.69010201582913 0.7811205989349529 -5.703611086636436
0.1036832756115279 -0.6040631691964096 -8.220873799143394
2.258663468861013 -0.920468437665885 -2.093454302133096
2.339763205655554 -0.6935918284050239 -2.075122633240603
0.7069710005008465 -1.69551074513332 -5.794376593559981
0.8145634950095147 -1.705208647157094 -5.598604625981816
-0.1348943756454853 -0.63859169421632 -8.18607087138677
1.964100315290749 -0.6754654265032302 -4.78771178762765
2.027239401157297 -0.6276680041812885 -4.55748966154772
-1.979141675309023 -0.8269852974920709 -4.434862708332196
0.8460253047087883 -2.145901972025364 -3.392053027719649
0.7463698611166597 -2.209945136280873 -3.184672458011464
1.437748773386684 1.185090712402368 -5.698670873875872
1.100571164988319 -2.083188607823738 -2.982391916952627
0.5360388723391448 1.676382136189895 -6.059344576472282
0.3014681596182419 1.739896285238999 -6.040105523909244
-1.886899388391055 1.152963128366758 -4.048817071618904
2.407198642645852 -0.6224946767877142 -1.31799735214
1.252938503440533 2.107213419923372 -1.920024064006609
0.4214841346854193 2.207329084562192 -3.81782906508847
-1.956588918548582 0.9791009904777666 -4.190354098577268
0.7051196323995896 2.361439501175505 -1.72269576761325
1.884205607694978 0.9759358839410296 -4.558715061735803
1.913727997672983 0.8286103714162543 -4.746073041649821
1.721309274776722 1.676699905463954 -2.522392687688667
-0.9779166417539673 1.779217058151129 -5.009948265748563
-2.330193114169137 -0.9133867418606889 -0.8986478503323917
-2.299954467500035 -1.002682379559307 -0.6745642725784399
-0.3692270112271744 2.448426655793923 -1.521601235534049
-2.113848304997879 -1.176127589999033 -2.34194680379187
-2.020882668471857 -1.298677433321331 -2.530692488342254
-2.331049177490303 0.5465898121434317 -2.614400574597556
0.7895672529285627 2.194028834265972 -3.191335807870602
-1.587032721145245 1.506734640321438 -4.187588516589386
1.833553002464154 0.8928598320645551 -4.96769028922751
1.932504664919276 0.6717174177472657 -4.93716351501129
1.859224994516947 0.7400114569859613 -5.14131990085031
0.5899852586478915 -1.674741811364359 -6.007423814604019
-1.845968696013966 -0.1452044627035766 -5.741173659781891
-2.401174645714471 -0.3518207049962831 -2.24860201293497
-0.03881301951769957 2.356595294516413 -2.974556092272696
-2.231691693279917 -1.134970409909381 -0.8695938363239195
-2.193593739324124 -1.219335795643798 -0.6447311224057332
1.727835686295643 1.812946589326243 -0.8458898762347955
-1.989599581496772 -1.381563008250247 -2.303887954972338
-1.887037651828835 -1.492397164006279 -2.490877921892007
-1.845346495382445 -1.57415230767167 -2.264077440664071
-1.728382083886562 -1.678862411541911 -2.450202088689003
-1.904729590727991 -1.429302409050013 -2.744851711510298
1.101344052740765 -2.256369834494298 -0.5941081832515649
1.986271619912515 0.765571061387369 -4.522887314430339
-1.67701294798146 0.09772715985971026 -6.312035430880583
2.095724453899356 1.219645650098762 -2.273231543054802
-1.181569427368739 -1.427640370242279 -5.735661565264586
-2.112702696230268 -1.345306370564539 -0.8380077925550611
1.881880242242562 1.496614873962834 -2.506379372028008
1.797316870667452 1.565636541808409 -2.722730835228118
-1.904320311661583 -0.3748147888075287 -5.396799395168206
1.380069353783487 0.8344980410788878 -6.507481634171897
-0.5177357833634301 -1.988696335128327 -4.894272635655534
0.08489214333876428 -1.498463959587015 -6.804258949773657
-1.106131117373014 1.067413241297243 -6.711719186073064
-0.9938573578005178 1.056107881006215 -6.92770559014879
-1.29629611864437 -0.8845195628934329 -6.62681973367404
-1.683823487598012 -1.750600300665493 -2.222106840732867
-1.564425794777284 -1.838589056791639 -2.398859873524926
0.2495360309568337 -1.107490413826463 -7.564883743794047
1.050449793601915 2.242685480053745 -1.514275254224786
-1.532408031269757 0.5179861673571363 -6.49387005228409
1.119612000257326 -0.8365057012152006 -7.049279345526108
1.271060869239659 -0.6623653653058503 -6.967525885072475
-1.285794036943077 -0.4655577787455465 -7.115935702668681
-1.767580782379397 -1.265338794609385 -4.272700484847692
0.9914555803325391 1.983446899753931 -4.010357523963354
0.8846361254397499 2.06732739922095 -3.808203455716447
1.126777633657576 1.732026220619111 -4.840009654973952
-0.906396233289175 1.232544416595558 -6.730428317990598
-1.505102445431293 -1.910924888613339 -2.178025342770554
-1.366336354773049 -1.993571149571338 -2.367063463399556
-1.311885857527934 -2.052533191332747 -2.13339093640875
-1.16554205195656 -2.120360966310686 -2.335186753403699
-1.42627344439261 -1.925724116228732 -2.592362741543582
-0.2576230348545309 1.370832931596335 -7.055486346139385
-0.4797956339175032 1.355650166033783 -6.956394567079425
-0.2975847706472475 1.460806639036134 -6.829285594483526
-0.5183307876285228 1.440071010497157 -6.728952651751237
-0.336691177003125 1.533576647979971 -6.624714748645671
-0.110226144871461 1.538574786041236 -6.697795098143322
1.889016146714432 -0.6213896181588207 -5.195980854822466
2.142832022582589 -0.6004608420987863 -3.960225123008578
-0.6460471225705289 2.078612731409708 -4.255968709981428
-1.834085198681337 -0.7915416470193494 -5.156657146309427
2.410475020403002 0.6658213885194639 -0.9618390166091361
2.37656610248426 0.7964731716023532 -0.7741814286844285
2.436253928144784 0.5298701610800669 -1.162609466386169
2.402107357620805 0.6298405897248663 -1.382194357741798
1.633795150627791 -1.904825494194461 -0.6533493694718794
1.751730616145997 -1.790606317958886 -0.8280072260675604
1.807713649471157 -1.742304673501865 -0.6008398116624378
1.914778478299429 -1.617454908292812 -0.7734410030670745
-0.05775613877992897 -0.4591433768168944 -8.331513639732686
-1.1076917363942 -2.172770086617487 -2.095922900423541
0.1041494241076573 1.007074819572922 -7.760056754398041
0.3281945611028708 0.9216713606563667 -7.80948037946555
0.1415806245321535 0.8615431255621492 -7.949718707718278
0.5053179091572383 0.9610846046838599 -7.646718497809387
0.5392602072427082 0.8010260542044748 -7.827426066713599
0.705647152438214 0.8221912688954893 -7.650494329867159
0.730159159209849 0.6481197640220577 -7.812382668841144
0.5593858911279054 0.6232414588368383 -7.993078756497353
0.8808638293755652 0.654007051266325 -7.62844355677714
-2.367954976038171 0.4756984164949771 -2.385439509753544
-2.30539786601374 0.706070083472644 -2.432759530675158
0.3888849595535159 1.655141554351671 -6.249925734702603
0.1589059259201002 1.704040145359886 -6.215101552446763
-1.132172037894168 -1.042329473779428 -6.707183483960698
-1.163981210106807 0.1154428789870833 -7.505153992184068
0.8589357662429724 0.8299362506113555 -7.46091422237149
1.025548299571502 0.6526611705250611 -7.421939401541491
1.221771754815695 -0.8548523048254616 -6.828466956667626
1.359250539835039 -0.6714310930498563 -6.766001949314035
0.7142625214226656 -2.09392418195941 -4.041842377225178
1.726504047216546 -0.6060046822501239 -5.820256754583483
1.63411044503748 -0.6722494105616799 -6.036242274125956
1.520248344515759 -0.8869143835950862 -6.059178559394884
1.535864493559676 -0.7341938380377396 -6.243394670716073
-1.772578093443565 -0.9765774949407371 -5.039510296368863
1.973143254756754 1.552123557420899 -0.6108758064435796
-0.954072905283841 -2.22991869332289 -2.265245887863097
-0.6095159979781873 0.2482467639492615 -8.181123648032983
-0.475858559492349 0.09651823903517595 -8.316794767461158
-0.4074878480093448 0.328722254037801 -8.290609858691077
0.5645719181924261 -2.106428242516893 -4.23222349265002
-0.8903648883227407 -2.274915312729758 -2.040882542381285
1.316877200428362 -0.8689037317744585 -6.604192105728048
-2.066687134557597 -1.425104703834027 -0.6133094035068577
-1.974206557064847 -1.542934818049911 -0.8050343204200038
1.037375165291608 -1.591285604709999 -5.560917736607982
1.441844891272464 2.054038114135873 -0.650370159729342
1.236762122764642 2.183444159925119 -0.6588612912364
0.2260112926837122 -2.300998372743461 -3.349968567435194
-0.537929595620351 -0.141049866010723 -8.266529534706029
-0.3104926793381759 -0.05644338640870145 -8.409114189004443
0.9195689534011626 1.851778731635529 -4.833974037114164
1.000192009021268 0.8273041855343659 -7.262000650863357
1.15275755760132 0.6409602866712637 -7.219036947334751
1.157552583519753 0.4445951722245367 -7.37605424985651
-1.799552522330114 1.330056242158668 -3.880451500162482
-1.925095330163851 -1.612187511080072 -0.5847091080508521
-1.81898328280421 -1.724645781896609 -0.769278636109801
-0.892053531864489 1.766450611456294 -5.237716403247235
-1.020434489628507 1.650951409263381 -5.396794007483069
0.9348231516005103 -0.5968251680294776 -7.608759803465963
1.692179922446168 0.6111912099512626 -5.927434474422915
1.782567777572335 0.5664867557624519 -5.671849317377964
-2.008344614591199 0.9578976011696282 -3.962037861953479
-2.060648113175698 0.776683611277269 -4.104734968997376
0.9445236693713384 -2.070989544713466 -3.617778182815048
-0.7366792668312532 -2.316223353429446 -2.202309695421
-0.6663183728307953 -2.354557317397288 -1.984737394635351
-1.034814622917351 -1.011359174897315 -6.935417402187362
-2.06642472664047 -0.64347163811695 -4.327103943238514
1.174733113930213 -0.4326688325642233 -7.353259617787439
0.2338204836110577 1.62482626301773 -6.425273608074551
1.130528852310989 0.816602335762742 -7.055982728623172
1.27055720051419 0.6219400010262753 -7.010684199918205
1.68232946811368 -1.649978222708147 -2.979103153838822
1.607811291977248 -1.753021131645551 -2.771084548264017
1.419825731613809 -1.908239276605309 -2.7728395690857
-2.432625980309626 -0.2125676620250831 -2.055099608666942
1.527416912960622 -1.448713733212735 -4.646071562430972
1.827443430430339 -1.255394850676172 -4.012449541518446
1.908380187547108 1.26131060303783 -3.535827329974243
-1.220424459151544 -1.591249029708986 -5.122343899891139
-1.332095558418512 -1.448319238984849 -5.285133555809852
-1.504419406750357 -1.297560170947214 -5.204231575937365
1.467861953080415 0.6129898389097119 -6.568710781989354
1.59031441417788 0.5552930396869642 -6.298072011110506
-1.088691574840221 1.906217188186972 -4.146781369080894
-1.291619774322923 1.787021257785142 -4.087822178895811
-2.066454570033512 0.4159197414823497 -4.632077217120051
-2.11779439069951 0.3881635972405654 -4.390122252858873
2.441466794603893 0.5707209775180067 -0.743954494887841
1.928560610695334 1.32581864110929 -3.11952740289077
-1.686966030152311 -1.418214946866462 -4.094112616538702
-1.507571067396839 -1.598208080331946 -4.13565511415658
-1.803114777993581 -1.648378589817472 -2.039811078756534
1.52662921882945 -1.85046458530561 -2.56565798281633
1.70746153491254 -1.685636554908228 -2.561279530057282
1.038023166300379 2.220448071110375 -1.926867677228029
0.9247533292918825 2.253154684867311 -2.138864871984392
-1.23689180686987 0.2636360339033128 -7.328384489715476
1.885836735771563 -0.4760871481653026 -5.379839565241092
1.870538513071698 -1.126414876038008 -4.216192200174569
-0.6530096838479827 1.225921208580133 -7.068531815722896
-0.2106461396304465 -0.7926923959122231 -8.013347683123426
1.158122614278849 2.20145117476294 -1.293987114711456
2.241025692791343 1.13343143504844 -0.5677613295075088
0.7903531068940205 1.864048343386401 -5.0354609998327
-2.107065849255702 0.7389377166062522 -3.912006580427766
-2.139280342144493 0.569385644426436 -4.033373064688161
-1.160993824312385 -0.6481843403575051 -7.196720243636159
-0.1559397976551311 1.602880493763868 -6.513956864673032
0.5159146319746299 1.861404506189133 -5.434414588502872
-2.145600367324195 -0.02005591200399235 -4.430901738014731
-2.10994534273435 -0.2161556364133938 -4.563798054320091
2.074299363607228 1.18292633264473 -2.679770121752721
-1.253394817206402 -2.107859410814127 -1.908571514152194
0.2000165238914025 1.819451452802533 -5.817964718945526
-0.292334153047159 -0.4716383334008041 -8.267463228171385
2.011820521443117 -0.7737986115635942 -4.376589217345364
1.669939876508235 0.9134020078646686 -5.54594451262665
1.134888759473756 2.231558942879694 -0.8746508553308351
1.019480992625229 2.292695608098602 -0.6692297537504188
-1.763253155405652 -1.788472739006641 -0.5593759922199152
-1.645756149670654 -1.891875601166862 -0.734566180498438
-1.452380110091767 0.3270774969745874 -6.834369048226484
2.249832066426821 0.8632634735200219 -2.447691089666677
2.324634154130236 0.634773753506896 -2.447937743492182
-1.721099263705842 -0.9629872577140485 -5.266411823523688
2.365249130307093 0.5510172168641572 -2.226795720135438
0.5985449912649922 -1.793394671330461 -5.595291586877236
-1.167484774815955 0.493286323735959 -7.32300772370222
-2.479494104604553 -0.4010334963226646 -0.5489142317098626
-2.50574235215687 -0.1589377458348252 -0.5956104781052725
-2.504717630942679 -0.06506749534125143 -0.8071107509460155
-2.509088615985394 0.07925617926746975 -0.6161862038966506
-2.498598935098283 0.1756227137353308 -0.8347669130474562
-2.489012621659106 0.3214156880810849 -0.6459734590759715
-2.469184831164994 0.4155271785642364 -0.8635025960581518
-2.446203996811831 0.5586240220940695 -0.6677017240086948
-2.417071651271962 0.6507373467760075 -0.8883729186674989
-2.380534633549957 0.7911209901572799 -0.6939947934006583
-2.342024061671665 0.8810402886898427 -0.9159373922656694
-2.292543055618886 1.016663990499788 -0.7216961494984621
-2.245188307636322 1.102663639355363 -0.9438100368322953
-2.183330667077096 1.232470951517025 -0.7482489596368862
-2.128270380247898 1.312764483258959 -0.966675752797641
-2.054194245633217 1.43629389515365 -0.772581703500859
-1.989766071917042 1.513010893505429 -0.9928019755914426
-1.905071914217332 1.627778251518308 -0.7992262974447014
-1.833094159272021 1.698017742126024 -1.020250274113188
-1.738572926036249 1.803562102059885 -0.8236065157833635
-1.972311146106207 1.554315800983089 -0.5772110238069281
-1.661674066409616 1.86526981555035 -1.037369665701064
-1.556486547576133 1.96211734173729 -0.8434508720301648
-1.637949685520783 1.902029317704736 -0.6272444273619936
-1.444970902590334 2.052110683271472 -0.6406207914175864
-1.358872970912165 2.102957179069081 -0.8672498632257146
-1.238955852499934 2.182576824401907 -0.6445558864562049
-1.151940899043477 2.222824966538897 -0.8740616793013666
-1.024689772220307 2.289925854374296 -0.6863381106569331
-0.9263563128853151 2.32494055015637 -0.9023672423409109
-0.796701773446602 2.378232421445459 -0.7109003867873415
-0.6944485597312015 2.403412563008957 -0.9322459852225202
-0.5680934117206005 2.441882836341667 -0.7512402566154488
-0.4617178909991551 2.457915864805374 -0.9569581730058366
-0.3220122819197671 2.485557495109306 -0.7796403274591955
-0.8933488614958549 2.348794227574238 -0.4807688621389455
-1.26810592234245 2.150757688115168 -1.072525206696583
-0.5952995690605225 2.421706653937757 -1.14813663778677
-1.531563659405259 1.993479797738536 -0.4211403419727596
-2.444037148644644 0.5085442136827928 -1.0826094028633
-2.192926831306228 1.18626996593045 -1.162273249348268
-0.2227683397673283 2.491333352328604 -0.9460304326274946
-0.08521080544878518 2.505194137928667 -0.7681331765348577
-2.334671562036668 0.9283410839070509 -0.5082643373251582
-1.757345343397129 1.764318593384101 -1.233656056637322
-0.5109932538500112 -2.381505883072033 -2.136717522098543
-0.4349767815463867 -2.411928721024642 -1.930621078455655
2.311829740614713 -0.824823114042427 -1.876151676796752
2.382076556534818 -0.5950515100167951 -1.865589408613051
2.196295259326876 -0.5060418378229554 -3.773251115989886
2.200705597532824 -0.636457545917133 -3.511103340210992
1.695983461252678 -1.8335985159335 -1.047967074813959
-1.189479932139872 -0.4381429299346274 -7.322636340853072
-0.2104901155391448 2.502638135770842 -0.5613258773603792
0.05440166927369732 2.510311747271375 -0.5896915391729719
0.3346730610548455 -0.5274684422161845 -8.21080717136484
1.332176970465615 -1.995355194037362 -2.562735005385716
2.223098650710169 -1.045164299055406 -1.846769528281105
-0.7531992246402952 1.879790974880179 -5.033671524308726
0.792634443305147 -2.027803454236385 -4.252972164532163
2.195778433436855 -0.3796103722798572 -3.941187753067861
0.1568681093766716 2.501390370441941 -0.7805603688586572
0.2950384943255191 2.493445680723124 -0.5926220457300065
1.964555986002722 -1.565121040432963 -0.5451286919532695
2.39899513894542 -0.4541888695744426 -2.058928204928876
1.25351459838158 0.7904979255330892 -6.851108712456386
2.087715624976127 -0.5505787208535758 -4.356452544727858
2.094051822104455 -0.3962064908379963 -4.509505543785881
0.7192992223044913 -1.805951874849344 -5.384249154251767
2.055849903097025 -1.436125873746158 -0.7246988158895825
0.6168071150714236 -2.223235208839083 -3.387751505312302
0.5160128876593113 -2.276234104823738 -3.172925841258055
2.411186286164898 0.7044372238812854 -0.5349759551941664
1.507345757634052 -2.010814877070453 -0.4741041621809884
1.335260971661113 2.129570404471896 -0.442887579830246
2.094518974459127 -1.389568403083099 -0.4439347168544157
-0.4100996825042409 2.1285891620391 -4.307526663288463
-2.470759151252627 0.4625480841051369 -0.4350139606820423
-0.3248189844640172 2.102648963608623 -4.528818066317243
-1.832266510333192 -1.238877907949369 -4.04558676015513
-2.249229026164326 -0.6772842384336722 -3.044831472303538
-2.304952397646833 -0.4419908200085004 -3.062626092912149
-2.171848520687431 -0.90560942695341 -3.008659211835907
2.358632881071791 -0.7279865077868265 -1.657192289207167
-0.0106638209018936 -2.312028830317231 -3.350110039821128
-0.1597297465886755 -2.284652489785648 -3.515997464519913
-1.584051906685576 -1.949547010267792 -0.5360043162548552
-1.456567255300005 -2.042145491535624 -0.7010763607350213
1.391721653548886 -0.4606160837423284 -6.890003038571431
2.18418617448563 -1.23256694830293 -0.717510656876687
2.225860085416432 -1.167406349178106 -0.4517762831258773
-1.388881462837949 -2.095013012688706 -0.4418715526457682
-1.257978978203955 -2.171742578209042 -0.6417017186015287
1.630803085994251 -0.5128292314057183 -6.221020817767142
1.532593312386199 -0.5776852738794734 -6.436004039246051
-1.290864437223417 0.3953040949765505 -7.153615798056226
0.1892772092361145 2.507490716150078 -0.3681750065980271
2.039596068092628 1.470499694551132 -0.3834743489137332
-2.359941091641011 -0.8648736197002155 -0.4513037581183557
-2.355490262240251 -0.4004697333702387 -2.665603300377801
1.409222678564321 -0.9472412762096908 -6.256771903165573
1.383150142350006 -1.087158098911842 -6.061756170720919
1.380611546430946 0.5989510216763843 -6.794060259212797
-1.786903391732036 -1.106307004309049 -4.664140934477423
-1.063674970097311 -0.6099957453580378 -7.402215874992778
1.935969521313711 0.5205009835588625 -5.125232231697329
2.005963964608859 0.442175171661813 -4.898387236620046
1.859631568821128 0.6049457594837814 -5.336293909274017
1.220684871300989 1.432931421709692 -5.626775725023395
1.127424319913575 1.425047306759663 -5.865103671669588
1.489871051867498 1.21580843627086 -5.468828969170452
-2.421631789460716 -0.1154165343412616 -2.278152377243389
-2.514511213786654 -0.01237248586291173 -0.3745242094874272
-1.902392182731095 -1.080090501799109 -4.191960529266633
-0.2791743563330542 -2.4249165099685 -2.06801468148044
-0.1995310411826368 -2.446676745339882 -1.87267353174915
-0.01426719644284705 -2.440606838976799 -2.071830744722038
0.03626209649907596 -2.457631369284173 -1.825987203623916
0.8844181608853527 0.454039831717656 -7.786825503321611
0.3964806438057673 2.474567694669081 -0.7869210992273453
0.5343980353250597 2.452932770953002 -0.6101458417815049
0.6366393071131957 2.421658435172533 -0.8621711193665583
2.471971301551287 0.4455311555092799 -0.5445455669024573
2.43118743599964 -0.35325951829528 -1.843916255138931
-0.4938698829549959 2.153260159118927 -4.06178726781143
-0.729878917636435 2.090992638122506 -4.027389774200242
2.453141504851867 0.3918627146605046 -1.363024345895449
2.423785369428801 0.4882737874855518 -1.587169314209358
2.432922927041284 0.3498082902840157 -1.825325921464382
2.476593451113649 0.3005635308368417 -1.124137413337822
-0.3075610739543071 2.210824135728141 -3.916957858921368
-0.5550767994883353 1.511822993090133 -6.513803736205223
-0.7206578302978285 1.392980052496676 -6.629400931753133
-2.013803870177278 -0.8534719960105666 -4.194490519279952
0.4803135635087153 -1.8776216050685 -5.408090208463288
0.7677394284184175 2.389027328127357 -0.6600095384491161
0.762239573414711 1.582504267814402 -6.070811461591708
0.2484682280397388 -2.435419914429493 -1.970153225744158
0.2711420486857816 -2.447172537190489 -1.759877936220426
-1.013816671909754 -2.180484196003391 -2.504101967137067
0.6557601195430092 -2.26614433060885 -2.954696759511175
1.961525013803052 -0.3932354627329122 -5.14365741193479
2.003863001151201 -1.496787628237985 -0.9491865833798179
0.8511135277609521 -2.077931485414301 -3.829332110313256
1.855028665906311 -1.697637931702722 -0.3716949527789438
-2.345769399759162 0.6359948713000687 -2.203502465534558
-2.268392960642979 0.8621446784615736 -2.249906343850094
-2.220193424394364 0.9296116003667004 -2.478838572500389
-2.396955639510648 0.4345486075174615 -2.132615194885216
-2.169049898647754 1.079973274370515 -2.294277373449863
-2.113463009011931 1.143610081807835 -2.521624431924716
-2.048577638390009 1.287313250552687 -2.336578012211864
-1.985568888951676 1.34672998366804 -2.562673872006396
-1.90790666803413 1.481249030066382 -2.383758922426143
-1.837590624014769 1.536509408736902 -2.603425744978228
-1.748660806708784 1.660874315668649 -2.425935399706779
-1.671503457276247 1.710694084059715 -2.640625303867476
-1.571311254307574 1.825250139106476 -2.462497326237613
-1.488585882679506 1.867651317226045 -2.675584180011018
-1.381041536720389 1.970471923360746 -2.486606316036803
-1.291100406452434 2.005940262260348 -2.703565208595143
-1.172915645562754 2.097768562084481 -2.517586958271571
-1.079686024716344 2.124200471067067 -2.730251032190404
-0.9550950614201102 2.202940417390191 -2.54271065123841
-0.8574972871534811 2.220451395453857 -2.755560450561187
-0.7274945638035681 2.285802478382813 -2.567148491142388
-0.6263541307629187 2.293448606443129 -2.783159594126467
-0.493080106956312 2.344843678190525 -2.595094091889036
-0.3896381770922361 2.344620376612837 -2.789596807048867
-0.5989983532516847 2.340880370513056 -2.373476869343748
-0.359807061823136 2.388897838855692 -2.378788480694563
-1.053180278867236 2.179840480465784 -2.31941328844616
-0.4612720691263267 2.388458019199895 -2.176628672278969
-2.152581216739879 -1.298454146197604 -0.4219457991343059
1.447252906562924 -1.934821737280229 -2.374536846050839
1.606835480192971 -0.3569080573489072 -6.412402233676065
1.728354188113026 -0.4229000597451302 -5.994942832475762
-1.162664373477647 1.905512208146102 -3.916338185589275
-1.35903806318159 1.78133061621357 -3.861872952960309
-1.42981068315719 2.070512611076365 -0.2105142739083424
-1.327372277544774 2.134834564232171 -0.4240006066831976
0.4001554178057761 -2.323165749561551 -2.970406068796744
0.8195117754694704 -2.230916845961276 -2.79055823832199
-2.108739335851829 -0.6448963260374174 -4.086509480852196
-1.113442090240106 2.253429762425486 -0.4466227776551045
-0.9544320833685267 2.328091107200346 -0.2218514871076449
-1.472155075932398 1.926884937075789 -2.27191012422263
2.486755091893975 -0.2120695886440589 -1.098262849694535
1.792284718634813 -0.2072252859856263 -5.909999902280615
2.475624860335135 -0.2164501210126077 -1.3458208177097
2.44357416856087 -0.4226393563216234 -1.450803914803233
2.501613387892187 0.2108271384436752 -0.6096141874527555
2.390151808598768 0.2111931105962859 -2.559878486119004
2.347259955597066 0.4414716203832731 -2.674488092091914
2.325005915428128 0.4208067649982642 -2.921310818327193
2.339399470950077 0.2111405644790786 -3.045529578670589
2.310575226687426 -0.2115977712283421 -3.285268635924353
2.296867603940858 -0.4212003417938066 -3.163082913315464
2.325021089166731 -0.4182035335578089 -2.925410231750568
2.264708221719138 -0.6270094068300373 -3.036815446967472
2.235381502825473 -0.6259178776957121 -3.276329869677841
2.431879557829938 0.216592541600249 -2.060345117876819
2.431210750391865 -0.2121598577691895 -2.074477594504051
2.39005594064489 -0.2110288998721525 -2.56104683770551
2.368120425882856 -0.4309599826963497 -2.478188212060486
2.365897283262472 -0.2125439245153793 -2.802610920995595
2.27855553579504 0.2113017866694283 -3.529978358834096
2.268096185021237 0.4159932315838696 -3.397637163767559
2.232810481547625 0.4205771353583717 -3.647115865507987
2.2441793637584 0.2109093679443768 -3.771699162257774
1.975637708620622 1.529270382053564 -1.029578626089173
2.166801475109192 0.2111981388654835 -4.253802560306031
2.159873817834861 0.425565651676577 -4.109355773403805
2.313289273569076 -0.6630288171797377 -2.484600847043756
1.789120359005327 -1.72926933501966 -1.277721063953924
2.155338113101098 -1.139049412377851 -2.109392123903592
2.033308222689161 -1.340163234295566 -2.142824199933283
1.951144535890387 -1.430184181296277 -2.340103572044493
1.884653722656314 -1.543483048523475 -2.132533450040562
2.011080374249565 -1.311919952679565 -2.541762369802804
2.075932677158371 0.2158166441347133 -4.737555336219645
2.068745648455137 0.4225048948193286 -4.613685357198899
1.461200436744777 -1.997823069398518 -1.539081568769035
1.477418204888925 -1.999939769631665 -1.316194842001432
1.296483515411971 -2.11656593432153 -1.406987453423954
1.552877585446143 1.916078369722015 -1.692161326923767
2.285774219740728 1.027272529682928 -0.7914441663413964
1.455732078937438 1.973500839621772 -1.909190574989394
2.077938193887646 -0.2249168642490025 -4.722761689614466
2.017449941575972 -0.4210564834545757 -4.865888818092158
0.8828581463076365 -2.291021580011282 -1.866065401604965
0.9027997994667801 -2.299459277176973 -1.624548078075212
0.6946140912159199 -2.363936661262226 -1.732230615386215
0.6964026172994244 -2.37669563586694 -1.512117626032531
0.8957609650889583 -2.314208743986342 -1.418110536324119
2.027038164038813 0.2097327071659801 -4.974811705478088
1.033226663408868 2.186805220136478 -2.346678509853505
0.8081151214246491 2.279222715576435 -2.350946875567635
-0.8350605459919929 2.27034219221023 -2.341585985531802
0.3440068933120249 2.426498846871902 -1.931700259834903
-2.490505064333314 -0.2121817182587733 -0.9969875726639177
-2.488044617273037 -0.1163868777549757 -1.220583599609131
1.986086982375259 1.192240261710761 -3.315425139555974
1.91662901130965 0.2112344223393522 -5.447865477517827
2.298012069708656 0.4161759389841068 -3.16119770835768
2.262426498352493 0.628287054097332 -3.053063980258865
-2.373740493213854 -0.7342850133905673 -1.35317650486963
-2.354289187860133 -0.8251717159575658 -1.125486437424601
-2.289468463601466 0.6166659469337725 -2.844185565707938
-0.1702486768667864 2.326621375829173 -3.182488632142923
-0.7795431057795317 2.11225722892186 -3.788956346675949
-2.408220054491192 0.2570956911693139 -2.307824311777816
1.84367047842172 -1.468864139492006 -2.971438123737345
-0.4185912512394265 -2.368432692547481 -2.498760495431698
1.855134001025211 0.2110914521109503 -5.684205256345681
0.57526420077139 2.348607867005503 -2.353401834143416
-2.270689375317333 -0.9164739593501173 -1.961650241309404
1.918132235178117 -0.1886739802982917 -5.451254875241508
2.143259255934268 -1.220562336208705 -1.690325653089995
2.037954266204825 1.342730127919343 -2.073427030266287
-2.197249599051908 -1.04823766906591 -2.152518089775459
1.359789727525038 -1.826562415315982 -3.611133593793917
-0.8496441351744656 -2.232832057076761 -2.668316603843383
-1.216327355801426 -2.068523618677225 -2.558074873696046
-1.28875907466257 -1.990692464394598 -2.840567550728982
-1.498244151243782 -1.841287601823379 -2.817882959687329
1.307301005905005 -1.960186135610551 -2.98156680698926
-0.07351733988038821 -2.259923070826559 -3.723536338530752
-2.274863837385496 -0.275304374924171 -3.506878448495759
-2.241134192128516 -0.5070768409816774 -3.459653914943192
1.778827300776133 -1.580055628982015 -2.765632113511783
1.310908092956928 -2.142745775701794 -0.5372141787913073
2.45502055451542 -0.4216997710296668 -1.215720935283621
-2.157252990191375 -0.9980550527669672 -2.787987096231149
-2.071977759887804 -1.124512263273796 -2.969649671956536
-2.359009139868668 -0.4936756255768575 -2.443815806409275
0.8829239713201806 -2.349614949973496 -0.6303962554554856
0.9707428311387821 -2.319065687499548 -0.4108032784936771
0.7280355990950539 -2.405968016933886 -0.4334938908818693
-2.34686019882067 -0.2980434956746519 -2.894300559773169
-2.360567385845364 -0.04853180128692973 -2.936984637937309
-2.394494810047391 -0.2307970826887599 -2.49380742780051
2.463525844568685 0.4357674925453096 -0.931015707795279
1.825352655442859 1.326758494314932 -3.754557596878654
1.441759958973038 1.894584554433969 -2.750583771761498
2.282861806187552 -1.029473671135171 -0.8520172439056127
-1.75299459581146 -1.55499934292434 -3.094211187245837
-1.742309427874357 -1.606251460677359 -2.856631665981496
-1.89295486556848 -1.368567286857592 -3.157262434881266
1.750723300193826 -1.541283660052738 -3.185274323738013
1.115668347756396 2.018768123567482 -3.392911251597814
0.1867830255923827 -2.499367417556022 -0.779368171877677
0.2540814570738321 -2.498658304477095 -0.5578099522217169
0.01564363273995616 -2.510127724824192 -0.6236979292085815
2.232260845047859 1.083947984459913 -1.418182919587315
2.278822565617353 0.9544592035789382 -1.619429593046278
0.5557715313797388 2.264336477228535 -3.19324925976106
1.61458930385065 1.688106077020291 -3.15664063347427
1.718374267171652 0.2111840959720307 -6.152379299772408
1.723101164882871 0.3890439021561418 -6.037936058873461
2.34600599467989 0.6863824605916535 -2.021690070128016
-1.111163293285904 -2.008790387339026 -3.475819481811479
-1.126910136936105 -1.96182449590159 -3.714350833391077
-0.9309364421981813 -2.075967619711842 -3.625353387008353
-1.299262189964723 -1.83085661304549 -3.832403770977026
-0.9501854420763713 -2.030276607328045 -3.854889341106201
-0.7267604434509133 -2.131683714594535 -3.784556966501041
-0.870465174112044 2.004367678432878 -4.206128165595109
-1.841319289502759 -1.103719251160725 -4.424947674237948
-0.5193788173518474 -2.447650812259425 -0.9193965083602211
-0.6731852974677385 -2.415597191695297 -0.7300627423426382
-0.9037154211378629 -2.337728012740498 -0.7797432082900089
-0.8303392210054638 -2.370474541226105 -0.5500091802624701
-0.6029327996051529 -2.43907755762659 -0.5069370613595391
-0.7852279554414908 -2.389508637258694 -0.3186611664479508
-0.3704223202894341 -2.486728495580052 -0.4020984285171456
-1.012825842047194 -2.301646143110812 -0.3673177340844969
-0.402490890044122 -2.476777433880455 -0.6638644214173914
-0.9771138071591067 -2.30010658198072 -1.010515843217891
-1.053406055280268 -2.279123910011132 -0.5949992660795076
1.30485948685443 1.833948620656349 -3.793879848744895
-1.443639525404019 -1.59550630709839 -4.397849991031094
-1.471445637810855 -1.73113283503844 -3.647667131326595
2.073533237313372 -1.017556324347992 -3.368053286371625
-1.120186300678478 -1.854775227415196 -4.312874238132783
-1.203560342178365 -1.849477898232288 -4.077545925602957
2.099435014808242 0.7652219318967508 -3.901213222125913
2.1750654272969 0.53319228145942 -3.869089204413359
0.3062417315422989 2.256849854819163 -3.608311075014865
-2.105685506923969 -0.9585732651296899 -3.337930517468638
1.470146717684778 1.617193900538516 -4.204175650198232
1.361286147283954 1.661287961385737 -4.419402554127913
-1.520206420788857 1.516620063388333 -4.421728876766217
2.106208435029879 -0.8809589407961339 -3.568735091670157
0.04180575674914145 2.144240871102225 -4.43663925424106
1.241470234715448 -1.872653651173129 -3.820606052982222
-1.993161937583372 0.6271988193041507 -4.725572438786025
-2.055277126788504 -0.4210515022785649 -4.682934306259309
-2.064752601701386 -0.2050705025124074 -4.797987930975272
1.091175282028001 1.890659471147335 -4.219510011455695
-0.6032734974506035 -2.012303245562225 -4.668558579016844
-0.3687665881050553 -2.05868247819053 -4.715856203095757
-2.217678172949181 0.5904822143169016 -3.480965555691121
-0.09387637808928287 2.105293503133129 -4.634708501337174
-0.4655343363547829 2.032600461396643 -4.746984664282702
-0.2857844013915345 -2.460291310821701 -1.508185394701812
-2.014694757620177 0.431295280887158 -4.868663962453298
1.435383120460559 1.546664337183637 -4.620714160193179
-1.643159852472987 1.499319980839182 -3.966444883835871
-2.413645543160172 0.6999932244098547 -0.4716146099427492
1.642081195228108 0.2109792216881264 -6.384364587425029
-1.060724821208971 1.78718676395178 -4.781513847341104
-1.638613436122107 1.211075738420934 -4.976080185461357
-1.567250165702499 1.219179861999785 -5.208878993051434
-1.642646789039368 1.048139114306504 -5.365228009943126
-1.492695100246167 1.224258731008686 -5.438634933742104
-2.234304464085928 1.147754422915856 -0.5412397200284047
-2.112225176257113 1.358454718260415 -0.5674472317972485
-2.036917068491467 1.474344396607456 -0.3774975564761708
-2.22711599709328 0.263786693417474 -3.847891061806588
-1.576428879592681 -1.292696266234767 -4.971026162670097
0.6319586343396356 2.008329014225507 -4.644871470913027
-1.813524806798814 1.736211234222443 -0.6022775788618764
-0.6452838265346987 2.428456792466367 -0.4937196363600723
-1.098596560798646 -1.721176093264454 -4.955981601522829
-1.017877717079622 -1.711084836388512 -5.1857357380006
-1.912979439742991 -1.540380614460761 -1.853735815028811
0.4309071773314387 2.477111925845926 -0.3916233011514043
-2.110978843825623 1.058888358230588 -2.931491848816944
-0.3731119726599109 1.992266456987547 -5.025312175824967
-0.19494156798852 -1.986833030462251 -5.16204104687016
1.900530269510242 1.608127479876505 -1.24733847407412
-2.437752169370698 -0.3106267575705993 -1.832627264158948
-2.454614505799697 -0.06895837415179334 -1.860986502872488
-0.4313149374410791 -1.95877388089545 -5.120884374878797
0.870768565230068 1.774159657377598 -5.248775724925201
-2.468211988704637 -0.4890034789232832 -0.2154720822721652
-2.328099846407933 -0.9542883237926358 -0.2277461667495393
-2.433579744284186 -0.6288367777132713 -0.4460246510759685
1.123293242207295 2.248405892996214 -0.4539540269844289
0.904483046397247 2.346709999773585 -0.3392929923498494
-1.801039987704147 -1.757245198035498 -0.2029817384279259
-1.812132939433872 0.670144303810525 -5.432406241446731
-1.770807060353093 0.858643240817223 -5.284147895476614
-1.846041822211988 1.459277301526636 -3.008082061103387
-2.330524978679787 0.9489816422914664 -0.1956679299937267
-1.42930487819943 -2.070861229856062 -0.2105787480159652
-1.623202834014918 1.922702216512842 -0.2053277297648098
-0.4557927926852699 -2.085351283313845 -4.491357604708682
-0.3114746773215188 2.496873603359827 -0.2101583482227992
-0.4189571931301035 2.478704583748266 -0.4231202596256431
-1.283537935517887 2.120946326026097 -1.46556355386762
-1.07364169707876 2.234374979967665 -1.468442644383531
-0.9520516006328991 2.298151809450805 -1.292809071304548
0.1821110523926654 -2.509682629109118 -0.2025451980063147
0.4233432066695099 -2.480437556112895 -0.1991972790885821
1.527169558341094 -1.999299246543418 -0.2574467800290102
1.105515468066539 -2.260433444885559 -0.2010708620384175
1.713588452467242 1.842552008795823 -0.2104542761861372
1.781428401924949 1.773136739833926 -0.4491285786053204
2.168524321678101 -1.276075193745612 -0.22396707589641
2.280800580733656 -1.062502629994716 -0.2214851299338746
2.328096697564045 -0.9486006256055193 -0.4180535128155385
2.409667807373111 -0.7171296997201219 -0.4057112298068979
2.442882675743251 -0.6032348283969821 -0.2054168529245508
2.466187977371954 -0.4897753976200347 -0.3887374091240849
2.347779120079006 -0.4184820044181253 -2.710984740694338
-0.12546899241742 2.473928365246775 -1.503071442772189
-1.505394247125852 1.799118275320989 -3.072096042795529
-2.265173785309264 -1.089287706775814 -0.4483839170300705
2.371897664024219 0.8403363311612631 -0.191246839584255
2.334018803241761 0.9339106988202354 -0.4186554479530445
2.168347724550845 1.276435389958955 -0.2200460457010866
-1.397469788290199 -2.067767862900069 -1.100009835680632
0.2453423912077469 1.957376431000858 -5.264270760800188
0.3747582867961044 1.985159359814348 -5.055725526388636
-1.765264987458737 -1.759836988426847 -1.176710562050093
-2.066788388894061 -1.38770146863834 -1.250787016124506
0.5985328057846121 2.4231713898421 -1.09268996779108
0.867779405036844 2.349093712589712 -0.8519620028567709
-0.6137211389107294 2.399518296684362 -1.509554608130546
1.56965831555414 -1.115416763793044 -5.458372393375586
1.459483788335554 -1.17107812663288 -5.66878769136815
-0.8536240310503118 -1.672990510049853 -5.642667471417558
0.1204309727626647 2.492660063086489 -1.103755617936526
-1.900311895096364 0.998214960002813 -4.426273069506541
1.470998631466177 -0.210840123708925 -6.841083421768544
1.972525915023596 1.461368223279628 -1.871414048320055
1.89391680912155 1.537418656952339 -2.088697732687483
-1.765464872352004 1.430155420337637 -3.647297805310294
-1.905918179711754 1.238475638312056 -3.640863500443073
1.646933857404623 1.895172891609448 -0.5949868273962327
-1.884184927677591 0.06030335583363897 -5.616260433003253
-0.9674808053091263 2.237659256824668 -2.108795002063234
2.270791489837598 -0.4141956205821049 -3.379664324673241
1.761347625828065 1.454998755951832 -3.557334331103405
-0.9824616197509606 -1.548092464685986 -5.806833300648028
1.810111794651181 -0.5449913931409991 -5.596305081737424
2.116873727264127 0.4201079797055841 -4.36171841240949
2.093394755056807 0.6019661746102274 -4.247090495938716
-0.7522379429393395 -2.354536656347437 -1.59941837936338
-1.765586558765611 -0.5591635610205387 -5.739914299373174
-1.471173699289034 2.018115379827788 -1.054986307146597
-0.05733495613637752 -2.356535202814697 -2.971699979014689
1.817496152681867 1.71340854560138 -1.044619710104553
0.1890138932057508 -2.475011567656362 -1.404213544831402
0.0851048242984395 2.377447951484862 -2.768297622644639
-2.171940604915912 -1.135920312961324 -1.927576074755537
0.3305275986202358 -2.160631582507942 -4.202921411737645
0.1762536878999515 -2.145648411675586 -4.391221980798928
1.470986725505521 0.2108552280698658 -6.841107173841103
0.4855676810942983 -1.773530726218534 -5.78789255523944
0.3673379143618704 -1.734235139010711 -6.01716960037005
1.5421871221425 1.841225630728634 -2.535341508216217
-0.493955935048852 -2.278271552523869 -3.196067618855432
-0.5222758026907306 -2.244231604123759 -3.410900336070146
-2.285305051667646 0.8831469752019192 -1.94244171454688
-2.063227760332224 1.315666970337042 -1.984828716515645
2.212737353131348 -0.8216046699698479 -2.943527537354868
1.13114836830013 -1.469390370931326 -5.731368279385515
1.234259837370276 -1.460583951387819 -5.511382386586329
1.132186361301551 -1.603503061748897 -5.305519962992513
0.9323820808447413 -1.740696165233466 -5.255815257770482
-1.760978172917214 1.693936578954552 -2.033992179100613
0.9184856942528251 2.216696874685759 -2.560027312393794
-1.222078050313294 1.5261982545773 -5.337816388189172
0.6559207799499911 -2.421795008790343 -0.6732127701710342
-0.5920646240712188 1.836689702967694 -5.441739292899198
-1.10458656904219 2.06269642162607 -3.123728815403519
0.4687687306177746 2.419516260475583 -1.721995077120086
-0.6479562955049849 2.242168944268898 -3.173537053344594
1.495250682555198 -1.032362756254577 -5.865391713975607
1.302171561694279 1.241129776512941 -5.928365805041946
0.9751567502008098 1.454529757696358 -6.088290457997377
-0.1272106768328355 1.809949281910522 -5.87451841408548
-0.001570717459490827 1.86915871238388 -5.676544235266825
0.3592920163204783 1.844847954605562 -5.637657584525621
-2.29314090478448 -0.9609822710580219 -1.31852550374087
-1.7844409833489 -0.3461399650633707 -5.862979286381208
-2.498278561479696 0.0294399451477394 -1.02709618787636
1.843893751097666 1.119822688105294 -4.366523090196945
1.014531253471184 2.100123440704438 -3.186689640151843
1.324011148087032 1.588233021143554 -4.833037789533678
-0.3510320342541707 2.469648845136193 -1.13150084245187
1.776563823793919 -1.378179287602302 -3.809493340541112
1.678467881102289 -1.446280506345557 -4.021742682267202
1.160101308508276 -1.959773438530218 -3.609266802165457
-0.4499499530564237 -1.674733657315296 -6.143360421428801
-2.417564507471212 0.4069419423445444 -1.919975036784234
-0.04814756078014651 -2.503854893654712 -0.8497952904356832
0.699642541424774 -1.568257218170845 -6.196895980611662
0.5349681424786219 2.149339256814419 -4.02615529728402
-2.048015484560799 -1.212720804596715 -2.756891075204794
-1.516932662735376 -0.7234486845582697 -6.309753654761008
-0.913442014782625 -2.118726428578398 -3.387496790049005
-0.3437193832002545 -1.923428517534173 -5.343162713186849
1.877821941162567 -0.7737624293004809 -5.006564035247059
-1.615577761158961 0.5102161111622656 -6.268327006210616
-0.8299145540496325 1.635586102980431 -5.804802969502563
2.328282696303828 0.8610854583704324 -1.400331951496315
-1.881053437685477 -0.5854666899060075 -5.275441244429294
1.278365439137783 -2.112269550937917 -1.647627587637838
1.21755217667339 -2.043362745124987 -2.771853028811214
1.269334392225977 -0.210625260810814 -7.2847976121206
-1.743128784039798 0.6811044384644986 -5.667903121577107
-1.701291561510497 0.8697585935042385 -5.517376779700506
-1.304951939599901 -1.081919278890217 -6.265579360760793
-1.944420982518893 0.04437823293952064 -5.380152346560132
1.464769443117913 -1.564822890527797 -4.443402949499411
1.349058974221297 -1.614897812072256 -4.650851635968198
1.274167230596665 0.2207365793788988 -7.27182364956528
1.276770395713991 0.4366268007386432 -7.155050846988402
1.146951746659753 0.2327441462265213 -7.504029118373623
1.037634642434225 0.4385168367376482 -7.579725106088739
0.8726193299914438 0.2411046237628129 -7.908748732626577
0.7393657763923038 0.4311201527767263 -7.970927250244389
0.5709809788364214 0.3850703910419797 -8.152545696681941
0.3827201633606509 0.5568920343661702 -8.164843171152416
1.357280186932518 2.058343838719699 -1.704834206303227
-1.43657704611393 -0.7080912343780303 -6.538627514634098
-2.260506792455193 0.7748025261994067 -2.662411723397669
-2.136379722186628 0.8202964382939661 -3.529109608553224
0.6735456510837891 -2.353259480021919 -1.974501910741006
-1.633825267061921 -0.106176997968426 -6.437681199842916
-0.3084015954538542 -1.760626327527434 -5.967580796644858
-0.2125630662717979 -1.707891982384159 -6.184854414927623
1.687437005601844 -1.261852489938308 -4.63636974899776
1.633995072405918 -1.38903013808758 -4.436859082223676
-0.0621947566238101 -2.158543480906115 -4.354519757459751
0.02195043083176312 -2.117883244082948 -4.579526176884303
-1.041845172535657 1.521649051956554 -5.768590927947464
-0.3566033923478044 -1.624221541468245 -6.362730189641609
1.709658919649895 1.100270807956333 -4.99680814329401
1.337711618267855 1.392104013143166 -5.438136725440902
0.6881021591214143 2.298399960957525 -2.562759053059071
1.527417915397583 -1.249978923739944 -5.260028145549132
-1.3091026905036 1.074459927877149 -6.270314889958255
-1.210885077378427 1.072809577323825 -6.493364472962057
1.413142536607348 -1.299369624260098 -5.481848684593592
1.097439677907921 -2.220021651510253 -1.515072417076079
0.7279239276223233 -2.156254678010082 -3.620621933332084
1.292654205998219 -0.4466964137749377 -7.11555144652178
1.141572450340343 -0.2274927893591034 -7.515148966755578
-0.9330942080445093 -1.354582197638196 -6.415713603427355
1.094045443816703 -1.177921927898667 -6.52187969464791
0.4535332769438544 -1.508020771253563 -6.612206254810211
0.3440434121045913 -1.607556830260277 -6.418322764188056
0.4894206517915291 -2.051752876815648 -4.62472847599958
2.336385386008326 -0.8290812530804592 -1.46483043275161
-0.4676332332704897 -2.191394736582939 -3.860744454416316
-0.3041083532100011 -2.246686834121471 -3.681535579386938
0.4898283415958837 -2.464063980216515 -0.5189219290522828
-1.362984085287285 -1.28661974940831 -5.657174161009421
-0.1530322049052267 2.371873040849875 -2.789316384266168
-1.76574923135858 -1.386061329479559 -3.834003984836877
0.6714056998121497 1.47775440272118 -6.478169861580628
-1.696588456675223 0.2997188496735952 -6.179199358575437
0.5832759001539731 2.380340350054035 -1.931719159026058
0.6968917762775423 2.333364042333883 -2.14317853331663
0.9029697613084761 1.576301564823153 -5.866809150291198
-2.008907633558882 0.7977098940092902 -4.342951083278166
-0.6891024100732519 1.315072784580754 -6.844407818783488
1.589791287172672 0.7088216371993646 -6.122395155273042
-1.478560200709487 1.378608728144692 -5.049664819440465
2.362434211948242 0.7268920579395233 -1.600259468628874
2.386997068690234 0.5905913317594347 -1.809497988876851
-1.320323386154111 -1.729998844279896 -4.258443220717043
1.62797858993683 1.739056821803014 -2.737130165469003
1.708352266588061 1.629544747802812 -2.938432525093585
-0.8424932308712663 -1.321319261321288 -6.632873936282011
-2.167831621989075 0.9950440883431718 -2.705933879197474
-1.112363134342688 -0.8360768305521051 -7.062856922857006
-2.164847307555857 0.1651712410575458 -4.288038296540043
1.733506960875063 -1.325125504149537 -4.225220840752775
-0.1562442870494323 -1.499268942468571 -6.787890856544775
1.955776105350462 0.9156459311440199 -4.354142784047481
-0.7269504499514956 -2.169084981270941 -3.534917598139496
0.8664834202432367 -1.150665423298114 -6.950822708916766
0.9535456851616982 1.10315004448284 -6.908795441098279
-1.459713669989908 -0.9170100869562775 -6.17605328489503
0.07422010812256163 -1.826418396983325 -5.826824067554048
1.782277529491962 1.512938718154738 -3.140620763424183
-0.653418643954459 -1.223573995523322 -7.072713965669974
-0.8480353478154476 1.88613942464027 -4.831634189854454
-1.141285854173502 -1.58334758500663 -5.351854415431164
-0.2170060570875487 -2.115085409416074 -4.536276433521874
-2.439906475221263 0.01441432059759013 -2.081152720127738
0.6575330298584638 2.149260660577705 -3.815273003150613
0.7765243131777558 2.141457166799486 -3.605680345706765
-0.3915732857711099 1.655260890188387 -6.247663476568282
0.8968728380203627 2.124441800117343 -3.397097798934147
1.896858997474344 1.635816594250783 -0.8338833698164968
1.240280713736118 1.033314160020825 -6.50307480019344
0.3310237523655747 1.451353575331426 -6.834687411533436
-2.264941623013895 -1.048717272550142 -1.0938964361348
-1.409962835796389 1.658487102823846 -4.255213392410605
-0.02882573554489761 1.358062432768282 -7.135705606356484
0.6545275407294467 1.867683444177057 -5.237131276937138
-2.48279062480692 0.2700838040193702 -1.054702451740529
-2.154249311417897 -1.26297541673081 -1.061655097901896
1.250138564539779 2.16089381727275 -1.080650324511135
-1.388096391989944 -0.2755794325786318 -7.009365252962949
0.5440975477484229 2.211400982387543 -3.609597522255444
-2.086052361491833 -1.260338799642185 -2.117032617914297
-1.479023799122022 1.649549928208859 -4.022384627521528
-0.7704225336209959 -1.067222951889451 -7.224661847607129
1.246842662058873 1.699552137460687 -4.632235891223237
-0.0681761543689801 -1.775787471643795 -6.002488922975279
0.02499580467668812 -1.711308412712185 -6.214921495407002
0.3236474840468468 -1.463667644207316 -6.808865780061493
-0.2254296454159825 -0.3104895124251992 -8.376936568863238
-0.03816857986879874 -0.3886080469361947 -8.373381751949731
0.1557678965963113 -0.4111928365329512 -8.34566067468614
1.747753702956328 0.9611280196755529 -5.169831267497995
-2.461507580955677 0.3641159351247628 -1.276496169306888
-0.2849606607816371 -2.025607172233724 -4.938876200771388
-0.603085075969658 1.130065987375302 -7.296317282482272
-2.098190892328823 -0.4359170845481656 -4.445688384312519
1.962129306434495 1.422518335230395 -2.288362921527573
-0.2182118153620994 -1.133772791433621 -7.53164153038638
-0.114331643879323 -1.026979059274594 -7.728786213284036
-1.133852473168823 1.231399211291249 -6.329937713745736
-1.020935310604526 0.5825056330503324 -7.494991576082761
-1.082951556489428 0.7125439482215764 -7.26536762703609
-1.482656969914974 -1.6756199937186 -3.882591294031623
1.848635187237622 1.391325658993297 -3.337140567455331
0.8844894666523025 -0.2098816720876861 -7.903889312831962
0.7713239844552316 -0.4133863293632146 -7.947202498241401
0.5882938999911368 -0.4072457840377333 -8.126324957662749
0.4683216877646432 -0.6250488182147061 -8.057605740934168
-1.628355784449273 0.879484104103003 -5.744777213228064
-1.402588222151399 1.382460468866489 -5.278323721307882
-0.08864780878791893 -1.239733847166631 -7.370513170438977
0.1546290369913427 -1.226990430466648 -7.382337448635637
0.3927024041891705 -1.172166076535731 -7.383279918072509
0.4650495530299774 1.102399130297462 -7.457120959250342
0.6351590422973361 1.118571040506844 -7.285532806757618
-1.057843317266089 0.8854930374769244 -7.089496275788993
-0.851913973339313 1.045338341562197 -7.156870037186859
1.800246965802612 -1.612378232234829 -2.368376396452296
0.4731172213349654 -1.647073677291674 -6.208084115232025
-1.273235062460803 0.01843921234444464 -7.311294835299412
0.9450655411709844 -0.9896041170945222 -7.113979402721928
-2.053937539576818 1.20460583649899 -2.747258334576154
0.01416585295196721 -2.422637621912439 -2.298588396547446
-1.618816742045818 0.3094296805645298 -6.406200126690606
-1.062470512496428 -1.568744020696137 -5.579785145496169
-1.256181387699033 -1.441170515043347 -5.513170838894043
-1.954116179603854 -1.461294539189922 -2.079516325476133
-1.060242663259492 -0.01964997484553807 -7.687045474035488
0.3598666299297127 0.749136161495857 -8.000618269621889
0.1454153967007816 0.691023735269283 -8.135585200929322
-0.06615452247965821 0.7813841080005633 -8.054138410464503
-0.06543029796027661 0.606205513150094 -8.223546883684653
-0.2807258395224268 0.6876533875888634 -8.098552716035702
0.1868127945736242 0.5492135539263356 -8.247802922232545
-0.04625998146416394 0.400757883846948 -8.366421952127226
-2.046088743504508 0.6096879462072455 -4.489133289150852
-0.1262782907505489 1.047675731549925 -7.695103299885701
-2.412601149439106 0.6041072453908153 -1.302918859263673
1.482432037557132 -0.4771211165879447 -6.658835951382688
0.6163827732234928 1.578048719161004 -6.26854997379853
0.7599798625244784 -0.7516833879803994 -7.673685595705577
0.814953626783457 2.311379458036565 -1.930563934287805
0.6673432161561736 2.207064550125727 -3.399021626316328
1.86866914635291 -1.505608335435746 -2.55688068537005
0.06439204451270358 1.771537784075258 -6.017184870373655
-0.4616544663251053 0.7795780693765219 -7.907837547708257
-2.334641225775205 0.05313764663290206 -3.162432603187367
-1.034475214175688 1.221700758004371 -6.540756126348737
-1.949448033280821 -1.331050189513588 -2.941983392228323
-1.380499728297209 -0.9007034388062942 -6.405552377284763
-0.5547048608525618 -0.6594676187806697 -7.963761780844752
-2.023655538965087 -1.465327115777988 -1.026528443308261
1.316195330953259 -2.117145583738791 -1.16951437153853
-0.5675633929855923 1.961422202399758 -4.956045997043778
-2.185918468648791 -0.06235069693113258 -4.196778885007933
-2.173559231341954 0.359093857858954 -4.099482446688051
1.226806426330989 -2.082886135152568 -2.361625206072946
-1.597305005587656 0.1107021108496598 -6.539935552008338
-1.294518184913914 -0.2460879977570228 -7.221662501773054
-1.194418903169141 -0.1822894699712633 -7.435563465516154
-1.754305227342654 -1.722768378835883 -1.812739522994766
-1.874215001826502 -1.654026864035945 -0.9921406611053931
1.741359119886462 -1.716705069978553 -2.008908728759313
0.2165349924108917 -1.557586487439842 -6.618082739947528
-2.382199684880709 0.7429415531314748 -1.108984647825787
-1.90632359430488 -0.1610106332191127 -5.507995359978226
-1.846049720031565 -0.3617098386541674 -5.631439826513071
-1.917788048705255 1.404444303172849 -2.78692844020442
-0.712822316977539 0.3888293149591237 -8.022844157233628
-1.568483770390854 1.055864420335055 -5.594814823968103
-0.119971684380779 -1.646354088983623 -6.398618764671295
1.866043744530336 1.449499410676037 -2.92046259490574
-2.469389607432253 0.4834421811672752 -0.204494230305596
-0.4683680059134461 -0.8453504744494723 -7.826309208111986
-2.095929973894809 0.5902129201861125 -4.25161537533813
0.5584579296501098 -0.2061665003173927 -8.235525836224681
1.780354017997355 -1.199802011976628 -4.424265433748447
0.9332385340865972 2.281022638904168 -1.72135161660581
1.327685392321827 2.137490817039441 -0.2041024013544191
0.4899779474491263 -2.421011707152445 -1.628676545573207
-0.6738018620706847 -0.232462691921022 -8.129039388314084
-0.07874148636216 1.453543728917799 -6.914701775272925
-2.297699268583446 0.9705703231737198 -1.136302417021413
1.000345693623999 2.047514765395992 -3.599102099889762
-0.1348382242474741 -2.078559179036177 -4.758434278471603
-1.635791941243618 -1.818598090941326 -1.998420216341142
2.245047862943698 -0.2217886389790691 -3.758738918454205
0.671986581193748 0.9825350955254394 -7.4682242766129
-0.02510569961560597 -1.577088510019431 -6.605325974410858
-1.765364638036565 1.586338369869899 -2.822092956755239
1.056112574291691 -1.011887415352487 -6.898035500360822
-1.446280628313967 -1.976839240248206 -1.951024300246351
-1.647764820339042 -1.729815378996912 -2.668410106217486
-1.224149218867812 -1.06084869342866 -6.487443021517472
-0.898807690717309 0.7865348855343079 -7.460969273673519
2.146881767253364 1.091112441074952 -2.464636497445127
1.048717377990834 1.829322090794922 -4.628398952648497
1.385966934744036 0.4178359971683027 -6.933943551019497
1.911060936871892 -0.9865498634097304 -4.403391559120486
-2.10333531758159 -1.381020966132652 -0.2143231956932345
-0.3517562730859371 -0.6447292439721864 -8.107135883052752
-1.70891266105441 -1.826040688084112 -0.9553376706344676
-1.826303046386848 -0.5703679070302227 -5.507266178404596
1.946222752153911 1.379518114641066 -2.703320587080369
-2.2496653124193 1.05483976484783 -1.353752373197673
1.149471328165179 2.180409036208639 -1.716504480973985
0.01033462044005372 -1.137980017459707 -7.560158735547624
-1.525101732617987 -1.983673499065771 -0.9184895490358463
-1.53484728694843 0.3228346273654562 -6.629198007118977
-2.132805594235512 1.272480137603087 -1.377071570563192
-1.414563351849764 1.22852613395279 -5.660029975748322
1.099736588643147 1.962396189087782 -3.802249580703655
-1.71857354536689 1.834977786414657 -0.407599690116675
-1.591894909186956 1.755245754431749 -2.857958909648744
0.9187764740212582 -0.393411741180539 -7.779121173071954
1.857082152353279 -1.671764872439766 -1.019953127492836
-1.392845347598221 -2.032487411173427 -1.731124017389108
0.4768314749649746 -2.409022567966224 -1.858332811307243
0.1023238238345578 -2.073520065723781 -4.792432358760874
-0.9528389476326828 2.006444203254502 -3.986712446094582
2.377799948506924 0.406838100107761 -2.418604680351892
2.293715554581315 0.6678815004621533 -2.668821034651452
2.400543089439193 0.4597205639914032 -2.02425433875338
0.1169567539399827 0.2097325880641119 -8.437335637744361
0.2150162209768422 0.3624270768904662 -8.356359663465565
-0.1564023866558897 0.2035328977271588 -8.431809375098675
-1.431589428513514 -1.296216696296147 -5.435842367322968
1.258379314235326 2.133989240973115 -1.497915093195037
-1.265615056667016 2.065345280206179 -2.303371668627244
-1.181412793808096 -2.165180494552804 -1.688949423645983
1.535094762358725 1.99034560887117 -0.4428926734990803
-2.066442488739094 1.393370528163037 -1.184015513678031
0.1048689005342868 1.50929736581597 -6.773879524482719
1.985492010371513 -0.9172726054674224 -4.194832397088479
0.1147005057973202 -1.641192091355551 -6.414732580226411
2.020410818920322 1.306877766111965 -2.486711099766615
1.999056861971443 0.6106648491077249 -4.721890997832717
-0.521292502566211 0.4554239163349975 -8.149166064056674
-1.404728172191579 1.904089140836117 -2.889920812628319
1.36151839166451 2.082548457806485 -1.28030859910885
1.287799237692557 1.762265769574771 -4.221188326499433
-1.327633933925675 1.379576932944167 -5.50196965139853
0.8919331753430577 -1.814617386265759 -5.047779471912638
1.196576598699852 1.866723675753692 -4.011195753880145
-1.783146294911094 -0.7715742591142285 -5.388371426627018
-1.327947484351827 -2.122432814627804 -0.8724585249535715
-1.918139751816669 1.589615516433184 -1.210200409898537
-1.033536741644498 -1.208412253680711 -6.570365205294208
-1.340925020337858 0.5303875125637072 -6.947096744968109
2.488342007070036 -0.3738368500143793 -0.2045341880306129
1.163074507710581 -1.024488698737311 -6.678332333309248
2.488896107533208 0.3715699995472742 -0.1723983357867371
1.482951812177351 0.3999781239864707 -6.714902043623808
-1.043859283090191 -2.222059421116988 -1.86918670707789
0.2521749950467555 -2.098363992266533 -4.60322152673648
-0.1402199005273786 2.414786897788469 -2.343818473207243
-2.293464964194652 -0.3474319665220487 -3.290168220711057
0.1449623044914904 -2.337260836521135 -3.107396484214048
-1.444445916426281 0.5271578327966137 -6.710517517438095
-1.197660301129644 2.037343529240479 -2.916594431756324
2.078897689623832 -0.6930255106419735 -4.16970744602275
0.826986567077414 0.9847435569819812 -7.286312212100971
-1.115438393392667 -2.243067791130662 -0.8230290574245879
0.9998494109591571 -1.937172711949062 -4.236835583071885
1.629870610189843 -1.784438274590854 -2.368267559770163
1.687179241906608 -1.863502896246414 -0.4269184013414046
2.189671526073621 0.9559134169107133 -2.666195698772568
-1.847311909661914 1.656723584610672 -1.420728964427604
1.040605796742457 2.268698181506081 -1.093464114607635
-1.669703187791858 1.834236293829049 -1.440399032684713
-0.1995030066741039 -2.503756715229021 -0.5501497129774532
0.4552779579198656 1.564574373392523 -6.460090546682657
-0.8241326858186876 -2.315995785496046 -1.820500556007073
-0.8489099582608858 -1.126636926852124 -7.019709184077538
1.77173700914128 0.7193323729464064 -5.511600210031225
2.150888423384312 -0.4297123785245536 -4.15762324045103
0.4014715396943693 -2.110211409930939 -4.417870497810276
2.432994876152697 -0.6176593350727742 -0.6238687853999529
-1.667204874618381 -0.950327868537391 -5.484576664887101
-1.8897550308093 1.658537529993193 -0.3893533880912917
1.175777141944743 1.795506510517948 -4.427967357730944
-0.2787083417767395 2.180768299054917 -4.126886256039509
-0.0796159115838164 0.9184664889577673 -7.886978932633967
-0.988800656783162 2.143396031251163 -2.942308999727478
-0.7438839944665184 2.402884358721074 -0.302557575074126
-1.138616147270158 1.523376301213154 -5.551953159541434
1.572883355786021 0.3951604379222976 -6.482045951206155
1.890598167091096 -1.562490542050082 -1.90360895484681
-2.33165185923517 -0.2061502293045321 -3.115967958120253
-0.8061212506933402 -2.271000704265146 -2.446978626740764
-2.503693432878967 0.2239350244092037 -0.4346724966362637
-1.393623663152889 2.00441990223951 -2.06327239565973
-0.9521266159290472 -1.171161024081744 -6.782924259117971
1.279719315053414 -1.01724519387618 -6.444889900000111
-1.196187352721175 -2.210864408009318 -0.4326077237145893
2.356377818407676 -0.5706890499297099 -2.276706095447899
1.819537170106172 1.729122691019776 -0.6273700985753284
-0.2809068435128183 0.4981801001234722 -8.254291694290719
1.306478902543285 -1.328430512718952 -5.698617923167181
-0.3033164095221184 -2.498035261334686 -0.1877359557909197
-0.5978271071293326 -2.387591291110834 -1.773300496719478
-1.578166976139433 1.925595611293743 -1.245336002572798
-0.2496113570897051 2.422531283404895 -2.141278807674498
0.1084923446238478 -1.023753154316536 -7.734591851469276
-0.2833037039312281 -2.300362130563933 -3.305236242127616
0.2519102291576693 -1.690338248445007 -6.222670624739394
2.287134197974577 -1.034490640995007 -0.6221705210842668
0.892326119284669 -2.352870617602453 -0.1857613686636307
0.6965264986222786 2.415177406119335 -0.4398159178976412
0.8442562507642024 1.930608762721434 -4.635998622007621
-2.026316964620333 -1.488215080268076 -0.4061216495040376
1.80385938715556 -0.396435164775075 -5.758544334791857
0.8076263494060789 -2.258280613139668 -2.571671572838582
-0.7576009307452035 2.233096849350873 -2.963799381730388
-0.06549733639372336 1.71693161364556 -6.193954833028432
0.5483800749066086 0.1904904552541199 -8.247477904124267
-1.380086100156527 2.071643496811296 -1.255245100661041
0.6269570989211797 -2.049045098306249 -4.446667409434125
-0.363797873825124 -2.437582983799568 -1.72082036940068
-0.05359616201415034 -0.9085602639873733 -7.902467088224488
0.06100960608445512 1.590614984617766 -6.565772743722434
-1.003685752070016 -0.4564884453938127 -7.619429380549913
2.211713596988916 0.6248594390523993 -3.455854553482943
1.439252553906809 -0.7885256625051528 -6.426607541806519
0.8791788240712898 -2.184949897329467 -2.989930423464606
0.250311760839376 -2.417233696469024 -2.207227438219477
-0.9229889992195323 1.647275530138608 -5.604500687500942
-0.4975786333682196 -0.3592159800485146 -8.22019917655448
1.946477459575141 -0.5821480225114282 -5.003451718476805
-1.652802423837749 -1.138865596054009 -5.114299826414479
-1.588382304481061 -1.135456891514923 -5.348995545803709
-0.7544886012895494 1.452900634815012 -6.438108576473294
0.9751638818042119 0.9763770330210936 -7.08859542432662
2.164898068215956 -0.8156737958878328 -3.339062948144889
-0.523700707083769 -2.214638940825506 -3.621278688927884
2.418622192575894 -0.4900919588202953 -1.668071014783638
1.855950363604259 0.3866093858673855 -5.575498113817982
-1.217075881766478 1.908009588558258 -3.709627092667707
-0.5192923556020681 2.298835715996923 -2.975961819225589
-2.148573667201027 -0.2391571887222712 -4.340973986659752
-0.8180164586354449 2.357305748285345 -1.113047885570506
-2.1723273629111 0.6429780290734806 -3.693309047837217
-1.165056936341079 2.198681735740159 -1.276678030187575
-1.655902987078682 1.773873357346213 -2.250558153725249
-1.719725785188082 -1.127213932098969 -4.888355396698143
-2.110002417123722 1.371166706497799 -0.1869088258639772
1.016588448512722 -2.154620468327878 -2.7346255463862
-0.1284296941027331 -2.464262856948076 -1.670916481434919
-1.90372565570887 -1.188422366499717 -3.837724909992598
1.045316785249935 -1.986671470784383 -3.83324323678568
0.2740269008244354 1.543770148454605 -6.630618850462239
-1.957287648735728 1.581458709198847 -0.1935188645186567
2.130201642192074 -0.1905847978690757 -4.469027047093807
1.977189519335159 -0.17628318106119 -5.211402102601457
0.8028190918061999 -0.5647580079486584 -7.804919244057731
0.7166410310122641 1.937501451578383 -4.842418137662658
2.480260973006074 0.1755854458496884 -1.316190065742783
-0.9523227697613078 -0.9578654365358402 -7.152166339391715
-2.252585628511496 -0.5778028929248433 -3.242766730889689
-0.2700686803002556 2.34008301288694 -2.986203351662571
0.8557506005259718 -1.962334485498358 -4.457613962886544
0.4165361452589992 2.481680769481369 -0.1858908766090784
1.048832056644524 -0.41653376979023 -7.576308431743699
2.035856155946576 1.47913608216179 -0.1761162049284488
0.04407059385811809 -2.513556778149772 -0.4176122932030547
-0.9409994928193005 0.8832583045893345 -7.276969184527642
-1.370616741277986 -1.733501950180711 -4.057342256672433
1.508706785280603 -1.988431970409652 -1.092395393272175
0.1468270623021362 -1.766628851656119 -6.017144134402959
0.1063021017834785 -2.468454950449606 -1.617519154980805
-1.623556807965891 -1.529650215156612 -3.926457797767466
-1.054890281424621 2.262338534014589 -1.087655130895172
0.6683787006798432 -2.396105328008074 -1.292164892732064
-2.064278689850582 0.908820255396765 -3.762100361198578
-2.516475771302216 -1.1123526664749e-09 -0.1729824801785128
-0.8264070425785831 1.185545686452297 -6.939684920219347
-0.8196326841332087 1.749832786388444 -5.43157813684822
2.108527069823975 -1.252736522947102 -1.905106357878
1.786367709965562 0.3980042234128461 -5.818835183260682
-0.2812071509643523 2.380457299848493 -2.585825452235708
0.5414685272112165 -1.905795056665298 -5.227817301293188
-1.826571640608835 1.601122556757706 -2.221865824743724
0.9158182613279184 -2.014630931581314 -4.03795262437112
-1.880444227028722 -1.669174786709862 -0.38504602521827
1.915680918358381 0.3965994640363113 -5.333173831131499
0.5861623089280539 1.935481262795344 -5.046326957929325
-0.5884885430719693 -2.343924252606838 -2.369221430632798
-0.7246092208627006 2.37878877655477 -1.31114088413568
2.170813257080542 1.267867999505467 -0.4174823785034812
-1.34233843866269 0.1654705640959379 -7.148337704961288
-1.785988873675438 -1.588568106937574 -2.655812302425715
2.209268699410623 -0.1746510979266801 -4.018372501537908
0.5188376031044349 -2.219701532270452 -3.59396399423542
1.113028084838021 0.9544629130391152 -6.889365536159842
-1.119961105382169 -1.932641390113286 -3.906697945051463
0.182283246721891 2.509904398929323 -0.16640110812829
-1.946085423607195 1.118838160995575 -3.833987792022576
2.084041920426479 -1.373568432481585 -1.093105736388847
1.364452216885236 -1.195849471657557 -5.874820654246706
1.886891628432817 -1.664940950716159 -0.181364649277482
0.3998597272686662 0.3799860090223935 -8.2699488364592
-0.703351375806711 1.844441725556206 -5.25871758816045
2.121939793448013 0.6191843434719605 -4.053989063258922
-0.1672345054553185 2.144670199991363 -4.400631117315951
-2.132069035691987 -0.4687421984808863 -4.219266931211236
-0.9961959102382354 -2.310859168980202 -0.1785921876468095
-0.4810569408250288 2.439222938864939 -1.321780277570321
-2.169693973079103 1.270991876742695 -0.3734240123497498
-1.833796069025674 -0.9706991325389209 -4.798215281125048
-0.2203728596857509 2.476542075447347 -1.319201703367001
-0.251620875566631 0.8294917566246757 -7.957511985486931
-0.8123660384263899 -2.062831030406472 -4.012951562747387
-1.020353154365166 -0.7930452437795434 -7.273527503133751
-1.414346147359652 1.775846682737806 -3.660029821550203
-2.187143206414932 -0.8076607807557279 -3.1935872066607
-0.2548998736506076 -0.9001184912765883 -7.868792637376503
-1.978209774618131 1.413497344322681 -2.192758673662109
0.3673364149004589 -2.351495452695941 -2.758108911895751
1.187405267263239 -2.216348215947911 -0.3862850531381058
0.2844025532465682 -1.808559817607888 -5.816636002740038
0.4522500081959618 1.9239728669484 -5.248428649694096
2.47847853617152 0.3791082391705955 -0.7432196660395864
-1.420970288585063 -1.877605743547211 -2.994481237892313
2.058148270435881 0.5728982026401634 -4.481563575306342
2.394120761425982 -0.391063831356312 -2.260353008691222
-2.500373820095575 -0.2621949477334371 -0.4079205778872917
2.452737040420719 0.1549721784569884 -1.830117155841449
0.4221615643177813 -2.270148167865585 -3.373382097218171
-0.05622284594347087 2.51344695918436 -0.4084596161756713
0.01242727006004396 1.65638862645643 -6.381846439369645
0.445664468420404 -0.3577047796230297 -8.254650628638091
2.452793674022638 -0.1540693269516914 -1.830120875867236
1.770696239355239 0.824378874812262 -5.346085000740019
0.7667709426090025 -1.833273227724624 -5.202173905159044
-0.09921324660726481 2.492619038544636 -1.12846993428996
-2.428164125848992 0.2235325056440112 -2.101226707745555
-2.190800495928843 0.4695928126250839 -3.861871482997828
1.648065905506594 -0.1512219234046011 -6.386099353953037
2.333494147864351 0.9255517719452593 -0.6158751422344493
2.294146138509541 -0.6011863264936236 -2.839020031517436
-0.1379722824571381 2.215277823457624 -3.996979427227137
1.171009595220246 -2.092046677861603 -2.580846753738912
1.658995989528471 0.366194685833698 -6.253878888998301
1.250931157049987 0.9027321327377553 -6.697463336462135
2.250230564056127 0.5682415854794981 -3.280251775360123
0.3042344805426611 -2.454363038503354 -1.575301185528392
-1.712539211029855 -1.841454153419455 -0.3618309150661548
2.246483339223218 -0.3951226718107109 -3.583628169627221
-0.3341035236436116 0.2098868650561594 -8.371211473265525
-2.074021676359357 -0.8015233553826417 -3.972057563284287
0.8923997208632715 2.353064688806124 -0.1505355244696266
-2.282111814099885 1.056212695926076 -0.3637744239356105
0.3033844615907497 -2.496364921652765 -0.3596933476362297
-0.1842875221999726 -2.507986819346805 -0.3584328437932753
-2.112171091151673 1.210282760609337 -2.154247846053375
1.623028706988434 -1.888589350411746 -1.234073482510865
1.873561068957643 -0.3558221882299195 -5.531778713018272
-1.888049789544402 -0.9699209644533134 -4.555234806078419
1.638811080784767 1.043438466279825 -5.388868028661177
-1.221440590600658 0.5703808828135714 -7.157850932906078
2.404988050263289 0.3562842864491341 -2.193747880680309
0.3151539310208534 1.900613333751117 -5.454557439775001
0.637008833802357 -0.5368714751107899 -7.998277621644458
2.509526516051014 -0.1855963284620396 -0.1880883637677271
2.509964985051172 0.1804691694306586 -0.178053019066212
-0.2265722521070386 0.3462191993644471 -8.360689348744485
-0.3644100578288052 -2.395817880871158 -2.290274515378201
0.3390186286994075 -2.307687649027908 -3.185686346502309
0.4029269308062825 -1.841634610466454 -5.616079904484931
-1.51202950800164 1.657341259472933 -3.84290106438182
2.40963164229185 0.7196888747107317 -0.3533834440573012
-2.098975643545776 -1.029433835818848 -3.140736274377266
1.918488991560593 1.62405824281202 -0.4406644070313107
0.01025357290703644 2.501168297571181 -0.9485420727233084
2.292196203431903 0.602475040736848 -2.853744782831469
-0.3893996071891345 1.593064186812845 -6.429902060245388
2.301843521943621 -0.8867056668333492 -1.685630065150849
-2.424242646174541 0.07482192668042863 -2.265850943209766
1.261102148340229 -1.226741599717598 -6.061516210994993
2.400789228650242 -0.6057291807350234 -1.523183793735454
-0.923733043452864 -0.7533120113596694 -7.465323077414775
2.208938955114178 0.3490128641833736 -3.889525913708954
-0.4356178800713487 2.472476096283142 -0.606038066839673
0.8769764089732162 -2.331684289038773 -1.211597442173321
-0.4351994068492134 0.6011222451815583 -8.099202200393808
1.566024688212025 1.076553702804736 -5.557792646567329
2.128836055276708 -0.3626507851306908 -4.354154638460027
1.445408337991128 -0.6511043263599671 -6.583569421433771
-0.7776921930056774 -2.393490393764556 -0.1383378218101385
-1.842707387224189 -1.473801614735881 -2.950413823742635
0.9140073725515006 2.339989035352035 -0.5252744301435402
-1.121530485908616 -0.3645591488092317 -7.488094875517727
1.662803159672042 1.886005284361507 -0.3892155192605599
-2.22349986655593 0.9963759460451297 -2.125990396773541
-2.373281129457554 0.8320349682010052 -0.3457800829044969
2.20983786472354 -0.7578985982840284 -3.154497143757347
1.719130318435231 -1.717462789321438 -2.20873544427979
0.1810638469792952 1.869721502090927 -5.641590794106578
2.252792999645298 1.116823259755093 -0.3827488536229031
-0.2288819636594912 2.504017482604269 -0.3809668254428114
0.2434618629261744 2.489242744309191 -0.950601340336878
0.9288651094812691 -1.693425394899793 -5.434951560260376
-0.8866280079365617 1.328610130056898 -6.550611689238156
1.975054439388638 -1.556455472066305 -0.3672788223512184
-0.4678640273667518 -0.5167318376111693 -8.144466991299335
-0.2046063515113176 1.672267815389309 -6.297267910615619
-0.344429678038753 -2.265900971936026 -3.503415036999001
-0.3046394355652727 2.239986220085118 -3.727057768969841
-1.933363037901401 -0.9702449518517799 -4.333518601561462
-1.532805035713035 -1.99374340254935 -0.3497173255613312
1.355913122188213 0.7506874772469764 -6.678576269783578
2.107672211709997 -1.350926452509696 -0.8781663168809549
1.384156466033936 -1.998952383089815 -2.191695400630848
2.465797934706422 0.4933565417535117 -0.3647000140795572
1.979699792473225 0.349056037586489 -5.100666519625188
1.352571244854147 1.3160751229526 -5.608467812506474
2.042087711461491 -0.4783661866763756 -4.685950620444638
1.382669044373778 -2.100324380077023 -0.3712326158422474
-0.3903045999559366 -0.7603631172583628 -7.972375822104607
-0.7735960439471409 2.394809305719019 -0.1399256446077041
2.369596031201892 -0.8328468782660111 -0.5499421556270699
-2.470577378826532 -0.4673424920324113 -0.3858311286642105
-2.159531365184096 -0.4823134445492298 -4.039719968948097
-0.1965591432654714 -2.500027845074926 -0.7262746238984894
1.834016368220756 0.5529533428189954 -5.498331588929961
-0.3828644864563514 -0.2350829058869011 -8.339879705846457
1.991322458604346 -1.423848670072412 -1.971006215273315
2.026535322455 0.7451668768562592 -4.355898542896112
0.4736455649363352 2.455506031698344 -0.9610012832195537
2.48285005096991 -0.3781821764940338 -0.5606951424968618
0.3046604355337812 -1.903041177194717 -5.451718171878793
-1.993491229310705 -1.232664603390393 -3.089706833351511
-2.309211255415958 0.7832119912682887 -2.10141601556061
-0.5985984546956589 1.91390798542864 -5.122504897283124
-2.442687121771943 0.5990130168982554 -0.3325487063678893
1.936029047035862 -0.307924545127651 -5.316241089527147
-0.1006855096108116 -2.333564041276872 -3.158332295819431
-1.379035495122739 0.3120172539075326 -7.012326862991061
-1.623981462573657 -1.728057792086021 -2.841080333671514
2.315948133471555 -0.5893008797896611 -2.660960240291936
0.5422935170682694 -2.455892434231572 -0.3333501604028426
2.492715665095958 0.123191635675242 -1.098865852660803
-1.677249651197874 1.500494794320032 -3.795933964650112
1.30195087794317 1.313499742778381 -5.749391691959358
1.651921775761151 0.5390492679816679 -6.132060578677724
-0.1489951263768109 -2.424018384553206 -2.226690672059263
-0.3055145969752519 2.072325973043621 -4.699341171920859
-0.6884676859235266 1.949936789519584 -4.832155959831863
2 5 0 2537
2359
2360
2361
2362
2363
2364
2365
2366
2367
2368
2369
2370
2371
2372
2373
2374
2375
2376
2377
2378
2379
2380
2381
2382
2383
2384
2385
2386
2387
2388
2389
2390
2391
2392
2393
2394
2395
2396
2397
2398
2399
2400
2401
2402
2403
2404
2405
2406
2407
2408
2409
2410
2411
2412
2413
2414
2415
2416
2417
2418
2419
2420
2421
2422
2423
2424
2425
2426
2427
2428
2429
2430
2431
2432
2433
2434
2435
2436
2437
2438
2439
2440
2441
2442
2443
2444
2445
2446
2447
2448
2449
2450
2451
2452
2453
2454
2455
2456
2457
2458
2459
2460
2461
2462
2463
2464
2465
2466
2467
2468
2469
2470
2471
2472
2473
2474
2475
2476
2477
2478
2479
2480
2481
2482
2483
2484
2485
2486
2487
2488
2489
2490
2491
2492
2493
2494
2495
2496
2497
2498
2499
2500
2501
2502
2503
2504
2505
2506
2507
2508
2509
2510
2511
2512
2513
2514
2515
2516
2517
2518
2519
2520
2521
2522
2523
2524
2525
2526
2527
2528
2529
2530
2531
2532
2533
2534
2535
2536
2537
2538
2539
2540
2541
2542
2543
2544
2545
2546
2547
2548
2549
2550
2551
2552
2553
2554
2555
2556
2557
2558
2559
2560
2561
2562
2563
2564
2565
2566
2567
2568
2569
2570
2571
2572
2573
2574
2575
2576
2577
2578
2579
2580
2581
2582
2583
2584
2585
2586
2587
2588
2589
2590
2591
2592
2593
2594
2595
2596
2597
2598
2599
2600
2601
2602
2603
2604
2605
2606
2607
2608
2609
2610
2611
2612
2613
2614
2615
2616
2617
2618
2619
2620
2621
2622
2623
2624
2625
2626
2627
2628
2629
2630
2631
2632
2633
2634
2635
2636
2637
2638
2639
2640
2641
2642
2643
2644
2645
2646
2647
2648
2649
2650
2651
2652
2653
2654
2655
2656
2657
2658
2659
2660
2661
2662
2663
2664
2665
2666
2667
2668
2669
2670
2671
2672
2673
2674
2675
2676
2677
2678
2679
2680
2681
2682
2683
2684
2685
2686
2687
2688
2689
2690
2691
2692
2693
2694
2695
2696
2697
2698
2699
2700
2701
2702
2703
2704
2705
2706
2707
2708
2709
2710
2711
2712
2713
2714
2715
2716
2717
2718
2719
2720
2721
2722
2723
2724
2725
2726
2727
2728
2729
2730
2731
2732
2733
2734
2735
2736
2737
2738
2739
2740
2741
2742
2743
2744
2745
2746
2747
2748
2749
2750
2751
2752
2753
2754
2755
2756
2757
2758
2759
2760
2761
2762
2763
2764
2765
2766
2767
2768
2769
2770
2771
2772
2773
2774
2775
2776
2777
2778
2779
2780
2781
2782
2783
2784
2785
2786
2787
2788
2789
2790
2791
2792
2793
2794
2795
2796
2797
2798
2799
2800
2801
2802
2803
2804
2805
2806
2807
2808
2809
2810
2811
2812
2813
2814
2815
2816
2817
2818
2819
2820
2821
2822
2823
2824
2825
2826
2827
2828
2829
2830
2831
2832
2833
2834
2835
2836
2837
2838
2839
2840
2841
2842
2843
2844
2845
2846
2847
2848
2849
2850
2851
2852
2853
2854
2855
2856
2857
2858
2859
2860
2861
2862
2863
2864
2865
2866
2867
2868
2869
2870
2871
2872
2873
2874
2875
2876
2877
2878
2879
2880
2881
2882
2883
2884
2885
2886
2887
2888
2889
2890
2891
2892
2893
2894
2895
2896
2897
2898
2899
2900
2901
2902
2903
2904
2905
2906
2907
2908
2909
2910
2911
2912
2913
2914
2915
2916
2917
2918
2919
2920
2921
2922
2923
2924
2925
2926
2927
2928
2929
2930
2931
2932
2933
2934
2935
2936
2937
2938
2939
2940
2941
2942
2943
2944
2945
2946
2947
2948
2949
2950
2951
2952
2953
2954
2955
2956
2957
2958
2959
2960
2961
2962
2963
2964
2965
2966
2967
2968
2969
2970
2971
2972
2973
2974
2975
2976
2977
2978
2979
2980
2981
2982
2983
2984
2985
2986
2987
2988
2989
2990
2991
2992
2993
2994
2995
2996
2997
2998
2999
3000
3001
3002
3003
3004
3005
3006
3007
3008
3009
3010
3011
3012
3013
3014
3015
3016
3017
3018
3019
3020
3021
3022
3023
3024
3025
3026
3027
3028
3029
3030
3031
3032
3033
3034
3035
3036
3037
3038
3039
3040
3041
3042
3043
3044
3045
3046
3047
3048
3049
3050
3051
3052
3053
3054
3055
3056
3057
3058
3059
3060
3061
3062
3063
3064
3065
3066
3067
3068
3069
3070
3071
3072
3073
3074
3075
3076
3077
3078
3079
3080
3081
3082
3083
3084
3085
3086
3087
3088
3089
3090
3091
3092
3093
3094
3095
3096
3097
3098
3099
3100
3101
3102
3103
3104
3105
3106
3107
3108
3109
3110
3111
3112
3113
3114
3115
3116
3117
3118
3119
3120
3121
3122
3123
3124
3125
3126
3127
3128
3129
3130
3131
3132
3133
3134
3135
3136
3137
3138
3139
3140
3141
3142
3143
3144
3145
3146
3147
3148
3149
3150
3151
3152
3153
3154
3155
3156
3157
3158
3159
3160
3161
3162
3163
3164
3165
3166
3167
3168
3169
3170
3171
3172
3173
3174
3175
3176
3177
3178
3179
3180
3181
3182
3183
3184
3185
3186
3187
3188
3189
3190
3191
3192
3193
3194
3195
3196
3197
3198
3199
3200
3201
3202
3203
3204
3205
3206
3207
3208
3209
3210
3211
3212
3213
3214
3215
3216
3217
3218
3219
3220
3221
3222
3223
3224
3225
3226
3227
3228
3229
3230
3231
3232
3233
3234
3235
3236
3237
3238
3239
3240
3241
3242
3243
3244
3245
3246
3247
3248
3249
3250
3251
3252
3253
3254
3255
3256
3257
3258
3259
3260
3261
3262
3263
3264
3265
3266
3267
3268
3269
3270
3271
3272
3273
3274
3275
3276
3277
3278
3279
3280
3281
3282
3283
3284
3285
3286
3287
3288
3289
3290
3291
3292
3293
3294
3295
3296
3297
3298
3299
3300
3301
3302
3303
3304
3305
3306
3307
3308
3309
3310
3311
3312
3313
3314
3315
3316
3317
3318
3319
3320
3321
3322
3323
3324
3325
3326
3327
3328
3329
3330
3331
3332
3333
3334
3335
3336
3337
3338
3339
3340
3341
3342
3343
3344
3345
3346
3347
3348
3349
3350
3351
3352
3353
3354
3355
3356
3357
3358
3359
3360
3361
3362
3363
3364
3365
3366
3367
3368
3369
3370
3371
3372
3373
3374
3375
3376
3377
3378
3379
3380
3381
3382
3383
3384
3385
3386
3387
3388
3389
3390
3391
3392
3393
3394
3395
3396
3397
3398
3399
3400
3401
3402
3403
3404
3405
3406
3407
3408
3409
3410
3411
3412
3413
3414
3415
3416
3417
3418
3419
3420
3421
3422
3423
3424
3425
3426
3427
3428
3429
3430
3431
3432
3433
3434
3435
3436
3437
3438
3439
3440
3441
3442
3443
3444
3445
3446
3447
3448
3449
3450
3451
3452
3453
3454
3455
3456
3457
3458
3459
3460
3461
3462
3463
3464
3465
3466
3467
3468
3469
3470
3471
3472
3473
3474
3475
3476
3477
3478
3479
3480
3481
3482
3483
3484
3485
3486
3487
3488
3489
3490
3491
3492
3493
3494
3495
3496
3497
3498
3499
3500
3501
3502
3503
3504
3505
3506
3507
3508
3509
3510
3511
3512
3513
3514
3515
3516
3517
3518
3519
3520
3521
3522
3523
3524
3525
3526
3527
3528
3529
3530
3531
3532
3533
3534
3535
3536
3537
3538
3539
3540
3541
3542
3543
3544
3545
3546
3547
3548
3549
3550
3551
3552
3553
3554
3555
3556
3557
3558
3559
3560
3561
3562
3563
3564
3565
3566
3567
3568
3569
3570
3571
3572
3573
3574
3575
3576
3577
3578
3579
3580
3581
3582
3583
3584
3585
3586
3587
3588
3589
3590
3591
3592
3593
3594
3595
3596
3597
3598
3599
3600
3601
3602
3603
3604
3605
3606
3607
3608
3609
3610
3611
3612
3613
3614
3615
3616
3617
3618
3619
3620
3621
3622
3623
3624
3625
3626
3627
3628
3629
3630
3631
3632
3633
3634
3635
3636
3637
3638
3639
3640
3641
3642
3643
3644
3645
3646
3647
3648
3649
3650
3651
3652
3653
3654
3655
3656
3657
3658
3659
3660
3661
3662
3663
3664
3665
3666
3667
3668
3669
3670
3671
3672
3673
3674
3675
3676
3677
3678
3679
3680
3681
3682
3683
3684
3685
3686
3687
3688
3689
3690
3691
3692
3693
3694
3695
3696
3697
3698
3699
3700
3701
3702
3703
3704
3705
3706
3707
3708
3709
3710
3711
3712
3713
3714
3715
3716
3717
3718
3719
3720
3721
3722
3723
3724
3725
3726
3727
3728
3729
3730
3731
3732
3733
3734
3735
3736
3737
3738
3739
3740
3741
3742
3743
3744
3745
3746
3747
3748
3749
3750
3751
3752
3753
3754
3755
3756
3757
3758
3759
3760
3761
3762
3763
3764
3765
3766
3767
3768
3769
3770
3771
3772
3773
3774
3775
3776
3777
3778
3779
3780
3781
3782
3783
3784
3785
3786
3787
3788
3789
3790
3791
3792
3793
3794
3795
3796
3797
3798
3799
3800
3801
3802
3803
3804
3805
3806
3807
3808
3809
3810
3811
3812
3813
3814
3815
3816
3817
3818
3819
3820
3821
3822
3823
3824
3825
3826
3827
3828
3829
3830
3831
3832
3833
3834
3835
3836
3837
3838
3839
3840
3841
3842
3843
3844
3845
3846
3847
3848
3849
3850
3851
3852
3853
3854
3855
3856
3857
3858
3859
3860
3861
3862
3863
3864
3865
3866
3867
3868
3869
3870
3871
3872
3873
3874
3875
3876
3877
3878
3879
3880
3881
3882
3883
3884
3885
3886
3887
3888
3889
3890
3891
3892
3893
3894
3895
3896
3897
3898
3899
3900
3901
3902
3903
3904
3905
3906
3907
3908
3909
3910
3911
3912
3913
3914
3915
3916
3917
3918
3919
3920
3921
3922
3923
3924
3925
3926
3927
3928
3929
3930
3931
3932
3933
3934
3935
3936
3937
3938
3939
3940
3941
3942
3943
3944
3945
3946
3947
3948
3949
3950
3951
3952
3953
3954
3955
3956
3957
3958
3959
3960
3961
3962
3963
3964
3965
3966
3967
3968
3969
3970
3971
3972
3973
3974
3975
3976
3977
3978
3979
3980
3981
3982
3983
3984
3985
3986
3987
3988
3989
3990
3991
3992
3993
3994
3995
3996
3997
3998
3999
4000
4001
4002
4003
4004
4005
4006
4007
4008
4009
4010
4011
4012
4013
4014
4015
4016
4017
4018
4019
4020
4021
4022
4023
4024
4025
4026
4027
4028
4029
4030
4031
4032
4033
4034
4035
4036
4037
4038
4039
4040
4041
4042
4043
4044
4045
4046
4047
4048
4049
4050
4051
4052
4053
4054
4055
4056
4057
4058
4059
4060
4061
4062
4063
4064
4065
4066
4067
4068
4069
4070
4071
4072
4073
4074
4075
4076
4077
4078
4079
4080
4081
4082
4083
4084
4085
4086
4087
4088
4089
4090
4091
4092
4093
4094
4095
4096
4097
4098
4099
4100
4101
4102
4103
4104
4105
4106
4107
4108
4109
4110
4111
4112
4113
4114
4115
4116
4117
4118
4119
4120
4121
4122
4123
4124
4125
4126
4127
4128
4129
4130
4131
4132
4133
4134
4135
4136
4137
4138
4139
4140
4141
4142
4143
4144
4145
4146
4147
4148
4149
4150
4151
4152
4153
4154
4155
4156
4157
4158
4159
4160
4161
4162
4163
4164
4165
4166
4167
4168
4169
4170
4171
4172
4173
4174
4175
4176
4177
4178
4179
4180
4181
4182
4183
4184
4185
4186
4187
4188
4189
4190
4191
4192
4193
4194
4195
4196
4197
4198
4199
4200
4201
4202
4203
4204
4205
4206
4207
4208
4209
4210
4211
4212
4213
4214
4215
4216
4217
4218
4219
4220
4221
4222
4223
4224
4225
4226
4227
4228
4229
4230
4231
4232
4233
4234
4235
4236
4237
4238
4239
4240
4241
4242
4243
4244
4245
4246
4247
4248
4249
4250
4251
4252
4253
4254
4255
4256
4257
4258
4259
4260
4261
4262
4263
4264
4265
4266
4267
4268
4269
4270
4271
4272
4273
4274
4275
4276
4277
4278
4279
4280
4281
4282
4283
4284
4285
4286
4287
4288
4289
4290
4291
4292
4293
4294
4295
4296
4297
4298
4299
4300
4301
4302
4303
4304
4305
4306
4307
4308
4309
4310
4311
4312
4313
4314
4315
4316
4317
4318
4319
4320
4321
4322
4323
4324
4325
4326
4327
4328
4329
4330
4331
4332
4333
4334
4335
4336
4337
4338
4339
4340
4341
4342
4343
4344
4345
4346
4347
4348
4349
4350
4351
4352
4353
4354
4355
4356
4357
4358
4359
4360
4361
4362
4363
4364
4365
4366
4367
4368
4369
4370
4371
4372
4373
4374
4375
4376
4377
4378
4379
4380
4381
4382
4383
4384
4385
4386
4387
4388
4389
4390
4391
4392
4393
4394
4395
4396
4397
4398
4399
4400
4401
4402
4403
4404
4405
4406
4407
4408
4409
4410
4411
4412
4413
4414
4415
4416
4417
4418
4419
4420
4421
4422
4423
4424
4425
4426
4427
4428
4429
4430
4431
4432
4433
4434
4435
4436
4437
4438
4439
4440
4441
4442
4443
4444
4445
4446
4447
4448
4449
4450
4451
4452
4453
4454
4455
4456
4457
4458
4459
4460
4461
4462
4463
4464
4465
4466
4467
4468
4469
4470
4471
4472
4473
4474
4475
4476
4477
4478
4479
4480
4481
4482
4483
4484
4485
4486
4487
4488
4489
4490
4491
4492
4493
4494
4495
4496
4497
4498
4499
4500
4501
4502
4503
4504
4505
4506
4507
4508
4509
4510
4511
4512
4513
4514
4515
4516
4517
4518
4519
4520
4521
4522
4523
4524
4525
4526
4527
4528
4529
4530
4531
4532
4533
4534
4535
4536
4537
4538
4539
4540
4541
4542
4543
4544
4545
4546
4547
4548
4549
4550
4551
4552
4553
4554
4555
4556
4557
4558
4559
4560
4561
4562
4563
4564
4565
4566
4567
4568
4569
4570
4571
4572
4573
4574
4575
4576
4577
4578
4579
4580
4581
4582
4583
4584
4585
4586
4587
4588
4589
4590
4591
4592
4593
4594
4595
4596
4597
4598
4599
4600
4601
4602
4603
4604
4605
4606
4607
4608
4609
4610
4611
4612
4613
4614
4615
4616
4617
4618
4619
4620
4621
4622
4623
4624
4625
4626
4627
4628
4629
4630
4631
4632
4633
4634
4635
4636
4637
4638
4639
4640
4641
4642
4643
4644
4645
4646
4647
4648
4649
4650
4651
4652
4653
4654
4655
4656
4657
4658
4659
4660
4661
4662
4663
4664
4665
4666
4667
4668
4669
4670
4671
4672
4673
4674
4675
4676
4677
4678
4679
4680
4681
4682
4683
4684
4685
4686
4687
4688
4689
4690
4691
4692
4693
4694
4695
4696
4697
4698
4699
4700
4701
4702
4703
4704
4705
4706
4707
4708
4709
4710
4711
4712
4713
4714
4715
4716
4717
4718
4719
4720
4721
4722
4723
4724
4725
4726
4727
4728
4729
4730
4731
4732
4733
4734
4735
4736
4737
4738
4739
4740
4741
4742
4743
4744
4745
4746
4747
4748
4749
4750
4751
4752
4753
4754
4755
4756
4757
4758
4759
4760
4761
4762
4763
4764
4765
4766
4767
4768
4769
4770
4771
4772
4773
4774
4775
4776
4777
4778
4779
4780
4781
4782
4783
4784
4785
4786
4787
4788
4789
4790
4791
4792
4793
4794
4795
4796
4797
4798
4799
4800
4801
4802
4803
4804
4805
4806
4807
4808
4809
4810
4811
4812
4813
4814
4815
4816
4817
4818
4819
4820
4821
4822
4823
4824
4825
4826
4827
4828
4829
4830
4831
4832
4833
4834
4835
4836
4837
4838
4839
4840
4841
4842
4843
4844
4845
4846
4847
4848
4849
4850
4851
4852
4853
4854
4855
4856
4857
4858
4859
4860
4861
4862
4863
4864
4865
4866
4867
4868
4869
4870
4871
4872
4873
4874
4875
4876
4877
4878
4879
4880
4881
4882
4883
4884
4885
4886
4887
4888
4889
4890
4891
4892
4893
4894
4895
1.391220419612502 -0.1398878417158688 -7.739278736826938
1.605005522381644 0.2264469015328689 -7.320169471290532
2.052747853838234 -0.203881953111177 -6.188704627419701
2.426500505614661 -0.2025834262915538 -4.752609156167854
2.194916456789177 0.2123927166970168 -5.709394002731487
-2.883371416049118 -0.1270631991114917 -0.212135746733699
0.5674917044043242 0.2117021197091896 -8.649125680968028
2.515400760197253 0.2216051058216751 -4.287982255138586
-2.163074284654561 1.910810375627018 -0.2096679119989201
2.559365305339327 -0.2071414085884415 -4.043553755691715
2.700349573383327 0.2124505058600494 -3.06062513850449
-1.998989466799163 -2.081955946620865 -0.2002124587621526
-0.7215970267350504 -2.794697387058978 -0.1872162069878714
-0.9601719745756903 2.721688060512864 -0.2220746118382625
0.7322067521753367 -2.791755395296823 -0.2110456365720441
0.4877649397737334 2.844654192438963 -0.2122169087755023
2.728461493727218 -0.2124530284507201 -2.816839235762892
1.610854966090004 2.394659139467829 -0.2277105285820011
1.599892568918974 -2.402141844196744 -0.2128891695792093
1.710142607711183 -0.2123039575898643 -7.097238459720636
2.769853331038432 0.2057543869949181 -2.413333681693128
0.9398226415405966 -0.2120034497217101 -8.338891711032465
-2.760392887048118 0.8426913094750673 -0.2138602115698715
-2.683186582967256 -1.063442910603596 -0.2025062015816753
2.815123558722326 -0.221762939939124 -1.84015704500006
2.313616317287335 1.725541679318723 -0.2045018127408445
2.320471676738026 -1.716211906619765 -0.2122169102399365
2.831767379417679 0.2124618024774187 -1.594271638259607
2.373133303659608 0.2124161496694678 -4.995378304627387
2.253103277626648 -0.2105159036188316 -5.493151526016282
1.977433493892758 0.212358176643846 -6.412227685189875
1.243447660641097 0.2121596734415289 -7.956936591576186
-1.616181802906568 2.391219039929864 -0.2122167774609397
-1.420727738341808 -2.512380126601031 -0.1997017275810363
0.02367518315701125 -2.886049903200697 -0.2150199030760847
-0.2354995056487221 2.87622469480066 -0.2496894223488814
2.856535003947393 -0.2124637980763782 -1.10407240951442
2.681309390244178 1.068400915015603 -0.1905759108804275
0.3516167152055363 -0.2115221965375926 -8.756192292427787
2.678135537539864 -1.07559583953876 -0.2262576470372697
2.865496021805843 0.2124645087156989 -0.8588195917483721
2.872201082080279 -0.2124650387784378 -0.6134940185137783
2.777076974903899 -0.2124572511755692 -2.328447853847864
2.669613972291685 -0.21244767812202 -3.304090675759828
2.636178077983767 0.212444518889546 -3.547196079196019
1.895540127135307 -0.2128345148611697 -6.640222054767642
1.809034330066655 0.2151825433711664 -6.862350018546059
-2.821652271890871 -0.6073883957253904 -0.1968368960792972
-2.860841163212898 0.3819156525952676 -0.2054824735900279
-2.585478089875494 1.282745414832193 -0.2086332182451991
-2.45765709268412 -1.513239480656311 -0.2122169086759154
0.9524872074734824 2.724594218297286 -0.1967575105511861
1.996366647573418 2.084526653052105 -0.1947039522073325
2.006223411372575 -2.074946238562549 -0.2040486750307234
1.184894089709608 -2.631893047174561 -0.1921836636320887
0.9584490513173525 0.2182847473898024 -8.317438199740408
0.1193855155738564 0.2114407767911129 -8.814656196006517
2.821389731167316 0.6080559971758133 -0.2122169130929688
2.824150822013252 -0.5947723166949545 -0.2206781608564462
2.876663687941942 0.212465388235574 -0.3681169015860529
1.495930884128259 -0.2122476236061831 -7.537831204150762
1.371765134866983 -0.349335266627227 -7.70967572976604
1.459689674713765 -0.4544040079958578 -7.503927203950582
1.320712063951358 -0.5845280594926979 -7.659475041817284
1.397788835658456 -0.6856484027512878 -7.449460353779568
1.241190725380343 -0.8072785888206818 -7.594047241900265
1.310456938176974 -0.9039950061480815 -7.379451039767218
1.137104657120952 -1.01432984896547 -7.513495520624305
1.200668557333347 -1.106583569948026 -7.29523804825556
1.372515166944552 -0.9950609817923716 -7.160267891759656
1.257668119048602 -1.193516666266117 -7.073021765242172
1.428319644668067 -1.080997328512666 -6.937362662106885
1.308928705501949 -1.275604382457297 -6.847591065105457
1.47861111322963 -1.162254419618031 -6.711415213881859
1.355105102383471 -1.353259728036567 -6.619510931470508
1.525508481026895 -1.24069990084988 -6.47693002965851
1.397097589890743 -1.426856648290392 -6.388418287723064
1.225186357989049 -1.514875845988044 -6.527885361557637
1.252703327824601 -1.594909967585183 -6.295746140437682
1.012178969644151 -1.203157676040306 -7.419045532811638
1.430610328968958 -1.499395858020047 -6.158675870801023
1.280010506202602 -1.667484151965647 -6.063348750629818
1.458490211953825 -1.570813981022569 -5.925743464434788
1.304992115374668 -1.736287978432915 -5.827449598371349
1.114758300022972 -1.818445653970014 -5.96145819381491
1.138197520367014 -1.88334540149674 -5.726048493874981
0.9393656140240512 -1.950204807896506 -5.8531654333462
0.9606967181694988 -2.012792601562805 -5.616967248368045
0.7541081625746039 -2.063462352235284 -5.739091223036817
0.774475821317818 -2.12376077715077 -5.502218478788953
0.5647431709189781 -2.158611277036271 -5.613401496589682
0.5824001196655074 -2.216691482114832 -5.37906090214647
0.3702735660293124 -2.234924659106479 -5.483572461460517
0.3903242540644589 -2.286992595022292 -5.264586608213789
0.1679369370487628 -2.290953237529775 -5.358286776060151
0.1832002979106837 -2.345388396537781 -5.127516632257353
-0.03045877490254941 -2.330530450265326 -5.220161656942348
-0.0187795391337873 -2.382952095428641 -4.993563302305557
-0.2390166773467635 -2.349207951304885 -5.089383086000262
-0.2198841068772724 -2.403727266605791 -4.852980209321681
-0.4399999442128544 -2.35141732610055 -4.952074887288308
-0.4602696873783139 -2.294998285373958 -5.178117839792653
-0.6559616034195828 -2.280227059195358 -5.039502137566649
-0.6756509001313121 -2.218326007443625 -5.269233511976991
-0.8652238960246018 -2.188204103221755 -5.125281835211445
-0.8815178455206025 -2.120448005756584 -5.36117364457164
-1.067304232293917 -2.075054758705966 -5.208736924347568
-1.08202538921813 -2.002489202414687 -5.44167822986428
-1.259614285208361 -1.941874621391876 -5.286993910116484
-1.270786826336577 -1.864363630627771 -5.518763523594986
-1.440065300538373 -1.790264249172453 -5.356390074766656
-1.446058725206575 -1.707624130048859 -5.589493170690954
-1.604759391950786 -1.621106721519595 -5.422235678061718
-1.606593327604131 -1.533232665254096 -5.652231290963041
-1.75322316637525 -1.43535139378187 -5.481830649793404
-1.749770692830144 -1.342367179997749 -5.70867189220031
-1.883822165436594 -1.234515888779358 -5.533998519942537
-1.889409984936192 -1.328681142497716 -5.306705297319195
-2.006693917927788 -1.119164902579087 -5.355937480345902
-1.994216544871424 -1.020501578494425 -5.580030975651637
-2.103543906705033 -0.8979086854571011 -5.398029621693539
-2.082847435947779 -0.7954032981497177 -5.619768261064798
-2.178227842256461 -0.6671715257228497 -5.433863490069609
-2.148397765840291 -0.5615371465645931 -5.653068060585358
-2.229645812664095 -0.4292939225868291 -5.463312231364601
-2.189831030115688 -0.3214061287812163 -5.679805983333196
-2.262275719810693 -0.5356205602085083 -5.244850162355622
-2.299757171240332 -0.2947518483953809 -5.270759127797084
-1.240217474194035 -2.015063326856057 -5.068390347684618
-2.335355172682616 -0.4016153304946165 -5.053030229551444
-2.359142026847063 -0.1586906181826339 -5.075688825562415
-2.397842230811881 -0.2659220848626271 -4.858676083925504
-2.40821178114611 -0.02180049040467666 -4.878348655645133
-2.450117665109955 -0.1292221711940552 -4.662030295923225
-2.447373469636886 0.1153065061001413 -4.678958573463124
-2.492561319271001 0.007876938183216949 -4.46330927552042
-2.477025992063936 0.2520860966353888 -4.4777148144495
-2.421155036729066 0.3587170601372578 -4.691245482368203
-2.436790343004432 0.4891851129551106 -4.50067383948496
-2.371378076995811 0.5985949856300845 -4.70016250468768
-2.377009621439108 0.7312242025546737 -4.492724925035551
-2.299226971262468 0.8328632469940693 -4.701804252576599
-2.299528872165828 0.9539082493050394 -4.479214970511639
-2.204620377653002 1.059015869247808 -4.700046967693475
-2.190045402056218 1.182141608847598 -4.483422183322696
-2.084362055401275 1.274815188622582 -4.712163161110652
-2.062686605459085 1.393483116811205 -4.480580069847122
-1.952276593195773 1.471901434322001 -4.704028292540671
-1.917875308039894 1.59087084961597 -4.467312781879053
-1.795632829894166 1.667614766973148 -4.676646670889785
-1.755236198120749 1.773471720798634 -4.449476149159154
-1.626130475060634 1.837730341710631 -4.660239457524425
-1.576358866635842 1.939663821858375 -4.427109426386897
-1.440211776591559 1.996863413004475 -4.619649188004745
-1.382985306348471 2.088012907906792 -4.400261293860306
-1.488209624544701 1.90411549030379 -4.839254240670972
-1.237516543487512 2.135018963668441 -4.591027084938196
-1.176984426299402 2.217287355881206 -4.368989057477678
-2.030533078958311 1.507734269198752 -4.266055812630321
-2.495891782659194 0.3884357562035831 -4.283591875099985
-0.00342883435782197 -2.435128048752463 -4.751704682498822
-0.2007241431164355 -2.454925446350694 -4.614285151433444
0.01710653591242957 -2.483285647841214 -4.511351097955032
-0.181219784195601 -2.502506491439311 -4.375727382080293
0.04004001886580581 -2.527477331402126 -4.273292775747555
-0.161549741612683 -2.546797394821767 -4.136501348949625
0.06001218074625302 -2.568683344675229 -4.033700223267392
-1.024684368706891 2.252103498966945 -4.557988983521739
-0.9595378214875842 2.324731804932472 -4.343735901827992
-1.324168553684662 2.173055334384512 -4.177924026668322
-0.8007178453838439 2.349132409465979 -4.519073807415232
-0.7312088094390716 2.41491599114279 -4.298767626961445
-0.1414873382705553 -2.588182256305653 -3.895195742342259
0.07990686469364551 -2.607021464642256 -3.792315322436976
-0.5716614771396227 2.423721459172491 -4.47559934637188
-0.5032628931910056 2.481577158734572 -4.249328536292049
-0.6409547301227639 2.359481550875258 -4.703930068900911
-0.1217906473112635 -2.626338899886223 -3.654203303745261
0.09982498305366129 -2.642369330308121 -3.55048557577451
-0.407561171813477 2.420371187969281 -4.657468875168866
-0.4704378221398284 2.360671962642659 -4.88399909637155
0.2763144316275963 -2.569285865044504 -3.944447997431038
-0.2392188967819441 2.4059452034727 -4.834038101590688
-0.3015457354022829 2.349136240471437 -5.058422784819963
-0.1016178661829287 -2.661647154164465 -3.412121747529007
-0.3228034959606011 -2.629726884838335 -3.513824800686311
0.1197437232940297 -2.67482666414408 -3.308260133006166
-2.484961272478938 -0.2363962115337331 -4.444346167035153
-0.3028854978708213 -2.665089680105651 -3.27201085138209
-0.5219678681979196 -2.617577907521478 -3.371330136958069
-0.07045055343591071 2.378318270180669 -5.009942792062673
-0.1377809706597836 2.323519952455954 -5.233248718021565
-1.604608088569317 -1.441496641354221 -5.879593627957838
-0.5020915527554924 -2.653200982830073 -3.129561168211481
-0.7181851839922668 -2.59034862955705 -3.226860725125688
0.09712416670876281 2.336788567970147 -5.186135990606211
0.1663870647430141 2.385573339339754 -4.955977536191083
0.0280024849176398 2.283756500192497 -5.410892734775909
1.158886512621978 -1.944751735124913 -5.489487663449792
-0.6984041936822049 -2.626376742369195 -2.985153128300966
-0.9104242336410577 -2.548552104617651 -3.080549783368582
0.3345978507450866 2.329134355056939 -5.125306584838259
0.4031300315504824 2.370994316723932 -4.893559015890952
0.5407379518305542 -2.09523606158825 -5.855807348687129
0.56888437801633 2.298860511095344 -5.059333848532272
0.6361001605543068 2.334375606928765 -4.826131916226945
-0.8907036342562225 -2.585217251466098 -2.838317358416753
-1.097721026549432 -2.492750209529047 -2.932524912836373
-0.6800666412304308 -2.65919528215971 -2.742238625827705
-1.078356464999222 -2.52994505280448 -2.690978513887381
-1.2791780338703 -2.423546965598494 -2.782908143204244
0.7978271713679644 2.246727618624029 -4.988390405482827
0.863250486554259 2.276504183055888 -4.75386543230991
-2.106844879055225 1.151433889502473 -4.912260446056554
-0.2103722017572069 2.259446963188465 -5.468685575452606
-0.04103130141832367 2.223810611770806 -5.6396992286925
-0.274575894765714 2.191948096630593 -5.695185501239779
-0.1103171584272338 2.157357819195156 -5.868658930146447
-0.3467758781509454 2.118026262802706 -5.916516418976306
-0.1786928200795719 2.085369171686513 -6.092878373368516
-0.4145230209763424 2.036772071555528 -6.139257347404713
-0.2462528830032129 2.006600698579466 -6.315040746338188
-0.4805533035543597 1.948757227251999 -6.358378569939232
-0.312580367088502 1.921168173207831 -6.533159230850136
-0.5449440559231425 1.853005034103117 -6.574703493083428
-0.3774840093538248 1.826662686663046 -6.751816489847825
-0.6071872888713461 1.748910350417872 -6.787754240896611
-0.01158902198316705 2.041796671563474 -6.253803062816034
-0.4402119445823322 1.72427835534234 -6.965542684809337
-0.6666524781268219 1.635788102208211 -6.996940556710294
-0.8278479344636442 1.645050924443693 -6.812494838353829
-0.8821915607483288 1.520712477484563 -7.016637390765566
-1.035970611886498 1.516232094881247 -6.825801501591708
-1.083148398376927 1.380564880038364 -7.024432901228539
-1.259909300030596 -2.461604453636071 -2.541342172735116
-1.454053236679176 -2.341571787583886 -2.631436331561741
-1.471080687326925 -2.300349925905544 -2.872860617642599
-1.637765405868026 -2.205535625306245 -2.720147725979579
-1.65260999603941 -2.161008099749148 -2.960753474870514
-1.810161491377223 -2.054076089975205 -2.806362735065595
-2.111385750932939 -0.4542148917984473 -5.870339805421824
-1.796025473912157 -2.099478791828966 -2.565882005722905
-1.958541759341273 -1.936647219159381 -2.650528207582356
-0.206694175649091 1.785358552201547 -6.922747868803629
-1.822344381244625 -2.006309149635987 -3.046493470637582
1.019453838051126 2.17385809004986 -4.911926177662433
1.08267890098404 2.198353425373857 -4.676932622508055
0.9270222975815396 2.302356236171777 -4.518406415396382
1.144264316229016 2.219302271685919 -4.4404070730174
0.9891525725073627 2.324492768582344 -4.282132667210795
1.203543638450032 2.237359564301471 -4.201784794011886
1.050928819903302 2.342956560774229 -4.042812431147977
1.262446669251954 2.250829733798176 -3.965307022577813
1.108651995207732 2.358406748978892 -3.806837608687235
1.318680861684054 2.262464023150778 -3.723968773436768
1.165678180499075 2.370641340599107 -3.568072590381791
1.373974264010393 2.269849400504222 -3.486524155427663
1.221308293829937 2.379430635233537 -3.330536822176795
1.427297812679977 2.274613097814145 -3.248106144243622
1.27525775477077 2.385551023235314 -3.090976737893503
1.478973423652304 2.276704332002925 -3.008458835588248
1.327582595354097 2.388792192908201 -2.851349141400377
1.118863276418563 2.483794038852394 -2.928852371372878
1.528969312744742 2.276120898413057 -2.768368196863193
1.169987554539251 2.488871511937876 -2.691191948544194
0.9565835227898537 2.569704154044791 -2.768439462607555
1.006860330036924 2.576503464995395 -2.531589051807152
0.7840454340002898 2.644862755136984 -2.608507532167635
-0.6656552045259113 2.476375422081103 -4.064080635567983
-1.945241655824807 -1.982946990931644 -2.410177509379607
-2.097197080450672 -1.80951961071646 -2.493363616273422
-0.2696484100406744 1.684239126453585 -7.13700374442697
-1.229523487129109 1.366677950796368 -6.820750504727687
-1.26487152457701 1.221251417704706 -7.016285067603411
-1.123647661916965 1.23606892220054 -7.214799036510255
-1.294629425899606 1.061318395523867 -7.206979450955671
-0.03370843232596324 1.727615029258796 -7.086562140468546
1.518775335820511 2.148624836068683 -3.640330951681982
1.350572417810455 2.118402314888515 -4.358211130749456
-1.098407466015379 -1.925392238992649 -5.667417961532844
0.838287749740994 2.651792798160439 -2.373500815946119
0.6108853938550957 2.706195027685099 -2.44761629034928
1.059407917225275 2.57883921853402 -2.297063512678369
1.67205178612878 2.151347527799358 -2.924095472867516
1.719565165356393 2.14728735130113 -2.683514640058798
0.9544836539397242 2.145116563993555 -5.147477067729512
1.169253247592512 2.057147035742607 -5.068031446281188
1.10478059602632 2.029482916556597 -5.303097212123604
-2.084858458805111 -1.856719735560695 -2.253143174568893
-2.225635204367109 -1.673499284025992 -2.334976167902635
-2.2344867943032 -1.623489085137605 -2.574777477673026
-2.350992523789885 -1.47864925682079 -2.414992074487294
-2.356001146557433 -1.426039902353125 -2.654345797207535
-2.459902818808012 -1.273423156946206 -2.493115840851584
-0.09672062322197034 1.627158425860223 -7.30111237457779
-1.151933232075046 1.080151803236291 -7.405376336409405
-1.311998184470962 0.8954798001238464 -7.386623774035209
-2.456380301901272 -1.326641686778494 -2.253686089700143
-2.552172192339986 -1.114717155616176 -2.330699455422189
-2.55139609378844 -1.059220309281692 -2.569445254015729
-2.630164397392231 -0.894763710962414 -2.40564878034496
-2.624660136747428 -0.8374842294103213 -2.643909581243357
-2.689525798440001 -0.668444720379384 -2.478690710366303
-2.696933784123805 -0.7258027000091806 -2.240191888639049
-2.742073523040664 -0.4962799333798182 -2.312331386168471
0.6653813440143713 2.715221242637187 -2.208711612419752
0.4352933510720627 2.754970316990656 -2.283566919511193
-2.142311737853536 -0.2121885298392326 -5.894071739300116
-2.066648268544119 -0.3454362141415764 -6.085426946119375
0.1399344773810708 1.651892876724425 -7.242151642516931
-2.729702782875794 -0.4372813041857384 -2.549412043292313
-2.767899398264141 -0.2627712672794834 -2.382217909260171
1.311427773981629 1.926906637876875 -5.219701141632125
1.247334817155912 1.899866299999274 -5.454951979019389
1.853235246654761 2.010690008000152 -2.837235523938961
1.898085003518468 2.003527154967628 -2.596202465243992
-2.782318020143986 -0.3218638226292744 -2.14459166227702
-2.793809846193335 -0.08693341750907922 -2.213441525774879
-2.773893176885228 -0.02740984644531431 -2.450372370427342
-2.785485651674775 0.1487635712221136 -2.280030115176872
-2.759857247815024 0.2081227013518983 -2.516731069004969
-2.757159196766156 0.383339075365727 -2.345359509993147
-2.725736463176984 0.4421148337571544 -2.581229393290807
-2.708950630857563 0.6152130665040928 -2.408508204908617
-2.742622232882522 0.5568273389086545 -2.172550959484503
-2.680602970724443 0.785695193962715 -2.23451046184916
-2.641091933913985 0.842498311440553 -2.469578424438738
-2.599184660578456 1.0089975029941 -2.294855334271537
-2.553766937908021 1.063760316957048 -2.529411634660108
-2.498982235688699 1.224813463141383 -2.352943930903319
-2.447654074485958 1.277063598052431 -2.587047700992669
-2.380330781815439 1.431946318884327 -2.409396312428869
-2.433794019174307 1.381027667285464 -2.175665906849741
-2.303264539753418 1.581045592709644 -2.230760549030094
-2.244224013890878 1.628376952700468 -2.463901828312161
-2.155894038405465 1.769530825694866 -2.284025910041
-2.09147962574345 1.812714753257314 -2.516554398136956
-1.992660757157527 1.94502923274773 -2.335410996785322
-2.059081492414023 1.903638051467947 -2.103116942631039
-1.885984470281922 2.06976868443416 -2.153351380159699
-1.814946465743405 2.105956715129488 -2.384643332329942
-1.699037793636771 2.220736670698205 -2.201810315019161
-1.623501829531545 2.251384731322946 -2.432574152670962
-1.499683250761294 2.355356119541939 -2.247491346903844
-1.665515767672598 -2.11410655090467 -3.201017811452726
-1.832489165205057 -1.956142080006514 -3.286232431976478
0.07692109243074902 1.551321465007672 -7.456648321489801
-1.170052800078988 0.9149105957481406 -7.585492223977735
-1.316159171831017 0.7200836060659492 -7.557772464217467
-1.419629464930081 2.380169608675241 -2.47833498171574
0.3926539698583134 2.737684275312536 -2.537229996384776
0.4901324270857409 2.765714881191011 -2.044824077555709
0.2577324798475067 2.79113054662236 -2.118281969884524
-1.18409244484442 1.502604234470499 -6.624988578222384
-1.366835832847531 1.336432903821702 -6.628956327384588
0.312254750075544 1.556671018305971 -7.388209602544912
0.3741360317526266 1.649095206121444 -7.169736062346155
-1.576976175292689 2.326871200266234 -2.017611553738587
-2.7164578886064 0.7279286816554187 -1.999286898190888
-2.810233220801625 -0.1462564662020211 -1.976194753461991
-1.929775362459048 -2.027160054905859 -2.169572643014489
-2.07033376867541 -1.901849189736488 -2.012652434433532
-1.912210399297551 -2.069296687550814 -1.92874453913527
-0.4325850356122781 2.534917346486128 -4.020644676570086
2.02140888390396 1.855842551668245 -2.748334129784074
2.063473617054535 1.845934492898964 -2.506881198865654
-0.7363678064414853 -2.552045356097483 -3.466064021340105
-1.174387822046393 0.739625607902945 -7.756746032177079
-1.304675929746376 0.5355555058663276 -7.718667185925948
-1.435804163154735 0.5108972910239197 -7.513072160915733
-1.40770731313502 0.3199825157894098 -7.660654561104451
-1.273864524373966 0.3437463031131953 -7.868112493344786
-1.355878409578954 0.1228566529328663 -7.800638892082933
0.2491057319047165 1.455016378241797 -7.602157307641845
-1.220723119189545 0.1466205511970478 -8.003707810801924
-1.28192752132563 -0.07642069933388444 -7.922642218207892
-1.411697802227091 -0.1002064830882636 -7.710188812522526
-1.315593769845349 -0.2984710592625537 -7.820849526231083
-1.435392563593033 -0.3212905200084489 -7.611751397232154
-1.333718759013445 -0.5116493310154332 -7.687226358989789
-1.191923580754333 -0.4895237628255833 -7.916040588552897
-1.181970609595506 -0.7000278130609814 -7.780396655724627
0.9464106100780263 -1.108632505081971 -7.635655013719764
0.8080022693489856 -1.281521620672761 -7.530162897870667
-1.302686205030424 -0.7216329968852342 -7.578272620727334
-1.144732281502504 -0.8960700870095414 -7.642663725341064
-1.010493456719779 -0.8658929701540445 -7.850208170269174
-0.9603380040280286 -1.050226242017946 -7.696604385729769
0.7396396163808195 -1.185065179719614 -7.741472104253895
1.940843481709635 1.994305541102398 -2.354842916751984
2.10345422630839 1.834049520804027 -2.265165155941947
1.98153687884382 1.983085265768256 -2.113223667266974
2.141273369193525 1.820378646263038 -2.023079663100116
-1.092253421617384 -1.07856948153355 -7.491936100048164
-0.896232880109233 -1.220226320158771 -7.532020199966992
1.444536320803785 1.783150976658401 -5.367352647652282
1.380674477194398 1.756429360001032 -5.602713369256562
0.3127302246700298 2.80366819591438 -1.879891221914889
0.5423361699082614 2.773381163343127 -1.810136175911878
0.07879462155105486 2.814698983564069 -1.952446911231188
2.020088176681071 1.970040275245177 -1.87123282824077
2.177221239683969 1.804598448579699 -1.781127307835313
0.6039314978430893 -2.266724325159305 -5.156398974998019
-2.50474679717715 1.116922674102114 -2.763617418933869
-1.676393047656018 -2.064797394282478 -3.440905041992697
-1.840496972825511 -1.903537933680784 -3.525534681345313
-2.086507321191787 -0.1019474912743688 -6.10580032812839
0.5423158856895245 1.534475397530756 -7.306432926464701
0.6042300291456183 1.622055365362838 -7.079691091228768
-0.5919981503288645 2.533738481263764 -3.832522144880958
-2.05369408205922 -1.944914078499765 -1.771925761116447
-2.023542286441575 -1.210016799795122 -5.105078770132751
-1.02817179065283 -1.248590255646129 -7.327352199379668
-0.8210544201573939 -1.376057855924491 -7.358325933735295
-1.892612032032527 -2.109359468843384 -1.687725188982605
-1.323430104947527 1.478428267014445 -6.425480708359683
-1.495871961384052 1.305987742204511 -6.421081489717038
-2.730612653831499 0.2671552060769776 -2.75281936924222
2.175459439637847 1.688226135167086 -2.657173850383857
2.134156517859714 1.698519628247473 -2.899041106478205
-0.8194094431091197 -1.013147978553885 -7.893720634126793
-1.545099533744872 2.278589468519824 -2.663224310591888
-0.9534778668525475 -1.405100048869817 -7.154048795296874
-0.73716393135397 -1.518202941688548 -7.177027396388621
-1.153539954768342 -1.268157657233264 -7.117569627244702
2.286960808441664 1.645312263835061 -1.931894320773771
2.319950851304821 1.627438346617719 -1.689532564439088
0.9509454773200098 2.451743733916597 -3.650532999412904
1.567093596520399 1.626192645215642 -5.510647916086005
1.628070555240883 1.649643868767722 -5.274162970060576
1.503240086742017 1.599482641117743 -5.746023686024876
0.1342241515394307 2.829090207156389 -1.714246788606101
-0.1003441755635494 2.825806782727539 -1.785378582836036
0.7641297847220605 1.487745443913204 -7.210353490737739
-2.147859421193809 0.03236714161920889 -5.910118799633061
-0.3597177934488211 2.583924264892927 -3.788456889856551
-0.5249845487454516 2.583009291480277 -3.608887355012914
-0.1553922395557826 2.806170164117119 -2.023293866716754
1.313824201579177 1.726241021173337 -5.836833346522584
1.43643934441804 1.569603778134784 -5.97908392061478
-1.454350307181079 1.447233115052075 -6.223290151155203
2.056763938082134 1.95492265490363 -1.629354850162333
-1.619266399965552 1.266416375079851 -6.211046503980075
-1.648357613135749 1.120437168263816 -6.399679883336212
-1.6851460487212 -2.013040220205039 -3.680368523370144
-1.84626060406094 -1.84845283705221 -3.76434822813944
-1.990764818786955 -1.727911259105703 -3.607227065197415
-1.993058201854806 -1.66959259075112 -3.845327567330426
-2.126026497231747 -1.538872060170502 -3.685380677359286
-1.01717984787122 0.9265869226000129 -7.776700442127806
-2.013581829618127 -0.235488935297919 -6.29800991880041
-2.124146725691551 -1.477630496760506 -3.923193024930923
-2.244362177929224 -1.338171627313352 -3.761343181586049
-2.035004718129086 -1.985916843890422 -1.530995236924979
-0.506924369056965 2.135659817496394 -5.746072953325352
-0.5984920865316663 -1.477548161402335 -7.375100539845404
-0.5080523728801027 -1.605053446774732 -7.186202777863225
-0.6473249375315919 -1.647196163530791 -6.98884706646214
-0.4131375742564589 -1.719821409571299 -6.991410036695879
-1.871039330238261 -2.14734833476175 -1.4465443675989
-1.718914969267029 -2.259780432093546 -1.602407769711715
-0.3342581404364981 2.802899500773105 -1.85571716972384
-0.2792238494550124 2.824540909258 -1.617798722316285
2.276217403059949 1.521464149478016 -2.806186062408435
2.235509423229944 1.532190310874882 -3.048197085587137
1.738542002642673 1.480281241985624 -5.41311934828692
1.796716178390858 1.501124136031516 -5.175671912783875
2.417504827326592 1.459490495393631 -1.839282742759876
2.447551818410501 1.439694024134899 -1.596677584605072
1.889009974318547 2.109930990849451 -1.718622791501389
1.92624235573075 2.095739178816462 -1.476609164684871
1.748627388971441 2.239683371201215 -1.56505129883748
-0.5110666084186829 2.787544235403318 -1.687129106171591
-0.4565197243410247 2.811168270073702 -1.449189186717991
-0.6851554622676396 2.760491779208782 -1.516692323430052
-0.5530144162168587 -1.763865552583473 -6.794885682837422
-0.3150027754299973 -1.822770043800334 -6.791658096737198
-1.578497088163165 1.409294445653588 -6.01762690975032
-1.73440577275769 1.220810817142483 -6.001395873232129
-1.978949820978746 -0.4768668958419882 -6.272857701579511
-1.99252571812784 -1.609055220683803 -4.08288168698665
-0.2880493222324336 2.627183863563667 -3.559746093157155
-0.4451293883582293 2.630444134195436 -3.380768703107132
-1.694768257553207 -2.294610208469069 -1.36099518471132
-1.533824503204917 -2.395275553065971 -1.516043110161365
1.893962918834279 1.320595549333334 -5.310415349740722
1.949492924763384 1.339415133584354 -5.072153017088959
-0.3816360159185072 -2.505685756930646 -4.235376922998174
-2.185498787974246 -1.811298618354565 -1.614282938981755
-0.4554215531902617 -1.869031641056872 -6.596019917206162
-0.3885549819489174 2.777975050561264 -2.093124954573933
-2.167822854636805 -1.85321221711404 -1.373438088566253
-2.307126742087672 -1.669180972243747 -1.45590602241163
-0.1952217773233821 2.5723899010492 -3.970872779525492
-0.8446138072938589 -2.25127838248627 -4.895957619799705
-0.7566917263771036 2.526158403843437 -3.600405706248277
-0.1722093223846774 -1.765169324721795 -6.979979233269323
1.243840245793104 1.692286467218637 -6.069506964747781
1.366280862347589 1.535205537184806 -6.212750346716919
1.546619595976319 1.398691959085364 -6.117732157586565
1.476069928702042 1.364162098023352 -6.350152849790595
-1.928380075313432 -0.3673662311441739 -6.486276250073102
-1.952131255226041 -0.1245721135749101 -6.505984529053939
-1.878560680541875 -0.6054552396513535 -6.455838243286051
0.01281085750879489 1.440663201486968 -7.665772082510312
0.1848362556680598 1.342801744057911 -7.810393149060655
-2.238221799825152 -1.273886325396055 -3.997827430895329
-2.34520192252032 -1.126716370934737 -3.833539454445206
-1.507534470817888 -2.426765904623345 -1.274141968874388
-1.33864135851707 -2.515040823140242 -1.428591022865189
-0.07222213131296155 -1.854079180440909 -6.777052671587119
-0.6897004620327618 -1.796637859739284 -6.593951248617864
-1.598388475118247 -1.705140865708117 -5.193067458778025
2.364920208155193 1.346303931765576 -2.953918296138883
2.324663138075115 1.357560572700876 -3.195675095708766
0.592533241178985 -1.341559520897103 -7.619580795062745
0.518403154702634 -1.234371443498137 -7.837312812708155
-1.310271052684951 -2.543210325156498 -1.186871480127453
-1.134421841569669 -2.618488060171738 -1.340430498916947
-0.05214120809710563 1.318434679873215 -7.868055000599103
0.1197504392824197 1.218372528550329 -8.011264851100869
0.354256327966368 1.222317524239507 -7.940173518435076
-0.1174806706039572 1.182819822755438 -8.061446099896799
0.288433591761647 1.094054101302413 -8.138361648705351
1.786555074453087 2.226326411492119 -1.323103376363268
1.59980174261845 2.358690046791061 -1.410757461007119
1.961830485581701 2.079334957412506 -1.234623951915034
0.6407719128666961 -1.427939822275182 -7.43326458540704
-1.342340514463207 2.398077984738127 -2.70978529637267
-1.464095933111625 2.302001239331875 -2.893865165108043
1.596831175363301 -1.389353124488892 -6.015748146388965
1.624605807833339 -1.460719004910122 -5.782695722196832
1.750049164204127 -1.267662043647521 -5.866037499192224
1.777690414517424 -1.339038022294292 -5.634545501586635
0.5172646250580546 1.077593140391753 -8.052178934077313
2.53226414331771 1.264080659124816 -1.745470248513016
2.559313509574641 1.242653561208884 -1.502635400890766
2.475277297911725 1.418637315534854 -1.353891794330581
2.58404718270044 1.220024043452603 -1.259670569702284
-0.6321987031490036 2.785784516072416 -1.279958570723628
-0.851627177917419 2.723544061073109 -1.341940911246338
-0.401361306324469 2.831500809447014 -1.211305290689331
1.067528596046571 -1.667887223016435 -6.436978647923294
-1.403278122477387 1.58055293135203 -6.02575529529893
-1.696463466813506 1.365569525667859 -5.807220947894644
-1.843252507582841 1.170199978188525 -5.787642435820379
1.642761924198634 1.215163216861839 -6.249132075204151
1.571221604365919 1.179815304570726 -6.481140226313387
-1.869167641172811 1.017408313899196 -5.977597239981015
-1.975017430420708 0.9701279218951042 -5.726574348711823
0.3191925751811821 -2.640503001328379 -3.440280057415374
0.3405975405253605 -2.669679053836176 -3.201305739776974
0.5372685926930286 -2.620722655773081 -3.325514357101287
0.559098029752171 -2.646796490073359 -3.089478561454469
0.7515202600525676 -2.582336172324365 -3.215863194606722
0.7732020994857541 -2.606284583612141 -2.977378383929775
0.9624692016968712 -2.526308702479675 -3.103939683244429
0.9826332247137923 -2.548594893358605 -2.864325224616352
1.162893360870194 -2.45816410716571 -2.970542160993567
1.185136298220538 -2.475594796088217 -2.743423901749357
0.7914957417637446 -2.628676807846582 -2.7377892041881
1.364198834983562 -2.365219079542039 -2.873495222477925
1.33657852459326 -2.342846191105819 -3.153768730449157
1.382051680581529 -2.38478350494439 -2.6313828814048
1.550421520673856 -2.262361351096422 -2.762236113326158
1.56806102289671 -2.280932978064085 -2.514223812285123
1.397420684081229 -2.402815188823245 -2.390107598040784
1.583560154772158 -2.297352127337133 -2.270893789069544
1.745892680926263 -2.162694475036464 -2.391907472874145
1.760335146300988 -2.178074288770396 -2.149188787309861
1.411423923816229 -2.419114608830322 -2.146029072945611
1.913689254380515 -2.030545163969794 -2.27124380519744
1.926738809366896 -2.045651963660255 -2.02728829259265
2.069602136038633 -1.886739681080693 -2.148637876984027
2.055397541201717 -1.870976747397708 -2.392252083775736
2.081768151307759 -1.901318653138459 -1.903673805360293
1.941594526990257 -2.055898531126474 -1.782075360686946
2.213219428763995 -1.732115707014317 -2.023694456348826
2.224709043480555 -1.745939510538647 -1.779104105030634
2.344034061001851 -1.567400748798935 -1.89757438781783
2.354809934611501 -1.580706956259523 -1.652913571633362
2.461436211555734 -1.39365359262082 -1.770366237988886
2.449336458087931 -1.379522969103717 -2.014935826678332
2.471536032355602 -1.40654193656074 -1.525648724079389
2.363603198577517 -1.592782953081929 -1.408115403591652
2.479653816254545 -1.418221657949709 -1.280819604558548
2.574380991715063 -1.224458684013907 -1.397544621912937
0.2295174781643307 -2.490685923260291 -4.417564852564928
-2.364018039141428 -0.5074297516480893 -4.833777609371545
2.402734434361262 1.33354225408731 -2.711843190436384
1.110764166203279 1.835406210782602 -5.91951143834515
1.037580618436905 1.796422115959688 -6.151909616454526
0.1274426389191751 2.174684004568967 -5.805018796708863
0.7684926579367813 2.391384976024904 -4.36076438884626
0.7348733361941363 -2.553680849654401 -3.45772243415658
-1.163480379288707 -2.59121668189004 -1.582319443793291
-0.9535392233557018 -2.681050524938445 -1.493248157741286
-0.9233264226382781 -2.704718670574592 -1.251159090407045
-0.7373518622591209 -2.753426314931964 -1.403217536667114
-0.7678613491888325 -2.730715009103501 -1.645366896229665
-0.5477416124614878 -2.788793452326108 -1.554486231528014
-0.5164129093546846 -2.807971938105697 -1.312128875056225
-0.3240305149267477 -2.828766620314578 -1.462605415407756
-0.355494689342536 -2.810471835268558 -1.705018492238924
-0.1297326838381226 -2.83568324520673 -1.612180851284408
-0.1590341521173912 -2.818450533725054 -1.853233535587143
0.06272579698096914 -2.828742723939014 -1.757642272245344
0.09625344682875914 -2.84257897838406 -1.517412986075504
0.2881591366863956 -2.821423627995499 -1.653757785434231
0.3218726807464066 -2.831377419590967 -1.418999682702625
0.5200873606354066 -2.793569394353859 -1.563126041810326
0.5474999693290855 -2.801403997165546 -1.325541237625019
0.7365630637455679 -2.74981360279807 -1.471935867159806
0.7664114038172376 -2.754334166937185 -1.229555001320314
0.9519962134563836 -2.688328550359211 -1.374955712134924
0.02971375726574498 -2.813430769784091 -1.982186234491041
0.1406561482969844 -2.704121997302946 -3.068227959715843
-0.2919429396219871 -2.844463989711532 -1.220115611514758
-2.353026388942438 -1.191658045364846 -3.596853075670334
-2.440140052700244 -0.9736740596265776 -3.667237444492316
0.1358679961053352 -2.235019477908784 -5.583858201044665
-1.691667678297156 -1.958789707674256 -3.919355662442041
-2.392780258079837 1.327401438382176 -2.820580518651571
-2.452163779242768 1.168298547615471 -2.997072065541294
-2.334244329037828 1.375819239445442 -3.053635235338584
-2.395749262779277 1.217943976469422 -3.230777345639974
-2.272002411604539 1.422169836204119 -3.28615583124936
-2.288477994543944 1.078600163764105 -4.261450829432381
-2.500823771560645 1.004199513048433 -3.172814602366838
-1.520781016028626 -2.111296444860824 -3.832454684802303
-2.793269373861044 -0.3808100315000265 -1.907125867359998
-2.823230421554098 -0.2053134796687954 -1.73867422218093
-2.800893172197062 -0.4393021009897552 -1.669235225803591
-2.832893505341297 -0.2639056528593146 -1.500577458312519
-2.805476920151828 -0.4961255098593178 -1.430396364626702
-2.839181628722203 -0.3223712167962564 -1.262956825553693
-2.852739823892965 -0.08759882253394954 -1.331979886470104
-2.806287645729868 -0.5549247732410861 -1.19293563859127
-2.760127736110849 -0.6672614703232267 -1.595753549672212
-2.358942547318323 0.08582900630768366 -5.093007088560565
-0.7017352495988999 2.290663372684188 -4.936116442382965
0.7478920633659067 2.627482966006605 -2.860872819234804
2.192226038392166 1.541542988994959 -3.28951426330584
2.281910697099061 1.367249110107555 -3.437076664978584
-1.831098095998912 -0.4967764000289894 -6.66749939270529
-0.672410693040228 -2.151688657961533 -5.526286842142007
1.851792246215034 1.519610764575237 -4.937276203625229
2.002028976242429 1.355987555273938 -4.833043340045755
0.353856717773802 -2.839256314027419 -1.179483921616642
-1.954331206173509 2.030317328604829 -1.921278764236567
-2.122484169771087 1.85934411552402 -1.870518567611335
-2.019706849944609 1.987900027433252 -1.688880183750871
-2.182838166494246 1.812271300546527 -1.637662158052794
-2.082076724397354 1.942643747460979 -1.456198458486663
-2.240237780605671 1.762380166289448 -1.404538594877236
-1.90924758159486 2.108973531823332 -1.506622098132339
-1.973541281320349 2.065671909928173 -1.274095207167115
-1.791611136614323 2.222213926613056 -1.323823852712626
-2.290560353838432 -1.711966582806647 -1.215141354914288
-2.418124919013409 -1.519308326067281 -1.296881148171497
2.14640577576734 1.549242389249995 -3.530425978310135
2.236610670024736 1.375287820998002 -3.678077343674931
2.097987834527822 1.555204000676589 -3.770881628365661
1.903923263924517 1.535881652873173 -4.698058357811317
-2.530690186212772 -0.0994498678103819 -4.246251499332508
-1.707248759404914 1.872468092550349 -4.239001989197384
-1.527534822702326 -2.057966048006373 -4.072094911959126
-1.346946771892505 -2.197879278680969 -3.983104202089581
-2.080212835073893 0.1427996851702492 -6.11826479804416
-0.7217946945073079 1.513063923075048 -7.201839784738135
2.032544875959923 1.149049762623564 -5.202818349682092
1.976210025443107 1.129724929272555 -5.440865088786523
-1.847674355779726 -2.183153373760874 -1.205199919132721
-0.2140929640561471 2.666308744170979 -3.328063663998029
-0.3796595421428269 2.67103765378321 -3.148982508936164
-0.04941523422869894 2.649713820375767 -3.508798555679998
-1.444271648272333 0.8688052222407039 -7.182001674579623
1.888960433742363 -1.136063630626507 -5.712646399251295
1.917379870932288 -1.207398561772442 -5.481717816234814
1.801765022910665 -1.407900553860634 -5.400286544721148
1.942081657243637 -1.276700999480582 -5.247654623480193
1.822181136740972 -1.474128582308714 -5.164925164809027
1.963140905339591 -1.343401046451463 -5.012483737828176
1.839187649687045 -1.537811559660418 -4.928593400428874
1.980785064789904 -1.408185416008336 -4.774731326735631
1.853062555912417 -1.59937660098065 -4.690067863067598
1.995279170136841 -1.469316974277914 -4.539326896792676
1.863872226142815 -1.657980727181952 -4.452783772497397
2.006761973245672 -1.528672793223328 -4.301552922222708
1.709297158193352 -1.776793007036517 -4.602325032290773
1.717059145837864 -1.832735238737577 -4.363016354178641
1.551264262584081 -1.939734151121965 -4.509280812496902
1.556484147255455 -1.992731866891063 -4.269030229675921
2.125098009621416 -1.331223310926327 -4.383425799757839
2.137689498727152 -1.390667119963295 -4.146253910409723
1.380621023349285 -2.086968847903225 -4.411866749074016
2.091190509065358 -1.204039836433196 -4.856329900947152
2.042866757102995 -1.068647514472993 -5.324325141501607
1.383677522162673 -2.136939373012665 -4.171760467220878
1.55960398568394 -2.042745239025912 -4.029698229056723
2.242836567951762 -1.184422885271865 -4.225316331687119
2.256361539871691 -1.244356316883132 -3.989403162467634
2.146924594867758 -1.448546587289877 -3.90859039993498
2.266661614024747 -1.303097272426137 -3.751405060760594
2.153148424387164 -1.504739755638298 -3.669841168331542
2.273952191063771 -1.359975868879185 -3.512852969302415
2.156509010654296 -1.559065104477745 -3.430612416117274
2.27836903864258 -1.415103849863153 -3.273385340274185
2.382741247812106 -1.207951017900132 -3.353968009582883
2.38837590646648 -1.263665320113127 -3.115100712457393
2.553322282061135 -1.19841858307588 -1.886605868472546
2.543464881314831 -1.179227363569204 -2.111723243210756
2.370387981013443 -1.603714503248018 -1.163259905082083
2.400910610125278 1.17530986940326 -3.341174094398554
0.3604947039394718 -1.370063078776774 -7.70769382862164
0.2863798175966382 -1.258323544244759 -7.913029773614073
0.4437991897855558 -1.122004307277585 -8.036375207946501
0.2084383671965015 -1.134219336026467 -8.109613535637965
0.7037313604261319 -2.743812512703729 -1.708823270231093
2.048350815467554 1.374310277125624 -4.596426120080865
2.13579922752754 1.181573444036489 -4.724067551630016
-0.7363791161131532 2.732162849920075 -1.754305645445428
1.198812879660501 -2.217472078429216 -4.312016029213576
0.9812084265330938 -2.689897338198376 -1.131850438738187
1.161896401684836 -2.60982777986138 -1.276529531087238
-2.298399830039889 0.7001797748458093 -4.904324089921334
1.638201614292122 2.346387717028611 -1.168894058106249
1.443206660307893 2.466573269679103 -1.255674341412962
-1.538265315753163 0.2783075645007488 -7.436980497324708
2.581867803169602 -1.235802797122041 -1.152677113513239
2.477938369785551 1.151025931904029 -2.85753995450015
2.512796051128734 1.136757211205105 -2.615095292941479
-1.128779231666423 0.3655303654864435 -8.064420849807341
-1.072067805455508 0.1676495264611867 -8.197393267126422
-0.9690581109096833 0.3838358899288569 -8.249358737821915
-0.9076922015807846 0.1847196773976629 -8.378308802122989
-0.7924815566555414 0.397155011856866 -8.418702215199033
-0.7251400312067349 0.1960186856513769 -8.54132260922527
-0.8214662357625758 -0.02076201437265799 -8.480105296098321
-0.6300819151663324 -0.01045783710328247 -8.63269305364741
-0.707653120599666 -0.2268155614791204 -8.5479334477062
-0.8364653071908928 0.5885925558511497 -8.272252956051105
-0.6466283431646568 0.5938417287536116 -8.42705258949362
2.18327453163001 1.194241855847143 -4.484318726996049
2.36212006587769 -1.092356170445514 -3.829384358351311
-1.765539054074665 -0.7300550712263839 -6.631918947937955
2.500698347728774 1.396356495784651 -1.110978710335647
-1.205348094889967 2.490785733839439 -2.522784841130031
1.855872857593835 -1.060627777877533 -5.945874311103001
-1.834027646823606 1.550398130225858 -4.909587376176378
0.027236726686426 -1.281744016525089 -7.925941094424669
-0.03019332758800494 -1.138111609999461 -8.129092004780544
-2.334082944581567 -1.059824785502853 -4.069113983214831
0.8221232860701241 1.568850814048523 -6.985558536812214
0.9740509618683771 1.417340729267383 -7.105191408469965
0.9147009506253428 1.333796111353741 -7.327624447642354
1.112099888857269 1.248972527026662 -7.210732585184824
1.051174676928965 1.160226608172403 -7.432321529962833
0.6592925147786458 1.699431834314975 -6.859731981488946
-1.857730270034108 2.180992194085706 -1.091433394750447
-1.667313059052612 2.327289407949412 -1.140563219170641
-2.035057607564852 2.019354963410235 -1.041404537898448
2.252755707486555 0.9968834765234318 -4.612518900746704
2.298092699522182 1.008931975943119 -4.37165480194732
0.3701318375920344 -0.9951775239492018 -8.226010443516673
1.189962576804569 -2.608654262258173 -1.033104147003354
1.364735575830974 -2.514893174366713 -1.177094016415848
-2.228651330234552 -1.207783050635044 -4.233692458377913
0.8746434220269164 -1.005972491944657 -7.846551183096267
1.230695911962501 1.057776930963327 -7.316203004388306
-2.446678958966439 1.054776802183029 -3.406476053580043
-2.538526056929392 0.8354727434589286 -3.346222320305805
-0.5772125866930223 2.808187672381468 -1.042132544096148
-0.5928573173908162 -1.904203027907829 -6.396006312503713
-0.3549254877194424 -1.963477293252299 -6.393256220466906
-0.6219063517311788 2.614687735375168 -3.230257998796722
-0.5387352715928929 2.664885639803333 -2.975343255578484
-0.8227895403081608 -1.819257585826721 -6.389241798035418
-2.861599202667916 -0.1399158203888465 -1.089549090169518
-2.860569290625413 0.08926870693514784 -1.162508339299611
2.09962096895041 0.9495438222660935 -5.32896987781236
2.04206312015501 0.9295949454483552 -5.566684765876703
0.2351434454698773 2.429377032640213 -4.724652740913984
1.708794577110799 2.251034788483494 -1.806592990741386
-0.4846870453888179 -2.824532715854986 -1.069633567848908
1.402521458617805 2.475657358295752 -1.497402003772629
1.238716033009381 2.570721199979047 -1.341717726600118
1.280104711319439 2.56264939185096 -1.100209767299442
1.069141691088371 2.653675124894799 -1.185578876456271
2.479295949669456 -1.049630039606564 -3.193320655385466
1.633756605822039 -1.037237487397752 -6.564392075574766
0.8875665349060057 2.112501552756852 -5.381219402796987
-1.057390504865903 -2.564749496518748 -2.448877625467947
1.375950302334601 -2.034280468743461 -4.650172503202538
-0.3864465663028093 -2.790047612496961 -1.940466322661782
-1.479629823951424 -2.455989499058711 -1.032645835628627
-1.280452968684563 -2.56906281312766 -0.9450363850496123
1.384818528636432 -2.184170816626532 -3.931639568484262
1.560755270924638 -2.090523533921336 -3.788228684565095
2.157125452286936 -1.611536010842042 -3.19095757381458
2.630612331988506 1.060416371696343 -1.650526769844932
2.606371098944603 1.196463793654897 -1.016578032165351
2.676346117206603 1.013637964850439 -1.164667130779715
-0.6440852942155553 1.963900538630629 -6.176244982336589
1.168830170580967 0.9650591496461381 -7.528705376153408
-0.5048949807672883 -0.2144605297194127 -8.684847415253703
-0.5663979459611194 -0.4249999560919428 -8.575778746480143
2.488844017377526 -1.103049852927152 -2.94487531079995
2.662907106087279 -1.035498104158845 -1.268686240378859
2.669793740350463 -1.046581524950918 -1.023776588118791
2.587257764016139 -1.246236772150642 -0.9077136780885949
-2.402757852349778 -1.56291564222876 -1.056189870199989
-2.271639974860251 -1.753088551405612 -0.9742684534434276
-2.518086545374853 -1.362439967221266 -1.137291887414472
-0.3454651137355341 2.84860166392318 -0.9732563786257281
-1.354891477078822 -2.145014555947995 -4.221264913028627
-1.533056672605576 -2.001488185588211 -4.309965628329916
-1.718259862113195 -0.6216588906129011 -6.848676987798388
-1.773105019377535 -0.3848892296382936 -6.880704663608514
-1.558895561359204 -2.361294064560086 -1.757254679899002
-2.124643260624697 -1.598242687328772 -3.447982723579472
-2.846789492056903 0.147645672310234 -1.399984128750562
-2.840535179535381 0.3240305118179115 -1.229964455405675
1.722847187934595 1.019574727763299 -6.373754066753301
1.649661850949625 0.9831294561259867 -6.60509501123266
-2.486485617840771 0.8869007307806646 -3.580604869082066
-2.564479225379603 0.6628989591063803 -3.518733471120563
0.07168302372419968 -1.779926382381408 -6.961259224676732
0.1716267501488936 -1.857583497473118 -6.751203626341087
0.4530951044450844 0.9462012540965091 -8.241280894315107
0.2175078327743876 0.9517633790321987 -8.324833878697687
0.6689451137126305 0.9079544042701992 -8.143135980336194
-1.741609639310421 -1.245520611959342 -5.933758560906912
-1.597931916149947 -1.345831607398709 -6.105229039730627
-2.547641791802392 -1.002995971626618 -2.805415122372148
-2.616381413873931 -0.7789108210093848 -2.878630083590279
-0.2597915826564514 -2.857534831433825 -0.9774945619803932
0.02365956638776753 2.681324954634205 -3.278287790338211
-0.2880558823596381 1.263318897277201 -7.904981824481534
1.98004491755288 -0.9198097056718729 -5.787901999214181
2.630264872897841 -0.9953809780113029 -1.999162529017931
2.617125824524813 -0.9764863550275004 -2.234670205350315
0.8953689958114741 1.923868206094176 -5.997943751794473
2.574011057617289 0.9478182134311605 -2.759164314226858
2.605960061478128 0.932355937863858 -2.516379727976211
-1.165460779946661 -2.271368443569336 -4.130666225272436
2.695654941719116 0.9888249745111587 -0.9214612538787025
2.391130108252155 -1.318222387851902 -2.873636198664711
-0.3644880477083989 -1.55075653983797 -7.377419579528045
0.1897756627407747 2.650875071898996 -3.455238787720722
-0.3140824557727938 2.707078399073262 -2.919487784649203
0.7958253624785231 -2.756348403767638 -0.9880149309103341
-2.856444391680125 0.2657316996629898 -0.9923132036825913
-2.822449492500152 0.4990201976483833 -1.059333299288241
-0.1677784975245926 2.857926936908717 -1.141850005711767
-0.1111844511459975 2.869744513963497 -0.903635909599393
0.06475058810431435 2.865044028272452 -1.070671746299548
2.241824023478427 -1.769691561751124 -1.289777027869863
2.247486213478755 -1.779689763335002 -1.04484271601744
2.106993853560921 -1.936326511115451 -1.17072549612971
1.577221997413586 2.272948590939262 -2.528273831269344
-2.513042633783206 -0.3430540830522834 -4.225431938401751
-2.562049927204476 -0.2063931330988789 -4.027921034713032
-2.330387780655726 1.623694781884239 -1.585279039586296
-2.382286068596024 1.569979392791095 -1.351835285400141
-2.461369694861493 1.423556569256768 -1.531779463964875
-2.50721947205786 1.367100597420611 -1.298734508148462
-2.431080940484255 1.513754609358074 -1.118122529330702
-2.550441281400826 1.307302902871756 -1.065742431114497
1.217395837175704 -2.511277035082474 -2.264527508625254
-2.198843950768522 1.572202633253674 -3.106731442815343
-2.130633719317861 1.614988457042718 -3.338274755557529
-2.045473489465924 1.757399622190514 -3.158164396626926
-1.971852534430282 1.79536027872498 -3.388889572959493
-2.206112535527598 1.466115431899576 -3.518148756965552
-1.596991618309818 2.362986359911092 -1.372633565203114
-2.431070288024143 -1.474078785486773 -1.537417362802494
-2.550115732438896 -1.168670368549245 -2.091419066066757
-1.499805453373067 -2.2107485288038 -3.353654563264183
2.044008087516257 1.714477453319152 -3.380733317285186
-2.801211129300321 0.5559321551913101 -1.296090229685091
-1.921126872412633 2.136696793283612 -0.858857700369829
0.02780039066219364 1.819617691662656 -6.867223844750235
1.740620570259471 1.688868102384569 -4.798719205326056
-0.9155245409751094 -1.696385752951735 -6.585177908081858
1.391583143257509 -2.511065114427268 -0.9335008664984367
-1.448355618367399 -1.530851443052315 -6.046051614026165
-2.574250075652446 1.214720693860827 -1.4773163540948
2.022918195047284 -1.746504634611862 -3.345735188362172
1.685334461823547 -1.657920011947268 -5.077244939840183
1.196034061313596 2.576303166800825 -1.583075783037377
-0.3515822202836978 -0.4053804085472146 -8.691854494065991
2.019330944141113 -1.796760279108071 -3.107775188196565
1.124110118159124 -1.374472091773902 -6.975055673915759
2.523824829404667 1.372891998950004 -0.8679777105810406
2.404971581073485 1.566001477015208 -0.961750682313074
-1.442814808503123 -1.436260640778562 -6.272173096233328
1.950104619202657 1.552600923047237 -4.46272690813439
-0.4552878646504619 -1.424360370141975 -7.566901076611337
-1.805939709049918 1.319798593875545 -5.592666408817671
-1.649811944413081 1.503558712941041 -5.610029697618331
-1.374118184313667 2.447962138660869 -2.064675440491209
-0.5213843280280102 2.827372860780836 -0.8042267655874502
-0.750687758622086 2.773110650555561 -0.8725595410678346
1.11094990161832 2.646815665775003 -0.9440458317373734
0.8943744206924359 2.724370093097821 -1.028504530559468
2.111381730421999 -1.945638401816658 -0.925978051938762
0.8200390729772723 1.882354150936107 -6.218685096362631
1.336834853517272 -2.516477924497895 -1.420690952435148
1.53260819635356 -2.408357280230151 -1.320388728291792
-2.476007044196053 1.456317792312807 -0.8843288657937762
-2.589940923128306 1.246510546404866 -0.8289256117563023
-0.4020609138563445 -0.6060284340665547 -8.560716762369767
-0.1774578312548491 -0.5732032536656991 -8.652821747645037
0.3185626178486496 -1.768551210055818 -6.92340702773303
0.4134186880981493 -1.834659016213566 -6.711581290903276
0.270380805738497 -1.926029240430475 -6.537396644644283
-2.504001341999776 -1.406808172058011 -0.896666595825891
-2.606649891556161 -1.199345861818776 -0.9772199518422476
1.320312470709357 2.552061937293195 -0.8586198762184418
-1.465111787427969 2.457173456876302 -1.188748876032624
-1.53697765977468 2.42383173489575 -0.956799971033747
-2.129279788593544 0.2838103922144918 -5.910092563068809
-2.049013216969136 0.3936337629942682 -6.113870267682972
-1.252658406104883 2.417856094418604 -2.93830420984996
-1.380869396379963 2.321358274803215 -3.123655935762715
-0.8713202031758449 -0.830167593884789 -8.040739965732442
0.1211751610291153 2.871629143508218 -0.8325712620249793
-0.4930073619040277 -2.001272133413761 -6.194159963714543
-0.2523503871264335 -2.047865570519241 -6.18711719987358
2.567339339203726 -0.8838462340725078 -3.005851201564809
1.292436139729895 1.497319666830516 -6.443617218803126
2.55293818347424 -0.8286656699737888 -3.258010638079579
-1.637162596958305 -0.849007209304986 -6.80588353109123
-2.3193392060152 -0.9911499864772317 -4.303976543043157
-0.6774281880328056 0.7748171166216912 -8.264795753856529
-0.4751340404943489 0.7671327173234735 -8.402803409997659
-0.445903310677678 0.5893199041853456 -8.551277546031294
1.527448994540631 -0.8708731864207634 -7.016174311833784
1.874694483410229 -1.920958650345539 -3.257461079799119
-0.2105651508672926 2.783111648057619 -2.261450880862987
-0.4434069430689448 2.750616435847798 -2.317928705768375
2.651274484225617 0.7434313962035387 -2.658559646908314
1.941396992613676 -0.8420435869483243 -6.017396159704067
-2.215476070368947 -1.139868144726663 -4.46886996931033
1.329298456139358 0.8478038699755008 -7.410364936033991
-1.391024911250764 2.486945853802178 -1.420488013744043
1.233810379392908 -2.523839468687548 -2.038742652650856
-2.093855200918344 1.970000950511103 -0.8085669321262718
-0.4522881114917611 -2.838541434234513 -0.8272278742427981
0.570539409682511 -1.718970321518128 -6.88865972515041
2.620878943495186 0.7546315248044428 -2.900850540742474
2.352307140358376 0.804833122003964 -4.496650168782831
2.395804291235532 0.816163251027445 -4.255398009763357
2.305789349731672 0.7923222193879881 -4.737280275386958
0.2146595407173424 -1.690975140297506 -7.13956587755
2.050097008286191 -0.6954432362143559 -5.852497731482568
-0.675368257027543 -0.9679791379077984 -8.072943582621054
2.750725112121178 0.8040503193006051 -1.069286964986595
0.507083846178098 -1.893928541692955 -6.49315402901613
2.441947656316843 -1.351827681409695 -2.260416261853757
2.767521340544306 0.7766077802186109 -0.8248865440324992
1.232136427624205 -0.4803224549626703 -7.863351501785928
0.3759781757120868 0.7945986609576984 -8.425954901369396
-1.435390850610133 -2.380289387734618 -2.390462940334852
-2.772637658266206 0.4976539923108853 -1.936900954698239
2.385070082569644 1.478131998460537 -2.081174936068832
-2.240739670352572 -1.571705276364767 -2.814282757346158
-2.690600941507104 0.5003854886400679 -2.816704825708039
-2.697705394878209 0.3257110778885664 -2.988172632311008
-2.723315451567633 0.09093293213977756 -2.92303173533147
-2.692480870711401 0.1496728783313808 -3.158996698259129
-2.703566246125484 -0.08577565718190745 -3.091748320432345
-2.674810642377964 -0.01217769189309998 -3.328455550211419
-2.675239526850155 -0.2594193501200852 -3.229029118746874
-2.198406038739628 0.1663309567205196 -5.711131732417869
1.725638470066309 -1.936454789998623 -3.884359358921752
1.030026809704292 -2.605089346314602 -2.138989858968491
1.916443379051647 1.108820769437362 -5.676848960350708
1.980996076036406 0.908499040085926 -5.801602156872031
-1.664546151063714 2.168490700551449 -2.844323583000209
2.604207409653125 1.082134387391912 -1.893437878790447
2.68866819039274 0.8727537536460785 -1.797477519692222
-1.9188472067886 -0.7120775142729089 -6.238801711655151
-1.155984819058796 -2.3208032240389 -3.890707048877664
1.265559893686067 0.7539598383812901 -7.607730654436732
-1.662870379098431 -0.5105153296948572 -7.060032926778625
-1.706338294981909 -0.2707942150689255 -7.087138466444218
-2.16512323648561 0.4091661139413656 -5.715633910790979
2.68961292201811 -0.7903748226697553 -2.114124344391958
2.705138166451117 -0.8026096078594332 -1.870882198162022
2.672109435108026 -0.7764083401855226 -2.357132827307602
1.494960011541665 1.141314502587485 -6.711150768014011
1.572908388090702 0.9466081026120478 -6.82723676056874
-1.129436777329052 1.630364038328809 -6.428039440327154
-2.840493392492226 0.4409477083774285 -0.8217872990561403
-2.869011680777466 0.2070249772085547 -0.7547946024282526
2.736653314225653 -0.8409916076651136 -1.13920659100777
2.741378190580143 -0.8563185877531017 -0.9003032129537445
-0.9674049127328275 -2.380241038949238 -4.034067862439592
-0.9769137651632966 -2.330931016936332 -4.275648399211673
-2.449502004625919 -1.039542668352464 -3.431304847287597
-2.616763580057824 -1.152991833724833 -1.217667221583439
-1.325668106650802 2.544081665630293 -0.99297739556989
-1.397650390710003 2.51396000555518 -0.7589243724759797
-1.165707553810817 2.430527495787157 -3.167184691166485
-1.301856163326436 2.334032811342812 -3.345647955898681
-1.503632992743197 2.215531733925428 -3.307611890071315
-1.423473577847731 2.230995895693218 -3.535196291920809
1.515229945571544 -2.404940294568298 -1.547616583177139
0.5803666342249134 1.198628105071755 -7.848613125152681
1.784907132008232 0.8131465057402896 -6.490983800294664
-2.534641812993052 -0.4489430204459063 -4.005410622047735
0.1425939839430968 0.7992666103319352 -8.489000680008841
-1.586637069245119 -1.246329888364575 -6.327169117314321
-1.42276517420339 -1.349621806964048 -6.49196796559761
0.6702146022821827 1.991617576423027 -6.065827343189073
0.591062312620663 1.944346685780491 -6.283180734338785
-2.514630115623143 0.7149518527381431 -3.75302720600838
-2.577922309323099 0.4908746443944482 -3.687258404312353
1.964681515833934 -2.087267087966453 -1.053043980541766
1.964662639088256 -2.09894373939704 -0.806644359142722
2.149422748408214 0.7421185122699836 -5.450284101731807
0.8510800627199496 2.727394457669612 -1.269843031620909
-2.769703365839431 0.7271347500857001 -1.124927855802167
-2.522437583509647 -0.8171356124180088 -3.499452131529281
-1.360095563601364 -2.08929985698066 -4.461089676328032
-1.535766057796899 -1.942303795142613 -4.548531659258384
0.6740277658855055 2.783693720799072 -1.111145723433141
0.7155911630538235 2.78241707549971 -0.8712636148584715
2.251413802546177 -1.788228938834941 -0.7998491243127954
-0.8897948673508008 -0.2356511077177762 -8.384335449154236
-1.450507317198592 -2.482779571432711 -0.7907650132897133
-1.249653282173713 -2.592393694630023 -0.7029417497387607
1.384239223056516 -2.228900687343058 -3.690471420536127
1.199641273451372 -2.309276684078703 -3.830555146805066
2.187763059482249 1.38488527052601 -3.912621363224666
2.31420665432913 1.195273219909413 -3.81541187454563
-0.1927727357239885 -1.216690928364383 -8.000284398541391
-0.2171767585408095 -1.482601721688768 -7.561201367033937
0.2626308074820193 2.675628979586402 -3.22355761722662
0.4272832797786965 2.630808095821395 -3.399675192423376
0.3545425238751241 2.608423579675724 -3.632189121340061
2.680066103830151 0.728544100921602 -2.415067189515138
1.217008132137139 -2.605236030936033 -0.7895905571742576
-0.3909503174697245 -2.088451534897133 -5.988922828000002
2.389446400862839 0.5948075839469694 -4.618046720401867
1.094505817704057 0.8681196657245671 -7.741394185693508
-0.2401794173053618 -2.866544127206465 -0.750590963567638
-0.4172603236116469 0.003847718653386739 -8.753111775430042
-0.6287644275481863 -2.028665002486973 -5.991779649233158
1.19753880664267 -2.35132930742183 -3.588926725091683
-2.586041450638009 -0.3072597513790306 -3.818131911342594
-2.601634775266777 -0.06887337710903699 -3.828901538093509
-2.593921057201737 -1.244404630751918 -0.7366527389344548
-2.683497434386932 -1.030805031974951 -0.8167455821707741
0.8764765929435624 1.64242715555094 -6.761135333807057
-1.981741481614516 2.089428697000393 -0.6261335585587278
2.428782111237284 1.542967396460335 -0.7188391925328541
2.297556253193623 1.727932357099612 -0.8121491243879009
-1.281256399911349 -1.608985481042248 -6.207555149940186
0.9158723316880906 -1.883642811675857 -6.088071402610181
1.417282756164537 -2.505074466682822 -0.6897959178862639
1.151718412855284 2.637376749983673 -0.7024538792522407
-2.430526471154242 0.9369972831997523 -3.813944612775336
2.622233443372086 -0.6603130313549211 -3.09858293752703
-1.764674555907338 1.448622000998222 -5.414141567492822
-1.588610766388441 1.633042484117905 -5.433243570711563
-1.923990326096926 1.237735869258854 -5.395775169726298
0.3676656771341535 -1.986118729119978 -6.320421202515083
-1.52028537712281 -0.1264118130873103 -7.51013623668749
-0.2224535617070176 -0.7628037507252163 -8.504362547276294
0.007427770251778554 -0.7123909916403692 -8.572425601332871
2.637320947160196 -0.7166832042543956 -2.850866878643781
0.2991599611513943 0.6321069714815564 -8.582550400079711
0.05817933533894614 0.6147503664340426 -8.641285811899762
-1.022229905344676 2.525756092693313 -2.923542432954735
2.490296186314712 -1.160927003892418 -2.715546981901442
-1.072907982877178 -2.66561109152047 -0.8566007471185266
-1.040816896198151 -2.685375452980739 -0.614559085821053
-0.6194463749263058 2.730284064866556 -2.159261829498997
-0.6748063930162302 2.696605368347134 -2.388656154013835
-0.8457860210759057 2.663101721405791 -2.225003907124312
2.711947758920235 0.8501613157368735 -1.554349982224685
-1.642539765380057 -2.356853758844583 -0.8778067695390416
-1.613854456728679 -2.384775345348527 -0.636040976886653
-1.79712526824684 -2.247100052813475 -0.7228315776650122
1.808401981589427 2.132644874290691 -2.201616075415636
-1.761815006286471 -2.183586549141642 -2.084310493677111
-2.453447623564659 -0.4933535862386649 -4.410536933294294
2.226124020961372 -1.121232511627525 -4.463449655535308
2.329633011721764 -0.9672082971026918 -4.302919306648957
2.307895231653201 -0.9024191140300815 -4.538593302186602
2.39680706764146 -0.7424925611142212 -4.375083681873916
-2.300777784959807 -0.9207025247049871 -4.538044158907236
2.418285377215603 -0.8123702595558091 -4.141294076427743
-1.800125195762896 2.246250145655849 -0.6760347564406031
-2.449797908466142 -1.378776791798372 -2.014463935039487
1.962063542497233 -2.075150338867851 -1.295735520004757
-1.978978137026548 -1.837133515811629 -3.129797198258299
-2.460970426001821 0.766022725784662 -3.985192844659119
1.868060471408745 -1.968548881394841 -3.017667094029056
2.728245988420611 -0.829108306743084 -1.384008984415636
-2.110998980678358 -1.349219737608403 -4.395709653982716
-2.099181213894783 -1.282084432459931 -4.631189701562915
-1.98168732261735 -1.482710229299166 -4.554314818089951
-0.6953550160966562 2.794340174171262 -0.6347410356215232
-0.9154046252767407 2.728109629890093 -0.7134849078261201
-1.472652588944815 1.673489969076781 -5.6211426288579
-1.411518981998846 1.791007708259639 -5.424958000736882
-1.280299318201518 1.824612613965265 -5.621891499996694
-1.206802369805007 1.935712926885779 -5.422134569369062
-1.072743029734057 1.955070021921459 -5.617966566709159
-0.995800113098383 2.056149558062599 -5.408253848202441
-1.134070619432475 2.039963032714179 -5.206415936365254
-1.69846591370076 -1.841886721113728 -4.395044759046551
1.80641889518706 2.015575185424246 -3.077954431048678
-0.03360963164274865 -2.872331373880046 -0.8846221884884239
-2.530830389793133 1.272330652275365 -1.708320978314936
-2.825993307246629 0.03000983546262305 -1.806587177795465
2.087913128000616 -0.7754111509310341 -5.628345582216562
2.544727481288639 1.348158762534509 -0.624944687715808
0.09911702902383274 2.708319606330012 -3.048644051657394
-1.115611114714813 -2.453095899082733 -3.173211905528473
2.271102625250433 1.748804372401289 -1.054974627031515
1.360407107702923 2.482340877643085 -1.73883595817362
-0.1223142472319516 -0.3638681589620434 -8.767451509998532
-1.200623539777215 2.351761428873228 -3.576571077834552
2.157576605031405 -1.658442497793224 -2.953621967707065
-1.975865621184796 -0.9190346082959365 -5.802448772504536
-2.358304899828193 -1.371678222512442 -2.893351643923851
-1.80057879778115 -0.1421476207709912 -6.90097226575314
-1.720996392601229 -0.0265535974523746 -7.101950895822609
-1.800480536013208 0.1019799947681324 -6.907879926652604
-2.695692541420536 -0.3200933153518618 -3.010840562274138
2.204958647101682 0.7612611679789194 -5.212006816143222
2.238207470652554 0.5481074788612758 -5.32901145052614
-0.2819761654119828 -2.697236118265177 -3.03355680103926
2.544791150466479 1.12177211346365 -2.374285319861154
1.373255095900298 1.95031453431169 -4.983453925449353
0.500681535176426 2.258706309299464 -5.291492735831129
-0.1706123350637994 2.458985270207619 -4.605356481603588
-0.0423535298309284 0.9200355124193356 -8.383779564841076
0.5484408691083393 0.6156919249694968 -8.477544062096131
0.7463413002543213 2.036297689538123 -5.838850451211638
-2.002994127126905 0.2523554662339441 -6.323522703992358
-1.960035200530432 0.4919423477351142 -6.317524229896239
-1.883412286999195 -1.420066340890748 -5.10051012200804
-1.145245234553715 1.846262741158125 -5.825377043351876
2.369560896261404 -0.6757732906833933 -4.609664877520009
2.438304111559816 -0.5161659743403557 -4.464539364421506
2.282489326505976 -0.83676774715757 -4.771345964929522
-1.876496753937428 1.928343452118304 -3.206352519150078
-1.952652565313381 1.891695255619527 -2.976113381205542
-0.6004194919091274 -0.6048263324842313 -8.451781522522172
-2.357444964904517 -1.254627410062254 -3.360909700430401
2.152119281652027 1.901567053617772 -0.9047827121941577
2.17927847960278 1.881176370568057 -0.6620808458185218
2.023311343674798 2.044625269880518 -0.7535875778717158
-2.748715778476256 0.669357099523316 -1.763621526696214
-2.545022017863619 -1.221546253296186 -1.852328902481498
-2.632069047912533 -1.005426007600926 -1.928424368822537
-2.238826853661959 0.2993545983466115 -5.509221722686426
-2.195064884982232 0.5317659432014059 -5.509966380022859
-1.079555985857789 -1.425569351836498 -6.944777102505705
-2.629085305023127 -1.057362656887877 -1.69126042387551
1.536071192093643 -0.5556884597392059 -7.293840167314784
-0.9741500824195475 1.245974983288731 -7.400465789218099
1.362434207213667 2.537590341160622 -0.6064812167594522
1.520676871454899 2.441120126224928 -0.7705621880657201
1.152992106283289 2.579015323338377 -1.823213207060753
1.317113659584926 2.486493119783963 -1.97943521650876
-0.3315052564241944 1.573495851925297 -7.346757478761878
-1.5565333305826 0.483213129334133 -7.301567884575503
1.550784562306999 -2.142908585474916 -3.543988827252277
-0.353751255716941 1.119546177719233 -8.081418519836213
-0.5169681613593653 1.183280365763977 -7.911833148681345
1.855554298421741 0.8482637034563958 -6.258631421313043
-1.620255761725827 2.100518530506004 -3.490042906053306
-1.541644399153239 2.118561728410198 -3.714744430025955
-1.730029024699597 1.976494354733917 -3.670812569254446
-1.916798816611022 0.3606341750863157 -6.521954095647265
-1.85675148284574 0.5983158573194248 -6.520994414023093
-0.6037834025574201 -1.13338906117942 -7.922673699726693
-1.69864240914156 -1.778997245317151 -4.631275887092433
-2.743113972705511 0.7832128803213685 -1.358850780315015
-0.4539317468634733 1.327584106090377 -7.731103690278402
-2.269758255495323 0.4309442609052966 -5.304712966444521
0.591044321465678 -0.9560434597095808 -8.148043902017978
0.5211813931066106 -0.8330089328226526 -8.317855211772923
0.7247524128731698 -0.7686891933118524 -8.232414658528619
0.6424629090807189 -0.6321457994147777 -8.403852538592831
-0.1521825390634792 -2.123083239431137 -5.976234863344634
-0.2872549613071469 -2.166699067631254 -5.779402013380493
-1.023555999661216 0.7525445602284185 -7.94346437314733
-0.4218240552301744 -2.849197113256016 -0.6044031615449103
1.789277515987949 -2.243086701441229 -0.9777106443117148
1.795263214695257 -2.249236245288442 -0.7036405725845494
-0.05498690897904172 2.878300283960022 -0.6652154112895388
0.1726154580342186 2.875223112453478 -0.5978095166870373
0.9828771679079508 2.659508818118569 -1.66629163541768
-2.647984027451051 -0.4939530502651044 -3.182752135947576
-1.819351742230424 0.4666799297079846 -6.717913617235205
-1.744620992145217 0.7000008898079167 -6.713808657786155
2.338252500624102 -0.6086374188907555 -4.841736359182007
2.253023724647671 -0.7690046955797895 -5.004202231605956
2.302291764037113 -0.5383632556958201 -5.076013859744842
2.712305788487615 0.9639438346618232 -0.6781149283535793
0.4383364807555347 2.035421863154394 -6.127921693512836
0.6329055712051385 2.782337311677168 -1.345402139260437
2.046895157242483 1.561223107002222 -4.003958946687674
1.943224630958039 1.724208915512512 -3.858491964091615
1.889883114023143 1.725820730693685 -4.093333406767181
1.774047979176625 1.878744744129374 -3.945223243255842
1.829004679504678 1.877548566929986 -3.707818640942436
1.720693318853122 1.872650743339996 -4.186886925705211
1.174033543683058 1.321028477942475 -6.994764629458645
-0.9310785993933753 1.965386113154435 -5.817815677450024
-1.005035658603609 1.85924869355079 -6.026093916828359
-2.211727606107735 0.6685562571334983 -5.303658930627202
-1.270444009578444 -1.28363267187982 -6.901345797611338
-1.339973871612443 -1.094402547961729 -7.08162075990815
1.417542638488497 0.6278615328741628 -7.462235267988618
1.501503285101187 0.728327257857323 -7.218362236199176
1.193071136434301 0.6569495234072286 -7.799735325813988
-2.486951340244965 -1.450105544805061 -0.6645307253169795
2.755424830400792 0.6592847606782596 -1.699795944779698
2.781084953610597 0.6180125045670753 -1.431932400187072
2.732721518270797 0.6829321402744124 -1.939361478661075
-2.517901173862055 1.396031414089672 -0.657450331086586
-2.392536607035359 1.599231393529232 -0.7053812066599919
-2.62667076409686 1.181961651164379 -0.5999368581601585
-2.68500874798029 1.030293628147236 -0.7751097628539493
-0.01525833151745762 -2.879636359770536 -0.6296712635447487
0.1921653309146826 -2.869029442916818 -0.790221164252179
0.2255622829571926 -2.872604695891189 -0.5484012042344731
0.4180807606551225 -2.847513086614604 -0.6963401490112834
-1.086557244829836 2.173287221318814 -4.777396547483026
-1.981383955284691 0.8017002144561116 -5.946339890997653
-0.2739558771538813 -1.057655710513511 -8.188081339828857
-0.666788460922743 1.221949476437844 -7.749762293158182
2.786103231633788 -0.6350282553610055 -1.260141549071076
2.776820328868907 -0.61991769356673 -1.500273105850163
-1.886331867636662 0.8592338885690213 -6.15738228727424
1.711321146235216 -2.084412291335787 -3.156708225224689
-2.434723237044141 1.544178159511752 -0.4586465766039305
-0.8525230700789425 0.9285592155669393 -7.958208454957553
2.604507898605545 -0.6035190364247627 -3.33840291597642
2.537137150963748 -0.7697940895770342 -3.500463574513204
2.584479064205806 -0.5391105888894572 -3.579334741823196
2.680709397591392 0.5617815603465437 -2.796496027277616
1.818689606419808 -0.9838261774961964 -6.173360168252894
1.897930375698889 -0.7627579089067399 -6.24263016952467
1.008632256655455 -2.415869116490219 -3.72888179298344
1.007685595013607 -2.375318455482495 -3.968192248914812
0.8134075962040239 -2.465489649077814 -3.8691193206968
0.8093768305291738 -2.426186838755624 -4.103232150367071
-0.2651323847632788 2.756682944870226 -2.499006837178132
0.3577654824193809 1.977219402098641 -6.351873540212351
0.3260747545419684 2.697113590845024 -2.992812211573565
-1.536386969485318 -1.880119616763178 -4.785691670567047
1.02114075997129 0.7694448489664727 -7.931172506027592
1.90083307960797 0.6351339953543338 -6.367249975043459
1.968403850753943 0.6696946649980472 -6.137089331785333
1.826979905876606 0.6000669590554989 -6.597978281783517
0.41678006914376 -0.6909775741071382 -8.493425912628565
-2.4107127593537 -0.8369956824090755 -4.136702789295954
-2.628636273135906 -0.4392240093423823 -3.401160410787754
0.01063426474747378 2.855185010842247 -1.309242730001438
-2.358990954483793 1.531343921419198 -1.997339699074877
1.015922254454037 -2.588190698645308 -2.381206204334598
0.8231607288826749 -2.667798728200749 -2.251682895517683
-2.181880729901575 1.673198795506356 -2.696688875932136
1.052928443275321 -2.613892685738361 -1.922513804053857
-2.198097181028831 1.843529988293049 -0.9906743993861282
-1.709102302575821 0.5700343520340776 -6.912064887459725
-0.03193132983399551 2.77618349563252 -2.425378976109085
-1.524388504872104 2.395160240618205 -1.604525532746284
-1.314788414929571 2.513050752834102 -1.651980783023085
-0.6746127949222577 -2.791009179078604 -0.9188887304103472
-2.586629944581309 0.782965691449989 -3.111330711482484
-1.282000397891484 -1.698065823842106 -5.979132164613985
-0.4637617441721485 2.843013148311976 -0.589150892121901
-2.260315359477508 0.05550535104426456 -5.500568441097778
-2.799119437744927 0.4377419474597595 -1.700720172661611
-2.24472542955764 -1.517861676751115 -3.05191121640017
2.020569172501363 -1.641355281858208 -3.824608202601877
1.877896256303458 -1.872031037040818 -3.498657130803721
2.518266495096099 -0.7092765170248849 -3.740223986501885
-2.679195875482475 0.8955133320093773 -1.824953331718789
1.050408410232708 -1.580937259120949 -6.665377440314361
1.710278485426044 1.247202534025663 -6.015440100429681
2.341015725318834 0.5861229576107598 -4.85526158051387
-0.1121590798613877 -1.996133106038924 -6.381562133102635
-2.660900613661158 0.3839524599009569 -3.223781594990541
0.5124961796184225 1.885181341732969 -6.513032720903791
-0.1238985940730069 -1.595971228370278 -7.361636542352596
-1.86802714065873 2.196592275023479 -0.4357675912258973
-1.773873494253573 -2.272317795798386 -0.4816911821626983
-1.9429530585867 -2.126868987063621 -0.5824229546803896
-1.969050670984255 -2.094555441463473 -0.8132577115492458
-2.109067003334052 -1.960238207268626 -0.6432492595512789
0.9657200057087167 1.757950916801519 -6.362496609392591
-0.9568851058740857 -2.426040309609794 -3.794351442957437
-0.7654806016912458 -2.469482728159605 -3.936435264942005
-1.144813801209113 -2.367317129376481 -3.651247395991848
-0.9746208613193101 2.700127855822331 -0.940391865566925
2.750526612987596 -0.5858849446529544 -2.000145627613584
2.142896684948768 -0.5459543214549999 -5.686900688832597
2.218074913407444 -0.6997783955957297 -5.24058333727251
2.395402205045116 -1.361162931606584 -2.643029522129297
-2.455099569930365 -1.103854876638404 -3.197172968948865
0.8723898303886009 -1.723193370813088 -6.574797933096736
0.9377020725797423 2.658909260930781 -1.902903351917318
1.111993535296875 0.5554220396834733 -7.984117259649212
1.592599544847213 2.016031992302256 -4.034837394164826
0.9420705573187138 0.6638239766795514 -8.110621172529587
-0.6223773653974085 2.815757546820696 -0.4215182703856174
0.8495467729547798 1.242654442557287 -7.548372519109929
-2.506693851064219 -0.7522913855084329 -3.73429897103702
0.2354587886519561 2.849124679110697 -1.232570730337718
-2.699370518058826 0.9473245464007278 -1.189652668636733
2.77613478430335 0.7694304834280721 -0.5799243862332669
-1.540904910557961 1.741574720922773 -5.242442307711404
-1.103461467950298 -1.771614773106799 -6.111686675290943
-2.302307888880568 1.733138961001984 -0.5340361271912111
0.02468686189724622 -1.505023253184916 -7.548506442528967
-1.675697703706376 -0.9525532307415049 -6.585598021838335
2.80722932346591 0.5903144702618676 -0.9964686674404946
-0.611911688795354 1.367662007456559 -7.56141141163105
0.9130293127831002 0.9721915581061844 -7.845475923888593
0.280827844630353 1.906170536034007 -6.587714777078741
2.651839898920565 0.564599702647561 -3.039069340679685
2.586694341763381 0.7686107982256963 -3.144258317116865
2.618316296752846 0.5760085369851604 -3.28214776512259
2.549608089633383 0.7828088734392291 -3.386436608659349
2.581407251755435 0.5904488470937489 -3.523660120780964
2.509706319107893 0.7962559341902282 -3.628212318796628
2.542420825598666 0.5980533985383019 -3.769189351982469
2.470976310175294 0.8119730853318512 -3.838969620576631
-1.602163483164084 -0.4019270130194956 -7.255012369491461
-1.539075762712136 -0.6320664455556314 -7.229221363242135
2.785234677498067 0.4620343236726127 -1.848026793326495
0.1353164437086607 2.733295346489736 -2.817546449297403
2.502881926900272 0.6178177768115271 -3.981715843805489
2.560014737954772 0.4024471972164936 -3.898890008446026
0.4954905570563681 2.827532801969349 -0.9410087693846029
0.5409622059404006 2.826539032477029 -0.7041119971437151
0.7610902967485585 2.777056618390891 -0.6388229008130715
1.689929623102449 -2.290431257987853 -1.478499013686871
1.665274469060004 -2.291593014369465 -1.706644348567526
0.5859097325785262 2.575436410131189 -3.571469358819363
0.5176783798692914 2.553945492219068 -3.807531987606391
0.6555983069352245 2.592324315729251 -3.335226492128869
0.2809110799109268 2.581587382530142 -3.865194431831299
0.4442587971198399 2.530196535006099 -4.036579758726652
0.207118720419041 2.550573776399701 -4.095386407792621
0.3708030085999715 2.501561056249094 -4.267183139977844
0.1341170776034941 2.514305400117255 -4.327898226763454
0.6762334467819916 2.489975747151836 -3.968543729285302
-1.18889855595224 -1.432478417221227 -6.761346390476626
2.139233452249564 1.388868962532741 -4.144435997451943
-0.2623029975105097 0.7509502556700912 -8.503604083990378
0.5368265623429908 -0.4699527246657013 -8.571613890775074
-2.854913249713525 0.3812075231530067 -0.6044876948862445
-2.813312547824048 0.6121187281699683 -0.6525280590754803
-2.878260913356023 0.1479654780269148 -0.5171794786086552
-2.878699516770554 -0.01071612553634947 -0.6695086179681172
0.8382890541571808 -0.5590915941749155 -8.289714709111504
0.9221544046933788 -0.6975508723868671 -8.105533945594141
1.019363696554479 -0.4761775166803417 -8.14660640801119
0.4468894723059219 -2.848264762196494 -0.4590667733838334
0.6389756622928147 -2.808561204985594 -0.6009274906142609
-2.578617548201618 -1.288137106694595 -0.4959962937327407
-1.536283863674173 -1.06242918423473 -6.745045999191864
2.763306428376722 0.4883056096305718 -2.079208745576353
0.606507975122886 -1.948270131670958 -6.257899804936367
-0.9150328799851384 2.14971578578943 -5.196490470671691
-0.7732332323195401 2.156625403212841 -5.382540326554509
-1.7023836335533 -1.713464711159762 -4.845412372876142
1.329381810477168 -2.504625935441151 -1.662420817641595
2.096882878809443 -0.460827430677863 -5.914142842511126
-1.710226047170816 0.2112771746298279 -7.097337363420384
-1.172035952914748 2.593154494589559 -1.490575083419126
-1.105339660855303 2.609598608683013 -1.68660392215945
-2.710573087816372 0.9776422386229577 -0.5462163830158369
0.3241231133114748 -0.5257979410849539 -8.641168243404216
2.820326508743824 -0.4164282072996526 -1.394459343794197
1.191295164836337 2.625445437131843 -0.4608471276995036
2.452628253438883 1.514705540836922 -0.4849653769561795
-1.672708227794836 1.979289828902119 -3.899008195636589
-1.832216867532768 1.843680196533671 -3.849774854192856
-0.941307603748667 2.520410278879173 -3.208138992444491
1.959811040297211 -2.111420836492047 -0.5798462431877102
-2.121480832199235 0.7719243381287505 -5.513830184591058
-2.130416822824059 0.9002324474913205 -5.294456632172883
2.179718674881248 0.5371576741552908 -5.562008211044604
-1.631543133574893 0.7959306033707733 -6.878386434377634
1.414215086139401 1.108268373710045 -6.924079892044897
-1.646291645699223 0.9235836911332471 -6.69309481527054
2.338511380461694 1.010693815690124 -4.161548548977928
-0.8975364275805492 2.6234347656582 -2.464228202913605
-0.7251855712429748 2.658826734234061 -2.634958189873372
-1.517986696080698 1.015545161640199 -6.850911912551821
0.8233771647640953 -1.668385427125153 -6.764132882577653
-1.857374862452893 1.427511004065208 -5.170166853714226
-0.03312248702336987 -0.8801983269207583 -8.424227880479853
2.568647207239197 -0.4749282689775953 -3.766780135260366
1.246954844483406 -2.597302261400704 -0.5641035915881463
1.033664806090069 -2.687519739447563 -0.6393856855735603
2.409828479984007 0.3692500144722121 -4.73809291220674
0.6078275757818388 -2.503293943087572 -3.993701786492358
0.6151634883619135 -2.459253845638325 -4.232884130521151
0.810438149927966 -2.380719209925025 -4.34422958745969
0.6067083903511951 -2.415030785234573 -4.476389901231181
0.810587102943199 -2.332156551877621 -4.584629525920406
0.6110760554286927 -2.367223966419809 -4.704741236034197
0.8134646589321689 -2.281214513710129 -4.814707348919088
1.008129288752701 -2.230853389156563 -4.688881486171263
1.007158300141297 -2.177989816349949 -4.918551965739362
0.6123435117209921 -2.543597513662772 -3.740081444013574
-0.0036620702529501 2.883657694507153 -0.4253876144604611
2.250054648342877 0.3314019756522539 -5.448720498523933
1.5617296184036 2.422498300507584 -0.5060056023800544
1.710560709693527 2.314989391769791 -0.6822322994470774
1.805810777968409 -2.247916873027087 -0.4406970620684525
-1.211344977508456 -2.616055158471783 -0.4713881578351919
-1.010340224851429 -2.701317873031742 -0.3978986357205041
-0.837212321825705 -2.757272331025563 -0.5420376408688873
-2.625090704154664 -0.1786078763805015 -3.640672953912441
-2.640625307092254 0.03865793791635447 -3.57379042880232
-2.595739665483578 0.1709523324849656 -3.836443835885363
2.559082064432518 1.329990865269355 -0.3994165473130428
2.589129066470637 -0.9863482149545386 -2.486056807361081
-0.5568044013159066 1.036921645150297 -8.077517557499593
1.749686530663497 2.291815654303442 -0.4434672954615433
2.177607343014711 -0.3070051696175998 -5.73117625082845
1.456464193229505 -2.488688011372632 -0.4323832777118605
2.053346392817255 2.02170017730487 -0.5417965099250408
-0.3094894113753326 -1.364296753980854 -7.738049478090807
2.612178155151077 -0.30534950459835 -3.648772926278613
-1.670562622013834 2.350150074886946 -0.4417395660650659
1.719526692808159 -2.284109376814484 -1.228850211466339
-2.326686578010331 1.707221706170549 -0.2506675000590274
2.687459304643564 -0.4586420524843569 -2.910035942955556
2.698147855059498 -0.5483912842212277 -2.660698466546385
-1.06571473803209 2.573208899213345 -2.328735460067063
-1.015070068823117 2.618025638018221 -2.056231970478276
-1.01139118934635 2.556213284839355 -2.702009025934516
1.392815557302908 2.526030569148187 -0.3625907308585219
-0.05809454493508823 2.752474803611505 -2.662889414419132
2.264954856802206 -0.4414246772344796 -5.315886034288153
2.33320193819829 -0.3026494372845075 -5.126583746291788
-0.2201069792166065 0.5463891188686838 -8.659906872882077
-0.3952468481820109 0.3771611071908149 -8.686167085428306
-0.1696085879576469 0.3341127383741357 -8.771178555316805
-1.97058997428943 -1.416679589176596 -4.790719867331752
1.998489339506444 0.4279673052692085 -6.247759293956085
2.063573509229296 0.4819980636385696 -6.007560102992117
2.806387362625109 -0.4118546581776068 -1.648163987932989
0.9898279598266124 -2.456104988571393 -3.52376954173848
0.4694068030107647 1.810850416423193 -6.73766609211113
0.2111940558032445 2.87660919052415 -0.3788278548975657
-2.026485078660409 0.9968028818003283 -5.510671001761859
2.455263991961748 0.3929060294740124 -4.494988742301802
-2.835080422300609 0.5274774917562289 -0.4207451491939336
1.405945167859436 -2.44259636583428 -1.917953210801443
-1.151010275234738 2.634531007268889 -0.8059796377946169
-1.25687351107949 2.592601205307468 -0.5604584709823177
-1.077598170174482 -1.695339653663136 -6.353350228544293
2.48860484564168 -1.218456848671025 -2.483564871491494
-0.4867737674090353 2.700797879986325 -2.746604292162548
1.595429547717053 -2.390832315481483 -0.8295365780394311
1.550921805160383 0.4929885343213035 -7.306641812208269
1.622282036808383 0.5880395566049758 -7.091992198623054
1.469602154819792 0.4072054153203966 -7.511199284584517
-2.012133047845728 1.210825335454216 -5.145458251803047
1.262726332845432 -0.228627798705582 -7.92408180188939
-1.636493303769834 0.09641613316548749 -7.281535776474681
-2.083864008168484 -1.212636617736307 -4.865806141073701
0.2491272431494535 -2.874182578241382 -0.3325497622016901
-0.2905538824925059 0.8919075603727348 -8.366032697710422
-0.7250227286247855 -0.7857122906174874 -8.217088466548361
-0.9078938568033038 -0.6304813341962757 -8.171960932138029
-0.4991041334387925 -0.9022566580006908 -8.262568094417265
2.209194048716318 1.853504076455586 -0.4196033323367314
1.172929516704196 -2.39527667363396 -3.386682164039316
-1.583503056066999 -2.410545945117134 -0.3942474686571319
0.5835401572420884 2.823630003517548 -0.4478537684480133
-2.370477056727 0.9856421862459034 -4.046578402581991
-2.326509858009599 1.151403786250756 -3.871414549581498
-2.396814244999582 0.8126091952748526 -4.256444125447067
0.1868788255744805 -0.8256198789177978 -8.457193241366042
0.8870735329563199 -1.805749016067874 -6.344304017170831
-0.7758103057638559 2.601370668105255 -3.011163324019031
-0.765697983734428 2.553205022787578 -3.397704137455791
-0.9720628340676114 2.469141022135812 -3.484447423198572
-2.656753769141392 0.214470450807434 -3.398824611420516
-0.9823750851139706 2.428715400157557 -3.716326170053158
-1.159899270814908 2.325968349054137 -3.850604225070937
-0.9725454311567731 2.395028602182694 -3.939175775367778
-1.118122570748191 2.300508184282644 -4.102016352032424
-1.457287461156973 -0.5257486322476328 -7.464461143758618
2.719752802739495 0.9581592917190817 -0.4294575472841531
-1.475832890803257 2.116720696183469 -3.966984000653738
2.800650439876242 0.2638258918353655 -1.989345796710361
0.4664957837459757 -2.041404301145546 -6.089599871023139
0.2227164971553023 -2.066447296202193 -6.139611164879603
-1.575992291802885 0.6841573558485305 -7.109026990024606
0.2111486435105389 0.4398346290169125 -8.71876555651003
1.709340989610304 -2.124626202887739 -2.905042097334861
1.87377504498884 -2.002266220252875 -2.765603804312377
-1.550382940062126 1.133840086654548 -6.604133457747234
-0.6864912392822186 2.237145912078592 -5.180631368200723
-0.5427417501524434 2.232056845848709 -5.358307084385014
2.086298449687066 0.2585518508244384 -6.062915188079351
1.620063215517172 -2.381995194182984 -0.5834887015880319
0.4134620592753949 -2.434265728106636 -4.584020380410814
0.4057847290712235 -2.388549073178746 -4.810646250862841
2.582137515922623 -0.9291006400459075 -2.747622296327505
0.989525585302568 0.4286262121206393 -8.205723729506373
0.8046686034415733 0.548815861916255 -8.327355651989928
-2.052397105302759 2.026120383209237 -0.4026825890836647
0.7077785835443472 1.773195189051423 -6.635412500192406
1.490525451481951 0.919114250657372 -7.032936782880151
2.307348102062059 0.3652894704055139 -5.197638936951358
0.4424027813907291 0.4375475815404978 -8.638098979520072
1.775062522010602 -0.9034305736314213 -6.403660567141054
1.847804212405845 -0.6788457986856526 -6.470621694864588
1.957077493005589 -0.5395124025715726 -6.289612203121693
1.908167999612343 -0.4316205438097923 -6.505214779438439
1.788980443941763 -0.6076709861863143 -6.688582094794586
2.460698823565477 1.507738028959269 -0.2462029226522802
0.6805113672544596 0.4369225945876875 -8.491855310604969
0.6463024886165292 0.7338102061809837 -8.323130113235775
-0.04190896139558038 -2.183369530588552 -5.786092177959373
-0.1827847389154272 -2.235380673666655 -5.569914897260249
0.1805199851485616 -2.172643197232455 -5.798971889113966
-0.4251305396789593 -2.199314901516642 -5.580536627844958
1.679909209499757 -1.116707445750665 -6.328374565162557
0.4824691990269118 -2.845562420752833 -0.2115543152774949
-1.190799489918402 -2.628796906075448 -0.2411180384325807
-2.653601348481568 1.130228598970014 -0.3845658574301156
-1.988218963699938 0.6303953539427909 -6.116165400692229
-2.082845561873496 0.5631290725794043 -5.877453273053179
-1.975806444292829 1.350764793524205 -4.946750982802981
-1.71074652130195 1.620272921694015 -5.111443532636203
-1.674965590205197 1.739156025844707 -4.849187275461842
2.872251568066797 0.211990995226299 -0.6128141392282012
2.855264404141516 0.3935380559352507 -0.5068435445402254
2.865494712908515 -0.2125919429441419 -0.8585644811826159
2.845297769335956 -0.4269316189422874 -0.7301196008352774
2.849339723984793 -0.440563961301546 -0.4538101970017622
2.809782178305551 -0.632436908890056 -0.6121773897911115
2.876701718952606 -0.2119497448526641 -0.3681174187357289
1.085272827803361 -1.746778275758114 -6.208614365079304
2.797167991013523 -0.2109047127418865 -2.091982622066697
2.763989208990546 -0.4205179110546312 -2.205919403170659
2.74199473689842 -0.4265045708485515 -2.44037739918414
2.754293859645308 -0.2092030714910277 -2.572492840016472
2.856535003947396 0.21246379807635 -1.104072409514418
2.845348159551768 0.2121188738268647 -1.348781703995041
2.82770552561065 0.4282683589166929 -1.208027712910545
2.700345332151771 -0.212392136358444 -3.060698303739584
2.659837416298882 -0.4273913543983674 -3.180407001846652
2.754017418572644 0.2124552695439674 -2.572769113299525
2.744382389089651 0.404618789552211 -2.450149355892651
2.728463481025614 0.2123764991290176 -2.816875344459164
2.669608439653561 0.2123881699461111 -3.304168562172908
2.520053692865142 -0.2065308527120957 -4.269357447411091
2.514403987023659 -0.423410204856739 -4.14870754081366
2.485628800778065 -1.429011556712775 -1.036114302158277
2.489450710215971 -1.438998765818313 -0.7912610866584719
2.590490443859666 -1.255916034774206 -0.6628844075659465
2.491653592305711 -1.447293436398879 -0.5461725167957786
2.591429873193848 -1.265234348050092 -0.4161090717174347
2.677825247285912 -1.065907532708936 -0.5114543691540558
2.742540028408096 -0.8921761198135566 -0.4026085442711737
2.501561570261394 -1.437989775759021 -0.2930022739624532
2.674541299818606 -1.056877709315541 -0.778827166723302
2.23442919241866 -1.758224837472425 -1.534307775087475
2.47386655724168 -0.2361720030942659 -4.502192525820185
2.375387964611216 -1.613209445199359 -0.9184899855497558
2.626238410388182 1.172141089219667 -0.7734972057529202
2.637152413269602 1.16098898916163 -0.550688779138353
2.379005071079595 1.58763085723486 -1.204507616840336
2.242152671067043 1.768695904798449 -1.297214512518433
2.350644671989191 1.608188291606771 -1.446846432586819
2.324392073860066 1.701233482878916 -0.5955292522574406
1.765027213817874 2.141041274968864 -2.442420322788749
1.009415874114501 -2.689196949772421 -0.8884161295308597
2.113862409546408 -1.953555536332601 -0.6849811780165069
2.250335044014099 -1.798864738069143 -0.5719813593860373
2.82286760149734 0.556365298280282 -0.7292585881892488
1.482465585810845 2.455124520503492 -1.013596559149415
0.9373132358685903 2.718444226802916 -0.7888080999996858
-0.706273767843129 -2.773503599792875 -1.161218328433664
1.776261252819062 -2.189470763008885 -1.903390194939052
-1.417126112306075 -2.507939362561102 -0.5874948462738173
1.849730670491367 2.12226038387661 -1.960236423360594
-1.103999541874352 -2.643352735273312 -1.098977298462749
-2.385032575856648 -1.604845784511135 -0.8156362068761603
-2.364537994454071 -1.645759793001945 -0.5749032699372221
-2.871287423796532 0.03704507303676669 -0.9146430897371529
-2.148069361286022 -1.893117634301465 -1.132767931567987
-1.735082063204214 2.288303961368627 -0.9085616454041663
-2.014398763663571 -2.024758543220249 -1.290263329441318
-2.793761224266976 0.6673342743106113 -0.8898090849238878
-2.691884985563292 -0.9847080747164689 -1.056437997635839
-2.755443373354372 -0.8104046617272438 -0.8961851051755536
-2.748326362199898 -0.8577061910194475 -0.6558226982079283
-2.80689405945327 -0.6319928507453856 -0.7296100730255849
-2.697364585033557 -0.9385442157711115 -1.293201824070322
-2.800245630473122 -0.6811955662530709 -0.5250765449382464
-2.845460266829898 -0.4488202115407383 -0.5868756832906769
-2.845925247627491 -0.4080447717361926 -0.8047394467808991
-2.737515936904216 -0.9069351478842227 -0.413867918398781
-2.671307017699143 -1.077743974668138 -0.5922142268232071
-2.529749776292709 -1.316463631726823 -1.377332498247463
-0.2239948160267119 2.842863578259327 -1.379591754074593
-0.04500261736630219 2.842125101029182 -1.547493073543477
1.594002160134791 -2.319552941838387 -1.970564045751372
-2.201330607571125 -1.767094820045718 -1.854435639745776
0.5765330060252265 -2.806635646022412 -1.084074244489798
1.56459027523615 -2.400581627758603 -1.079122466878778
-0.09799500180938539 -2.850482279807155 -1.370013179048097
-0.06595194365750578 -2.862691090830189 -1.127561004778221
0.1274922153391156 -2.85394388278312 -1.27636160218938
-1.741551157674486 -2.222531262536161 -1.84386201324035
1.202201345272565 -2.49424248853809 -2.504752790081438
0.8408001456650612 -2.682206889972115 -2.017622615820234
0.630359911375595 -2.729689254155191 -2.13654954867466
0.6116247990842172 -2.713438454579882 -2.369340350381926
0.4126658436244139 -2.762676323570916 -2.235089491661577
0.394830463192946 -2.743174382768823 -2.477687851828183
0.1997648885281123 -2.77598371757872 -2.351124964095342
0.1783764986947787 -2.754688654933942 -2.590264945150274
-0.02509837590674649 -2.773044852178098 -2.459602252988144
0.3787190125441563 -2.72088686779215 -2.720164088396751
-0.04418995413032065 -2.749301777394155 -2.695965864065093
-0.2463444634080403 -2.752574602506447 -2.558858368881399
-0.2292767615791509 -2.776508570517392 -2.319817091167867
-0.4435712277541191 -2.741337512960917 -2.41864887997158
0.4327318231875591 -2.778426714302877 -2.004239211102504
-1.230059100068912 2.580847250952305 -1.229269469527891
-2.343573140668815 -1.52913324018312 -2.175681471285459
-2.80746363251545 0.08929456333524839 -2.043866624396003
-2.751191763788088 -0.554192505273071 -2.074958357370332
-2.757225390677363 -0.6116409077416721 -1.834287964860628
-1.606661624035142 2.387089368161343 -0.7199726566872346
1.220664946665351 2.490708822832181 -2.453399879566354
1.378306541348596 2.389360762543301 -2.610760498845377
-2.640984541402346 0.9528815798479525 -2.059979076954376
-2.784885475582734 0.3244301459557992 -2.109385043669382
2.092926616664497 -1.913411167353302 -1.65937670707416
-2.217099963094107 1.7237055450961 -2.05104867488914
-1.84211169612766 2.149262248221372 -1.738890001793407
-1.779874107462101 -2.1426591332105 -2.325128277137654
-1.622293902314601 -2.246877661300592 -2.478824478334932
-1.603546070707856 -2.286948517451417 -2.237566533580897
-1.414824893950878 -2.416665902387149 -2.150900248755921
2.214279772276185 1.676428280033006 -2.415230731128755
2.31458784851916 1.509009243788818 -2.564221913505497
2.251499168397925 1.661981997985834 -2.173848588373196
2.564853177550454 -1.212030440140848 -1.642299595679055
1.064427699148184 2.476549402100483 -3.167236182730975
2.023326164934498 -1.694588995907498 -3.585482524859004
-1.722824089940715 2.260258960798869 -1.555984492926072
0.5689700154686482 2.689355699997332 -2.703359528528639
-1.969728093868983 -1.888121011359352 -2.890549026426587
-1.296861796890242 -2.383137396991166 -3.023324577436852
-0.4819993423648905 -2.685347470193572 -2.892846606693763
2.280405103435803 -1.467594096957789 -3.034351108616219
1.010047629343438 2.46437800427646 -3.413960109713735
-1.740978831118548 2.138974398238281 -2.615350513468828
-2.750434838465569 0.03204450054427002 -2.686711654169567
2.090383445716484 1.707252813055366 -3.140277110529277
-1.292762872607735 2.470593695580012 -2.292333408567688
0.9201322903901398 -2.686297468448567 -1.597827508143629
2.438166562468096 1.319129852825824 -2.470358130519134
2.350552147165976 1.495121667660611 -2.322008541025366
2.791683931430613 -0.6510389494773978 -1.049947780796111
2.199867633029645 -1.716867961135031 -2.267659199921702
2.181939194526894 -1.704785640419682 -2.503592302930271
2.03474609860221 -1.859540470386915 -2.629913851769605
-1.585183727772734 2.194007385843308 -3.076759550742531
-2.323350559565406 1.480853978356991 -2.642727429546448
1.9949564905004 1.720277906056549 -3.619717231868667
-1.985935509343973 -1.783794875375195 -3.368962968176604
1.026381214549878 2.657951788258259 -1.426041874217106
-2.551150508371002 0.9522813113187413 -2.938260376342015
-2.597949850404941 0.8979875241394564 -2.704463593340249
-0.1418344975840783 2.69928246303601 -3.107476280003042
-0.3407794671069196 -2.591804257924607 -3.754203793100332
-0.5380838204398213 -2.579751649492963 -3.612648499148587
-0.8698145912540109 2.74876790963904 -0.4592703410836327
-0.2873324914288024 2.862530497633508 -0.7387432901029047
-0.2337203461615212 2.872937130224247 -0.4976282115102291
-1.486514719932713 -2.256696415894435 -3.113268909419533
-2.610132960115742 0.6105353050635861 -3.284747841152824
-2.21388217644903 -1.722186535753896 -2.095186346182156
0.4988091397258111 2.649209604992231 -3.16602234057297
0.7130124119176571 2.610076347310636 -3.085277520484796
-2.141634350958894 1.894412061289752 -1.22323310634295
2.653763817665326 -1.023893098806255 -1.513387481153701
-0.08042438924645273 -2.693943569495372 -3.170944154522573
2.440516515728681 1.164182995298284 -3.099610864676869
-2.247755046090131 -1.399787355944927 -3.524307322762692
1.200445529199014 -2.264479802602638 -4.071689850463449
0.3267912927267932 -2.601915244466512 -3.699822809386541
1.571272374378641 2.152262634557669 -3.403250865635204
2.01523507211516 -1.585826030744615 -4.06352095069069
-2.841028530149619 -0.02973207087861109 -1.569700271933822
-2.427273489244445 -0.9063594228181134 -3.901893104555841
1.378428557671997 -2.273679841565698 -3.446353162418159
1.529778075784928 -2.203408777329741 -3.270879303949942
-1.51137607298767 -2.162196008529108 -3.593501124084948
-1.33814210816894 -2.247481819715103 -3.743912724027386
-1.326616420677646 -2.295279304662396 -3.502380279718794
-2.10708120062586 -1.760487303838011 -2.733156704832479
2.374077096025545 -1.150796824593117 -3.591898977745134
-2.38862690404053 1.103786880302208 -3.639535541857953
-2.335596805948872 1.265704024576645 -3.463562875307811
2.469654929728306 -0.9923494541121155 -3.426864089975661
2.358565965448799 1.18665413285072 -3.578273340359707
-0.1229224483010346 2.613192042313832 -3.741299111924706
-0.8920086990698695 -2.7259200827163 -1.009051411659678
-0.564945527540948 2.760596827051651 -1.92503932655513
-2.460686040940828 -1.219025510511388 -2.729904755811371
-0.8050635380368775 2.748702746592956 -1.110173909762774
-1.696024747062269 -1.901836319564886 -4.157774905861305
-2.114725101031139 -1.709348808215042 -2.97205275630247
1.97724703877509 1.863694677984071 -2.989489431502653
0.2541204106224197 -2.530032750075077 -4.189087696115282
-0.4013347171692024 -2.457680604787257 -4.475556390730389
-0.5993865713557411 -2.444811960298007 -4.331529500520305
-0.6167532383049331 -2.393861889842217 -4.569292508703858
-0.3605062405756297 -2.550314469494309 -3.995894860632984
-0.5759039632051839 -2.494179752993688 -4.090485292975472
1.722471559465647 -1.885847478763199 -4.123938020565241
1.427707512694718 2.386849677402629 -2.372177840269649
-2.119532247789265 -1.413898656005256 -4.159981559860489
-2.392761496265464 -0.7611829053160351 -4.365709188258489
-2.364785995165347 -0.671259401816091 -4.638785943635479
-2.269658579558277 -0.8604907194409549 -4.789163145044432
-2.472959898394668 -0.5969253566815907 -4.182125624536487
-2.294677453493058 1.709696598945994 -1.171432521283025
-2.345363250975423 1.655382659727204 -0.9381715253547551
-2.56780731256853 0.03811863944888373 -4.041429740476048
-2.320607017347744 -1.625718806323111 -1.696599954883624
-1.989178771177174 -1.546097997504607 -4.319720668542942
-1.772149526413597 2.186463351922759 -1.970642188347033
1.559675647629317 2.368841101992661 -1.652254606973855
1.518106623463937 2.376603920571263 -1.893480395829253
0.7018461555363134 2.365553451602301 -4.592378634555033
1.698970420013294 -1.718584379455046 -4.839633445120028
1.533244194166933 -1.8267420166866 -4.985085336784362
1.519930978389239 -1.766236938998815 -5.222424441243718
1.356808517419816 -1.922194839468059 -5.126277546225563
-2.678909993621266 -0.610160558672746 -2.716362694172085
1.97737251485571 -0.2122174950075087 -6.412447958584818
2.654591439220064 1.037702140721244 -1.407769231607938
-2.532645139864903 -0.8836414759188707 -3.271047988593746
-1.849412647309852 -1.791128481779359 -4.00246852781967
-1.849827876287064 -1.731439361892087 -4.240208500058556
-0.5787192097507847 -2.766963325361322 -1.796520857373001
-0.7976922092748308 -2.7055987051988 -1.884326678818879
1.685872099170397 1.670680512468972 -5.036131736534637
-0.3388823961349542 2.475804989892185 -4.430025909526488
-0.2679978165276273 2.526454538729933 -4.201225863315807
1.793033183290089 1.703875026064607 -4.561890780690971
1.617798302730053 1.845993147530959 -4.656804362504188
2.407887886880088 -0.4410547867196179 -4.689460223888187
-2.263213763064441 1.527018206145824 -2.875746521407098
-0.872535568309213 -2.618237678921431 -2.596854904342381
-0.8502699726981164 -2.649565929904333 -2.356774525363155
-1.034872998161487 -2.596529625572229 -2.213447160699696
-1.239055743854314 -2.497039992132262 -2.301736557451048
-2.530644835222958 0.5394684919484752 -3.923434315308814
-1.366926987907298 -2.030788100610216 -4.689323782225732
-1.182152950626067 -2.163309635954131 -4.60364672561966
2.539538190904777 0.962223996825422 -3.001610024857552
2.502126960387345 0.9765319792929441 -3.243463255007006
-2.863207779754932 -0.3642590690503567 -0.1968070184691557
-2.870579147557391 -0.2756856785268212 -0.4172301449852365
-2.88267103476947 0.1318122896717419 -0.2671594419505322
2.085533324735261 1.166308061118612 -4.964420369018741
2.204489054437246 0.9840309341195687 -4.85120481140831
-2.395033136469081 0.2223257936182064 -4.892134650655807
1.901334410744901 0.2151089830954809 -6.623961057331133
-2.576060169200169 -1.300444360524009 -0.2658426535442446
-2.316818515314765 -1.72119571763195 -0.2079575945570621
2.101078428060525 -1.92531474712003 -1.415464396107404
-0.9287927295331814 -2.509562082250079 -3.320268951616266
-1.407581591653558 2.519687245561639 -0.2091500807293827
-1.187385567091944 2.630733715419825 -0.1967853844574461
-1.799772237546887 -2.255992303170855 -0.2390693793288844
-0.4887880536520746 -2.844592653489564 -0.1973390102118042
-0.6169727042684419 -2.816766636018914 -0.4326694169449839
1.292524069151167 2.101017141112029 -4.595995425527031
-0.2389575302489174 -2.876357061755113 -0.1994796804733932
-0.1223880004670186 -2.881513164574148 -0.3956350685446019
2.34702216600737 -1.031360753465352 -4.067906769392152
-0.4919676310481146 2.843998213205178 -0.2035023056712696
0.9605520847283373 -2.721670649120201 -0.2082125516301986
0.8443748858084854 -2.756808717366136 -0.4524656832957236
0.7183767171937047 2.795298273096363 -0.2169112808176409
1.188816649868464 2.62995952133654 -0.2122169123111668
1.813856130271019 2.24495641060071 -0.2137325788838091
-2.288184771336205 -0.6394421468580127 -5.025552496230787
2.166623147679156 -1.906755813040686 -0.2121840888218121
2.757234384987296 0.8531391940277184 -0.2073878117488157
-2.429471236408048 -0.3725278257892283 -4.640500421548636
1.504900803183129 1.807386954954017 -5.130294496921343
-1.668382910037546 -2.327655259421368 -1.11865565978818
-2.201536895814921 -0.7697768276724768 -5.213843977619004
-2.123037356437935 -0.9904065764553841 -5.169654960602051
0.7960074734237849 -2.177661309995136 -5.270692347971486
-1.752756310329721 -1.523652354039342 -5.254784204969149
2.069170081218707 -1.137070103543686 -5.090779109177897
2.642707295828883 -1.011081477537322 -1.756392747998725
-0.9829286859958646 -2.654793289434584 -1.735180858731592
-1.191410274611397 -2.561436372489717 -1.823975433497212
-1.365847685178486 -2.484396959113828 -1.66985590852919
2.109187808997542 -1.269369386365515 -4.621377958208021
1.895678291318936 -2.016875020504518 -2.514391078690515
1.66872374329651 -1.594593199282445 -5.313686601790997
1.503370496919466 -1.704215519904112 -5.455694343199556
-1.045438578703905 -2.142435483815103 -4.989652715889088
-2.165574149656214 -1.907957974740951 -0.2112653736849759
-2.242477145800278 -1.812641973535533 -0.437577349514936
1.805574862833307 -0.2121415491772734 -6.871786442037786
1.725020876186828 -0.4072216503254418 -6.982636795215614
-2.728909572429393 -0.1439135287836343 -2.853233793717501
1.64975772113947 -1.527783650884092 -5.548393514467776
-2.256884815644758 -0.1867918987091099 -5.486628156680131
-2.198416907614496 -1.070505098625314 -4.702890177395839
-2.169903324791993 -1.012007410885547 -4.942704073241249
-2.632635636927539 -0.9506900871333905 -2.167037039527243
-2.700908522254664 -0.7828835292975841 -2.0021263188328
1.180642884201928 1.869523097165729 -5.687757525518901
0.1961902763099487 2.231296405843968 -5.580997359591673
0.3643069513567547 2.164373308516187 -5.746713247354022
-2.525197738129966 0.1446923898819709 -4.264699603000836
2.331871382163188 -1.551999479030777 -2.14144469298467
2.315722564541441 -1.539039445628986 -2.380448494090129
0.02349472436069869 2.797063449389946 -2.189591606775271
0.2043402276309966 2.775495114193236 -2.35284851709278
2.502855446857513 1.284379842815963 -1.987764202266038
-2.67167686825191 0.6726619278667673 -2.643713043160998
-2.750147947190189 -0.2033381637492555 -2.618146598377927
-0.8548341869204101 2.066226241495735 -5.595397201149757
-2.206813634140239 -0.07726058315860691 -5.698508566377818
-1.419518193452386 -1.871958130497017 -5.141367845940795
1.677335856184676 1.456616617634296 -5.649537254926189
-0.001665114717244194 2.427635577847654 -4.787572103987284
-0.5321997173264046 -2.123991257694903 -5.76519043398435
-0.7585116783833937 -2.05050126101248 -5.777131238962687
-0.8782718173453056 -1.932481324408295 -5.995680727995382
-1.92214921491374 1.984548163651584 -2.566667990816442
-2.023825955830749 1.853446660369515 -2.746812570125413
-2.116010971434898 1.716010919677676 -2.927075878400515
1.622847909711603 2.152839889391746 -3.164193870335166
1.757608402147646 2.018237390397821 -3.317565060767494
-2.546962337677659 1.170517779637765 -2.11763197525982
-1.529823939121513 1.544947150231053 -5.819773611959822
0.7214365039314201 -1.99155942385227 -6.010589750838427
1.230982012220332 2.081576923074055 -4.831628029664564
1.143524823982864 -2.604900366480328 -1.50612580879922
1.710022428009238 0.2120914390961233 -7.097569975805125
0.2659428872472906 2.282938260742481 -5.353147698489123
-0.867097600506039 2.277349479392714 -4.74347953942112
2.434303135773424 0.6066858285834524 -4.377314733908122
-1.873317639787743 -1.137327665906386 -5.758462614259032
0.0585152423975759 2.112168615098734 -6.027824662174984
-0.5759399312265714 2.053497083118576 -5.962146053700375
1.8720645113525 -1.713942992797634 -4.215246879825669
-1.728600001215139 -1.145075437166774 -6.155304491012015
0.1160581217955397 2.62163274550391 -3.687530343154996
-1.176595433906528 -2.21765673343675 -4.368212537856096
-1.296620391016194 2.04795227774908 -4.805271346282406
-1.347896274111972 1.954156126546181 -5.034069063593178
1.037922929514147 1.998086263841846 -5.536697637465498
2.012006345038659 -0.9959616279240567 -5.561672943209804
-1.449349617346799 -1.621156872278871 -5.818530542960283
-1.766443961460489 1.074588827634557 -6.173725470220301
-0.01044048308962064 -2.067927925175648 -6.172684068061761
-2.021774598347313 0.008953252127054737 -6.314620113406374
-0.7085968000325593 1.8654838966873 -6.39257742912495
1.790152954087913 1.055160962539791 -6.140983308081115
1.614801286472572 -0.2103446615591107 -7.304436568725637
1.835469689828284 1.299245602920226 -5.547408019441993
-1.518197950319156 2.035599881508786 -4.20815168452933
1.562867639067844 1.828193349735657 -4.892869907787815
-1.823373852169319 -2.216092363673746 -0.9641460350413754
-1.877541341234472 1.696656113369619 -4.257821135285077
-1.979935668233039 1.645686404387789 -4.002514721815375
-2.134734786020972 1.421550167937134 -4.061347511078164
-2.097894890404133 1.535276926297528 -3.847258602858373
-2.165932795841542 1.302688906305622 -4.274920033251406
1.674796284697286 2.332057471731464 -0.9260133124836774
1.821786635147348 2.211609376840775 -1.081782761076637
-2.412060678402464 1.478306443228523 -1.763756474563996
0.999720766989194 -2.569749107553387 -2.621028224610786
-2.021132080687298 -0.5846664201188035 -6.057245369389175
-2.055823505486158 -0.6899082040466745 -5.839774951079728
0.9815641936319592 -2.070289958510316 -5.381976883778173
-2.821478696382456 0.3811027591117828 -1.465603328336112
-0.7696602061203904 1.759659013427905 -6.604491644813914
0.7312700085381137 2.212653292001623 -5.221698719967277
-1.270527763841117 1.609373287099245 -6.227283193637058
-2.21551663745304 0.9307561995447705 -4.902478714130782
2.090817412495398 0.7246236413966929 -5.681512397623857
-0.7939100427570881 2.69846848699727 -1.992226474795561
0.3633917559407767 2.813608213408119 -1.639567192060544
-2.251489608921047 1.789920710040179 -0.7613940228757701
-0.2168112048596924 -1.91400995224351 -6.589075096670351
0.02784115586576616 -1.933100819615512 -6.569659174360273
1.613741012631579 1.430780425522419 -5.88070091320397
1.172209011931216 1.656042083091247 -6.293101645078068
0.4716824197935385 2.408197305231603 -4.659891484957278
-2.27547283549082 1.674825354240973 -1.817783351120635
2.153671875612082 0.9688358070317331 -5.088425208460986
-2.070841364480563 1.632907756515829 -3.599475897242682
2.007191348467462 -0.6213172313600002 -6.066505213259926
-0.4208238218400973 -2.406381745212803 -4.714108503459698
2.210754797842435 1.787468418151566 -1.539037506488056
2.090987943058335 1.938412768166454 -1.387640645437659
0.8102198085452509 2.727047392745086 -1.505849391509573
0.6458842561973454 -1.785492767130755 -6.663665503524312
0.7387266863863842 -1.599435363721365 -7.007879620796241
0.4936503400566162 -1.638197261434917 -7.125148506621115
0.3573108433662522 -1.580424538844648 -7.321393040802882
2.732947797148151 0.8260505811276317 -1.312220006737284
-0.1457624345919268 1.878951160358167 -6.701210892224782
-0.07849687229880857 1.961153013217558 -6.48723494576782
0.1865642764247995 2.840571122373827 -1.473049963249912
2.66261234048478 0.895935110188916 -2.038396133262736
-1.991562898809797 -2.061816842233658 -1.049676875669453
0.9798321402629365 2.709523518420483 -0.5581361787480088
-0.782474168850707 -1.678234418921491 -6.786804788818515
2.752291823436513 -0.8464348001264393 -0.636907616687669
0.1596374710960278 -2.730509812138388 -2.830920151224051
-0.7232852993094046 -1.930268142280236 -6.193454877269792
-1.803271294536295 -0.8353938969703348 -6.416376453389261
1.931086194951107 1.869288827077772 -3.230294114854395
-2.358995824853404 0.4626036814069022 -4.898606451815122
2.284066930088959 -1.510322111351487 -2.802811932362938
1.585400548213993 -0.9571611279719648 -6.786171365169267
1.665298131514694 -0.7364065304279558 -6.86467290851779
-0.9827648498434519 1.641909963445448 -6.623712544131749
1.718332997612384 -1.191922068887872 -6.098537977292581
-1.010375854628753 2.677244026200871 -1.171881785202302
1.667210255912533 2.260179682172028 -2.048050123684021
-0.8709005557909894 -1.547629904331854 -6.974497718121081
1.401356414150558 1.326301643313296 -6.580210239257203
1.224614741731668 1.454922293531998 -6.65567969919763
-1.592466735673424 -0.7397363948353802 -7.02176568870525
-1.462317038675583 -0.8584556229641915 -7.159367733202426
-1.651591641093551 2.294938392958483 -1.787364572273816
1.623279600616797 2.267585422002329 -2.288416149834508
-0.501168818221394 1.612877821143746 -7.174283551431526
-2.630615192641165 0.7295770268056044 -2.87819764461671
1.877473615220168 -1.768235770522542 -3.975287464914321
1.544006220131258 -1.884320037608773 -4.747002987696719
1.369200433044189 -1.978520165929734 -4.888641192547762
2.455916705474801 -0.9335293364828378 -3.666367877785387
-1.279069798439757 -1.520561196759878 -6.417506270984171
1.71155300003986 0.7800960148507656 -6.7108295365156
1.740092655267822 0.5857389519373536 -6.826614557667773
-2.120737278798624 -1.654983910742046 -3.211107463046127
-2.247113792064378 -1.460790820995591 -3.287772194496155
-0.2725247634493583 -1.664222739206659 -7.179933348994598
-0.03483311533006171 -1.693736844489329 -7.162880909211903
1.071803088455783 -1.291499462527805 -7.197678215024033
0.9250527107515105 -1.456243613239118 -7.092800713380814
-2.624305939461521 -1.105795353773759 -1.453433758589868
1.370875731851519 0.2057647014318412 -7.75952541471715
1.276278516999301 0.4160309907721428 -7.831588220062002
2.438447696836423 -0.8745212578676681 -3.904694549301905
-0.9319083478410978 1.388746411555569 -7.210490905973108
0.5936711727692774 -2.693915802908033 -2.609224436755863
-0.2592494380274671 -2.287591491715703 -5.337557537765247
1.008645018095693 -2.330282928472113 -4.209276645755922
1.007044565542264 -2.282944494918659 -4.449562377150516
-1.211112263175435 -1.099317244785717 -7.289342001459639
2.837267868428003 -0.4313245657574417 -0.9623318009979182
-2.255464257092227 -1.787102506247281 -0.7114647932398963
-2.129827720747171 -1.927568411424508 -0.8831937207069304
-2.332648471129755 -1.579431343102156 -1.935268747053597
-2.440451820449044 -1.42960518069405 -1.773975355156838
2.291006358365074 0.568256322210179 -5.093330763902389
2.575159097735227 1.10371210140555 -2.134202288657527
-2.809120953704709 0.264656315714065 -1.872766071610357
-1.010065134651158 -2.626618293563838 -1.974879455888753
2.205863940541644 -1.057246310087402 -4.698308912387028
-2.275195694020155 1.306252513131008 -3.692131554849004
-1.86735647760469 -0.2619422203563576 -6.69845745172179
-0.6068898661215919 -2.743318367146137 -2.034000212216526
0.9678009542886276 1.963741063478675 -5.76654009576887
2.378040844448224 -1.622014724198573 -0.6765929092985439
-1.31239060557105 -2.34058857008073 -3.262986700332375
-1.131453645483792 -2.411190616770942 -3.413035441406878
0.2006056210266572 1.743494324578964 -7.023868024708168
1.565115422968457 -1.315059621581567 -6.246367295378196
1.022261176651039 1.49447308592891 -6.889958768919264
-0.6364367638163665 -2.338774958414624 -4.805674703145197
1.881210591079535 1.874518321440662 -3.469314069955237
1.957742680876159 -2.061504531004911 -1.538801974828333
-0.9957045172128544 -1.566470402830723 -6.7753683168222
-1.77328971617418 0.8220958476087601 -6.51026661867462
-2.549169191088325 0.3128917990535457 -4.040178079885476
0.4799571666170653 1.440342420286625 -7.52406368891895
0.8078881918612749 -2.649365235561622 -2.494826685508184
-0.1599622218338473 1.517344142041154 -7.509715194073249
0.984379609318218 1.068834723911087 -7.643856890930115
0.04260215097056048 2.587959072807342 -3.918456725974952
-1.001758555702593 1.092095847119028 -7.591611071270433
0.1597764443824943 -2.862803858537263 -1.032711252447469
-1.848872979830893 -1.66804489626948 -4.476142084316622
-1.454902082092637 0.6997136331682371 -7.333612311344554
-0.2236459082142176 1.399688145628312 -7.706405524586557
1.098497103901581 0.2114662002706312 -8.154919157168168
2.717494495326181 -0.8171881462396678 -1.62770513279354
-1.467137541290486 0.09554277260685193 -7.612959093849522
-1.279772873596302 -1.783028974750071 -5.746893314974216
0.7033918181859453 1.39885351073208 -7.432032747648202
-1.857019100989299 -1.037192590287934 -5.981223458791829
-1.951133700293381 -0.8147873699084813 -6.023056011051652
2.471141066441336 1.303449431835593 -2.229106160217318
-1.345590901427555 1.705538000432104 -5.826020073855257
-2.714348117892631 -0.3782808843114442 -2.781379799675248
2.123127126186869 1.920247336629807 -1.145451321978852
-0.8616948356457421 -2.743916820084601 -0.7701241234743569
1.106560087476105 -0.233737541219282 -8.138961422112423
-0.6437748952835388 -2.805559366761373 -0.6793662762943147
-2.65188995086372 0.5569826516878144 -3.05182867525354
-1.58253799147379 -2.324937023916068 -1.997560305569427
-2.829752823168189 0.2053103471965537 -1.636103061656746
-0.8409508089169764 1.093547088866236 -7.770767258241118
-0.6828648808821107 -1.336354570096725 -7.556932277999794
2.46336830716077 0.9864505306608763 -3.484845467537247
0.4180022999965477 1.340821653254249 -7.728677538364719
-2.702231779174661 -0.8375042317664636 -1.763641305725461
0.3857546100749432 -2.844682654362079 -0.9381440344715396
1.067733646792493 -0.9152883554091364 -7.725470306333985
1.48232162778348 -1.639578644570047 -5.690677374608878
1.467503477994532 -0.7829834367904147 -7.230281462714557
-2.483793736643683 1.328092180955164 -1.94202958486887
-2.590564196821887 1.115977290692581 -1.884697943164804
-1.449282353787023 2.424014367255765 -1.834624368807417
-0.7582631942587487 -1.180894722620175 -7.730531794978472
1.326930474813771 -1.800315464308129 -5.59384668901171
-0.06891202284112172 -1.402752617889804 -7.72871693016195
-0.03136147541611631 2.549346679478433 -4.150236578988471
1.773679798882576 1.275124318098931 -5.783638926255904
0.578034977822507 -2.671156868349077 -2.850690919813291
-2.313521796263921 -0.05127557949483724 -5.289206885048036
2.18257719818163 -0.9898795794841097 -4.93237397965178
2.153614845856171 -0.9225771804139212 -5.168735249127669
2.763467989573558 -0.6094303459401789 -1.751111401409217
0.4323278726961196 2.214360165944238 -5.519148469990757
0.6637873272017323 2.17397797128048 -5.4536973745504
1.724625251999537 -0.8232802227775728 -6.630493199262396
1.104385198633587 1.615460484464424 -6.503787377020483
1.474601604100778 2.382339506324093 -2.133395707482598
-1.264786125523152 -0.9187450964554371 -7.436941858688784
0.864904436879676 -1.375471656406282 -7.312045666436235
-1.947427051275028 0.1173726422546633 -6.520461308976921
-1.391537192887969 -2.451399619598745 -1.911144186411652
-1.217164812059794 -2.529660033520688 -2.064787645005111
-0.924872749677576 1.758018987736276 -6.419046250667385
0.6079240504897544 -2.808809844258194 -0.8435108133424731
1.346599850104621 0.5369364773394342 -7.649860041972581
2.256962819555542 0.778027666413618 -4.974353779375019
-1.163276542334418 0.5538789949693705 -7.916230991052647
0.6641246998733944 -1.078239966109612 -7.949564999703803
-1.774005517563065 2.05251704347232 -3.025299862719456
-1.505341430027602 -0.9630816586440492 -6.947554685963443
-1.813164541096948 2.245561841262836 -0.209062900691412
-1.143293476101658 -0.0540617768714324 -8.121099969754388
1.325089216635098 1.289888796804075 -6.793069931617789
-1.04037997627595 -0.6731554749529527 -7.989697625416082
-1.006495342631631 0.5735861189956343 -8.102586742619911
-2.66571775204602 -0.5509161485652244 -2.947271451779109
0.7561097921486493 -0.1993699421874379 -8.515342618647349
-0.826691829967944 -2.309845551664603 -4.663005988603053
1.879602363622208 -1.820783029414884 -3.735933447207189
1.164202825882226 -0.7068993324262032 -7.79969110569438
1.19647711592576 -2.167377780423767 -4.550633951710675
1.993376291701865 2.063020770698842 -0.9936565501502587
2.423795059326 0.9961978087323454 -3.711936312066872
2.379219323999517 -1.629789236791297 -0.4096189783213148
0.7590393910381673 0.2167840211867399 -8.508898137942575
-2.148883680350041 1.91824357586619 -0.5926402890304223
-0.5489531864001264 -1.299250232266748 -7.718422826556175
1.43044945689519 1.972030059373877 -4.746537202676112
0.8184441176980967 2.07570236231838 -5.613523944364496
-1.211461586576271 1.731108115940659 -6.028062811344878
-1.850932775388699 2.018891173846094 -2.796374634265982
-1.104940246098164 -1.848977506671477 -5.890018668570891
-1.210951021432072 2.545908724532541 -1.905442637793755
0.3607181786259334 -2.696629515910155 -2.95940145157606
-1.18127503073442 -0.2735098163875712 -8.027978654416124
-0.9905181476820204 -0.03501292325986739 -8.308358223069348
-1.898138728702501 1.825729481003386 -3.623591109710802
-1.801672941861806 1.955748825286684 -3.444590765879402
-1.696706563682764 2.079234013174195 -3.261111185525154
-2.538128315542547 -1.270788012417197 -1.614893842496873
1.705252166136387 2.019910148998956 -3.555979832295331
0.05218822360966589 1.080125926476379 -8.201996202837343
-1.070800618370938 1.749217123140859 -6.225736651936121
-1.879647737350344 -0.01539646976137425 -6.714082028298306
-0.1038012730855454 2.506263252459949 -4.379211698579799
-2.777024526480962 0.6117756675107436 -1.527849871740629
0.1289540111793917 -0.9947581398255789 -8.294888352898067
1.407588462660666 -2.519699283262007 -0.2073466080730388
-2.35755692304801 -1.317325778593299 -3.126784259736745
-2.303274984465044 0.1908426964499019 -5.301188809968615
-2.63099973564888 1.059219443310712 -1.651944478943201
-2.713482771701578 0.8380631565383228 -1.590462536492443
1.344254335452578 -1.863042425903265 -5.35716768649781
1.272113302193296 2.488597362258628 -2.216708962961218
2.499032482792655 -0.6272202558574327 -3.990604903596822
-0.2629128036674288 -2.726533914269844 -2.794297945035737
1.625587690173452 -0.6305606989433543 -7.05046613118619
1.488458300498854 1.988059325966331 -4.510427249871034
-1.615495692750794 -0.1446133763631028 -7.31797696096734
1.651176681415137 2.019019479865664 -3.792466250730997
1.853296558944566 1.085198312463901 -5.911694611398758
1.67114464007679 1.86030774103756 -4.42045996906705
1.194374832683376 -2.113684829989046 -4.786809662120728
1.725687379190703 -1.985362683926634 -3.644977094111423
-1.84390961520377 -1.606034204662866 -4.702560300139636
0.8049011252623602 -0.8862398345388626 -8.049545048061372
0.8953327206089027 2.432951032878767 -3.892585296299825
1.855322635833619 2.194812781785853 -0.8410538912028924
-0.06008257942616334 -2.723089000582893 -2.932479190986538
-2.490368488793403 -0.6827217556901742 -3.955779715812205
0.1278698233738295 -2.004262676197848 -6.354809172891414
0.3497481720457708 0.2403332602927114 -8.749913299721459
-0.9453434073228782 -2.468128917936363 -3.559393914843349
2.105982737683936 -1.969593342000049 -0.4366478543522169
0.8238428146323323 -2.75655845375581 -0.7343412848351533
-2.480980697313194 0.5893444813569793 -4.147475681766961
2.634522515228726 0.917281486943428 -2.277860484047569
-1.834352937477804 -0.9341272288924801 -6.202265282057065
-0.5821338995675028 0.4115185848809282 -8.572057972679527
0.5708962112681203 -0.1757433170365852 -8.654582062494224
0.5947956992569812 2.131063577119301 -5.682654956881956
0.5407966157177007 2.439814352003743 -4.42928045930782
0.06516915754918667 2.472953104313576 -4.560258483241684
-0.3899414713846987 1.454834529921957 -7.546706852636472
-0.9318466491241386 2.200265015943678 -4.964627849425849
0.7139211409748883 2.722374524475788 -1.970950615149172
-0.7412747887066188 -0.415339378629218 -8.454182457778494
1.17458775187768 -2.003371260758512 -5.255247276346242
1.108185335646645 2.57983862343404 -2.058019720458465
-2.082003088607147 -1.995372781263636 -0.4169807300486622
0.6397375406241361 1.302320491297856 -7.647607115952866
-0.5190590226945033 0.1967407169005845 -8.680945682946517
-2.335985979475133 0.324465961175768 -5.102094363101429
2.120515895112373 -0.8559421251145719 -5.399692440968708
0.116036800818941 -1.59744805093247 -7.359831848416428
1.88499696845176 2.177658191527039 -0.6078955494763492
0.3014827252138446 2.467906428864985 -4.496286087349002
1.717713391391843 -2.038238183594226 -3.397973682095242
2.522170420315202 0.4211660118669072 -4.106375924265455
-2.700923790865315 -0.8898086261424565 -1.525962116843202
-2.457665882704894 -1.165759946779774 -2.963856210281158
-2.650132857754525 1.096423606339521 -1.013558285174448
0.5214679444149765 2.085390631387562 -5.905005249188201
-0.462906013180278 -2.714414564128267 -2.657885456785848
-0.7502613176911854 -2.512038090779035 -3.70429648598233
0.1357686225443517 -0.2522827009336511 -8.802335125607366
0.222191273451679 -0.4191789000471517 -8.725739701291459
-1.864714458096788 0.2265868306586309 -6.717444945737643
1.40380269416609 2.132980067356147 -4.127423188801854
2.70689398982913 0.7104026038558156 -2.172737780886075
1.187932905206393 -2.058168203762739 -5.023155869841474
-0.9008794456024234 -2.048709876802671 -5.588040114210207
-2.605362116365384 -0.7174994279889473 -3.112797735094124
-1.054849229152187 -0.4623480323639469 -8.111597294610714
1.919153725826936 0.8839270712014348 -6.027982128866498
-0.924075119096826 2.686267562229874 -1.576798374707422
1.727956290001029 -2.145656953341446 -2.644875223924184
2.023407748830139 -1.83522813732977 -2.862132790239219
1.808684088140393 -2.24877162690234 -0.2462163379181997
-0.8300457185545973 -2.677094949048841 -2.120546703111383
-1.707754901220081 -1.045535019665824 -6.372402275741148
-2.667452209703125 1.002523571482201 -1.418818755056016
1.461874538074199 2.143025403551469 -3.882002333055197
2.126501244189116 -0.2125870379910521 -5.947448813865868
0.993707156506081 -0.8099834840463824 -7.92598990076239
-0.6655656715636414 -2.687596512123608 -2.505466724523846
0.8924525445354591 2.65535597884675 -2.139118926494471
2.803854992581186 0.4352740281652646 -1.632044087274011
2.371467185915109 -0.3809328991010438 -4.908081483039013
-0.2811810877873337 -0.1975735750285408 -8.783105449575867
-0.2295912206980592 0.03942926134570127 -8.817155289121073
-0.5538686392470441 -2.539464900879221 -3.850412365820279
-2.289022883429454 0.5601196684365156 -5.110137597455602
2.182471012461948 -0.6281754619782928 -5.461447011282544
1.839833103357444 1.718774225441751 -4.32849295797411
-2.54041053348555 -0.9480444731407732 -3.036834450454949
-0.8650080116125091 1.865586871053071 -6.208915450796416
0.6077753105190112 2.467437105590977 -4.198049863447462
-0.6306145871716208 -2.717983711127151 -2.271677828232381
-2.760625438419644 -0.7187629792460081 -1.360313542310874
-2.620262964689148 0.4427418603421566 -3.457079325406679
1.541735713425136 2.003919287660692 -4.270109556055865
2.559788680337069 0.2042330761196517 -4.042426439551872
0.4293249691850167 1.737692756346743 -6.940580277445949
-0.4200461776071533 -2.766298074164809 -2.179431862428137
-0.8059002652784277 -2.367016938124337 -4.421760531653202
-0.190693679557374 -2.799406095964371 -2.082065558097493
2.032099895120893 0.7012050748240986 -5.904738421320409
-0.7839721338799995 -2.420439518880729 -4.180678256281243
-1.771224870576636 0.3356581687001565 -6.909392543041579
0.7678507228942825 2.724505004975835 -1.739379795051596
-1.482146277542025 2.471070455838039 -0.5465946151519238
0.1437500605051779 2.757488829478093 -2.582494971895431
2.602175416604724 0.2059135462348722 -3.778958659170087
-2.612588009447445 1.159397466988064 -1.244448263817064
0.7822198253669622 1.148038372041394 -7.754550604147919
2.861681737873633 -0.3752676557746074 -0.2105274663361924
2.653313063025457 -0.7603106617306713 -2.593860282261103
-0.184696046560467 1.040925805382977 -8.231564970806735
2.860149684141462 0.385078897004866 -0.2378766061164531
-0.7794849513490982 1.379899343327942 -7.393931303312179
-2.808138306797758 -0.5906915942261406 -0.9699723292424279
1.086421202079181 -2.671372147333785 -0.4136942215033689
-2.22027123248052 0.7969003237846279 -5.099751491533223
0.441442983686664 -1.466828962909176 -7.498118234062145
-0.5538995361721825 1.497263468731192 -7.370477266815539
0.9974767155193435 -2.124979457683553 -5.149361402744956
-1.563480158980766 -1.15898710775644 -6.533785986359752
-2.758557411130575 -0.7684778585259586 -1.12402809487513
-2.590255354310227 -0.6614941135046168 -3.339386173903846
2.230074604544397 1.198524907554046 -4.25132101644801
-0.8619759999928511 0.7567924897706518 -8.117807470364772
0.2923422688357841 2.11171123601893 -5.965112622950317
-2.468072715452721 1.496031398061135 -0.2225654676943555
-2.066485889594681 0.763766428102984 -5.716843116913464
0.8378516625409316 2.413365119153656 -4.120524405068837
-1.039363733342162 -0.2460766517028152 -8.21832867243223
2.166661471279878 1.906901938354771 -0.1955273773834194
-2.260013908189531 1.209000231731237 -4.071221533665841
-1.077183672850083 2.675228526591244 -0.4064576855519019
1.536124049960079 -2.237194423439353 -3.017851642331256
-1.225172386452202e-08 2.886297814710893 -0.1950913414910742
1.919380776017835 0.4220477838183828 -6.480093228681299
-1.116547902438183 -1.57643893206335 -6.573812908576284
0.4049985140509946 2.82158925631983 -1.402061274633617
0.5922710897317915 2.778231352435461 -1.578565041763822
-0.8002445275287967 1.963930707477463 -6.002277589393474
-2.75979142271274 -0.8451766176372228 -0.1937116382695927
-2.730863212953742 0.8836997549749674 -0.9505064478448468
2.120720636497282 0.5161082214831312 -5.790175789962818
-1.399701438518496 -0.7732862622300866 -7.365040442873825
1.993794727457937 1.564545576758689 -4.236581403410656
-2.843592677504605 -0.3671519064253327 -1.034321897267734
-1.002421873480844 -2.270507096676188 -4.518575227445305
-1.149118767910727 2.089471020546158 -4.986460985756866
-2.820408251831235 0.6127580338855263 -0.2076778631307021
0.8109942666563547 -2.229025519755438 -5.042719067821889
-2.572611089144742 -0.6033361878542551 -3.563337905473106
0.002112324969185869 -2.794682275344738 -2.219112510853561
-2.557966727056875 1.330913180215557 -0.4359759987321744
2.597904618676958 0.4014588207941199 -3.657043010535616
0.7361000884835981 2.511614305374183 -3.733552988955197
-1.384540456773612 1.203544930526553 -6.830422980289948
0.2178452457880666 2.051203826438361 -6.189044372217759
2.846775419048114 -0.1958808743629065 -1.3435543296117
1.621458424569596 0.7526196051636114 -6.946213616849282
0.7534573309607824 -0.4120570800406848 -8.445574901312714
-2.867496157004845 -0.1846593355126226 -0.8564952496804827
-0.7293713628453568 2.792558227580348 -0.2033626380445636
-2.553869609867155 -0.5349895229087476 -3.785479048114827
-0.4073501762830087 -1.149145126553651 -8.018470754367106
-2.469632514596994 -1.488569771273203 -0.4316361520188998
-0.08751239667680562 2.730066358226861 -2.864297764786498
-2.757579099671964 0.8218221814820692 -0.7194706739572382
0.456322512399182 2.825029927010248 -1.169759284621427
-0.2430058704433233 -0.9172229369354745 -8.354561781038248
0.177745044255012 -2.399782072699468 -4.887397109219886
-1.658973634196454 0.4538706143794971 -7.104820071002738
0.7068674788160544 1.045145489124697 -7.956454628199954
-1.888354753193822 0.7129408044835922 -6.324636501122452
-0.7252357460335449 2.06162929048241 -5.780066427694342
-1.024104469034775 -2.206021957790998 -4.7660449291154
1.724982427476974 0.4061249827344858 -6.983325593201076
0.5134203526827671 -2.596933272918846 -3.529823390989272
0.2211650928069264 -2.794702264351728 -2.11287005651626
-0.4199274688624503 -0.7701195973174112 -8.427806211599904
-2.123653010625495 1.019741237499599 -5.113430265044027
2.217532234715936 -0.4135339335093088 -5.520712240650597
2.585623516807499 -1.282667636966263 -0.1958079789603519
2.09055637180713 1.388821970114331 -4.371570378023386
1.283747563465662 1.133141423659992 -7.122093252598753
0.1476454302273187 -1.389271203160557 -7.74121292791934
-0.8177862713220894 1.245161945345891 -7.577369963888953
0.7980971600968652 2.528783095613527 -3.497706419846751
-1.743730492801216 -1.603441687750255 -5.056333974884519
-1.385993698016758 -1.2861702464894 -6.684722718451897
0.912585801274152 2.555900783976961 -3.016722634183996
2.633362481278982 0.3954883207116066 -3.417184668800093
0.2731234283457342 2.855677898186026 -0.9941811607783982
0.06974065607388633 1.89561844541398 -6.668537076062631
0.8289477385814049 2.762130467298641 -0.4139336496636984
2.165478147576754 -1.689516687590619 -2.72514896554092
2.833855610976275 -0.2001466846492284 -1.574271534002463
-2.779661467072989 0.7664630486131305 -0.4417541473443781
-0.909542753586846 -0.4225815378787315 -8.295074946266087
0.141656283595379 1.978489564051163 -6.427474813790815
1.183558516755197 -1.442476309166308 -6.750176916271471
-1.99720531834804 2.083846749385833 -0.1818588208399211
2.135774862469771 0.3154278613852241 -5.872923714581636
2.633322769780759 -0.3938068149541875 -3.419294552964203
1.077759529692986 -0.6088978179845419 -7.991581438792704
0.6197493060711097 -2.315315245301946 -4.931166009074802
2.786621179155337 0.6418396515914708 -1.216224802255684
-0.3586934107226921 2.288581156915523 -5.279210682881353
1.638508070385278 -0.4081620242072213 -7.175094940910797
0.05388777701019888 -0.5113871225969785 -8.704549330154173
0.7367813919816392 1.841173649991743 -6.428731056878062
-1.81412105166523 1.816010469755026 -4.048576445521555
-1.21252496241266 -2.092003725891295 -4.833165622314954
-1.616315216334669 -2.391416188056547 -0.1792614531159661
-2.869263725288479 -0.2412933539911112 -0.6417927670652784
-1.980820252789891 1.698059350243408 -3.787226341963246
-0.8852266066082997 2.395515456732201 -4.125313474371517
1.491888028356917 0.2069812923037638 -7.546723470854061
0.4798824478557976 -2.787218982241618 -1.775824725267721
-2.617407009870524 0.2856493968219215 -3.628515434839291
0.7163987751206714 -1.848654427871312 -6.430203588646841
0.8592790116224397 2.544340651731101 -3.246680851899053
2.466820519338458 0.1935443159734734 -4.557252901316023
0.3617577954045473 -2.176195509542835 -5.706164552205821
-0.9339991684153219 2.665726324475977 -1.829021705201368
-1.336096945091318 1.90229983054101 -5.245638735712188
0.3255497621536662 2.85776426334588 -0.7627638190764631
0.1953535245999155 -2.447007025813262 -4.655751501100704
-0.6351195399974255 2.151223468226645 -5.569238746706188
1.824122387660952 -0.39818703118113 -6.747097719551406
2.268607780310196 1.204195553657232 -4.039593194212625
-1.354390452244241 2.235034320407504 -3.758987372849806
0.2418062541700702 -2.81015461773 -1.88715950677244
2.66650268851775 0.3885253748265332 -3.174807863892424
1.926596488005805 2.146042726528236 -0.4052886360199751
0.4561586320849522 -0.3306551205999246 -8.675923652190146
0.5404288187708426 2.669420809925549 -2.934004115299551
1.839144740335601 0.4066973511504008 -6.703905956732712
0.6777207076495732 -1.520885585398698 -7.22653507079239
2.790943254900792 -0.4267617254864355 -1.84680228834419
0.4122978286503721 -2.335534525271075 -5.04416683676732
-2.883277453177589 -0.04225961183665967 -0.4300014398252599
0.239085634395712 -1.494103184853087 -7.533689925331736
0.8237622904829126 -2.495571146634057 -3.661940549267182
-0.8304937329732668 2.607224512057585 -2.820667802042189
-0.9193802127619258 -1.841670931466868 -6.202592681940419
2.579500875149447 1.295050941756515 -0.1885665365335387
0.8455269654698733 0.8672356749887015 -8.029852388362983
2.466421002924599 -0.5992416320826478 -4.215138876950506
0.2408331028374623 1.827057082365352 -6.809315121942347
-0.3394285464335915 0.2256055806851337 -8.757407217637441
-0.4834130304696575 0.9337891609802933 -8.238399106689533
-1.385881145814407 -1.962480815119195 -4.905181639324446
-0.5007396095036711 2.719958930928233 -2.537554843989942
0.3848528888874324 2.855526977353575 -0.5534286907696365
2.428336668194811 0.1685936220420539 -4.756264292053688
2.588555843699879 -0.216552896835945 -3.860318687911936
-0.364427027321164 -2.861078368162729 -0.3899036297483723
-0.8000812825163098 2.471504521638379 -3.859165534071095
2.045924953785864 -0.4077756414433115 -6.114878175846679
0.9889769204568563 -1.527458481638649 -6.867618014978489
2.819176173077066 0.606140058300692 -0.4290690149479953
-0.6955968830224123 1.07288343538936 -7.931077767935912
-0.9589982269784433 -2.722390304973217 -0.1859376276585646
-0.5137053161534467 2.301597709184473 -5.102888773775884
-0.4856175862623654 -2.242234246022384 -5.369865430897354
2.387838861713658 -0.183907998981274 -4.939894751642314
2.697016727044352 0.3918180998791438 -2.918684677838993
-2.22301647496814 1.341904231522638 -3.86640295847936
0.3681704592554187 2.716401905055163 -2.775285949792491
-0.03307436651108155 -2.283529851936549 -5.411522022769119
2.381627783093498 1.007566841127358 -3.932812688854461
-0.4273998833630586 2.212219665868793 -5.530798721996754
0.4351676929404186 -2.477035888795905 -4.343750037815115
2.843931344198884 0.3897959562642999 -0.9438293749648218
-1.282603044307905 2.23652859633068 -3.98052021253395
-1.911795637815631 1.155437660450573 -5.603808648547671
0.6611429861507105 -2.739810058847493 -1.916213715572427
-0.01122385668974625 0.4715188563080107 -8.727151202019856
2.721638104303705 0.3961984572842543 -2.689560678036136
-2.6036543665257 -0.4026384387308553 -3.61721821353833
0.05590543072089716 -2.124376033815844 -5.98764741269768
-1.194251994013184 2.535486459169273 -2.122502399523785
2.820402454698689 0.188754774189614 -1.798358409166576
-0.04158920481421909 -0.1755661973557369 -8.82870816465489
0.6419834955613698 -2.811684841067926 -0.4001476140866878
-0.7136407962969716 0.9121713859886597 -8.102988857187109
2.762173582545749 -0.8372643427571979 -0.1974970397202267
2.800739202224386 -0.6868731347152205 -0.420507694337889
-1.786994213785198 0.9249166612044069 -6.343423308708611
-0.05396448803698289 0.7663349276534777 -8.527059624591569
-1.552803814893182 -1.81168797243177 -4.979819722902881
2.296765179090833 -1.532346060632479 -2.584664414201462
-2.681233246180579 1.068483534554507 -0.1962020393327867
0.0746122180722885 -2.882942802383882 -0.4092906642095156
0.9081043725548482 1.706872738427988 -6.569363213255351
1.152508107933087 -0.3935579516442595 -8.020405903637327
2.351607659069023 0.4117357450513871 -4.973998287048204
2.724464024205541 -0.6110634390344302 -2.248847655029337
0.3470731502498128 -2.113819075584329 -5.930462546137584
-2.839036672291386 -0.5083169021315916 -0.3906396086353193
1.820783710213379 -2.174399630307298 -1.654325130902726
-1.618056886371459 0.2981213534432731 -7.268903166613319
2.798751485061681 -0.655716204206277 -0.8210099372642014
-1.912811081395258 -2.158742289534165 -0.3845938935885939
-0.7892693714453187 -0.6038704455461645 -8.305389391458652
-1.146914093967797 2.62886078403311 -1.009046088630071
0.2124811648221976 -0.6481400670749359 -8.595570219158043
0.9374663656562711 -2.508480093334001 -3.305024278719688
-1.391059231200851 1.063481611543254 -7.033202568527765
2.73744211547881 0.53528547553635 -2.281966775037223
1.372449706449643 0.9443834455394912 -7.224534073707225
-0.9409520542595746 -1.965464107727393 -5.802634550379271
-1.530638656897187 -0.3099284092277981 -7.44001281981907
0.8833246015494401 -2.683856832509131 -1.816405731814473
0.2546805054755296 2.87510363606473 -0.1860258178354416
2.425686819906186 0.8327356749984687 -4.061916418086081
0.4472799864980953 -2.518096518974426 -4.103923057282198
-1.523521871539358 1.821640686116188 -5.030390713192819
1.123248301919467 -2.600039250536304 -1.713909031112775
-2.042295541794774 1.076789715532389 -5.310964246819412
-2.232293171316205 -0.8262449435377394 -5.005769141998723
-0.2809931906879192 2.733697177551969 -2.710822161687286
-2.866662979692452 0.3158727509793162 -0.4022796324905935
-2.203034888262211 1.861317935820808 -0.3983519288872709
2.311067848156378 0.1735929081393852 -5.274847849545884
-1.406708860921304 -1.13962678597317 -6.890564226196577
2.648077182510038 -0.1879712822023862 -3.476243438271984
2.829221791328874 -0.4265352533646801 -1.180131388491618
-1.303566855062055 2.57307039781295 -0.3726504034568847
-0.399206798734069 2.856457521535563 -0.388224658823745
1.650318564029602 0.3845947332987306 -7.161893451828118
2.85427658242584 0.3623596821937772 -0.7287723781355477
2.705048965519808 -0.6157059643110655 -2.448170026358565
2.702920844532932 0.572314168954878 -2.566237088979583
-2.655244328456702 -1.12587527367934 -0.3977575741155175
-2.575361925801977 0.3642584189981847 -3.838787384813183
-2.436403253262952 0.6232072204837109 -4.344430462046998
1.149660765009408 0.3556756945860044 -8.040828737665134
2.244324381443663 -1.812136954638378 -0.3617267037435483
2.304641265904555 -0.1844283911409187 -5.297744262140622
2.821630931654296 0.3942268120538124 -1.429823170392123
-1.174241446852521 2.477151785841369 -2.774042193996111
-1.85604122023005 -1.526571111898664 -4.90201208801116
0.8486746053017946 0.3631523270920311 -8.381612913729567
1.83805300420323 -2.179204604282917 -1.395410072618541
1.657294374737772 -2.360378963411676 -0.396623923285824
-1.510873855894885 2.457319876421048 -0.3574380288846902
2.880568406756788 0.1830632599025133 -0.1833973520427975
2.880816016381975 -0.1795299183766146 -0.1796368733279791
2.726719185194623 -0.3565548913231228 -2.693325058532122
1.058534474236055 1.560667225458069 -6.698076568516286
2.39855090178617 -1.389112775635477 -2.474305636926531
-1.070224195240896 2.674233749614485 -0.5962217315624213
2.464556628197586 0.6287216243552973 -4.18495360396973
-2.366195411370501 -1.649216581704772 -0.387251052067939
1.287349795007626 -2.581315012743881 -0.366568398822514
0.7806319397689682 0.7571719858103896 -8.19438059622532
-0.6649879853465706 2.654164075673999 -2.821572235626932
1.125999204151483 -2.447633327103445 -3.178362579625843
2.350345612138983 1.67140656565253 -0.4000308678859548
0.7787996874747077 -1.898309628479167 -6.22292060829442
2.263479867942897 0.141857802098543 -5.473741156452702
2.774607875452453 0.3150151922329494 -2.245545667551376
0.4599521327167464 -2.551283980753279 -3.892905457904841
0.920135734712352 -0.3998097675358132 -8.294704579495557
1.406467637434699 2.520743045059693 -0.15235246089215
2.541745781569583 -1.143544087980159 -2.30642897044437
-1.032931919095918 2.659231955780597 -1.357584903263918
-1.640175792045632 1.966676685547137 -4.084288309351276
-2.131265756410148 0.5907746956462959 -5.685880214733563
1.997273978978041 -0.3573377903428178 -6.292919412412674
-2.653106757680593 -0.1893327458147619 -3.439348849969289
1.943119230301771 -2.131410555548145 -0.3893396172645018
-2.315044975041209 -0.6865760008187506 -4.848561452650407
1.552654206034141 -0.3793356111943406 -7.366637003669789
1.508841338497376 -2.394299365558731 -1.748130655050848
1.033137048743336 2.693053444123751 -0.3735161165160676
2.422998377312474 -1.568635234794311 -0.1741779089084723
-1.512785140870214 0.8946678704344069 -7.01789431164306
-0.5103504239218453 -1.03363542095657 -8.110215706176961
-1.684818774176957 0.9809553428111822 -6.524319562414291
-0.397165751103487 -1.249800160322403 -7.880721718424849
1.239991569561894 -2.535041592485002 -1.865705502510508
-2.72302965835512 0.9517711021024325 -0.3626795572654107
2.547512931794459 -0.405674250432413 -3.971945595066883
-0.1000377272601111 -1.006990504741808 -8.284772179676246
-2.178229241328562 1.463313714449921 -3.688113448044141
2.484158147662739 0.4396010744672504 -4.301163657554592
2.08484010465198 1.993863880350555 -0.3455430230898503
1.8577889599106 -2.176317240557979 -1.17491580632681
-1.332128559350584 -0.957289677787086 -7.279238001702828
1.730954230236548 -0.5645983286906381 -6.865041228493624
2.489133579340732 -0.3841602794925071 -4.323941685427794
-1.983782023061175 -1.336499584781542 -4.953156504425539
2.784655241225711 -0.3846072917194405 -2.015180728668682
-1.137174827116559 2.41858175393596 -3.345415518650101
0.3913436709284713 2.857811774269567 -0.3693582585441504
-0.2449845306524652 -2.87086199581243 -0.5557990150092322
-1.278481588327608 -1.443291761420057 -6.583968453794093
0.3460564992381363 -0.8692841845930067 -8.368563251636456
2.178559960754619 0.3873876652640107 -5.681846327897463
-0.8397161305179827 -2.7598495902562 -0.347689547982366
2.142786056712912 0.147691424376829 -5.910915317037709
0.6432859278095915 -0.3387233460192761 -8.560921378533306
-1.378068199916886 -2.533765451658863 -0.3842908017157501
2.201006636063707 -0.1276466903142564 -5.711075188844101
1.395122839506575 0.3653083820795832 -7.663234382149341
0.2457678860237713 -2.876149117629333 -0.141525999708583
-0.1723341187911754 -1.315917893533721 -7.855904114797346
-0.5892292718663511 -0.7643868425955849 -8.337052766823472
-2.046052936646365 0.8821697898791624 -5.625081455263679
-1.558207331534141 0.04604827589513608 -7.445550385824689
-2.791121447836349 -0.7296249818986047 -0.3364556857994456
1.174186153339244 1.414187940174027 -6.821367119332796
2.042338792043583 0.1887780663474395 -6.225427203105697
-1.698268126353034 1.573605403847107 -5.284468664137182
2.638669010945928 1.165601345821391 -0.3569141144116084
2.777985315914274 0.7759303154941285 -0.3814593007255452
0.5138103320867503 -1.543848217475077 -7.307237848406269
-1.046645462757013 2.56068879556711 -2.530743349616183
-0.6055950242773787 2.587744527381713 -3.455220278839636
2 6 0 65
4896
4897
4898
4899
4900
4901
4902
4903
4904
4905
4906
4907
4908
4909
4910
4911
4912
4913
4914
4915
4916
4917
4918
4919
4920
4921
4922
4923
4924
4925
4926
4927
4928
4929
4930
4931
4932
4933
4934
4935
4936
4937
4938
4939
4940
4941
4942
4943
4944
4945
4946
4947
4948
4949
4950
4951
4952
4953
4954
4955
4956
4957
4958
4959
4960
0.4538730325234579 -2.653604667598562 0
0.453873032027968 2.653604667216494 0
-1.310022240463824 2.351918263591549 0
-1.310022277063252 -2.351918243370052 0
2.017245818728107 -1.782839010518352 0
2.017245818416045 1.782839010496259 0
-2.495142659642681 1.011056885786107 0
-2.495142659349609 -1.011056886617526 0
2.68937864332585 0.1243050632711609 0
2.689023560679518 -0.1252855426724051 0
-2.57760932869069 -0.7757001892564035 0
-2.577609328395826 0.7757001892675155 0
2.173047123519444 1.588370226623092 0
2.173047122789195 -1.588370227655971 0
-1.521376809990902 -2.220310008577351 0
-1.521376762353426 2.220310028539879 0
0.6967355978326615 -2.599667331991193 0
0.6967355965245052 2.599667332207603 0
0.1948570344158314 -2.68303605084066 0
0.1948570319032785 2.683036050659344 0
-1.074011357352572 -2.465529839448688 0
-1.07401135338417 2.465529838021737 0
1.830934741872395 -1.968729728304026 0
1.830934740422034 1.968729728926645 0
-2.379932974274522 -1.249085182842953 0
-2.379932977294983 1.249085180324928 0
2.658913455467263 0.388258089750996 0
2.658913455941639 -0.3882580921918635 0
-2.636404652903044 -0.5161393998284187 0
-2.636404651933207 0.5161393971385126 0
2.315104662937877 1.361608376061937 0
2.315104661929649 -1.361608376679745 0
-1.731558979415757 -2.052374573156413 0
-1.731558974915903 2.052374568174299 0
0.9520055626173654 -2.510232403491878 0
0.9520055625382295 2.510232403024917 0
-0.06485982997862072 2.683395294148452 0
-0.06485982826379821 -2.68339529451835 0
-0.8293088578613004 2.552350255550592 0
-0.8293088650734517 -2.552350253957548 0
1.629172663184053 -2.132055611638652 0
1.629172662738468 2.132055611742353 0
-2.244122595670773 -1.470234500030234 0
-2.244122597410786 1.470234498737143 0
2.604528278067691 0.6419585171114357 0
2.604528278432986 -0.6419585157770933 0
-2.66961813091403 -0.2588638092963751 0
-2.669618130485361 0.2588638069424749 0
2.432090158793954 -1.130129521335998 0
2.43209015810736 1.130129521207391 0
-1.918930324123007 -1.873108715848042 0
-1.918930325045019 1.873108714793234 0
1.188348063278192 2.403627237249994 0
1.188348064083601 -2.403627236762254 0
-0.3231765888892419 2.661598551304551 0
-0.3231765913284144 -2.661598549408569 0
-0.5785148056091853 2.617826577341371 0
-0.5785148115272238 -2.617826576238425 0
1.414531694993496 2.277307868469127 0
1.41453169558627 -2.277307868277071 0
-2.090131722666914 -1.678661785311852 0
-2.090131722594725 1.678661785349457 0
2.528756881137053 -0.8897527786829422 0
2.528756881666848 0.8897527779900511 0
-2.680704558743754 -1.184944142806899e-09 0
3 1 0 91
4961
4962
4963
4964
4965
4966
4967
4968
4969
4970
4971
4972
4973
4974
4975
4976
4977
4978
4979
4980
4981
4982
4983
4984
4985
4986
4987
4988
4989
4990
4991
4992
4993
4994
4995
4996
4997
4998
4999
5000
5001
5002
5003
5004
5005
5006
5007
5008
5009
5010
5011
5012
5013
5014
5015
5016
5017
5018
5019
5020
5021
5022
5023
5024
5025
5026
5027
5028
5029
5030
5031
5032
5033
5034
5035
5036
5037
5038
5039
5040
5041
5042
5043
5044
5045
5046
5047
5048
5049
5050
5051
-2.467474222183228 -0.0406021848320961 -3.356400728225708
-2.467474222183228 0.147886723279953 -3.356400728225708
2.621726274490356 -0.2290911078453064 -1.471511244773865
-2.655963182449341 0.147886723279953 -0.3405778110027313
-2.655963182449341 0.147886723279953 -0.1520888805389404
2.621726274490356 -0.2290911078453064 -1.660000205039978
2.621726274490356 -0.4175800383090973 -1.848489165306091
-2.655963182449341 -0.0406021848320961 -0.5290667414665222
-2.655963182449341 -0.2290911078453064 -0.9060446619987488
-2.655963182449341 -0.2290911078453064 -1.094533562660217
-0.01711849123239517 -2.490958213806152 -3.167911767959595
0.1713704168796539 -2.679447174072266 -0.1520888805389404
0.1713704168796539 -2.679447174072266 -1.094533562660217
0.1713704168796539 -2.679447174072266 -1.283022522926331
0.1713704168796539 2.59824275970459 -2.225466966629028
-0.3940963447093964 2.59824275970459 -1.848489165306091
0.1713704168796539 2.59824275970459 -2.036978006362915
-0.01711849123239517 -2.679447174072266 -0.9060446619987488
-0.2056074142456055 -2.679447174072266 -0.9060446619987488
-0.2056074142456055 -2.679447174072266 -0.7175557017326355
-0.01711849123239517 -2.679447174072266 -1.094533562660217
2.621726274490356 0.147886723279953 -1.471511244773865
-2.655963182449341 -0.0406021848320961 -1.094533562660217
-2.655963182449341 0.147886723279953 -1.094533562660217
-2.655963182449341 -0.0406021848320961 -1.471511244773865
-2.655963182449341 0.147886723279953 -1.471511244773865
-0.2056074142456055 -2.679447174072266 -1.094533562660217
2.621726274490356 -0.0406021848320961 -1.848489165306091
2.621726274490356 0.147886723279953 -1.660000205039978
2.621726274490356 -0.0406021848320961 -2.413955926895142
0.1713704168796539 -2.679447174072266 -0.5290667414665222
0.3598593175411224 -2.679447174072266 -0.5290667414665222
0.1713704168796539 2.59824275970459 -1.848489165306091
-0.02602848465780055 2.653104762411173 -1.815258769599243
0.3598593175411224 2.59824275970459 -1.848489165306091
0.1713704168796539 -2.490958213806152 -3.167911767959595
-2.655963182449341 0.3363756537437439 -0.7175557017326355
-2.655963182449341 -0.2290911078453064 -1.660000205039978
-2.655963182449341 0.3363756537437439 -0.9060446619987488
0.1713704168796539 -2.679447174072266 -0.7175557017326355
-2.655963182449341 -0.2290911078453064 -1.283022522926331
-0.2056074142456055 2.59824275970459 -1.848489165306091
-0.01711849123239517 -2.679447174072266 -0.7175557017326355
-0.01711849123239517 -2.679447174072266 -1.471511244773865
-2.655963182449341 -0.0406021848320961 -1.283022522926331
-2.655963182449341 0.147886723279953 -0.7175557017326355
-2.655963182449341 -0.0406021848320961 -0.1520888805389404
-2.655963182449341 0.3363756537437439 -1.094533562660217
-2.655963182449341 -0.2290911078453064 -0.1520888805389404
-0.01711849123239517 -2.679447174072266 -1.660000205039978
-2.655963182449341 0.3363756537437439 -0.1520888805389404
-0.2056074142456055 2.59824275970459 -2.036978006362915
-2.655963182449341 0.147886723279953 -1.283022522926331
-2.655963182449341 -0.4175800383090973 -0.7175557017326355
-2.655963182449341 -0.4175800383090973 -0.1520888805389404
2.621726274490356 -0.0406021848320961 -2.036978006362915
-2.655963182449341 0.147886723279953 -0.9060446619987488
-0.01711849123239517 2.59824275970459 -2.413955926895142
-0.2056074142456055 -2.679447174072266 -0.1520888805389404
-2.655963182449341 -0.0406021848320961 -1.660000205039978
-0.01711849123239517 2.59824275970459 -2.036978006362915
-0.01711849123239517 2.59824275970459 -2.225466966629028
-0.01711849123239517 -2.679447174072266 -1.283022522926331
0.1713704168796539 -2.679447174072266 -0.9060446619987488
0.3598593175411224 -2.490958213806152 -3.167911767959595
-2.655963182449341 -0.4175800383090973 -0.5290667414665222
0.1713704168796539 -2.679447174072266 -0.3405778110027313
-2.655963182449341 -0.0406021848320961 -0.9060446619987488
-0.01711849123239517 -2.679447174072266 -0.5290667414665222
-0.2056074142456055 -2.679447174072266 -0.5290667414665222
2.621726274490356 0.147886723279953 -1.848489165306091
-2.655963182449341 -0.4175800383090973 -0.3405778110027313
-2.655963182449341 0.3363756537437439 -0.5290667414665222
2.621726274490356 -0.4175800383090973 -1.660000205039978
2.621726274490356 0.3363756537437439 -1.471511244773865
2.621726274490356 -0.0406021848320961 -1.471511244773865
-2.655963182449341 -0.4175800383090973 -0.9060446619987488
2.621726274490356 -0.0406021848320961 -1.660000205039978
-2.655963182449341 -0.2290911078453064 -0.7175557017326355
-0.01711849123239517 -2.679447174072266 -0.3405778110027313
-0.01711849123239517 -2.679447174072266 -0.1520888805389404
2.621726274490356 -0.4175800383090973 -1.283022522926331
2.621726274490356 -0.0406021848320961 -2.225466966629028
-2.655963182449341 -0.2290911078453064 -1.471511244773865
-2.655963182449341 -0.0406021848320961 -0.7175557017326355
2.621726274490356 0.3363756537437439 -1.283022522926331
2.621726274490356 0.147886723279953 -2.036978006362915
-2.655963182449341 0.147886723279953 -0.5290667414665222
-2.467474222183228 -0.2290911078453064 -3.356400728225708
-0.2056074142456055 -2.679447174072266 -0.3405778110027313
2.621726274490356 -0.4175800383090973 -1.471511244773865
$EndNodes
$Elements
4 25388 1 25388
2 3 2 4421
1 1900 2036 2 
2 2032 2077 1283 
3 1763 1764 1274 
4 1905 1927 1260 
5 1051 2173 1228 
6 439 1402 1368 
7 235 1949 1715 
8 267 1989 1668 
9 1668 1989 1363 
10 1131 2003 1147 
11 1274 1955 1763 
12 2123 2157 352 
13 1018 1707 1410 
14 1382 1464 256 
15 1389 1390 751 
16 1464 1949 235 
17 48 1474 248 
18 1938 1970 1182 
19 1715 1949 1377 
20 1368 2159 439 
21 1410 1708 1018 
22 1250 1843 1368 
23 1035 1667 1033 
24 229 1679 1652 
25 395 1553 317 
26 1503 2026 1340 
27 317 1553 319 
28 965 1570 1400 
29 1278 2079 1708 
30 1966 1985 1247 
31 1387 1666 259 
32 1364 1689 242 
33 454 2028 1426 
34 263 1675 1380 
35 563 1461 781 
36 1652 2095 229 
37 709 1927 1905 
38 1228 2173 1831 
39 1042 1568 1388 
40 1398 1761 704 
41 1434 1437 789 
42 223 2202 2086 
43 1250 2181 1843 
44 257 1715 1377 
45 1413 1414 887 
46 245 1518 1430 
47 759 1658 1633 
48 1363 1989 238 
49 238 2041 1363 
50 1242 2063 1391 
51 1913 2181 1251 
52 1598 1606 1599 
53 1437 1777 789 
54 785 1470 1429 
55 1016 2077 2032 
56 270 1901 1900 
57 256 1465 1382 
58 1933 2136 1405 
59 1380 2105 263 
60 1426 2028 1427 
61 1482 2032 1284 
62 761 1547 1346 
63 1284 2031 1482 
64 260 1983 1366 
65 781 1461 1458 
66 822 1750 823 
67 362 1719 360 
68 1471 2157 2123 
69 1763 1955 428 
70 259 1667 1387 
71 1405 2136 1426 
72 2086 2202 1349 
73 1377 1830 257 
74 1658 1964 1633 
75 823 1750 982 
76 561 1461 563 
77 1366 2101 260 
78 704 1762 1398 
79 75 1831 74 
80 1362 2076 1685 
81 1669 2119 232 
82 1395 1510 1509 
83 344 2068 1470 
84 1955 2125 428 
85 49 1474 48 
86 760 2026 1503 
87 1518 2139 1430 
88 1147 2003 1554 
89 2068 2278 1470 
90 929 1838 1595 
91 1593 2177 1614 
92 1251 2177 1913 
93 1383 1949 1464 
94 862 1574 1378 
95 1567 2118 233 
96 1223 1829 1432 
97 1058 1828 1513 
98 1315 1473 1317 
99 1602 1604 231 
100 1022 1926 1912 
101 1387 1698 1666 
102 969 1990 1522 
103 1388 1570 1042 
104 1346 2287 761 
105 2092 2214 1365 
106 785 2228 1470 
107 1810 2184 2152 
108 1016 1534 1012 
109 1708 2079 1018 
110 1414 1539 887 
111 1522 2183 969 
112 1490 2033 1417 
113 1033 1667 1289 
114 1266 1985 1966 
115 1387 1667 1035 
116 1566 2118 1567 
117 1685 2076 266 
118 1432 1829 1002 
119 751 2104 1389 
120 1182 1970 1930 
121 801 1970 1938 
122 1614 2205 1593 
123 273 1480 1411 
124 1393 2132 554 
125 230 1803 1407 
126 243 1416 1415 
127 244 2146 1412 
128 1284 2032 1283 
129 1042 1570 965 
130 263 2105 1605 
131 1379 1689 1364 
132 260 2101 1401 
133 554 2291 1393 
134 1861 1966 1247 
135 248 1474 1473 
136 1113 2003 1131 
137 1401 2185 260 
138 967 1606 1598 
139 1144 1552 1146 
140 231 1603 1602 
141 1417 2237 1490 
142 1605 2216 263 
143 1688 2107 1720 
144 1012 1534 1011 
145 1042 1569 1568 
146 754 2190 2066 
147 1469 1473 1315 
148 74 1831 218 
149 1349 1997 1338 
150 452 1569 831 
151 360 1719 618 
152 887 1419 1413 
153 232 2261 1669 
154 1603 2216 1605 
155 1421 1850 1142 
156 1458 1527 781 
157 1603 2299 2216 
158 757 2214 2092 
159 1594 2205 979 
160 1339 1723 1489 
161 1930 1970 1969 
162 1720 2303 1688 
163 2152 2184 1265 
164 1599 1606 1602 
165 241 2174 1386 
166 1407 1802 230 
167 1385 2172 1656 
168 982 1750 1749 
169 1861 1965 340 
170 1523 1828 1058 
171 1805 1806 1175 
172 1582 2175 2081 
173 1391 2321 1242 
174 2175 2264 2081 
175 1666 1698 240 
176 1385 2206 2172 
177 1718 1719 362 
178 1804 1805 1175 
179 1078 2326 1399 
180 1399 2296 1078 
181 1373 2115 1374 
182 1912 2270 1022 
183 1386 2283 241 
184 242 2314 1364 
185 257 1830 1792 
186 1265 2247 2152 
187 1367 1633 1061 
188 1172 1939 1169 
189 1906 2215 2150 
190 1418 1571 251 
191 1105 1570 1564 
192 243 1417 1416 
193 1390 2289 751 
194 822 1751 1750 
195 1400 2288 965 
196 1075 1422 1227 
197 1997 2258 1338 
198 1509 1524 1395 
199 340 1966 1861 
200 1278 1708 1279 
201 1395 2047 1510 
202 1459 2113 2066 
203 1266 2247 1265 
204 1411 2324 273 
205 1317 1473 1324 
206 1799 1801 1212 
207 421 2286 1420 
208 1792 1830 1228 
209 1917 1918 1344 
210 1792 1831 75 
211 1464 2248 256 
212 1373 2347 2115 
213 439 1422 1402 
214 1184 1802 1176 
215 1242 2097 2063 
216 1552 1553 395 
217 1461 2113 1459 
218 1208 2259 2036 
219 979 2222 1594 
220 831 1569 1042 
221 1061 1633 1060 
222 72 1803 73 
223 758 2099 1957 
224 1386 2174 1701 
225 232 2119 1656 
226 264 2206 1385 
227 1969 1970 1341 
228 1313 1469 1315 
229 1943 2295 1956 
230 1523 2183 1522 
231 1701 2199 1386 
232 1147 1552 1144 
233 2074 2171 520 
234 1656 2172 232 
235 1385 2239 264 
236 1212 1800 1799 
237 1927 2186 1260 
238 1740 2279 2230 
239 1930 1969 999 
240 1838 2145 1595 
241 1513 1963 1058 
242 1174 1804 1175 
243 1719 2207 618 
244 1669 2301 2119 
245 1956 2221 1943 
246 1189 1465 1188 
247 1665 1667 259 
248 270 2241 1901 
249 1425 1762 710 
250 1030 2133 1497 
251 2157 2252 352 
252 73 1803 230 
253 1806 1944 1940 
254 251 2352 1418 
255 618 2207 2184 
256 1523 2294 2183 
257 1073 2139 1518 
258 2160 2193 546 
259 1414 2030 1539 
260 1169 1939 1170 
261 1479 2146 244 
262 1944 1945 1942 
263 43 2162 2156 
264 710 1762 683 
265 2066 2190 1459 
266 2230 2279 502 
267 1901 2241 1344 
268 683 1762 704 
269 2104 2134 1389 
270 2281 2324 1361 
271 1427 2028 1990 
272 1595 2222 929 
273 1429 1471 785 
274 1361 2324 1411 
275 2150 2215 341 
276 2039 2102 730 
277 1378 2322 862 
278 1218 2173 1051 
279 2243 2269 1902 
280 1146 1552 1428 
281 1539 2030 373 
282 1527 1722 781 
283 74 1801 75 
284 1114 2300 1576 
285 1382 1465 1189 
286 2048 2295 2108 
287 1940 1944 1942 
288 1497 1616 1030 
289 1649 2155 2140 
290 1339 2258 1723 
291 1412 2242 244 
292 1400 1570 1105 
293 1407 1804 1174 
294 1279 1708 1424 
295 1415 2167 243 
296 1518 2327 1073 
297 1353 1491 1412 
298 1762 1848 1398 
299 222 2185 1401 
300 1564 1570 1388 
301 1475 2102 2039 
302 1799 1800 258 
303 1878 2286 421 
304 2048 2108 1197 
305 2114 2130 984 
306 1344 2241 1917 
307 1212 1802 1184 
308 1398 2354 1761 
309 1576 2201 1114 
310 1327 1469 1313 
311 1251 2181 1250 
312 1648 1966 340 
313 452 1957 1569 
314 75 1801 1799 
315 240 1698 1462 
316 1277 2269 2243 
317 1142 2313 1421 
318 2151 2182 1318 
319 1340 2266 1503 
320 1460 1722 1527 
321 1749 1827 982 
322 1616 2292 1501 
323 1957 2099 1569 
324 812 2254 2204 
325 395 1551 1428 
326 2061 2104 1833 
327 1648 2247 1966 
328 1772 2245 2220 
329 1401 2236 222 
330 1574 2117 1378 
331 1806 1940 1939 
332 2217 2220 1094 
333 1361 2249 1700 
334 1425 1848 1762 
335 272 2060 1694 
336 1422 1472 1227 
337 1330 2245 1772 
338 1553 2233 319 
339 1176 1802 1407 
340 730 1722 1460 
341 2034 2036 1945 
342 1420 2142 421 
343 1428 1552 395 
344 1356 2327 1517 
345 1213 1719 1718 
346 1700 2281 1361 
347 1062 1830 1136 
348 710 1950 1425 
349 768 2161 2082 
350 1602 1606 1604 
351 1348 2171 2074 
352 1460 2039 730 
353 1463 1967 1345 
354 1175 1939 1172 
355 1379 1690 1689 
356 1200 2134 2104 
357 375 1539 372 
358 1913 2177 1593 
359 1501 2213 1616 
360 1543 2189 2147 
361 1432 2193 2160 
362 1665 2332 1667 
363 1945 2108 1942 
364 2156 2162 1647 
365 928 2103 2084 
366 222 2332 1665 
367 1497 2133 1496 
368 1136 1830 1377 
369 1341 2302 1393 
370 1800 2008 258 
371 561 2113 1461 
372 1803 1804 1407 
373 1502 2350 1493 
374 2051 2054 864 
375 1452 1527 1454 
376 1270 1965 1861 
377 1493 2350 1695 
378 2149 2170 881 
379 1489 2144 1339 
380 1990 2256 1427 
381 1426 2136 454 
382 2236 2332 222 
383 1431 2026 760 
384 1379 1691 1690 
385 2004 2058 733 
386 996 1951 1218 
387 1772 2220 2217 
388 1843 2159 1368 
389 887 1539 375 
390 2204 2254 1354 
391 2078 2080 574 
392 1801 1802 1212 
393 269 1803 72 
394 1462 2010 240 
395 1454 1527 1458 
396 1423 2191 501 
397 1147 1553 1552 
398 1468 1469 1327 
399 1651 2090 2023 
400 2140 2155 1192 
401 1970 2302 1341 
402 1517 2163 1356 
403 372 1539 373 
404 1016 2285 1534 
405 1939 1940 1170 
406 1430 2164 245 
407 1491 2242 1412 
408 2082 2161 1229 
409 2006 2046 1118 
410 1694 2340 272 
411 1286 2031 1284 
412 46 1676 45 
413 2038 2050 939 
414 2096 2137 1819 
415 230 1801 74 
416 1357 2191 1423 
417 1393 2302 2132 
418 1357 2312 1751 
419 1966 2247 1266 
420 690 1796 784 
421 1909 2130 2114 
422 2051 2091 1628 
423 784 1796 885 
424 1357 2244 2191 
425 1305 2057 2042 
426 1143 2002 1996 
427 1079 2157 2135 
428 45 1676 227 
429 811 1905 1260 
430 2015 2020 587 
431 1473 1474 1324 
432 973 1918 1056 
433 1945 2035 2034 
434 1517 2327 1518 
435 256 1477 1465 
436 1700 2249 1263 
437 1228 1830 1062 
438 1099 1893 1884 
439 2127 2153 1680 
440 1682 2182 2151 
441 371 1757 386 
442 1391 2063 2008 
443 266 2076 1433 
444 373 2030 1466 
445 1424 1708 1410 
446 1681 1682 651 
447 2147 2189 1220 
448 1000 2009 1987 
449 2027 2040 653 
450 1931 2001 1866 
451 1085 1876 1780 
452 1040 1664 1264 
453 566 1681 651 
454 1730 1767 475 
455 1741 1929 1103 
456 829 1951 996 
457 2008 2063 1739 
458 1463 2075 435 
459 1327 1676 1468 
460 2084 2103 1226 
461 1460 1527 1452 
462 1655 1971 612 
463 1783 1865 343 
464 1903 1948 593 
465 979 2205 1614 
466 1796 1976 885 
467 327 1577 349 
468 1664 1886 1264 
469 1628 2091 1010 
470 1417 1854 1416 
471 1885 1992 773 
472 652 1702 817 
473 1671 1794 1793 
474 1147 1554 1553 
475 845 2073 2056 
476 278 1561 276 
477 717 1931 1866 
478 1813 1896 496 
479 1940 1941 1170 
480 376 1759 881 
481 999 1890 850 
482 1085 1780 390 
483 1922 1923 619 
484 1604 2110 231 
485 1148 1885 639 
486 1677 1874 931 
487 1083 1561 278 
488 1659 1784 498 
489 1099 1884 1621 
490 1365 2214 1367 
491 1060 1872 989 
492 1721 1976 1796 
493 86 1524 1509 
494 1374 1556 1050 
495 1087 1988 1952 
496 615 1705 792 
497 1479 1561 1083 
498 562 1709 1094 
499 856 1664 1040 
500 873 1815 1236 
501 1067 1901 1344 
502 1311 1731 1310 
503 1833 2104 751 
504 1727 1728 1501 
505 974 1864 818 
506 1884 1893 1245 
507 549 1922 619 
508 1658 2344 1964 
509 384 1538 1106 
510 281 1574 862 
511 1550 1775 1624 
512 1996 2002 705 
513 1468 1676 46 
514 723 1729 833 
515 1780 1876 1009 
516 787 1558 333 
517 1299 1993 1975 
518 1794 1919 1793 
519 102 1476 101 
520 274 275 250 
521 609 1706 749 
522 1797 1816 581 
523 316 1783 343 
524 423 1819 1787 
525 1610 1855 1251 
526 1200 2104 2061 
527 367 1697 777 
528 1671 1793 511 
529 363 1673 387 
530 915 1677 931 
531 527 2344 1658 
532 1628 2054 2051 
533 312 1743 767 
534 1519 1811 299 
535 582 1752 746 
536 359 1657 774 
537 251 1480 103 
538 498 1784 495 
539 103 274 250 
540 1494 1695 1487 
541 598 1662 1661 
542 1535 1766 1536 
543 1050 1556 943 
544 1504 1505 1007 
545 865 1508 800 
546 1580 1778 794 
547 1500 1727 1501 
548 331 1618 787 
549 1271 1627 1626 
550 1093 1698 1387 
551 100 1478 244 
552 1521 1811 1519 
553 722 1607 700 
554 1921 1922 549 
555 225 1494 1487 
556 1940 1942 1941 
557 1103 1929 1779 
558 1598 1599 848 
559 315 1551 395 
560 1582 1778 1580 
561 1511 1790 293 
562 429 1764 413 
563 1533 1534 1483 
564 1098 1585 400 
565 250 1476 102 
566 493 1813 496 
567 818 1864 1769 
568 311 1542 766 
569 380 1538 384 
570 619 1923 678 
571 401 1823 1753 
572 1550 1624 547 
573 1733 1880 1499 
574 1834 1898 680 
575 605 1766 1535 
576 308 1732 344 
577 1007 1508 865 
578 1304 1646 1309 
579 275 276 250 
580 966 1504 1007 
581 848 1607 722 
582 1419 2318 383 
583 790 1707 1018 
584 744 1660 684 
585 586 1746 813 
586 1646 1647 1309 
587 1668 1669 267 
588 105 272 104 
589 1565 1755 859 
590 850 1890 799 
591 289 1503 673 
592 731 1598 848 
593 434 1704 407 
594 333 1558 335 
595 1457 2170 2149 
596 795 1734 969 
597 1879 1953 1098 
598 275 277 276 
599 598 1661 600 
600 1513 1790 1511 
601 104 273 105 
602 1626 1627 947 
603 1912 2005 1911 
604 1484 1533 1483 
605 1505 1506 1007 
606 70 270 69 
607 69 247 70 
608 71 269 72 
609 218 1915 73 
610 1942 1943 1941 
611 1790 1828 539 
612 1599 1600 848 
613 1159 1361 1248 
614 1308 1651 1312 
615 277 1057 279 
616 800 1508 842 
617 72 268 71 
618 102 251 103 
619 992 1031 991 
620 74 218 73 
621 820 991 821 
622 820 992 991 
623 1342 2293 1679 
624 1072 1166 1067 
625 460 1528 752 
626 1193 1386 1031 
627 1492 1695 1494 
628 984 1026 973 
629 972 973 853 
630 1027 1067 1026 
631 103 250 102 
632 972 984 973 
633 684 1660 686 
634 235 1715 78 
635 236 1493 1492 
636 257 1792 76 
637 1505 1507 1506 
638 281 862 283 
639 992 1193 1031 
640 1899 1900 1166 
641 277 279 278 
642 989 1872 1640 
643 685 744 684 
644 1244 1596 988 
645 1275 1899 1166 
646 77 257 76 
647 1169 1170 1168 
648 852 972 853 
649 100 244 99 
650 745 838 744 
651 1196 1208 1207 
652 1020 1560 1115 
653 747 820 748 
654 99 243 100 
655 984 1027 1026 
656 225 1486 1485 
657 839 994 838 
658 400 1585 393 
659 579 685 684 
660 277 278 276 
661 1352 1433 1164 
662 685 745 744 
663 579 684 580 
664 995 1204 994 
665 1336 1346 1068 
666 1205 1363 1204 
667 950 1159 1158 
668 1174 1175 1172 
669 1027 1072 1067 
670 1195 1196 843 
671 236 1492 96 
672 1168 1947 641 
673 700 1607 845 
674 745 839 838 
675 79 235 78 
676 1567 1755 1565 
677 444 886 455 
678 285 760 287 
679 253 1482 1481 
680 1487 1488 1486 
681 1031 1263 991 
682 225 1485 93 
683 96 234 97 
684 839 995 994 
685 886 1084 455 
686 279 281 280 
687 1072 1275 1166 
688 97 236 96 
689 1599 1601 1600 
690 966 1007 865 
691 1753 1823 1526 
692 852 853 829 
693 886 1255 1084 
694 532 579 538 
695 995 1205 1204 
696 1162 1362 1023 
697 756 1168 641 
698 1500 1501 226 
699 1067 1344 1026 
700 225 1487 1486 
701 718 852 829 
702 94 253 95 
703 1020 1115 970 
704 457 458 430 
705 276 1561 1476 
706 1476 1478 101 
707 1429 1470 1360 
708 459 460 458 
709 800 842 763 
710 398 457 430 
711 94 225 93 
712 89 1500 226 
713 457 459 458 
714 769 825 706 
715 384 1106 392 
716 289 673 291 
717 81 256 80 
718 715 802 716 
719 1253 1345 1234 
720 626 843 621 
721 509 523 522 
722 523 534 530 
723 1196 1207 843 
724 92 228 93 
725 92 254 91 
726 461 528 460 
727 529 558 528 
728 523 535 534 
729 825 868 867 
730 507 509 508 
731 852 1132 972 
732 1109 1880 1733 
733 868 985 869 
734 281 283 282 
735 674 706 575 
736 444 455 445 
737 1486 1723 1485 
738 968 1206 1050 
739 507 928 509 
740 658 715 659 
741 1206 1373 1050 
742 1233 1234 851 
743 536 546 525 
744 562 1094 559 
745 442 444 443 
746 968 1050 943 
747 1343 1385 1351 
748 459 461 460 
749 1077 1360 1359 
750 658 764 715 
751 994 1109 838 
752 613 788 556 
753 89 223 88 
754 89 226 90 
755 535 543 534 
756 1077 1429 1360 
757 626 1195 843 
758 790 1018 1017 
759 857 1005 840 
760 820 821 748 
761 985 1077 1076 
762 769 851 825 
763 295 539 297 
764 1253 1463 1345 
765 684 686 580 
766 551 1984 650 
767 398 430 399 
768 279 280 278 
769 87 255 88 
770 674 769 706 
771 461 529 528 
772 1195 1197 1196 
773 566 651 564 
774 686 747 688 
775 1233 1253 1234 
776 86 245 85 
777 1323 1342 1331 
778 1013 1015 1014 
779 647 1882 768 
780 529 559 558 
781 283 285 284 
782 558 658 560 
783 868 1079 985 
784 1488 1489 1486 
785 1312 1327 1313 
786 677 1844 710 
787 75 1799 76 
788 83 1543 1532 
789 544 551 543 
790 1317 1324 1319 
791 1602 1603 1601 
792 503 510 500 
793 84 221 85 
794 978 1013 1012 
795 83 220 82 
796 505 507 506 
797 392 398 393 
798 253 1483 1482 
799 91 1495 92 
800 301 454 303 
801 572 671 570 
802 825 867 706 
803 456 532 465 
804 843 1991 621 
805 868 869 867 
806 1015 1272 1014 
807 86 1509 87 
808 1039 1765 1269 
809 551 650 543 
810 630 1979 627 
811 301 303 302 
812 891 1238 893 
813 552 553 551 
814 897 1033 896 
815 299 301 300 
816 715 716 659 
817 1081 1274 1064 
818 1013 1014 1012 
819 585 692 583 
820 80 1639 1587 
821 895 896 797 
822 1037 1039 1038 
823 1039 1269 1038 
824 579 580 538 
825 557 613 556 
826 1179 1180 1081 
827 1033 1289 1034 
828 83 1532 84 
829 1599 1602 1601 
830 782 1834 693 
831 452 830 354 
832 831 960 830 
833 78 1739 219 
834 384 392 385 
835 907 908 906 
836 779 967 775 
837 1190 1390 1389 
838 1278 1279 1205 
839 591 724 589 
840 81 246 82 
841 1037 1038 964 
842 303 305 304 
843 1093 1387 1035 
844 1342 1343 1331 
845 1201 1462 1108 
846 905 906 904 
847 73 230 74 
848 597 770 595 
849 1080 1081 1064 
850 535 544 543 
851 944 968 943 
852 554 556 553 
853 615 792 611 
854 609 749 607 
855 601 797 599 
856 731 848 722 
857 345 758 347 
858 856 1040 855 
859 285 287 286 
860 1167 1273 1145 
861 815 856 855 
862 561 562 559 
863 652 817 623 
864 1458 1461 1459 
865 903 904 625 
866 1130 1252 1112 
867 909 910 908 
868 1308 1312 1311 
869 1190 1389 1191 
870 985 1076 869 
871 371 386 374 
872 494 625 492 
873 80 1587 81 
874 301 302 300 
875 452 831 830 
876 831 965 960 
877 1137 1341 1267 
878 76 258 77 
879 614 621 613 
880 281 282 280 
881 1177 1437 1434 
882 350 452 354 
883 350 354 351 
884 563 564 562 
885 1603 1605 1601 
886 347 350 348 
887 700 845 654 
888 815 855 742 
889 305 307 306 
890 1151 1421 1420 
891 1290 1401 1292 
892 1063 1064 1039 
893 1304 1309 1306 
894 910 916 911 
895 756 1169 1168 
896 345 347 346 
897 914 979 912 
898 782 1835 1834 
899 1600 1607 848 
900 897 1035 1033 
901 303 304 302 
902 658 659 560 
903 954 1779 713 
904 1294 1366 1296 
905 1040 1264 1209 
906 960 1177 1097 
907 895 897 896 
908 287 289 288 
909 905 907 906 
910 1298 1332 1300 
911 307 436 309 
912 1177 1434 1178 
913 1141 1771 855 
914 907 909 908 
915 363 387 365 
916 367 777 369 
917 601 895 797 
918 956 1078 1065 
919 565 566 564 
920 1341 1393 1267 
921 811 1260 1149 
922 544 552 551 
923 253 1481 95 
924 410 759 408 
925 909 912 910 
926 1013 1249 1015 
927 417 419 418 
928 1077 1359 1076 
929 866 1137 1043 
930 567 568 566 
931 1302 1646 1304 
932 1054 1760 1055 
933 569 570 568 
934 413 415 414 
935 983 1022 953 
936 1337 1372 1336 
937 291 293 292 
938 1055 1190 1189 
939 321 353 323 
940 305 306 304 
941 359 774 361 
942 993 1250 1138 
943 1163 1164 1162 
944 558 560 528 
945 1165 1352 1164 
946 986 999 850 
947 1070 1103 954 
948 355 394 357 
949 1137 1267 1043 
950 1151 1850 1421 
951 998 1068 966 
952 903 905 904 
953 337 345 339 
954 571 572 570 
955 403 442 438 
956 327 349 329 
957 1245 1467 1466 
958 1033 1034 896 
959 1450 1460 1452 
960 952 953 951 
961 376 881 378 
962 904 922 625 
963 1036 1037 964 
964 78 219 79 
965 1454 1458 1456 
966 413 414 412 
967 1357 1423 1287 
968 398 1735 457 
969 415 417 416 
970 419 421 420 
971 1040 1209 1141 
972 573 574 572 
973 1520 1523 1522 
974 1128 1926 983 
975 963 964 856 
976 1312 1313 1311 
977 411 412 410 
978 1289 1290 1034 
979 406 1623 397 
980 315 395 317 
981 460 752 458 
982 799 866 798 
983 582 583 574 
984 293 295 294 
985 501 503 500 
986 494 903 625 
987 952 983 953 
988 331 787 333 
989 409 410 408 
990 457 754 459 
991 289 291 290 
992 920 993 975 
993 886 1256 1255 
994 1250 1368 1138 
995 414 1756 527 
996 993 1138 975 
997 786 800 763 
998 945 951 449 
999 584 585 583 
1000 541 799 798 
1001 1232 1233 851 
1002 1506 1508 1007 
1003 415 416 414 
1004 942 943 934 
1005 411 413 412 
1006 880 1054 1053 
1007 837 850 799 
1008 910 911 908 
1009 283 284 282 
1010 1071 1287 1070 
1011 524 525 520 
1012 1179 1229 1180 
1013 762 763 720 
1014 417 418 416 
1015 504 512 503 
1016 677 710 683 
1017 945 952 951 
1018 814 815 742 
1019 1373 1374 1050 
1020 586 587 585 
1021 940 986 850 
1022 409 411 410 
1023 1298 1638 1332 
1024 955 1070 954 
1025 418 1787 938 
1026 1069 1336 1068 
1027 1128 1927 1926 
1028 311 766 313 
1029 92 1495 228 
1030 552 554 553 
1031 916 917 911 
1032 588 589 587 
1033 1287 1740 1070 
1034 447 449 448 
1035 295 297 296 
1036 877 1710 880 
1037 1156 1414 1413 
1038 1080 1179 1081 
1039 419 420 418 
1040 987 1245 1244 
1041 354 355 351 
1042 590 591 589 
1043 735 954 713 
1044 622 626 621 
1045 1572 1724 1238 
1046 962 1082 1059 
1047 487 505 491 
1048 350 351 348 
1049 485 1832 487 
1050 718 829 828 
1051 548 575 547 
1052 741 742 740 
1053 447 945 449 
1054 509 522 508 
1055 804 962 961 
1056 325 327 326 
1057 380 384 382 
1058 592 593 591 
1059 537 547 536 
1060 1071 1357 1287 
1061 347 348 346 
1062 526 536 525 
1063 960 1097 830 
1064 1021 1023 1020 
1065 632 824 630 
1066 499 500 498 
1067 594 595 593 
1068 1024 1162 1023 
1069 958 966 865 
1070 576 674 575 
1071 483 733 485 
1072 978 1012 1011 
1073 299 300 298 
1074 647 768 649 
1075 557 614 613 
1076 832 865 800 
1077 596 597 595 
1078 1495 1497 1496 
1079 917 920 919 
1080 955 1071 1070 
1081 1063 1080 1064 
1082 414 527 412 
1083 297 299 298 
1084 1159 1248 1158 
1085 307 309 308 
1086 407 408 406 
1087 1046 1075 1047 
1088 915 929 914 
1089 932 933 930 
1090 1358 1364 1352 
1091 1177 1178 1097 
1092 1190 1191 1189 
1093 1102 1902 1100 
1094 323 325 324 
1095 598 599 597 
1096 1434 1435 1178 
1097 421 422 420 
1098 554 557 556 
1099 913 914 912 
1100 1086 1221 1082 
1101 345 346 339 
1102 788 1961 556 
1103 507 508 506 
1104 468 470 469 
1105 1037 1063 1039 
1106 893 978 977 
1107 479 540 477 
1108 523 530 522 
1109 1075 1227 1047 
1110 600 601 599 
1111 920 975 921 
1112 1082 1213 1059 
1113 685 939 745 
1114 1217 1754 1029 
1115 307 308 306 
1116 962 1059 961 
1117 1222 1265 1221 
1118 1146 1167 1145 
1119 1092 1093 1035 
1120 866 1043 937 
1121 1151 1420 1152 
1122 1046 1047 949 
1123 455 456 445 
1124 1194 1199 1167 
1125 407 409 408 
1126 1040 1141 855 
1127 515 516 513 
1128 1144 1145 1143 
1129 1131 1143 1130 
1130 739 740 728 
1131 711 782 693 
1132 472 541 474 
1133 610 611 609 
1134 612 615 611 
1135 468 1117 470 
1136 1120 1201 1108 
1137 1215 1280 1214 
1138 1107 1108 1093 
1139 1202 1214 1201 
1140 735 955 954 
1141 690 691 578 
1142 577 578 511 
1143 616 623 615 
1144 447 448 441 
1145 608 609 607 
1146 1224 1225 1199 
1147 726 727 670 
1148 405 406 397 
1149 442 443 438 
1150 285 286 284 
1151 561 563 562 
1152 624 652 623 
1153 1245 1466 1244 
1154 422 425 424 
1155 1113 1130 1112 
1156 466 511 462 
1157 962 1086 1082 
1158 541 798 474 
1159 653 654 652 
1160 971 1020 970 
1161 1281 1375 1280 
1162 993 1251 1250 
1163 690 783 691 
1164 541 837 799 
1165 1045 1046 949 
1166 519 520 517 
1167 1117 1812 470 
1168 606 607 605 
1169 577 690 578 
1170 1025 1041 927 
1171 698 803 707 
1172 398 399 393 
1173 888 1237 890 
1174 655 700 654 
1175 858 859 857 
1176 1127 1128 983 
1177 466 577 511 
1178 1025 1270 1041 
1179 951 1134 449 
1180 391 757 389 
1181 948 949 947 
1182 678 718 717 
1183 846 1025 927 
1184 846 927 783 
1185 815 963 856 
1186 444 445 443 
1187 532 538 465 
1188 837 940 850 
1189 563 565 564 
1190 481 1795 483 
1191 1009 1140 1139 
1192 1376 1380 1375 
1193 493 494 492 
1194 1825 1826 945 
1195 696 698 697 
1196 860 970 859 
1197 701 722 700 
1198 325 326 324 
1199 1458 1459 1456 
1200 1334 1335 1225 
1201 529 561 559 
1202 719 720 675 
1203 448 1786 451 
1204 1111 1112 1110 
1205 1041 1247 1246 
1206 867 1775 1550 
1207 691 696 695 
1208 698 707 699 
1209 567 569 568 
1210 780 794 779 
1211 891 893 892 
1212 1054 1055 1053 
1213 1786 1845 451 
1214 468 469 467 
1215 469 1104 467 
1216 418 938 416 
1217 569 571 570 
1218 565 567 566 
1219 1378 1379 1364 
1220 940 1282 986 
1221 1027 1261 1072 
1222 1371 1562 1048 
1223 448 450 441 
1224 963 1036 964 
1225 422 423 420 
1226 448 451 450 
1227 841 857 840 
1228 784 846 783 
1229 293 294 292 
1230 776 779 775 
1231 1343 1351 1350 
1232 571 573 572 
1233 451 462 450 
1234 920 921 919 
1235 424 1910 427 
1236 573 582 574 
1237 643 773 645 
1238 480 521 479 
1239 1096 1110 1095 
1240 508 1863 778 
1241 287 288 286 
1242 668 864 665 
1243 490 492 489 
1244 658 1696 764 
1245 975 1392 921 
1246 795 840 794 
1247 432 446 426 
1248 433 447 441 
1249 422 424 423 
1250 604 605 602 
1251 582 584 583 
1252 463 466 462 
1253 732 775 731 
1254 831 1042 965 
1255 405 407 406 
1256 1086 1222 1221 
1257 424 426 423 
1258 291 292 290 
1259 814 1822 815 
1260 1149 1151 1150 
1261 1041 1246 927 
1262 995 1278 1205 
1263 463 468 467 
1264 946 947 847 
1265 723 731 722 
1266 392 393 385 
1267 900 1545 617 
1268 542 1009 1008 
1269 1025 1271 1270 
1270 691 695 578 
1271 584 586 585 
1272 1290 1292 1291 
1273 741 814 742 
1274 948 1045 949 
1275 924 1095 902 
1276 663 834 661 
1277 696 697 695 
1278 917 919 918 
1279 431 1718 364 
1280 942 944 943 
1281 427 432 426 
1282 295 296 294 
1283 1222 1266 1265 
1284 629 630 627 
1285 433 440 432 
1286 698 699 697 
1287 586 588 587 
1288 1368 1402 1138 
1289 614 622 621 
1290 289 290 288 
1291 505 506 491 
1292 707 804 708 
1293 690 784 783 
1294 1315 1317 1316 
1295 1351 1409 1408 
1296 470 472 471 
1297 1313 1315 1314 
1298 631 632 630 
1299 784 847 846 
1300 478 479 477 
1301 1317 1319 1318 
1302 804 961 805 
1303 952 1127 983 
1304 588 590 589 
1305 476 477 475 
1306 1292 1294 1293 
1307 1319 1321 1320 
1308 1308 1311 1310 
1309 873 1236 871 
1310 497 498 495 
1311 946 948 947 
1312 1323 1331 1330 
1313 384 385 382 
1314 866 937 798 
1315 1321 1323 1322 
1316 798 1808 474 
1317 1294 1296 1295 
1318 590 592 591 
1319 1296 1298 1297 
1320 496 1896 1869 
1321 327 329 328 
1322 1044 1226 1181 
1323 478 1868 481 
1324 739 741 740 
1325 726 728 727 
1326 1306 1308 1307 
1327 1403 1404 1335 
1328 905 1125 907 
1329 1302 1304 1303 
1330 1298 1300 1299 
1331 451 463 462 
1332 592 594 593 
1333 1300 1302 1301 
1334 594 596 595 
1335 932 934 933 
1336 447 1825 945 
1337 1520 1522 1521 
1338 297 298 296 
1339 1304 1306 1305 
1340 276 1476 250 
1341 909 913 912 
1342 729 891 819 
1343 1156 1413 1365 
1344 878 1000 875 
1345 472 474 473 
1346 596 598 597 
1347 898 1235 1105 
1348 463 467 466 
1349 321 323 322 
1350 1074 1276 1001 
1351 925 1388 1049 
1352 329 331 330 
1353 897 1092 1035 
1354 1224 1334 1225 
1355 1338 1339 1028 
1356 1006 1241 1240 
1357 1233 1254 1253 
1358 598 600 599 
1359 1267 1860 1043 
1360 319 321 320 
1361 636 737 634 
1362 1194 1224 1199 
1363 1409 1424 1410 
1364 1146 1194 1167 
1365 769 1232 851 
1366 681 1866 772 
1367 424 427 426 
1368 323 324 322 
1369 987 1244 988 
1370 973 1056 853 
1371 885 946 847 
1372 634 1956 632 
1373 826 987 827 
1374 1216 1217 1029 
1375 309 311 310 
1376 327 328 326 
1377 433 441 440 
1378 1144 1146 1145 
1379 335 337 336 
1380 913 915 914 
1381 849 1019 808 
1382 1157 1192 1045 
1383 716 790 765 
1384 707 708 699 
1385 1123 1789 946 
1386 962 1714 1086 
1387 1246 1635 927 
1388 470 471 469 
1389 1131 1144 1143 
1390 1435 1438 1436 
1391 331 333 332 
1392 333 335 334 
1393 624 653 652 
1394 936 1118 884 
1395 784 885 847 
1396 1371 1563 1562 
1397 499 501 500 
1398 915 930 929 
1399 653 655 654 
1400 990 1156 1061 
1401 610 612 611 
1402 612 616 615 
1403 600 602 601 
1404 917 918 911 
1405 427 433 432 
1406 1065 1277 1066 
1407 616 624 623 
1408 1113 1131 1130 
1409 1043 1044 937 
1410 1025 1627 1271 
1411 337 339 338 
1412 608 610 609 
1413 1059 1099 961 
1414 622 627 626 
1415 1092 1107 1093 
1416 1237 1259 890 
1417 1107 1120 1108 
1418 1120 1202 1201 
1419 808 1852 806 
1420 428 1878 419 
1421 1191 1383 1382 
1422 1202 1215 1214 
1423 1426 1427 1406 
1424 695 1671 578 
1425 712 1833 751 
1426 1215 1281 1280 
1427 606 608 607 
1428 807 826 809 
1429 655 701 700 
1430 515 517 516 
1431 355 357 356 
1432 417 428 419 
1433 697 1672 695 
1434 339 1648 340 
1435 811 1149 1148 
1436 1014 1016 1012 
1437 317 319 318 
1438 311 313 312 
1439 348 1631 926 
1440 415 1763 417 
1441 474 1782 473 
1442 1605 1608 1601 
1443 955 1203 1071 
1444 501 504 503 
1445 956 1065 957 
1446 480 1841 521 
1447 1111 1113 1112 
1448 519 524 520 
1449 699 894 697 
1450 1361 1411 1248 
1451 1438 1440 1439 
1452 1281 1376 1375 
1453 790 1017 836 
1454 885 1123 946 
1455 374 376 375 
1456 544 702 552 
1457 604 606 605 
1458 747 748 688 
1459 1086 1849 1222 
1460 637 811 639 
1461 504 513 512 
1462 948 1157 1045 
1463 488 489 486 
1464 1440 1442 1441 
1465 363 365 364 
1466 1334 1403 1335 
1467 919 1006 918 
1468 1009 1139 1008 
1469 473 476 475 
1470 714 735 713 
1471 371 374 372 
1472 1127 1142 1128 
1473 361 363 362 
1474 313 315 314 
1475 1442 1444 1443 
1476 1376 1381 1380 
1477 484 1119 482 
1478 478 480 479 
1479 473 475 471 
1480 315 317 316 
1481 476 478 477 
1482 996 1218 1051 
1483 1017 1262 1133 
1484 359 361 360 
1485 357 359 358 
1486 1013 1531 1249 
1487 1290 1291 1034 
1488 524 526 525 
1489 411 429 413 
1490 1151 1152 1150 
1491 1405 1406 1404 
1492 867 1550 706 
1493 369 371 370 
1494 1096 1111 1110 
1495 804 805 708 
1496 1055 1189 1188 
1497 309 310 308 
1498 409 1703 411 
1499 642 756 641 
1500 921 1649 919 
1501 1444 1446 1445 
1502 978 1011 977 
1503 924 1096 1095 
1504 404 405 397 
1505 1157 1285 1192 
1506 326 342 324 
1507 640 641 638 
1508 537 548 547 
1509 849 1029 1019 
1510 526 537 536 
1511 753 956 863 
1512 1446 1448 1447 
1513 771 1590 320 
1514 1397 1398 1036 
1515 1448 1450 1449 
1516 1450 1452 1451 
1517 497 499 498 
1518 1097 1537 830 
1519 1495 1498 1497 
1520 893 977 892 
1521 478 481 480 
1522 993 1610 1251 
1523 300 352 298 
1524 701 723 722 
1525 629 631 630 
1526 1452 1454 1453 
1527 365 367 366 
1528 762 786 763 
1529 1402 1597 1138 
1530 880 1053 1052 
1531 987 988 827 
1532 548 576 575 
1533 805 807 806 
1534 1388 1568 1049 
1535 576 675 674 
1536 807 808 806 
1537 490 493 492 
1538 1235 1400 1105 
1539 781 1722 565 
1540 367 369 368 
1541 708 1641 699 
1542 1313 1314 1311 
1543 1292 1293 1291 
1544 390 391 389 
1545 1156 1365 1061 
1546 826 827 809 
1547 472 473 471 
1548 1186 1200 1185 
1549 493 495 494 
1550 36 222 35 
1551 1454 1456 1455 
1552 253 1484 1483 
1553 854 1881 703 
1554 396 397 391 
1555 1435 1436 1178 
1556 732 776 775 
1557 329 330 328 
1558 719 762 720 
1559 723 732 731 
1560 1294 1295 1293 
1561 805 806 708 
1562 738 739 728 
1563 771 1593 1591 
1564 816 1399 814 
1565 631 633 632 
1566 1296 1297 1295 
1567 683 704 703 
1568 1495 1496 228 
1569 776 780 779 
1570 321 322 320 
1571 1298 1299 1297 
1572 891 892 819 
1573 405 434 407 
1574 488 490 489 
1575 712 713 711 
1576 1343 1350 1331 
1577 34 259 33 
1578 1591 1592 1590 
1579 877 880 879 
1580 1136 1185 1135 
1581 1302 1303 1301 
1582 508 778 506 
1583 342 1611 324 
1584 1300 1301 1299 
1585 1076 1223 869 
1586 959 1002 944 
1587 725 726 670 
1588 718 828 717 
1589 878 1001 1000 
1590 348 926 346 
1591 510 1659 500 
1592 355 356 351 
1593 1304 1305 1303 
1594 1091 1216 1029 
1595 1369 1371 1048 
1596 481 483 482 
1597 807 809 808 
1598 399 401 400 
1599 823 982 872 
1600 1080 1950 1179 
1601 1099 1621 961 
1602 388 1085 390 
1603 1308 1310 1307 
1604 388 389 383 
1605 331 332 330 
1606 1230 1354 1231 
1607 809 849 808 
1608 38 260 37 
1609 1004 1124 854 
1610 1063 1425 1080 
1611 849 1091 1029 
1612 1239 1653 918 
1613 1037 1848 1063 
1614 818 1769 725 
1615 483 485 484 
1616 32 240 31 
1617 780 795 794 
1618 319 320 318 
1619 941 942 934 
1620 518 822 533 
1621 827 1640 809 
1622 222 1665 35 
1623 1306 1307 1305 
1624 1101 1102 1100 
1625 669 670 668 
1626 1044 1181 1129 
1627 87 1509 255 
1628 453 870 657 
1629 1089 1100 810 
1630 1359 1829 1076 
1631 481 482 480 
1632 1074 1355 1276 
1633 1006 1240 1239 
1634 335 336 334 
1635 786 832 800 
1636 557 801 614 
1637 1403 1405 1404 
1638 333 334 332 
1639 1191 1382 1189 
1640 1219 1851 957 
1641 633 709 635 
1642 1365 1367 1061 
1643 1394 1396 1102 
1644 1257 1288 672 
1645 396 542 404 
1646 755 1617 382 
1647 1315 1316 1314 
1648 923 924 902 
1649 485 487 486 
1650 901 902 900 
1651 1317 1318 1316 
1652 304 785 302 
1653 988 989 827 
1654 337 338 336 
1655 874 877 876 
1656 660 1655 610 
1657 841 858 857 
1658 30 261 29 
1659 899 900 617 
1660 1438 1439 1436 
1661 931 932 930 
1662 795 841 840 
1663 603 604 602 
1664 771 1591 1590 
1665 677 683 682 
1666 465 1717 545 
1667 311 312 310 
1668 694 711 693 
1669 714 736 735 
1670 963 1397 1036 
1671 542 1008 796 
1672 487 491 488 
1673 259 1666 33 
1674 667 668 665 
1675 1594 1595 1592 
1676 1091 1347 1216 
1677 339 340 338 
1678 1006 1239 918 
1679 385 755 382 
1680 530 549 531 
1681 40 239 39 
1682 322 771 320 
1683 1149 1150 1148 
1684 1187 1432 1002 
1685 990 1061 1060 
1686 988 990 989 
1687 716 765 659 
1688 586 813 588 
1689 1044 1129 937 
1690 376 378 377 
1691 1319 1320 1318 
1692 958 998 966 
1693 1440 1441 1439 
1694 662 666 664 
1695 381 383 379 
1696 571 791 573 
1697 858 860 859 
1698 990 1060 989 
1699 628 1182 672 
1700 317 318 316 
1701 603 898 617 
1702 496 1869 497 
1703 664 665 663 
1704 590 789 592 
1705 726 738 728 
1706 901 925 923 
1707 741 816 814 
1708 739 1821 741 
1709 582 746 584 
1710 832 958 865 
1711 313 314 312 
1712 1062 1135 997 
1713 932 1817 941 
1714 28 224 27 
1715 1442 1443 1441 
1716 592 1777 594 
1717 1321 1322 1320 
1718 47 1468 46 
1719 594 743 596 
1720 628 629 627 
1721 829 996 828 
1722 1065 1066 957 
1723 567 730 569 
1724 1351 1408 1350 
1725 1323 1330 1322 
1726 390 396 391 
1727 596 1662 598 
1728 681 693 680 
1729 971 1021 1020 
1730 649 677 676 
1731 1021 1024 1023 
1732 315 316 314 
1733 1055 1188 1053 
1734 600 603 602 
1735 1591 1594 1592 
1736 328 1843 326 
1737 860 971 970 
1738 563 781 565 
1739 1444 1445 1443 
1740 388 390 389 
1741 925 1049 1048 
1742 1146 1428 1194 
1743 924 1781 1096 
1744 662 663 661 
1745 396 404 397 
1746 366 431 364 
1747 823 871 533 
1748 308 344 306 
1749 1049 1370 1369 
1750 399 400 393 
1751 1405 1426 1406 
1752 898 1105 899 
1753 1210 1230 1211 
1754 932 941 934 
1755 833 1634 732 
1756 657 661 656 
1757 1163 1165 1164 
1758 453 656 437 
1759 42 262 41 
1760 1024 1163 1162 
1761 496 497 495 
1762 616 705 624 
1763 518 519 517 
1764 956 957 863 
1765 542 796 404 
1766 872 873 871 
1767 1257 1384 1288 
1768 1383 1464 1382 
1769 901 923 902 
1770 443 1573 438 
1771 483 484 482 
1772 915 931 930 
1773 644 1924 642 
1774 1152 1268 1153 
1775 655 721 701 
1776 888 890 889 
1777 357 358 356 
1778 998 1069 1068 
1779 1446 1447 1445 
1780 1240 1873 1239 
1781 1087 1758 765 
1782 378 380 379 
1783 374 375 372 
1784 1239 1654 1653 
1785 608 660 610 
1786 380 382 381 
1787 261 1670 29 
1788 497 502 499 
1789 1131 1147 1144 
1790 493 496 495 
1791 1096 1114 1111 
1792 603 617 604 
1793 942 1737 959 
1794 1436 1809 1178 
1795 633 634 632 
1796 1448 1449 1447 
1797 1450 1451 1449 
1798 96 1492 95 
1799 723 833 732 
1800 822 823 533 
1801 679 680 620 
1802 1252 1937 1112 
1803 514 515 513 
1804 811 1148 639 
1805 712 714 713 
1806 359 360 358 
1807 647 649 648 
1808 361 362 360 
1809 1008 1010 796 
1810 363 364 362 
1811 669 729 725 
1812 1452 1453 1451 
1813 738 810 739 
1814 371 372 370 
1815 1182 1257 672 
1816 456 465 464 
1817 401 403 402 
1818 982 1824 872 
1819 942 959 944 
1820 669 725 670 
1821 899 901 900 
1822 925 1048 923 
1823 1692 1694 1693 
1824 1409 1410 1408 
1825 622 628 627 
1826 1049 1369 1048 
1827 372 373 370 
1828 1454 1455 1453 
1829 1293 1768 1291 
1830 485 486 484 
1831 738 1088 810 
1832 1642 1644 1643 
1833 898 899 617 
1834 1297 1328 1295 
1835 819 1615 974 
1836 381 388 383 
1837 376 377 375 
1838 628 672 629 
1839 704 753 703 
1840 1171 1172 1169 
1841 667 669 668 
1842 959 1198 1187 
1843 377 887 375 
1844 729 819 818 
1845 823 872 871 
1846 403 438 437 
1847 338 341 336 
1848 402 1098 400 
1849 880 1052 879 
1850 26 263 25 
1851 664 667 665 
1852 1303 1329 1301 
1853 1089 1101 1100 
1854 1770 1879 1098 
1855 877 879 876 
1856 365 366 364 
1857 369 370 368 
1858 1088 1116 1089 
1859 530 531 522 
1860 487 488 486 
1861 712 751 714 
1862 45 227 44 
1863 332 439 330 
1864 1101 1394 1102 
1865 515 518 517 
1866 1152 1153 1150 
1867 874 875 873 
1868 224 1675 27 
1869 645 647 646 
1870 657 662 661 
1871 681 772 694 
1872 694 712 711 
1873 662 664 663 
1874 401 402 400 
1875 1101 1395 1394 
1876 48 248 47 
1877 959 1187 1002 
1878 294 435 292 
1879 876 878 875 
1880 1136 1186 1185 
1881 689 888 793 
1882 686 688 687 
1883 729 818 725 
1884 380 381 379 
1885 51 229 50 
1886 977 1030 892 
1887 1456 1457 1455 
1888 1052 1154 879 
1889 1069 1337 1336 
1890 93 1485 92 
1891 1073 1074 1001 
1892 1310 1333 1307 
1893 683 703 682 
1894 453 657 656 
1895 504 514 513 
1896 1088 1089 810 
1897 403 437 402 
1898 1165 1358 1352 
1899 819 974 818 
1900 438 453 437 
1901 367 368 366 
1902 872 874 873 
1903 549 619 550 
1904 878 1073 1001 
1905 681 694 693 
1906 640 642 641 
1907 360 618 358 
1908 643 645 644 
1909 776 844 780 
1910 518 533 519 
1911 1121 1122 1090 
1912 1004 1242 1124 
1913 524 1797 526 
1914 53 264 52 
1915 1258 1430 1154 
1916 1183 1210 1184 
1917 1066 1220 1219 
1918 619 678 620 
1919 790 836 765 
1920 793 1612 719 
1921 378 379 377 
1922 1316 1325 1314 
1923 876 1785 878 
1924 1354 1391 1231 
1925 1066 1219 957 
1926 686 687 580 
1927 1062 1136 1135 
1928 678 717 679 
1929 980 1028 889 
1930 550 1126 531 
1931 679 681 680 
1932 316 343 314 
1933 874 876 875 
1934 890 980 889 
1935 753 854 703 
1936 1198 1348 1187 
1937 689 719 675 
1938 677 682 676 
1939 1052 1258 1154 
1940 795 969 841 
1941 526 581 537 
1942 753 863 854 
1943 1017 1133 836 
1944 56 232 55 
1945 402 1770 1098 
1946 545 1090 464 
1947 1004 1243 1242 
1948 23 231 22 
1949 312 767 310 
1950 21 265 20 
1951 682 812 676 
1952 96 1481 234 
1953 888 889 793 
1954 549 550 531 
1955 1136 1377 1186 
1956 1155 1338 1028 
1957 663 1609 834 
1958 640 643 642 
1959 649 676 648 
1960 1032 1283 936 
1961 863 1004 854 
1962 16 1686 15 
1963 18 233 17 
1964 548 1773 576 
1965 456 464 445 
1966 688 1583 750 
1967 264 1678 52 
1968 265 1683 20 
1969 633 635 634 
1970 545 1121 1090 
1971 1322 1326 1320 
1972 1330 1772 1322 
1973 678 679 620 
1974 619 620 550 
1975 1074 1356 1355 
1976 1230 1231 1211 
1977 576 689 675 
1978 648 734 646 
1979 980 1155 1028 
1980 647 648 646 
1981 643 644 642 
1982 762 861 786 
1983 821 950 835 
1984 58 267 57 
1985 284 761 282 
1986 465 545 464 
1987 288 555 286 
1988 464 1742 445 
1989 1358 1378 1364 
1990 1032 1286 1284 
1991 935 936 884 
1992 1155 1349 1338 
1993 689 793 719 
1994 883 981 935 
1995 228 1484 93 
1996 645 646 644 
1997 756 1171 1169 
1998 860 1058 971 
1999 899 1564 901 
2000 996 1051 997 
2001 1003 1502 958 
2002 282 1837 280 
2003 637 639 638 
2004 84 1532 221 
2005 836 1087 765 
2006 15 237 14 
2007 88 1500 89 
2008 60 238 59 
2009 1917 1986 268 
2010 280 1083 278 
2011 13 266 12 
2012 1210 1211 1184 
2013 786 1747 832 
2014 996 997 828 
2015 62 241 61 
2016 1051 1062 997 
2017 11 242 10 
2018 94 1484 253 
2019 832 1003 958 
2020 35 1665 34 
2021 1032 1284 1283 
2022 935 1032 936 
2023 33 1666 32 
2024 1173 1174 1172 
2025 1051 1228 1062 
2026 635 637 636 
2027 29 1670 28 
2028 1517 1518 245 
2029 639 640 638 
2030 1509 1510 255 
2031 555 1547 286 
2032 883 884 882 
2033 590 1745 789 
2034 1024 1340 1163 
2035 635 636 634 
2036 20 1683 19 
2037 27 1675 26 
2038 883 935 884 
2039 237 1685 14 
2040 1211 1212 1184 
2041 981 1589 935 
2042 821 835 748 
2043 52 1678 51 
2044 2 2034 69 
2045 1642 1920 1644 
2046 1353 1412 1337 
2047 1263 1515 991 
2048 637 638 636 
2049 820 1499 992 
2050 1566 1567 1565 
2051 750 882 687 
2052 1183 1184 1176 
2053 92 1485 254 
2054 65 249 64 
2055 668 1619 864 
2056 392 1735 398 
2057 1069 1353 1337 
2058 688 750 687 
2059 1415 1416 1161 
2060 1173 1183 1176 
2061 95 1481 96 
2062 950 1158 976 
2063 558 1696 658 
2064 1489 1723 1486 
2065 242 1689 10 
2066 928 1871 509 
2067 750 883 882 
2068 14 1685 13 
2069 1160 1161 976 
2070 64 1701 63 
2071 249 1701 64 
2072 687 1716 580 
2073 1642 1643 894 
2074 1165 1431 1358 
2075 797 1530 599 
2076 1176 1407 1174 
2077 1583 1584 750 
2078 895 1536 897 
2079 1171 1173 1172 
2080 1541 1578 720 
2081 1160 1418 1415 
2082 457 1735 754 
2083 10 1689 9 
2084 1601 1608 1600 
2085 1592 1865 1783 
2086 950 976 835 
2087 248 1468 47 
2088 1749 1750 1203 
2089 1160 1415 1161 
2090 577 1796 690 
2091 680 1898 620 
2092 599 1530 597 
2093 869 1775 867 
2094 1173 1176 1174 
2095 1158 1160 976 
2096 617 1545 604 
2097 81 1587 246 
2098 82 1543 83 
2099 1324 1652 1319 
2100 685 1514 939 
2101 565 1722 567 
2102 1581 1582 1580 
2103 579 1514 685 
2104 1535 1536 895 
2105 1084 1516 455 
2106 830 1537 354 
2107 1234 1555 851 
2108 1248 1571 1158 
2109 538 1717 465 
2110 1048 1562 923 
2111 978 1531 1013 
2112 1512 1513 1511 
2113 706 1550 575 
2114 610 1655 612 
2115 1525 1526 1256 
2116 351 1631 348 
2117 870 1586 657 
2118 8 252 7 
2119 67 271 66 
2120 950 1515 1159 
2121 991 1515 821 
2122 346 1648 339 
2123 248 1469 1468 
2124 1178 1809 1097 
2125 93 1484 94 
2126 732 1634 776 
2127 404 1650 405 
2128 1625 1635 1246 
2129 727 1636 1620 
2130 789 1777 592 
2131 594 1777 743 
2132 743 1662 596 
2133 444 1525 886 
2134 1319 1652 1321 
2135 667 1572 669 
2136 15 1686 237 
2137 255 1500 88 
2138 1049 1568 1370 
2139 324 1611 322 
2140 748 1583 688 
2141 765 1758 659 
2142 320 1590 318 
2143 1692 1693 252 
2144 1520 1521 1519 
2145 364 1718 362 
2146 397 1623 391 
2147 1096 1781 1114 
2148 886 1525 1256 
2149 720 1578 675 
2150 1105 1564 899 
2151 382 1617 381 
2152 438 1573 453 
2153 747 1499 820 
2154 286 1547 284 
2155 901 1564 925 
2156 804 1714 962 
2157 326 1843 342 
2158 597 1530 770 
2159 101 1478 100 
2160 851 1555 825 
2161 1322 1772 1326 
2162 445 1742 443 
2163 1076 1829 1223 
2164 532 1514 579 
2165 719 1612 762 
2166 920 1610 993 
2167 1714 1849 1086 
2168 1351 1656 1409 
2169 1138 1597 975 
2170 1090 1742 464 
2171 442 1525 444 
2172 437 1770 402 
2173 1385 1656 1351 
2174 1446 1475 1448 
2175 941 1737 942 
2176 91 1498 1495 
2177 79 1639 80 
2178 456 1516 532 
2179 961 1621 805 
2180 455 1516 456 
2181 34 1665 259 
2182 1689 1690 9 
2183 931 1817 932 
2184 580 1716 538 
2185 725 1769 726 
2186 892 1615 819 
2187 958 1502 998 
2188 979 1614 1613 
2189 601 1535 895 
2190 32 1666 240 
2191 1832 1858 505 
2192 846 1627 1025 
2193 1587 1588 246 
2194 728 1636 727 
2195 959 1737 1198 
2196 1104 1976 1721 
2197 1139 1628 1008 
2198 927 1635 783 
2199 761 1837 282 
2200 9 1690 8 
2201 28 1670 224 
2202 1724 1914 1238 
2203 1529 1530 797 
2204 763 1541 720 
2205 861 1747 786 
2206 241 1688 1687 
2207 935 1589 1032 
2208 922 1712 625 
2209 280 1837 1083 
2210 605 1535 602 
2211 1019 1852 808 
2212 539 1828 1520 
2213 832 1747 1003 
2214 919 1649 1006 
2215 989 1640 827 
2216 842 1541 763 
2217 1291 1768 1529 
2218 576 1773 689 
2219 602 1535 601 
2220 26 1675 263 
2221 500 1659 498 
2222 581 1774 537 
2223 806 1641 708 
2224 825 1555 868 
2225 809 1640 849 
2226 699 1641 894 
2227 78 1715 77 
2228 1029 1754 1019 
2229 994 1720 1109 
2230 880 1710 1054 
2231 918 1653 911 
2232 815 1822 963 
2233 559 1696 558 
2234 526 1797 581 
2235 894 1672 697 
2236 946 1789 948 
2237 657 1586 662 
2238 1205 1668 1363 
2239 750 1584 883 
2240 51 1678 229 
2241 882 1716 687 
2242 416 1756 414 
2243 810 1821 739 
2244 896 1529 797 
2245 1339 1622 1028 
2246 1064 1765 1039 
2247 61 1687 60 
2248 695 1672 1671 
2249 1637 1893 1099 
2250 868 1555 1079 
2251 1678 1679 229 
2252 1399 1822 814 
2253 578 1671 511 
2254 226 1498 90 
2255 1106 1735 392 
2256 878 1785 1073 
2257 532 1516 1514 
2258 60 1687 238 
2259 741 1821 816 
2260 241 1687 61 
2261 1691 1692 252 
2262 77 1739 78 
2263 1291 1529 1034 
2264 744 1733 1660 
2265 941 1738 1737 
2266 411 1703 429 
2267 1158 1571 1160 
2268 979 1613 912 
2269 1239 1873 1654 
2270 931 1874 1817 
2271 879 1785 876 
2272 872 1824 874 
2273 897 1536 1092 
2274 821 1515 950 
2275 1070 1740 1103 
2276 405 1650 434 
2277 1233 1559 1254 
2278 1699 1700 249 
2279 1094 1696 559 
2280 796 1650 404 
2281 13 1685 266 
2282 1055 1760 1190 
2283 686 1660 747 
2284 1023 1560 1020 
2285 1034 1529 896 
2286 1008 1628 1010 
2287 420 1787 418 
2288 537 1774 548 
2289 1036 1848 1037 
2290 1816 1862 581 
2291 608 1736 660 
2292 912 1613 910 
2293 1103 1779 954 
2294 1232 1559 1233 
2295 900 1549 1545 
2296 1095 1549 902 
2297 1236 1798 871 
2298 1645 1646 1302 
2299 497 1869 502 
2300 1125 1630 1629 
2301 1204 1720 994 
2302 524 1798 1797 
2303 606 1736 608 
2304 458 1544 430 
2305 1766 1883 1536 
2306 1641 1642 894 
2307 419 1878 421 
2308 481 1868 1795 
2309 482 1841 480 
2310 401 1753 403 
2311 476 1868 478 
2312 483 1795 733 
2313 417 1763 428 
2314 354 1537 355 
2315 893 1531 978 
2316 358 1810 356 
2317 1296 1638 1298 
2318 910 1613 916 
2319 575 1550 547 
2320 449 1786 448 
2321 733 1832 485 
2322 713 1779 711 
2323 1710 1711 1054 
2324 40 1674 239 
2325 451 1845 463 
2326 1063 1848 1425 
2327 1485 1723 254 
2328 925 1564 1388 
2329 957 1851 863 
2330 262 1674 41 
2331 1436 1859 1809 
2332 246 1543 82 
2333 18 1684 233 
2334 675 1578 674 
2335 769 1578 1232 
2336 970 1565 859 
2337 425 1910 424 
2338 97 1490 98 
2339 1672 1794 1671 
2340 76 1799 258 
2341 487 1832 505 
2342 604 1545 606 
2343 470 1812 472 
2344 76 1792 75 
2345 1109 1733 838 
2346 884 1548 882 
2347 1987 2009 1259 
2348 1548 1716 882 
2349 661 1579 656 
2350 859 1755 857 
2351 433 1825 447 
2352 1279 1668 1205 
2353 618 1810 358 
2354 1686 2118 1566 
2355 567 1722 730 
2356 442 1753 1525 
2357 1425 1950 1080 
2358 776 1634 844 
2359 1097 1809 1537 
2360 1300 1645 1302 
2361 453 1573 870 
2362 662 1586 666 
2363 104 274 103 
2364 941 1817 1738 
2365 902 1549 900 
2366 1115 1566 1565 
2367 473 1782 476 
2368 90 1498 91 
2369 909 1629 913 
2370 1660 1733 1499 
2371 923 1562 924 
2372 659 1758 560 
2373 1439 1859 1436 
2374 1238 1531 893 
2375 793 1622 1612 
2376 1125 1629 907 
2377 103 1480 104 
2378 907 1629 909 
2379 674 1578 769 
2380 545 1907 1121 
2381 355 1537 394 
2382 1740 1741 1103 
2383 945 1826 952 
2384 1028 1622 889 
2385 891 1572 1238 
2386 588 1745 590 
2387 403 1753 442 
2388 1493 1695 1492 
2389 752 1544 458 
2390 883 1584 981 
2391 443 1742 1573 
2392 1124 1881 854 
2393 694 1833 712 
2394 1611 1913 1593 
2395 649 1844 677 
2396 703 1881 682 
2397 1223 1775 869 
2398 322 1611 771 
2399 284 1547 761 
2400 474 1808 1782 
2401 1362 1560 1023 
2402 356 1631 351 
2403 656 1770 437 
2404 97 1491 236 
2405 1525 1753 1526 
2406 1032 1589 1286 
2407 1806 2211 1944 
2408 840 1580 794 
2409 1306 1651 1308 
2410 1683 1684 19 
2411 1748 1749 1203 
2412 1148 1992 1885 
2413 1567 1840 1755 
2414 1160 1571 1418 
2415 381 1617 388 
2416 343 1865 1744 
2417 926 1648 346 
2418 669 1572 729 
2419 835 1583 748 
2420 548 1774 1773 
2421 693 1834 680 
2422 1234 1791 1555 
2423 287 1503 289 
2424 740 1636 728 
2425 19 1684 18 
2426 293 1790 295 
2427 889 1622 793 
2428 581 1862 1774 
2429 834 1579 661 
2430 905 1663 1125 
2431 762 1612 861 
2432 707 1714 804 
2433 1520 1828 1523 
2434 391 1623 757 
2435 1366 1638 1296 
2436 528 1528 460 
2437 406 1632 1623 
2438 665 1609 663 
2439 975 1597 1392 
2440 917 1610 920 
2441 689 1773 888 
2442 1690 1691 252 
2443 759 1632 408 
2444 1149 1850 1151 
2445 1030 1615 892 
2446 1052 1726 1258 
2447 903 1663 905 
2448 1717 1907 545 
2449 937 1808 798 
2450 519 1798 524 
2451 1817 1818 1738 
2452 1030 1616 1615 
2453 291 1511 293 
2454 670 1619 668 
2455 484 1725 1119 
2456 41 1674 40 
2457 1118 1548 884 
2458 1068 1504 966 
2459 8 1690 252 
2460 1177 1540 1437 
2461 1579 1770 656 
2462 486 1725 484 
2463 425 1958 1910 
2464 1513 1828 1790 
2465 871 1798 533 
2466 805 1621 807 
2467 965 1540 960 
2468 1005 1581 1580 
2469 1711 1760 1054 
2470 775 1598 731 
2471 727 1620 1619 
2472 981 1854 1589 
2473 726 1769 738 
2474 1562 1781 924 
2475 1115 1565 970 
2476 522 1863 508 
2477 1776 1820 1814 
2478 771 1611 1593 
2479 219 1639 79 
2480 491 1776 488 
2481 870 1857 1586 
2482 847 1627 846 
2483 335 1558 1557 
2484 888 1773 1237 
2485 1161 1788 976 
2486 679 1866 681 
2487 645 1882 647 
2488 94 1494 225 
2489 983 1926 1022 
2490 838 1733 744 
2491 857 1755 1005 
2492 1332 1645 1300 
2493 1345 1791 1234 
2494 234 1490 97 
2495 783 1635 691 
2496 747 1660 1499 
2497 297 1519 299 
2498 272 274 104 
2499 806 1852 1641 
2500 1661 1662 1235 
2501 1710 1827 1711 
2502 794 1778 779 
2503 716 1707 790 
2504 1006 1649 1241 
2505 1100 1821 810 
2506 1824 1827 1710 
2507 388 1617 1085 
2508 813 1745 588 
2509 729 1572 891 
2510 1814 1981 1897 
2511 849 1640 1091 
2512 911 1653 908 
2513 533 1798 519 
2514 673 1512 1511 
2515 1716 1717 538 
2516 1053 1726 1052 
2517 393 1585 385 
2518 1545 1736 606 
2519 410 1658 759 
2520 488 1776 490 
2521 299 1811 301 
2522 898 1661 1235 
2523 916 1610 917 
2524 803 1714 707 
2525 489 1725 486 
2526 1492 1494 95 
2527 600 1661 603 
2528 408 1632 406 
2529 948 1789 1157 
2530 1555 1791 1079 
2531 527 1658 412 
2532 1288 1912 1911 
2533 1043 1860 1044 
2534 104 1480 273 
2535 77 1715 257 
2536 874 1824 877 
2537 230 1802 1801 
2538 1916 1917 268 
2539 1735 1842 754 
2540 1626 1906 1271 
2541 1579 1879 1770 
2542 1188 1726 1053 
2543 1309 1651 1306 
2544 807 1621 826 
2545 752 1847 1544 
2546 864 1609 665 
2547 1154 1785 879 
2548 727 1619 670 
2549 356 1810 1631 
2550 963 1822 1397 
2551 678 1923 718 
2552 1005 1580 840 
2553 539 1520 1519 
2554 1156 1596 1414 
2555 780 1734 795 
2556 607 1766 605 
2557 325 1577 327 
2558 252 1693 7 
2559 738 1769 1088 
2560 938 1756 416 
2561 295 1790 539 
2562 584 1746 586 
2563 1583 1788 1584 
2564 1817 1874 1818 
2565 1100 1902 1821 
2566 988 1596 990 
2567 947 1627 847 
2568 760 1503 287 
2569 345 1557 758 
2570 1844 1950 710 
2571 908 1653 906 
2572 1274 1765 1064 
2573 855 1771 742 
2574 560 1528 528 
2575 625 1712 492 
2576 691 1635 696 
2577 976 1788 835 
2578 1544 1823 430 
2579 335 1557 337 
2580 1529 1768 1530 
2581 1549 1736 1545 
2582 65 1699 249 
2583 1232 1578 1541 
2584 1084 1807 1516 
2585 258 1739 77 
2586 1108 1698 1093 
2587 1398 1848 1036 
2588 309 1542 311 
2589 842 1954 1559 
2590 1328 1948 1903 
2591 73 1915 72 
2592 1087 1846 1758 
2593 399 1823 401 
2594 715 1713 802 
2595 650 1909 1908 
2596 877 1824 1710 
2597 323 1575 325 
2598 228 1533 1484 
2599 1526 1823 1544 
2600 271 1699 66 
2601 1528 1846 752 
2602 673 1511 291 
2603 1643 1672 894 
2604 960 1540 1177 
2605 1288 1911 672 
2606 1346 1504 1068 
2607 1516 1807 1514 
2608 310 1732 308 
2609 313 1551 315 
2610 1499 1880 992 
2611 342 1913 1611 
2612 378 1538 380 
2613 1190 1760 1390 
2614 412 1658 410 
2615 560 1758 1528 
2616 570 1680 568 
2617 1119 1841 482 
2618 423 1787 420 
2619 967 1598 775 
2620 1663 1784 1659 
2621 98 1491 97 
2622 568 1681 566 
2623 1514 1807 939 
2624 1853 1854 981 
2625 463 1845 468 
2626 812 1867 676 
2627 1122 1856 1090 
2628 835 1788 1583 
2629 1758 1846 1528 
2630 1755 1840 1005 
2631 385 1585 755 
2632 329 1618 331 
2633 1106 1842 1735 
2634 802 1707 716 
2635 539 1519 297 
2636 1563 1781 1562 
2637 1328 1887 1295 
2638 1293 1887 1768 
2639 7 1693 6 
2640 943 1556 934 
2641 1856 1857 870 
2642 779 1778 967 
2643 427 1825 433 
2644 1876 1877 1140 
2645 863 1851 1004 
2646 822 2053 1751 
2647 357 1657 359 
2648 666 1914 1724 
2649 492 1712 489 
2650 1814 1896 1813 
2651 1134 1786 449 
2652 642 1924 756 
2653 353 1576 1575 
2654 279 1574 281 
2655 839 1889 995 
2656 407 1704 409 
2657 603 1661 898 
2658 301 1811 454 
2659 1137 1969 1341 
2660 711 1779 782 
2661 573 1752 582 
2662 86 1517 245 
2663 472 1812 541 
2664 1134 1934 1786 
2665 650 1908 543 
2666 595 1903 593 
2667 547 1624 536 
2668 1548 1717 1716 
2669 361 1673 363 
2670 1536 1883 1092 
2671 95 1494 94 
2672 2059 2069 953 
2673 1706 1888 749 
2674 990 1596 1156 
2675 667 1724 1572 
2676 530 1921 549 
2677 1544 1847 1526 
2678 742 1771 740 
2679 611 1706 609 
2680 641 1947 638 
2681 844 1734 780 
2682 1636 1895 1620 
2683 365 1697 367 
2684 1559 1954 1254 
2685 740 1771 1636 
2686 1925 1998 1924 
2687 1771 1895 1636 
2688 66 1699 65 
2689 1537 1809 394 
2690 1141 1895 1771 
2691 314 1743 312 
2692 248 1473 1469 
2693 956 1761 1078 
2694 1329 2020 2015 
2695 1110 1892 1095 
2696 468 1845 1117 
2697 746 1746 584 
2698 1788 1853 1584 
2699 1712 1725 489 
2700 749 1766 607 
2701 949 1626 947 
2702 1584 1853 981 
2703 1846 1847 752 
2704 666 1724 664 
2705 704 1761 753 
2706 682 1881 812 
2707 1005 1840 1581 
2708 772 1833 694 
2709 427 1910 1825 
2710 337 1557 345 
2711 952 1826 1127 
2712 1625 1946 803 
2713 1090 1856 1742 
2714 1235 1875 1400 
2715 913 1677 915 
2716 430 1823 399 
2717 553 1984 551 
2718 768 1844 649 
2719 1742 1856 1573 
2720 1059 1637 1099 
2721 436 1542 309 
2722 1009 1876 1140 
2723 1374 1839 1556 
2724 544 1894 702 
2725 982 1827 1824 
2726 701 1729 723 
2727 1573 1856 870 
2728 1641 1852 1642 
2729 1857 1870 1586 
2730 1462 1698 1108 
2731 1496 1533 228 
2732 1736 1892 660 
2733 353 1575 323 
2734 83 1546 220 
2735 734 1925 646 
2736 881 1538 378 
2737 1586 1870 666 
2738 1773 1774 1237 
2739 1246 1946 1625 
2740 413 1764 415 
2741 1004 1851 1243 
2742 767 1732 310 
2743 564 1709 562 
2744 1092 1883 1107 
2745 1774 1862 1237 
2746 1797 1798 1236 
2747 1476 1561 1478 
2748 1782 1960 1868 
2749 1181 2058 2004 
2750 930 1838 929 
2751 1794 1980 1919 
2752 676 1867 648 
2753 766 1551 313 
2754 1876 1891 1877 
2755 623 1705 615 
2756 764 1713 715 
2757 1129 1808 937 
2758 737 1956 634 
2759 491 1820 1776 
2760 1653 1654 906 
2761 541 1812 837 
2762 338 1965 341 
2763 495 1784 494 
2764 307 1933 436 
2765 1107 1888 1120 
2766 749 1883 1766 
2767 1975 1993 724 
2768 85 1524 86 
2769 698 1625 803 
2770 1531 1914 1249 
2771 1508 1954 842 
2772 1260 1850 1149 
2773 1786 1934 1845 
2774 1314 1731 1311 
2775 671 1680 570 
2776 672 1911 629 
2777 955 1748 1203 
2778 743 1875 1662 
2779 803 1849 1714 
2780 1530 1768 770 
2781 736 1748 735 
2782 1883 1888 1107 
2783 904 1654 922 
2784 992 1880 1193 
2785 343 1744 1743 
2786 1541 1559 1232 
2787 837 1968 940 
2788 543 1908 534 
2789 1782 1868 476 
2790 1238 1914 1531 
2791 349 1618 329 
2792 885 1976 1123 
2793 1852 1920 1642 
2794 409 1704 1703 
2795 1295 1887 1293 
2796 1768 1887 770 
2797 477 1730 475 
2798 531 1863 522 
2799 632 1956 824 
2800 255 1727 1500 
2801 648 1867 734 
2802 934 1556 933 
2803 801 1938 614 
2804 1441 1978 1932 
2805 760 2208 1431 
2806 903 1784 1663 
2807 717 1866 679 
2808 593 1948 591 
2809 1592 1783 1590 
2810 318 1783 316 
2811 1441 1932 1439 
2812 773 1882 645 
2813 1044 1860 1226 
2814 490 1813 493 
2815 1333 2080 2078 
2816 394 1657 357 
2817 1548 1907 1717 
2818 875 1815 873 
2819 824 1979 630 
2820 1085 1891 1876 
2821 770 1903 595 
2822 753 1761 956 
2823 1549 1892 1736 
2824 995 1889 1278 
2825 1809 1859 394 
2826 1643 1794 1672 
2827 1161 1853 1788 
2828 1821 1902 816 
2829 791 1752 573 
2830 755 1891 1617 
2831 646 1925 644 
2832 1110 1937 1892 
2833 536 1624 546 
2834 1662 1875 1235 
2835 1095 1892 1549 
2836 774 1673 361 
2837 292 1973 290 
2838 1478 1479 244 
2839 627 1979 626 
2840 1041 1861 1247 
2841 696 1635 1625 
2842 1231 1800 1211 
2843 1834 1974 1898 
2844 374 1759 376 
2845 1892 1937 660 
2846 964 1664 856 
2847 513 1836 512 
2848 1057 1574 279 
2849 1835 1974 1834 
2850 1952 1988 1255 
2851 556 1961 553 
2852 87 1517 86 
2853 1630 1874 1677 
2854 1272 2046 2006 
2855 352 1967 298 
2856 542 1780 1009 
2857 1416 1853 1161 
2858 654 1702 652 
2859 644 1925 1924 
2860 390 1780 396 
2861 1730 1977 1767 
2862 387 1697 365 
2863 1630 1677 1629 
2864 511 1793 462 
2865 1868 1960 1795 
2866 749 1888 1883 
2867 1776 1814 1813 
2868 343 1743 314 
2869 510 1904 1659 
2870 792 1706 611 
2871 2042 2057 692 
2872 1047 1626 949 
2873 1942 2108 1943 
2874 778 1820 506 
2875 1806 1939 1175 
2876 1526 1847 1256 
2877 1706 1962 1888 
2878 535 1894 544 
2879 1657 1932 774 
2880 664 1724 667 
2881 1820 1981 1814 
2882 505 1858 507 
2883 758 1957 347 
2884 1211 1800 1212 
2885 350 1957 452 
2886 1338 2258 1339 
2887 1769 1864 1088 
2888 922 1935 1712 
2889 1237 1862 1259 
2890 1595 1865 1592 
2891 1098 1953 1585 
2892 799 1890 866 
2893 1432 2160 1223 
2894 1814 1897 1896 
2895 466 1721 577 
2896 1213 1637 1059 
2897 1104 1721 467 
2898 415 1764 1763 
2899 1478 1561 1479 
2900 1112 1937 1110 
2901 906 1654 904 
2902 755 1953 1891 
2903 1808 1960 1782 
2904 1891 1953 1877 
2905 1629 1677 913 
2906 1081 1955 1274 
2907 1126 1863 531 
2908 842 1559 1541 
2909 509 1871 523 
2910 1815 1816 1236 
2911 1617 1891 1085 
2912 620 1898 550 
2913 721 1729 701 
2914 660 1937 1655 
2915 1747 2250 1003 
2916 1575 1577 325 
2917 1887 1903 770 
2918 1122 1857 1856 
2919 916 1855 1610 
2920 494 1784 903 
2921 735 1748 955 
2922 506 1820 491 
2923 1825 1910 1826 
2924 1231 2008 1800 
2925 1439 1932 1859 
2926 1228 1831 1792 
2927 621 1991 613 
2928 987 1884 1245 
2929 269 1805 1804 
2930 1297 1975 1328 
2931 84 1546 83 
2932 1510 1727 255 
2933 933 1838 930 
2934 718 1923 852 
2935 1262 2050 2038 
2936 1640 1872 1091 
2937 933 1839 1838 
2938 340 1965 338 
2939 1391 2008 1231 
2940 651 1709 564 
2941 1047 1906 1626 
2942 696 1625 698 
2943 426 1819 423 
2944 1118 1907 1548 
2945 1870 1914 666 
2946 612 1971 616 
2947 1328 1903 1887 
2948 1252 1971 1655 
2949 1245 1893 1467 
2950 1614 1855 1613 
2951 817 1705 623 
2952 469 1767 1104 
2953 540 1730 477 
2954 1507 1928 1506 
2955 1254 1954 1928 
2956 475 1767 471 
2957 72 1915 268 
2958 221 1524 85 
2959 305 1933 307 
2960 1932 1978 774 
2961 1812 1968 837 
2962 1325 1731 1314 
2963 1888 1962 1120 
2964 1236 1816 1797 
2965 836 1988 1087 
2966 1019 1920 1852 
2967 1621 1884 826 
2968 1890 1969 1137 
2969 441 1919 440 
2970 1227 1906 1047 
2971 1058 1963 971 
2972 940 2019 1282 
2973 1976 1977 1123 
2974 1135 2001 1931 
2975 91 1997 90 
2976 1915 1916 268 
2977 1679 2293 1652 
2978 1767 1977 1104 
2979 1087 1952 1846 
2980 38 1983 260 
2981 239 1983 39 
2982 1644 1980 1643 
2983 1590 1783 318 
2984 1247 1946 1246 
2985 1776 1813 490 
2986 1928 1954 1506 
2987 1680 1681 568 
2988 1506 1954 1508 
2989 1324 2095 1652 
2990 1328 1975 1948 
2991 1563 1959 1781 
2992 1222 1985 1266 
2993 1117 1968 1812 
2994 1463 2323 1967 
2995 1795 2004 733 
2996 629 1911 631 
2997 971 1963 1021 
2998 1000 1815 875 
2999 1581 2175 1582 
3000 394 1859 1657 
3001 1654 1873 922 
3002 1556 1839 933 
3003 58 1989 267 
3004 1925 2072 1998 
3005 238 1989 59 
3006 999 1969 1890 
3007 591 1948 724 
3008 1125 1904 1630 
3009 756 1924 1171 
3010 1781 1959 1114 
3011 638 1947 636 
3012 1846 1952 1847 
3013 1088 1864 1116 
3014 1488 2250 1747 
3015 803 1946 1849 
3016 1301 1993 1299 
3017 1038 1664 964 
3018 2119 2301 1424 
3019 507 1858 928 
3020 866 1890 1137 
3021 1256 1952 1255 
3022 523 1871 535 
3023 1270 1861 1041 
3024 1859 1932 1657 
3025 516 1836 513 
3026 1367 2214 1632 
3027 550 1898 1126 
3028 1416 1854 1853 
3029 521 2141 2089 
3030 435 1973 292 
3031 369 1757 371 
3032 462 1793 450 
3033 1877 1953 1879 
3034 386 1759 374 
3035 834 1994 1579 
3036 2023 2090 227 
3037 258 2008 1739 
3038 396 1780 542 
3039 1091 1872 1347 
3040 298 1967 296 
3041 1721 1796 577 
3042 1207 1991 843 
3043 1705 1972 792 
3044 534 1921 530 
3045 1655 1937 1252 
3046 1609 2022 834 
3047 1119 1936 1841 
3048 220 1477 82 
3049 501 2341 1423 
3050 1643 1980 1794 
3051 845 1702 654 
3052 852 1923 1132 
3053 1585 1953 755 
3054 1075 2319 1422 
3055 1659 1904 1663 
3056 1512 1963 1513 
3057 1120 1962 1202 
3058 1877 1994 1140 
3059 1104 1977 1976 
3060 268 1986 71 
3061 936 2006 1118 
3062 1217 2137 2096 
3063 467 1721 466 
3064 1873 1935 922 
3065 240 2010 31 
3066 30 2010 261 
3067 1433 2210 266 
3068 2147 2335 2195 
3069 1474 2095 1324 
3070 1754 1920 1019 
3071 1712 1935 1725 
3072 1663 1904 1125 
3073 1613 1855 916 
3074 1038 1886 1664 
3075 347 1957 350 
3076 1443 1978 1441 
3077 1180 1955 1081 
3078 1153 2043 1992 
3079 1962 1972 1202 
3080 792 1962 1706 
3081 1273 2040 2027 
3082 643 1885 773 
3083 1445 2000 1443 
3084 69 2034 247 
3085 1725 1935 1119 
3086 636 1947 737 
3087 1871 1894 535 
3088 1202 1972 1215 
3089 1919 1980 440 
3090 1145 2002 1143 
3091 1001 2009 1000 
3092 1269 1886 1038 
3093 1857 1982 1870 
3094 1910 1958 1826 
3095 273 2324 2062 
3096 639 1885 640 
3097 1904 1995 1630 
3098 587 2020 585 
3099 1247 1985 1946 
3100 1793 1919 450 
3101 1249 1914 1870 
3102 1182 1930 1257 
3103 1445 2024 2000 
3104 1845 1934 1117 
3105 1130 1996 1252 
3106 446 1819 426 
3107 1340 2026 1163 
3108 826 1884 987 
3109 1165 2026 1431 
3110 1534 2255 1011 
3111 1866 2001 772 
3112 792 1972 1962 
3113 1299 1975 1297 
3114 653 2040 655 
3115 510 1995 1904 
3116 1466 2148 373 
3117 471 1767 469 
3118 1779 1929 782 
3119 953 2069 951 
3120 628 1938 1182 
3121 1522 1990 1521 
3122 1874 1995 1818 
3123 1312 2023 1327 
3124 1751 2244 1357 
3125 1605 2105 1608 
3126 839 2050 1889 
3127 1921 2017 1922 
3128 1363 2041 1204 
3129 1811 2028 454 
3130 616 1971 705 
3131 1946 1985 1849 
3132 518 2053 822 
3133 450 1919 441 
3134 1143 1996 1130 
3135 514 2053 515 
3136 1466 2030 1244 
3137 1847 1952 1256 
3138 1579 1994 1879 
3139 353 2233 1554 
3140 614 1938 622 
3141 774 1978 1673 
3142 1133 1988 836 
3143 1450 2039 1460 
3144 1084 2016 1807 
3145 1879 1994 1877 
3146 1121 2014 1122 
3147 1948 1975 724 
3148 705 2027 624 
3149 1153 1992 1150 
3150 1854 2033 1589 
3151 1475 2039 1448 
3152 1170 2093 1168 
3153 972 2114 984 
3154 1123 2013 1789 
3155 1157 2055 1285 
3156 724 2015 589 
3157 1219 2189 1588 
3158 1220 2189 1219 
3159 6 2060 5 
3160 1977 2013 1123 
3161 432 2021 446 
3162 1243 2097 1242 
3163 68 2062 67 
3164 1609 2054 2022 
3165 1644 2021 1980 
3166 1908 1921 534 
3167 1101 2047 1395 
3168 1116 2047 1089 
3169 2056 2073 1381 
3170 939 2050 745 
3171 512 2029 503 
3172 254 1997 91 
3173 1135 1931 997 
3174 754 2066 459 
3175 828 1931 717 
3176 1547 2188 1346 
3177 39 1983 38 
3178 1960 2004 1795 
3179 1889 2050 1262 
3180 2012 2018 1281 
3181 2089 2141 1285 
3182 1849 1985 1222 
3183 1956 2295 824 
3184 1816 1987 1862 
3185 618 2184 1810 
3186 235 2248 1464 
3187 1141 2007 1895 
3188 1471 2123 785 
3189 2135 2157 1471 
3190 1122 1982 1857 
3191 1936 2037 1841 
3192 1129 1960 1808 
3193 626 1979 1195 
3194 1252 1996 1971 
3195 59 1989 58 
3196 1889 2079 1278 
3197 1482 2031 1481 
3198 1968 2019 940 
3199 589 2015 587 
3200 1122 2014 1982 
3201 1249 1982 1015 
3202 1898 1974 1126 
3203 1692 2088 1694 
3204 1607 2073 845 
3205 1429 2135 1471 
3206 1185 2001 1135 
3207 81 1477 256 
3208 2016 2038 1807 
3209 1377 1949 1186 
3210 1329 1993 1301 
3211 1303 2042 1329 
3212 1950 2082 1179 
3213 637 1905 811 
3214 1694 2060 1693 
3215 1673 2000 387 
3216 1307 2057 1305 
3217 1327 2023 1676 
3218 1000 1987 1815 
3219 525 2074 520 
3220 1215 2012 1281 
3221 1608 2073 1600 
3222 709 1905 635 
3223 1974 1999 1126 
3224 1596 2030 1414 
3225 1991 2138 788 
3226 1862 1987 1259 
3227 1836 2065 512 
3228 777 1757 369 
3229 853 1951 829 
3230 613 1991 788 
3231 1255 2016 1084 
3232 782 1929 1835 
3233 1972 2012 1215 
3234 890 2044 980 
3235 1619 2051 864 
3236 622 1938 628 
3237 2007 2091 1895 
3238 1973 2098 290 
3239 1566 2229 1686 
3240 1259 2044 890 
3241 1705 2012 1972 
3242 2 2036 2034 
3243 1240 1936 1873 
3244 1702 2018 817 
3245 640 1885 643 
3246 1443 2000 1978 
3247 1433 2076 1164 
3248 1162 2076 1362 
3249 1240 2037 1936 
3250 512 2065 2029 
3251 1992 2043 773 
3252 778 1981 1820 
3253 1359 2203 1829 
3254 1132 1923 1922 
3255 1630 1995 1874 
3256 1447 2024 1445 
3257 1480 2232 1411 
3258 1017 2079 1262 
3259 1253 2075 1463 
3260 1990 2028 1521 
3261 1873 1936 1935 
3262 1815 1987 1816 
3263 733 2058 1832 
3264 1651 2023 1312 
3265 2067 2099 758 
3266 1961 1984 553 
3267 1842 2190 754 
3268 1870 1982 1249 
3269 1844 2082 1950 
3270 1995 2029 1818 
3271 1272 2077 1014 
3272 1633 2357 759 
3273 2000 2024 387 
3274 817 2018 2012 
3275 1283 2006 936 
3276 624 2027 653 
3277 1465 2122 1188 
3278 1325 2153 2127 
3279 1934 1968 1117 
3280 1262 2079 1889 
3281 277 2088 1057 
3282 1935 1936 1119 
3283 574 2080 572 
3284 1309 2090 1651 
3285 1449 2070 2049 
3286 31 2010 30 
3287 1417 2033 1854 
3288 1281 2018 1376 
3289 1066 2085 1220 
3290 1993 2015 724 
3291 1926 2176 1912 
3292 1010 2091 2007 
3293 1121 2046 2014 
3294 791 2154 1752 
3295 1241 2037 1240 
3296 864 2054 1609 
3297 1168 2093 1947 
3298 1826 1958 1127 
3299 1132 2114 972 
3300 1978 2000 1673 
3301 2002 2027 705 
3302 709 2176 1927 
3303 1737 2087 1198 
3304 1069 2106 1353 
3305 1521 2028 1811 
3306 791 2102 1475 
3307 1819 2137 1787 
3308 1922 2017 1132 
3309 1676 2023 227 
3310 1971 1996 705 
3311 1836 2087 2065 
3312 1732 2068 344 
3313 1127 1958 1142 
3314 1401 2101 1292 
3315 1294 2101 1366 
3316 1558 2067 1557 
3317 529 2113 561 
3318 1974 2045 1999 
3319 1276 2009 1001 
3320 1167 2064 1273 
3321 288 2098 555 
3322 1502 2106 998 
3323 730 2102 569 
3324 571 2102 791 
3325 834 2022 1994 
3326 1198 2128 1348 
3327 1173 1998 1183 
3328 2013 2055 1789 
3329 1273 2002 1145 
3330 2001 2061 772 
3331 1419 2092 1413 
3332 2107 2283 1193 
3333 633 2005 709 
3334 1594 2222 1595 
3335 1118 2046 1907 
3336 585 2020 692 
3337 817 2012 1705 
3338 243 2237 1417 
3339 521 2089 479 
3340 1449 2049 1447 
3341 2044 2071 980 
3342 1807 2038 939 
3343 951 2069 1134 
3344 1209 2007 1141 
3345 435 2323 1463 
3346 1569 2099 1568 
3347 71 1986 70 
3348 1194 2100 1224 
3349 1133 2038 2016 
3350 1367 2357 1633 
3351 231 2110 22 
3352 21 2110 265 
3353 1140 2022 1139 
3354 1163 2026 1165 
3355 1720 2107 1109 
3356 1998 2072 1183 
3357 1010 2120 796 
3358 1589 2033 1286 
3359 70 1986 270 
3360 2071 2086 1155 
3361 1214 2121 1201 
3362 2021 2052 446 
3363 1999 2045 1981 
3364 1656 2119 1409 
3365 1493 2106 1502 
3366 655 2040 721 
3367 692 2078 583 
3368 1507 2098 1973 
3369 1988 2016 1255 
3370 1126 1999 1863 
3371 71 2126 269 
3372 1981 2045 1897 
3373 1022 2059 953 
3374 300 2123 352 
3375 785 2123 302 
3376 1134 2019 1934 
3377 16 2118 1686 
3378 233 2118 17 
3379 1286 2271 2031 
3380 1749 2109 1827 
3381 1934 2019 1968 
3382 1150 1992 1148 
3383 1447 2049 2024 
3384 1920 2052 1644 
3385 1185 2061 2001 
3386 1581 2263 2175 
3387 997 1931 828 
3388 1644 2052 2021 
3389 515 2053 518 
3390 1754 2052 1920 
3391 269 1804 1803 
3392 2195 2335 1396 
3393 1305 2042 1303 
3394 2049 2070 777 
3395 1980 2021 440 
3396 82 1477 81 
3397 1329 2042 2020 
3398 1381 2105 1380 
3399 1015 2014 1272 
3400 2154 2192 1752 
3401 540 2013 1730 
3402 1263 2309 1700 
3403 1262 2038 1133 
3404 2006 2077 1272 
3405 1011 2133 977 
3406 1359 2238 2203 
3407 1467 2148 1466 
3408 1389 2134 1191 
3409 1204 2041 1720 
3410 1310 2112 1333 
3411 1982 2014 1015 
3412 2029 2065 1818 
3413 1275 2336 1899 
3414 387 2024 1697 
3415 1730 2013 1977 
3416 1751 2312 1750 
3417 1133 2016 1988 
3418 1841 2037 521 
3419 1448 2039 1450 
3420 1744 2115 1743 
3421 1789 2055 1157 
3422 454 2136 303 
3423 247 2126 70 
3424 1244 2030 1596 
3425 980 2071 1155 
3426 2014 2046 1272 
3427 1320 2151 1318 
3428 1880 2107 1193 
3429 1453 2124 2094 
3430 1475 2154 791 
3431 440 2021 432 
3432 1057 2117 1574 
3433 1907 2046 1121 
3434 1079 2135 985 
3435 1077 2135 1429 
3436 1376 2056 1381 
3437 736 2109 1748 
3438 1329 2015 1993 
3439 2022 2054 1139 
3440 373 2148 370 
3441 921 2155 1649 
3442 887 2318 1419 
3443 1863 1999 778 
3444 1540 2246 1437 
3445 1430 2139 1154 
3446 1424 2301 1279 
3447 1058 2294 1523 
3448 421 2142 422 
3449 1089 2047 1101 
3450 1558 2169 2067 
3451 2128 2171 1348 
3452 1056 1951 853 
3453 67 2062 271 
3454 1337 2146 1372 
3455 1754 2096 2052 
3456 1026 1918 973 
3457 510 2029 1995 
3458 1128 2186 1927 
3459 2018 2056 1376 
3460 43 2156 42 
3461 503 2029 510 
3462 1181 2004 1129 
3463 1928 2075 1254 
3464 1951 2165 1218 
3465 1072 2011 1275 
3466 439 2159 330 
3467 1612 2144 861 
3468 328 2159 1843 
3469 745 2050 839 
3470 1697 2049 777 
3471 1994 2022 1140 
3472 1858 2103 928 
3473 1199 2064 1167 
3474 635 1905 637 
3475 1702 2056 2018 
3476 1805 2211 1806 
3477 2019 2069 1282 
3478 459 2066 461 
3479 1339 2144 1622 
3480 2009 2044 1259 
3481 1693 2060 6 
3482 1200 2061 1185 
3483 1381 2073 1608 
3484 1213 2207 1719 
3485 1446 2154 1475 
3486 772 2061 1833 
3487 1129 2004 1960 
3488 1810 2152 1631 
3489 540 2055 2013 
3490 1785 2139 1073 
3491 734 2072 1925 
3492 1196 2259 1208 
3493 1911 2005 631 
3494 1924 1998 1171 
3495 2086 2297 223 
3496 1997 2202 90 
3497 1282 2069 2059 
3498 1379 2117 1691 
3499 2024 2049 1697 
3500 1134 2069 2019 
3501 1453 2094 1451 
3502 1608 2105 1381 
3503 305 2136 1933 
3504 1481 2031 234 
3505 974 2213 1728 
3506 1223 2160 1775 
3507 1827 2109 1711 
3508 2017 2114 1132 
3509 2010 2121 261 
3510 1947 2093 737 
3511 1633 2358 1060 
3512 1682 2198 651 
3513 1378 2117 1379 
3514 232 2172 55 
3515 1183 2072 1210 
3516 62 2174 241 
3517 245 2164 85 
3518 1139 2054 1628 
3519 223 2163 88 
3520 1835 2045 1974 
3521 1179 2082 1229 
3522 1701 2174 63 
3523 2108 2295 1943 
3524 778 1999 1981 
3525 243 2167 100 
3526 383 2251 1419 
3527 520 2171 517 
3528 1106 2170 1842 
3529 1741 2116 1929 
3530 1906 2150 1271 
3531 1024 2178 1340 
3532 1470 2228 344 
3533 1680 2153 1681 
3534 1620 2051 1619 
3535 2007 2120 1010 
3536 1600 2073 1607 
3537 1199 2083 2064 
3538 1818 2065 1738 
3539 761 2287 1837 
3540 1908 2017 1921 
3541 969 2183 841 
3542 501 2191 504 
3543 583 2078 574 
3544 1624 2160 546 
3545 1195 2048 1197 
3546 2055 2089 1285 
3547 36 2185 222 
3548 881 2170 1538 
3549 260 2185 37 
3550 1153 2131 2043 
3551 1188 2122 1726 
3552 1333 2057 1307 
3553 546 2074 525 
3554 766 2100 1551 
3555 1963 2178 1021 
3556 1686 2229 237 
3557 554 2132 557 
3558 1551 2100 1428 
3559 1349 2202 1997 
3560 928 2084 1871 
3561 1909 2017 1908 
3562 1456 2190 1457 
3563 1451 2070 1449 
3564 87 2163 1517 
3565 1595 2145 1865 
3566 1217 2096 1754 
3567 1915 2025 1916 
3568 1111 2201 1113 
3569 1679 2310 1342 
3570 1273 2027 2002 
3571 1348 2193 1187 
3572 1843 2181 342 
3573 269 2126 1805 
3574 1941 2093 1170 
3575 84 2164 1546 
3576 1512 2178 1963 
3577 1504 2188 1505 
3578 1225 2083 1199 
3579 1557 2067 758 
3580 845 2056 1702 
3581 1386 2199 1031 
3582 1273 2064 2040 
3583 1606 2081 1604 
3584 1832 2058 1858 
3585 1944 2035 1945 
3586 1276 2071 2044 
3587 1355 2086 2071 
3588 1593 2205 1591 
3589 1752 2192 746 
3590 1206 2068 1373 
3591 1197 2259 1196 
3592 1393 2223 1267 
3593 1757 2094 386 
3594 862 2208 283 
3595 2045 2116 1897 
3596 285 2208 760 
3597 2066 2113 461 
3598 53 2206 264 
3599 1002 2203 944 
3600 1685 2328 1362 
3601 1675 2320 1380 
3602 1896 2179 1869 
3603 1829 2203 1002 
3604 1497 2292 1616 
3605 1164 2076 1162 
3606 1082 2207 1213 
3607 89 2202 223 
3608 246 2189 1543 
3609 1116 2234 2047 
3610 2087 2128 1198 
3611 773 2043 1882 
3612 2064 2083 721 
3613 2131 2161 2043 
3614 2065 2087 1738 
3615 1394 2195 1396 
3616 1360 2238 1359 
3617 1155 2086 1349 
3618 266 2210 12 
3619 11 2210 242 
3620 1462 2121 2010 
3621 1688 2283 2107 
3622 220 2122 1477 
3623 2057 2078 692 
3624 2020 2042 692 
3625 1620 2091 2051 
3626 938 2187 1756 
3627 263 2216 25 
3628 1615 2213 974 
3629 914 2222 979 
3630 1632 2214 1623 
3631 1855 2177 1251 
3632 1018 2079 1017 
3633 1218 2165 2025 
3634 1171 1998 1173 
3635 1882 2161 768 
3636 1254 2075 1253 
3637 1540 2288 2246 
3638 366 2224 431 
3639 1839 2145 1838 
3640 1283 2077 2006 
3641 1507 2307 1928 
3642 231 2299 1603 
3643 1472 2260 334 
3644 1094 2220 1696 
3645 1842 2170 1457 
3646 1647 2090 1309 
3647 1894 2168 702 
3648 1115 2229 1566 
3649 1756 2212 527 
3650 1731 2112 1310 
3651 1014 2077 1016 
3652 304 2228 785 
3653 344 2228 306 
3654 1166 1901 1067 
3655 2067 2169 1370 
3656 1335 2111 1225 
3657 1467 2224 2148 
3658 1732 2347 2068 
3659 757 2251 389 
3660 1355 2071 1276 
3661 1750 2312 1203 
3662 1242 2321 1124 
3663 1738 2087 1737 
3664 631 2005 633 
3665 1290 2236 1401 
3666 1277 2085 1066 
3667 1396 2243 1102 
3668 321 2233 353 
3669 1343 2239 1385 
3670 1748 2109 1749 
3671 984 2130 1027 
3672 1280 2194 1214 
3673 1457 2190 1842 
3674 1490 2237 98 
3675 1159 2249 1361 
3676 572 2080 671 
3677 275 2088 277 
3678 99 2237 243 
3679 734 2143 2072 
3680 1760 2209 1390 
3681 1728 2338 974 
3682 244 2242 99 
3683 1257 2200 1384 
3684 1973 2307 1507 
3685 1335 2129 2111 
3686 768 2082 1844 
3687 1503 2266 673 
3688 1835 2116 2045 
3689 1261 2011 1072 
3690 2094 2124 386 
3691 1739 2063 219 
3692 1 2274 105 
3693 1276 2044 2009 
3694 105 2275 1 
3695 1669 2261 267 
3696 5 2274 1 
3697 2072 2143 1210 
3698 1 2275 68 
3699 1588 2355 1219 
3700 1850 2186 1142 
3701 1413 2092 1365 
3702 2179 2230 1869 
3703 1839 2317 2145 
3704 334 2260 332 
3705 1568 2099 1370 
3706 1207 2138 1991 
3707 1263 2249 1515 
3708 256 2248 80 
3709 79 2248 235 
3710 56 2261 232 
3711 267 2261 57 
3712 1225 2111 2083 
3713 998 2106 1069 
3714 98 2242 1491 
3715 1393 2291 2223 
3716 70 2126 71 
3717 1226 2103 1181 
3718 1777 2246 743 
3719 102 2352 251 
3720 2052 2096 446 
3721 229 2330 50 
3722 721 2083 1729 
3723 1646 2218 1647 
3724 1483 2285 1482 
3725 1587 2253 1588 
3726 294 2323 435 
3727 1287 2279 1740 
3728 1243 2253 2097 
3729 777 2070 1757 
3730 1181 2103 2058 
3731 1292 2101 1294 
3732 249 2309 1701 
3733 1482 2285 2032 
3734 1831 2173 218 
3735 1333 2112 2080 
3736 1364 2314 1352 
3737 1649 2140 1241 
3738 461 2113 529 
3739 1336 2287 1346 
3740 290 2098 288 
3741 1501 2292 226 
3742 1477 2122 1465 
3743 1323 2293 1342 
3744 2138 2336 1275 
3745 569 2102 571 
3746 1695 2250 1487 
3747 377 2318 887 
3748 23 2299 231 
3749 1652 2293 1321 
3750 860 2294 1058 
3751 751 2289 714 
3752 2100 2197 1224 
3753 1860 2168 1226 
3754 1358 2322 1378 
3755 1073 2327 1074 
3756 44 2162 43 
3757 1729 2111 833 
3758 383 2318 379 
3759 1895 2091 1620 
3760 2040 2064 721 
3761 1533 2255 1534 
3762 1421 2142 1420 
3763 428 2316 1878 
3764 1288 2270 1912 
3765 1344 1918 1026 
3766 1727 2234 1728 
3767 1687 2303 238 
3768 1498 2292 1497 
3769 1113 2201 2003 
3770 479 2089 540 
3771 1582 2334 1778 
3772 2192 2227 746 
3773 1743 2115 767 
3774 272 2340 274 
3775 1209 2166 2120 
3776 824 2048 1979 
3777 1731 2127 2112 
3778 1109 2107 1880 
3779 1455 2124 1453 
3780 1699 2281 1700 
3781 1881 2254 812 
3782 2083 2111 1729 
3783 1071 2312 1357 
3784 1418 2167 1415 
3785 1186 2298 1200 
3786 1718 2353 1213 
3787 1959 2300 1114 
3788 1632 2357 1367 
3789 49 2330 1474 
3790 1399 2326 1822 
3791 965 2288 1540 
3792 218 2025 1915 
3793 2063 2097 219 
3794 1428 2100 1194 
3795 1961 2315 2011 
3796 2122 2267 1726 
3797 796 2120 1650 
3798 1637 2280 1893 
3799 2229 2328 237 
3800 1437 2246 1777 
3801 22 2110 21 
3802 1219 2355 1851 
3803 1397 2354 1398 
3804 974 2338 1864 
3805 2068 2347 1373 
3806 2088 2340 1694 
3807 2111 2129 833 
3808 555 2188 1547 
3809 1209 2120 2007 
3810 1902 2269 816 
3811 1707 2339 1410 
3812 1152 2286 1268 
3813 1764 2308 1274 
3814 2210 2314 242 
3815 1979 2048 1195 
3816 1404 2129 1335 
3817 1201 2121 1462 
3818 1360 2278 2238 
3819 1409 2119 1424 
3820 1451 2094 2070 
3821 1224 2197 1334 
3822 1353 2235 1491 
3823 1056 2273 2165 
3824 1192 2219 1045 
3825 1214 2194 2121 
3826 2286 2316 1268 
3827 1316 2182 1325 
3828 1457 2149 1455 
3829 1575 2300 1577 
3830 254 2258 1997 
3831 2112 2127 671 
3832 2187 2212 1756 
3833 1967 2323 296 
3834 302 2123 300 
3835 737 2221 1956 
3836 1577 2300 1959 
3837 17 2118 16 
3838 1264 2166 1209 
3839 227 2162 44 
3840 1210 2143 1230 
3841 1837 2287 1372 
3842 2041 2303 1720 
3843 1227 2215 1906 
3844 219 2097 1639 
3845 1280 2257 2194 
3846 2058 2103 1858 
3847 1191 2134 1383 
3848 977 2133 1030 
3849 1226 2168 2084 
3850 2070 2094 1757 
3851 2047 2234 1510 
3852 788 2315 1961 
3853 1404 2158 2129 
3854 1867 2143 734 
3855 1285 2140 1192 
3856 446 2096 1819 
3857 1333 2078 2057 
3858 540 2089 2055 
3859 2074 2193 1348 
3860 1241 2141 2037 
3861 833 2129 1634 
3862 1964 2358 1633 
3863 1554 2233 1553 
3864 1455 2149 2124 
3865 1840 2263 1581 
3866 1470 2278 1360 
3867 1325 2127 1731 
3868 986 2200 999 
3869 1180 2125 1955 
3870 671 2127 1680 
3871 1268 2131 1153 
3872 2120 2166 1650 
3873 746 2227 1746 
3874 238 2303 2041 
3875 1406 2158 1404 
3876 303 2136 305 
3877 789 2343 1434 
3878 2145 2317 1744 
3879 1318 2182 1316 
3880 1326 2151 1320 
3881 1264 2196 2166 
3882 1759 2149 881 
3883 1681 2153 1682 
3884 1622 2144 1612 
3885 1787 2137 938 
3886 1900 1901 1166 
3887 985 2135 1077 
3888 862 2322 2208 
3889 386 2124 1759 
3890 1392 2155 921 
3891 422 2142 425 
3892 1965 2150 341 
3893 1865 2145 1744 
3894 370 2148 368 
3895 1154 2139 1785 
3896 1927 2176 1926 
3897 2095 2330 229 
3898 1872 2358 1347 
3899 1229 2161 2131 
3900 787 2169 1558 
3901 1631 2152 926 
3902 2059 2270 1384 
3903 1871 2084 1894 
3904 2081 2334 1582 
3905 1984 2226 650 
3906 1637 2353 2280 
3907 1554 2349 353 
3908 1216 2187 1217 
3909 2129 2158 1634 
3910 2037 2141 521 
3911 2032 2285 1016 
3912 2126 2211 1805 
3913 1412 2146 1337 
3914 1869 2230 502 
3915 1775 2160 1624 
3916 1229 2240 1180 
3917 1929 2116 1835 
3918 42 2156 262 
3919 1078 2296 1065 
3920 330 2159 328 
3921 1370 2099 2067 
3922 2092 2251 757 
3923 1347 2358 1964 
3924 1836 2128 2087 
3925 1056 2165 1951 
3926 2188 2337 1505 
3927 1406 2180 2158 
3928 264 2310 1678 
3929 1411 2232 1248 
3930 2227 2265 1746 
3931 1741 2179 2116 
3932 1022 2270 2059 
3933 1886 2196 1264 
3934 1444 2154 1446 
3935 2151 2198 1682 
3936 1837 2290 1083 
3937 516 2128 1836 
3938 1271 2150 1270 
3939 2085 2243 1396 
3940 2031 2271 234 
3941 1142 2186 1128 
3942 2124 2149 1759 
3943 650 2226 1909 
3944 2025 2173 1218 
3945 1634 2158 844 
3946 1650 2166 434 
3947 1791 2157 1079 
3948 1490 2271 2033 
3949 1538 2170 1106 
3950 516 2171 2128 
3951 2125 2316 428 
3952 1370 2169 1369 
3953 2224 2280 431 
3954 1427 2180 1406 
3955 1668 2301 1669 
3956 1279 2301 1668 
3957 1543 2147 1532 
3958 557 2132 801 
3959 552 2291 554 
3960 766 2197 2100 
3961 1912 2176 2005 
3962 1394 2325 2195 
3963 999 2200 1930 
3964 1270 2150 1965 
3965 2158 2180 844 
3966 1491 2235 236 
3967 241 2283 1688 
3968 55 2172 54 
3969 63 2174 62 
3970 2080 2112 671 
3971 2165 2273 1916 
3972 1840 2351 2263 
3973 2209 2289 1390 
3974 2166 2196 434 
3975 85 2164 84 
3976 1375 2257 1280 
3977 1200 2298 2134 
3978 265 2175 1683 
3979 223 2297 2163 
3980 88 2163 87 
3981 2197 2277 1334 
3982 2005 2176 709 
3983 517 2171 516 
3984 220 2267 2122 
3985 1444 2192 2154 
3986 1421 2313 2142 
3987 2200 2348 1384 
3988 2143 2204 1230 
3989 1909 2114 2017 
3990 1285 2141 2140 
3991 2191 2244 514 
3992 1021 2178 1024 
3993 100 2167 101 
3994 499 2341 501 
3995 275 2340 2088 
3996 1917 2273 1918 
3997 1746 2265 813 
3998 439 2260 1422 
3999 1867 2204 2143 
4000 247 2211 2126 
4001 1230 2204 1354 
4002 504 2191 514 
4003 967 2334 1606 
4004 1734 2256 969 
4005 787 2225 2169 
4006 841 2183 858 
4007 844 2180 1734 
4008 1984 2329 2226 
4009 2148 2224 368 
4010 1248 2232 1571 
4011 736 2209 2109 
4012 546 2193 2074 
4013 37 2185 36 
4014 342 2181 1913 
4015 1728 2213 1501 
4016 1265 2184 1221 
4017 1918 2273 1056 
4018 861 2306 1747 
4019 2088 2331 1057 
4020 1422 2319 1402 
4021 2147 2195 1532 
4022 1614 2177 1855 
4023 237 2328 1685 
4024 2090 2162 227 
4025 1701 2309 2199 
4026 1741 2230 2179 
4027 2267 2346 1258 
4028 1886 2231 2196 
4029 1647 2218 2156 
4030 2172 2206 54 
4031 434 2196 1704 
4032 1747 2306 1488 
4033 1459 2190 1456 
4034 1418 2352 2167 
4035 1897 2179 1896 
4036 352 2252 1967 
4037 1945 2276 2108 
4038 2097 2253 1639 
4039 1346 2188 1504 
4040 233 2351 1567 
4041 2115 2347 767 
4042 2169 2225 1369 
4043 1187 2193 1432 
4044 2152 2247 926 
4045 1045 2219 1046 
4046 1442 2192 1444 
4047 1027 2130 1261 
4048 1114 2201 1111 
4049 1375 2320 2257 
4050 1958 2313 1142 
4051 2093 2221 737 
4052 1267 2223 1860 
4053 1542 2197 766 
4054 1331 2284 1330 
4055 812 2204 1867 
4056 261 2194 1670 
4057 2184 2207 1221 
4058 1588 2189 246 
4059 1546 2346 2267 
4060 1213 2353 1637 
4061 1031 2199 1263 
4062 2265 2304 813 
4063 2168 2223 702 
4064 2121 2194 261 
4065 2142 2313 425 
4066 1591 2205 1594 
4067 1917 2241 1986 
4068 265 2264 2175 
4069 2178 2266 1340 
4070 969 2256 1990 
4071 2253 2355 1588 
4072 2025 2165 1916 
4073 1791 2252 2157 
4074 2140 2141 1241 
4075 1277 2243 2085 
4076 1532 2195 221 
4077 1260 2186 1850 
4078 334 2333 1472 
4079 1967 2252 1345 
4080 1618 2225 787 
4081 944 2203 968 
4082 283 2208 285 
4083 54 2206 53 
4084 2116 2179 1897 
4085 1057 2331 2117 
4086 1711 2209 1760 
4087 651 2198 1709 
4088 1709 2217 1094 
4089 1334 2277 1403 
4090 1221 2207 1082 
4091 1645 2218 1646 
4092 2144 2306 861 
4093 1772 2217 1326 
4094 1647 2162 2090 
4095 1325 2182 2153 
4096 1623 2214 757 
4097 1616 2213 1615 
4098 90 2202 89 
4099 1326 2217 2198 
4100 1442 2227 2192 
4101 2175 2263 1683 
4102 1472 2215 1227 
4103 1347 2212 1216 
4104 2155 2219 1192 
4105 1372 2290 1837 
4106 12 2210 11 
4107 1667 2332 1289 
4108 1696 2220 764 
4109 2198 2217 1709 
4110 929 2222 914 
4111 25 2216 24 
4112 2196 2231 1704 
4113 1571 2232 251 
4114 813 2304 1745 
4115 1909 2226 2130 
4116 2277 2356 1403 
4117 336 2333 334 
4118 1216 2212 2187 
4119 2219 2268 1046 
4120 368 2224 366 
4121 1422 2260 1472 
4122 1567 2351 1840 
4123 2011 2329 1961 
4124 759 2357 1632 
4125 2223 2291 702 
4126 2203 2238 968 
4127 2183 2294 858 
4128 1524 2325 1395 
4129 2194 2257 1670 
4130 1369 2225 1371 
4131 1269 2231 1886 
4132 2110 2264 265 
4133 1384 2348 2059 
4134 1350 2284 1331 
4135 2167 2352 101 
4136 2043 2161 1882 
4137 2304 2343 1745 
4138 1726 2267 1258 
4139 1269 2272 2231 
4140 1765 2308 2272 
4141 2220 2245 764 
4142 1560 2229 1115 
4143 306 2228 304 
4144 1433 2314 2210 
4145 1618 2282 2225 
4146 2109 2209 1711 
4147 1440 2227 1442 
4148 1380 2320 1375 
4149 2234 2338 1728 
4150 1740 2230 1741 
4151 2106 2235 1353 
4152 1102 2243 1902 
4153 1704 2231 1703 
4154 1645 2262 2218 
4155 251 2232 1480 
4156 319 2233 321 
4157 514 2244 2053 
4158 2131 2240 1229 
4159 1289 2236 1290 
4160 1395 2325 1394 
4161 1046 2268 1075 
4162 1944 2211 2035 
4163 1342 2239 1343 
4164 1408 2311 1350 
4165 1899 2336 1208 
4166 1217 2187 2137 
4167 1505 2337 1507 
4168 1124 2254 1881 
4169 1011 2255 2133 
4170 968 2238 1206 
4171 1692 2331 2088 
4172 1930 2200 1257 
4173 389 2251 383 
4174 555 2337 2188 
4175 1083 2290 1479 
4176 1765 2272 1269 
4177 1542 2277 2197 
4178 2218 2262 262 
4179 926 2247 1648 
4180 98 2237 99 
4181 2272 2308 429 
4182 2226 2329 1261 
4183 1515 2249 1159 
4184 2225 2282 1371 
4185 764 2245 1713 
4186 1440 2265 2227 
4187 2084 2168 1894 
4188 1408 2339 2311 
4189 2231 2272 1703 
4190 1487 2250 1488 
4191 2216 2299 24 
4192 1860 2223 2168 
4193 99 2242 98 
4194 2003 2201 1576 
4195 218 2173 2025 
4196 2033 2271 1286 
4197 1745 2343 789 
4198 743 2246 1875 
4199 1392 2268 2219 
4200 1332 2262 1645 
4201 1350 2311 2284 
4202 1510 2234 1727 
4203 332 2260 439 
4204 1345 2252 1791 
4205 1355 2297 2086 
4206 341 2333 336 
4207 1723 2258 254 
4208 2060 2274 5 
4209 68 2275 2062 
4210 2208 2322 1431 
4211 1943 2221 1941 
4212 80 2248 79 
4213 1670 2257 224 
4214 57 2261 56 
4215 1695 2350 2250 
4216 2059 2348 1282 
4217 262 2262 1674 
4218 1639 2253 1587 
4219 2163 2297 1356 
4220 816 2269 1399 
4221 1410 2339 1408 
4222 2011 2315 1275 
4223 1560 2328 2229 
4224 1683 2263 1684 
4225 1438 2265 1440 
4226 673 2266 1512 
4227 2195 2325 221 
4228 1496 2255 1533 
4229 2036 2276 1945 
4230 1703 2272 429 
4231 1878 2316 2286 
4232 2153 2182 1682 
4233 1332 2305 2262 
4234 1423 2279 1287 
4235 436 2356 2277 
4236 105 2274 272 
4237 236 2235 1493 
4238 1597 2268 1392 
4239 273 2275 105 
4240 2257 2320 224 
4241 1638 2345 2305 
4242 2239 2310 264 
4243 1384 2270 1288 
4244 1354 2321 1391 
4245 1546 2267 220 
4246 349 2282 1618 
4247 2146 2290 1372 
4248 1065 2296 1277 
4249 1403 2356 1405 
4250 2212 2344 527 
4251 2305 2345 239 
4252 2238 2278 1206 
4253 234 2271 1490 
4254 2268 2319 1075 
4255 2246 2288 1875 
4256 2262 2305 1674 
4257 2034 2035 247 
4258 1678 2310 1679 
4259 1193 2283 1386 
4260 714 2289 736 
4261 1371 2282 1563 
4262 1577 2342 349 
4263 2053 2244 1751 
4264 436 2277 1542 
4265 271 2281 1699 
4266 349 2342 2282 
4267 1534 2285 1483 
4268 1438 2304 2265 
4269 1274 2308 1765 
4270 1638 2305 1332 
4271 986 2348 2200 
4272 2137 2187 938 
4273 1420 2286 1152 
4274 1326 2198 2151 
4275 1321 2293 1323 
4276 1372 2287 1336 
4277 2164 2346 1546 
4278 1356 2297 1355 
4279 429 2308 1764 
4280 2117 2331 1691 
4281 858 2294 860 
4282 702 2291 552 
4283 1405 2356 1933 
4284 24 2299 23 
4285 2263 2351 1684 
4286 736 2289 2209 
4287 1916 2273 1917 
4288 226 2292 1498 
4289 1208 2336 1207 
4290 435 2307 1973 
4291 1875 2288 1400 
4292 2282 2342 1563 
4293 1383 2298 1949 
4294 1435 2304 1438 
4295 502 2341 499 
4296 1488 2306 1489 
4297 1688 2303 1687 
4298 1576 2300 1575 
4299 1674 2305 239 
4300 1435 2343 2304 
4301 2138 2315 788 
4302 1352 2314 1433 
4303 1700 2309 249 
4304 1713 2311 802 
4305 1893 2280 1467 
4306 1203 2312 1071 
4307 1060 2358 1872 
4308 425 2313 1958 
4309 1275 2315 2138 
4310 1402 2319 1597 
4311 379 2318 377 
4312 2311 2339 802 
4313 224 2320 1675 
4314 1431 2322 1358 
4315 1074 2327 1356 
4316 2098 2337 555 
4317 296 2323 294 
4318 1374 2317 1839 
4319 271 2324 2281 
4320 1606 2334 2081 
4321 2280 2353 431 
4322 1597 2319 2268 
4323 274 2340 275 
4324 2085 2335 1220 
4325 50 2330 49 
4326 1474 2330 2095 
4327 1362 2328 1560 
4328 1691 2331 1692 
4329 1822 2326 1397 
4330 1258 2346 1430 
4331 1941 2221 2093 
4332 1180 2240 2125 
4333 1434 2343 1435 
4334 239 2345 1983 
4335 101 2352 102 
4336 1282 2348 986 
4337 431 2353 1718 
4338 1003 2350 1502 
4339 1744 2317 2115 
4340 1933 2356 436 
4341 1684 2351 233 
4342 1761 2354 1078 
4343 1366 2345 1638 
4344 353 2349 1576 
4345 2240 2316 2125 
4346 1778 2334 967 
4347 802 2339 1707 
4348 2284 2311 1713 
4349 1427 2256 2180 
4350 1489 2306 2144 
4351 1604 2264 2110 
4352 767 2347 1732 
4353 221 2325 1524 
4354 1851 2355 1243 
4355 2108 2276 1197 
4356 1563 2342 1959 
4357 1467 2280 2224 
4358 1197 2276 2259 
4359 1507 2337 2098 
4360 1986 2241 270 
4361 1928 2307 2075 
4362 1392 2219 2155 
4363 1864 2338 1116 
4364 1959 2342 1577 
4365 2156 2218 262 
4366 801 2302 1970 
4367 1961 2329 1984 
4368 272 2274 2060 
4369 2062 2275 273 
4370 1493 2235 2106 
4371 1512 2266 2178 
4372 2180 2256 1734 
4373 1949 2298 1186 
4374 1983 2345 1366 
4375 1419 2251 2092 
4376 2075 2307 435 
4377 2081 2264 1604 
4378 1330 2284 2245 
4379 1206 2278 2068 
4380 824 2295 2048 
4381 1964 2344 1347 
4382 1268 2316 2240 
4383 1576 2349 2003 
4384 2003 2349 1554 
4385 1268 2240 2131 
4386 2133 2255 1496 
4387 2062 2324 271 
4388 1479 2290 2146 
4389 2134 2298 1383 
4390 2130 2226 1261 
4391 1243 2355 2253 
4392 2115 2317 1374 
4393 1261 2329 2011 
4394 1116 2338 2234 
4395 1396 2335 2085 
4396 2215 2333 341 
4397 2199 2309 1263 
4398 1289 2332 2236 
4399 1220 2335 2147 
4400 2132 2302 801 
4401 1430 2346 2164 
4402 1207 2336 2138 
4403 2245 2284 1713 
4404 1277 2296 2269 
4405 2254 2321 1354 
4406 2035 2211 247 
4407 1347 2344 2212 
4408 2269 2296 1399 
4409 1342 2310 2239 
4410 1124 2321 2254 
4411 1472 2333 2215 
4412 2250 2350 1003 
4413 2279 2341 502 
4414 1423 2341 2279 
4415 1078 2354 2326 
4416 2326 2354 1397 
4417 2259 2276 2036 
4418 69 270 2 
4419 270 1900 2 
4420 1208 1900 1899 
4421 1208 2036 1900 
2 5 2 5226
4422 4 4558 2415 
4423 150 3802 149 
4424 209 4837 3864 
4425 2367 3802 150 
4426 4137 4503 4370 
4427 4334 4734 4289 
4428 2501 3850 2986 
4429 3555 3983 3801 
4430 4289 4734 3763 
4431 3108 3905 3764 
4432 3735 4225 3865 
4433 3134 3854 3751 
4434 3582 4633 3833 
4435 3883 4633 3582 
4436 4460 4698 3806 
4437 3751 3853 3134 
4438 209 3864 210 
4439 2381 4671 4623 
4440 4255 4689 3750 
4441 4217 4459 3683 
4442 3800 4438 2391 
4443 3845 4073 2921 
4444 4102 4171 2947 
4445 3448 4171 4102 
4446 3764 3904 3108 
4447 3880 3892 3502 
4448 3911 4584 2417 
4449 3750 4685 4255 
4450 3846 4155 3657 
4451 4164 4502 3768 
4452 3683 4719 4217 
4453 2506 3904 2504 
4454 3831 3983 3555 
4455 3838 4196 2770 
4456 3533 4525 4074 
4457 2499 3850 2501 
4458 4073 4074 2921 
4459 3721 3840 3501 
4460 3188 3893 3322 
4461 3502 3893 3880 
4462 4533 4683 3485 
4463 3309 4289 3763 
4464 3780 4056 2394 
4465 3763 4288 3309 
4466 3782 3808 2376 
4467 3575 4440 3757 
4468 3004 4216 4215 
4469 3757 4658 3575 
4470 3501 4764 3721 
4471 3846 4687 4155 
4472 4623 4671 3824 
4473 4370 4503 2518 
4474 3934 3935 2398 
4475 2376 3794 3782 
4476 4189 4346 3660 
4477 3789 4846 3332 
4478 2770 4196 4175 
4479 2417 4762 3911 
4480 4334 4712 4426 
4481 3281 3903 3282 
4482 3935 3936 2398 
4483 3656 4438 3800 
4484 4586 4725 3534 
4485 3743 4698 4460 
4486 3136 3828 3243 
4487 3732 4639 4149 
4488 4555 4757 3701 
4489 3859 3860 3858 
4490 3709 4850 3980 
4491 3363 3826 3362 
4492 2743 3861 2738 
4493 3872 4512 2999 
4494 3735 4835 4225 
4495 3731 4502 4164 
4496 3803 3922 2375 
4497 4534 4683 4533 
4498 3709 3980 3956 
4499 2979 3895 3894 
4500 3908 4735 4587 
4501 3004 4215 3897 
4502 3736 4512 3872 
4503 3509 4131 3940 
4504 2979 4744 3895 
4505 3136 4719 3828 
4506 3792 3829 3436 
4507 3860 4749 3858 
4508 2854 3857 3855 
4509 3332 3856 3789 
4510 3321 3836 2420 
4511 2394 4609 3780 
4512 3556 3831 3555 
4513 4522 4716 4291 
4514 2854 3855 3854 
4515 3746 4670 4632 
4516 3883 4658 3757 
4517 4587 4735 2416 
4518 3883 4785 4658 
4519 3820 3882 3117 
4520 3448 4102 4101 
4521 3818 4670 3746 
4522 3788 4846 3789 
4523 3108 3904 2506 
4524 2372 4636 4054 
4525 3840 4725 4586 
4526 3436 3878 3792 
4527 4558 4724 3814 
4528 3190 3893 3188 
4529 2395 4802 4632 
4530 3761 3807 3760 
4531 3289 3878 3166 
4532 2386 4757 4555 
4533 4688 4715 3726 
4534 2360 3834 3832 
4535 2420 3836 2359 
4536 4650 4711 2405 
4537 2709 4743 4580 
4538 3736 4622 4512 
4539 2775 3871 2802 
4540 4074 4525 3603 
4541 3656 4675 4438 
4542 3473 4622 3736 
4543 4149 4639 2409 
4544 2986 3850 3848 
4545 3895 4341 3897 
4546 4632 4802 3746 
4547 2738 3861 2737 
4548 3347 3903 3281 
4549 3910 4777 4345 
4550 2374 4165 3847 
4551 3733 4663 4595 
4552 3961 4346 4189 
4553 4289 4712 4334 
4554 4300 4762 3936 
4555 3952 4735 3908 
4556 3604 4627 4601 
4557 3556 3875 3831 
4558 3814 4752 2415 
4559 2379 4837 209 
4560 3881 4675 3656 
4561 3314 4290 3273 
4562 3654 3882 3820 
4563 3843 4643 3598 
4564 3586 4680 3921 
4565 3533 4074 4073 
4566 3747 3808 3527 
4567 3921 4815 3586 
4568 4143 4715 4688 
4569 3779 4651 4068 
4570 2504 3904 2572 
4571 4690 4732 2627 
4572 2953 4651 3779 
4573 2377 4475 3796 
4574 3826 4780 3362 
4575 3779 4717 2953 
4576 4054 4636 3676 
4577 4328 4711 4650 
4578 2388 4814 3810 
4579 4068 4838 3779 
4580 3681 4735 3952 
4581 2510 3906 2508 
4582 3749 4685 3750 
4583 3865 4225 2562 
4584 4341 4739 3897 
4585 3527 3808 3782 
4586 3660 4517 4189 
4587 3869 4544 2923 
4588 3749 4843 4685 
4589 2713 3871 2775 
4590 3603 4608 4074 
4591 2871 4765 4662 
4592 3742 4543 3743 
4593 4101 4104 3448 
4594 3769 4729 2387 
4595 3761 4718 3807 
4596 3282 3903 3902 
4597 3322 3893 3502 
4598 2375 4824 3803 
4599 3363 3827 3826 
4600 4580 4743 3702 
4601 3912 4762 4300 
4602 3803 3923 3922 
4603 3796 4820 2377 
4604 2387 4771 3769 
4605 2454 4714 4644 
4606 3952 4748 3687 
4607 3940 4867 3509 
4608 3823 4696 3769 
4609 3427 4750 3822 
4610 3952 4806 4748 
4611 3616 4796 4727 
4612 3626 4846 4754 
4613 4144 4797 3725 
4614 3580 4437 4317 
4615 3747 4166 3808 
4616 3867 4379 3532 
4617 3166 3878 3436 
4618 4696 4729 3769 
4619 3866 4773 4755 
4620 3937 4656 111 
4621 3812 4764 3434 
4622 3314 4291 4290 
4623 3725 4715 4144 
4624 3859 4732 4690 
4625 3799 4730 203 
4626 3822 4794 3427 
4627 4754 4846 3788 
4628 4345 4777 4040 
4629 3742 4842 4543 
4630 3869 4608 3603 
4631 3432 3878 3289 
4632 3802 4601 149 
4633 2528 4251 3863 
4634 3905 4792 3682 
4635 203 4801 3799 
4636 3935 4300 3936 
4637 4727 4796 3830 
4638 3004 4539 4216 
4639 2573 4746 4681 
4640 111 4852 3937 
4641 3583 4337 3673 
4642 3906 4792 3905 
4643 4412 4659 3685 
4644 4165 4668 3847 
4645 3671 4288 3763 
4646 2380 4634 4444 
4647 3870 4544 3869 
4648 3768 4590 4164 
4649 2360 4691 3834 
4650 3811 4814 197 
4651 4662 4765 3738 
4652 4755 4773 3896 
4653 4601 4627 2408 
4654 4257 4861 4282 
4655 3801 4864 3555 
4656 172 3891 2384 
4657 4282 4689 4257 
4658 3682 4792 4699 
4659 3273 4290 3309 
4660 4659 4716 3685 
4661 3035 4379 3867 
4662 2380 4839 4634 
4663 197 4740 3811 
4664 4761 4762 2417 
4665 3729 4839 4393 
4666 3855 3857 3486 
4667 3873 4738 4681 
4668 4699 4792 4240 
4669 3809 4580 3702 
4670 179 4499 180 
4671 3434 4752 3812 
4672 3921 4680 3687 
4673 3810 4655 2388 
4674 3435 3853 3751 
4675 3877 4701 4644 
4676 4317 4865 3580 
4677 3940 4131 2362 
4678 4043 4184 3870 
4679 4251 4843 3863 
4680 3687 4748 3921 
4681 4291 4716 4592 
4682 2383 4670 3818 
4683 4784 4837 3925 
4684 3702 4640 3809 
4685 2743 4618 3861 
4686 3872 4738 3873 
4687 3109 4659 4412 
4688 3980 4850 3825 
4689 2508 3906 3108 
4690 3936 4762 4761 
4691 3816 4889 2389 
4692 3876 4701 3877 
4693 3807 4718 3435 
4694 2388 4655 3795 
4695 2367 4798 3802 
4696 4595 4663 3374 
4697 2376 4167 3794 
4698 4644 4714 3877 
4699 2514 3906 2510 
4700 3925 4837 2379 
4701 3828 4719 3683 
4702 3781 4836 2363 
4703 3102 4657 4598 
4704 3106 4036 3805 
4705 2389 4610 3816 
4706 3534 4725 3793 
4707 3845 4782 3819 
4708 2363 4875 3781 
4709 2404 4119 3889 
4710 2412 4501 4169 
4711 2419 2420 2359 
4712 2366 4696 3823 
4713 3818 4713 2383 
4714 3913 4584 3911 
4715 3117 4571 3820 
4716 3908 4587 2418 
4717 4426 4712 2886 
4718 3833 4633 4328 
4719 3795 4880 2388 
4720 3845 4833 4782 
4721 173 3891 172 
4722 2572 3904 3835 
4723 3806 4756 4460 
4724 4412 4883 3109 
4725 3780 4609 3821 
4726 4788 4793 4037 
4727 2947 4848 4102 
4728 3598 4854 3843 
4729 4257 4689 4255 
4730 3804 4585 3432 
4731 4240 4622 3473 
4732 3330 3856 3332 
4733 4024 4695 4664 
4734 3653 3856 3330 
4735 4484 4682 4191 
4736 4681 4746 3873 
4737 3916 4772 3917 
4738 2415 4752 3868 
4739 3435 4718 3853 
4740 3745 4781 4534 
4741 3309 4290 4289 
4742 2967 4706 4692 
4743 3473 4699 4240 
4744 3685 4716 4522 
4745 3784 3875 3556 
4746 4328 4650 3833 
4747 3843 4653 4643 
4748 3828 4611 3243 
4749 3432 4585 3878 
4750 4393 4839 2380 
4751 4435 4493 3127 
4752 4772 4807 3917 
4753 3095 4506 3096 
4754 3721 4764 3812 
4755 2398 4656 3934 
4756 4294 4673 4667 
4757 3852 3914 3420 
4758 3766 4730 3799 
4759 3870 4545 4043 
4760 4337 4812 3673 
4761 3733 4800 4663 
4762 3632 4793 4788 
4763 4370 4810 4137 
4764 3810 4814 3811 
4765 3108 3906 3905 
4766 3871 4855 2802 
4767 4741 4753 3926 
4768 2407 4623 3824 
4769 3844 4605 2384 
4770 2953 4717 3819 
4771 4784 4808 3402 
4772 180 4499 2365 
4773 2415 4499 179 
4774 3220 4104 3371 
4775 3294 4760 4725 
4776 4308 4422 4307 
4777 2443 3914 2440 
4778 4506 4519 3096 
4779 4094 4576 4573 
4780 3848 4606 2986 
4781 3854 3855 3751 
4782 3823 4862 2366 
4783 2396 4170 3862 
4784 3831 3875 3421 
4785 3421 3875 3796 
4786 3929 4859 4482 
4787 4609 4789 3821 
4788 3804 4824 3917 
4789 3890 4422 4308 
4790 4570 4581 202 
4791 3448 4104 3220 
4792 3485 4758 4533 
4793 3886 3898 3149 
4794 3690 4723 4667 
4795 2391 4821 3800 
4796 3726 4715 3725 
4797 3819 4782 2953 
4798 3227 4582 4529 
4799 4149 4809 3732 
4800 4621 4649 4445 
4801 3602 3902 3597 
4802 4598 4657 3720 
4803 2382 4615 3975 
4804 3766 4859 4730 
4805 2739 4441 2740 
4806 2747 4435 3127 
4807 4191 4866 4484 
4808 2412 4847 4501 
4809 3149 3898 2434 
4810 3420 3914 2443 
4811 3868 4499 2415 
4812 4482 4722 3929 
4813 3435 4816 3807 
4814 4279 4524 4509 
4815 3863 4843 3749 
4816 4148 4610 2389 
4817 2392 4687 3846 
4818 2381 4858 4671 
4819 3925 4808 4784 
4820 4119 4845 3889 
4821 3879 4381 2414 
4822 4157 4394 3554 
4823 3880 4818 3892 
4824 4589 4596 3968 
4825 3604 4601 3802 
4826 3625 4104 4101 
4827 3740 4733 4551 
4828 4513 4554 2664 
4829 3761 4727 3830 
4830 2611 4550 4536 
4831 3820 4723 3690 
4832 3994 4652 4626 
4833 3822 4750 2908 
4834 3101 4506 3095 
4835 3857 3858 3486 
4836 4210 4702 4648 
4837 2499 4811 3850 
4838 3917 4807 3804 
4839 2392 3900 129 
4840 3679 4666 4642 
4841 3897 4739 3004 
4842 3701 4757 3864 
4843 3824 4797 2407 
4844 4184 4544 3870 
4845 4725 4760 3793 
4846 129 3900 128 
4847 3787 4394 4157 
4848 3314 4522 4291 
4849 4307 4422 3149 
4850 2365 4499 3885 
4851 3803 4824 3804 
4852 4612 4613 4273 
4853 3894 3896 2979 
4854 2419 2421 2420 
4855 4056 4804 2394 
4856 4376 4660 4398 
4857 3884 4799 3781 
4858 3740 4551 3795 
4859 3315 4283 3740 
4860 4667 4673 3690 
4861 182 4452 2414 
4862 4104 4497 3371 
4863 3835 4654 2572 
4864 4664 4695 4061 
4865 4692 4706 4002 
4866 3832 4805 2360 
4867 3000 4710 4027 
4868 181 4452 182 
4869 3898 4363 2434 
4870 2740 4441 2745 
4871 3609 4753 4741 
4872 4054 4607 2372 
4873 2875 4435 2747 
4874 3717 4510 4472 
4875 3486 4870 3855 
4876 3674 4569 4536 
4877 3666 4772 3916 
4878 2434 4363 2435 
4879 3186 4332 3314 
4880 4436 4466 3511 
4881 2440 3914 2437 
4882 121 3899 2373 
4883 3149 4422 3886 
4884 3859 4690 3860 
4885 4620 4635 3137 
4886 3922 3923 2402 
4887 2889 4310 2891 
4888 2739 4541 4441 
4889 3825 4850 3739 
4890 3396 4745 4704 
4891 3625 4497 4104 
4892 4531 4553 2567 
4893 2923 4608 3869 
4894 2384 4834 3844 
4895 2861 4471 4356 
4896 4799 4836 3781 
4897 4217 4302 3409 
4898 4532 4559 4053 
4899 3908 4806 3952 
4900 2921 4833 3845 
4901 4001 4553 4531 
4902 3874 4889 3816 
4903 3321 4770 3836 
4904 3574 4569 3674 
4905 4148 4711 4610 
4906 3052 4183 3449 
4907 2503 4258 2505 
4908 4573 4576 3359 
4909 4332 4522 3314 
4910 4529 4582 3680 
4911 2713 4630 3871 
4912 3302 4283 3315 
4913 4186 4405 4193 
4914 4710 4743 4027 
4915 2861 4356 2860 
4916 3885 3892 2365 
4917 2517 4255 4254 
4918 3547 4493 4435 
4919 3902 3903 3597 
4920 4565 4603 2952 
4921 4193 4405 2890 
4922 4534 4781 4683 
4923 3429 4383 2735 
4924 3704 4581 4570 
4925 3037 4242 3056 
4926 3204 4238 3359 
4927 4509 4524 3716 
4928 3857 3859 3858 
4929 4166 4840 3808 
4930 3024 4251 2511 
4931 2891 4310 3107 
4932 2889 4363 4310 
4933 2908 4885 3822 
4934 3511 4465 3232 
4935 3500 4214 2541 
4936 3409 4302 3287 
4937 2505 4258 2517 
4938 2421 2422 2420 
4939 2831 4086 3080 
4940 4527 4567 2997 
4941 2517 4254 2507 
4942 4086 4272 3080 
4943 4183 4354 3449 
4944 3045 4183 3052 
4945 3028 4593 4588 
4946 3456 4349 3519 
4947 3672 4554 4513 
4948 3060 4161 3103 
4949 4077 4360 3237 
4950 3807 4816 3106 
4951 2986 4258 2503 
4952 4213 4414 4277 
4953 4150 4189 4188 
4954 3846 4879 2392 
4955 4316 4437 3292 
4956 2372 4154 156 
4957 4199 4358 4241 
4958 4218 4219 2695 
4959 4275 4276 3652 
4960 4219 4220 3631 
4961 2842 4173 3031 
4962 3363 4579 3827 
4963 3805 4894 3106 
4964 2567 4133 2565 
4965 2770 4175 2477 
4966 2547 4064 3496 
4967 3629 4262 3988 
4968 2465 4187 2487 
4969 3975 4809 2382 
4970 4472 4510 3500 
4971 2695 4219 3631 
4972 3839 4882 2393 
4973 2469 4212 2871 
4974 2708 4036 3106 
4975 3007 4377 3986 
4976 4348 4349 3456 
4977 4146 4433 4281 
4978 4284 4365 2459 
4979 4095 4365 4284 
4980 2586 4294 2580 
4981 2711 4206 4205 
4982 2687 4050 2685 
4983 4536 4550 3674 
4984 4150 4188 134 
4985 2820 4086 2831 
4986 4107 4370 4202 
4987 2525 4092 2540 
4988 2742 4426 2886 
4989 3147 4048 3382 
4990 2696 4218 2695 
4991 2517 4256 4255 
4992 4572 4574 3153 
4993 3158 4031 3487 
4994 3988 4262 2918 
4995 3866 4498 3428 
4996 3182 4248 3536 
4997 3956 3980 2928 
4998 2537 4068 2909 
4999 4540 4563 3194 
5000 4173 4253 3031 
5001 2435 4363 2439 
5002 3217 3941 3389 
5003 2702 4036 2708 
5004 2934 4013 2935 
5005 3631 4220 4132 
5006 3629 4372 4262 
5007 3511 4466 4465 
5008 4021 4039 4038 
5009 2846 4097 4094 
5010 3196 4051 3481 
5011 4031 4306 3487 
5012 3235 4108 2851 
5013 2788 4172 4126 
5014 3941 4359 3389 
5015 3602 4647 3902 
5016 2867 4173 2842 
5017 3664 4076 3343 
5018 2620 4010 2622 
5019 3323 4136 4019 
5020 2422 3321 2420 
5021 2399 3907 215 
5022 2421 2423 2422 
5023 2480 4264 3488 
5024 3557 4056 3780 
5025 3133 4275 3652 
5026 3313 4433 4146 
5027 2543 4064 2547 
5028 2374 4871 4789 
5029 3263 3954 3422 
5030 4107 4202 3023 
5031 2648 4059 4004 
5032 2593 4136 3323 
5033 2852 4128 2722 
5034 214 3909 2395 
5035 2871 4177 2471 
5036 2822 4021 2948 
5037 2817 4331 2855 
5038 3641 4055 3261 
5039 4264 4387 3488 
5040 4349 4467 3519 
5041 3628 4280 4014 
5042 2791 3979 2790 
5043 4192 4209 4034 
5044 4060 4061 3712 
5045 2819 3987 3178 
5046 3179 4066 2807 
5047 2991 4007 2997 
5048 2711 4205 2758 
5049 3007 3986 2968 
5050 4014 4280 3009 
5051 3629 3988 3228 
5052 3417 3947 3748 
5053 3139 4281 3494 
5054 3205 3942 3566 
5055 2688 4223 2691 
5056 4050 4208 2685 
5057 3195 3985 3476 
5058 3145 4048 3147 
5059 2400 3913 3911 
5060 3986 4377 3985 
5061 4213 4277 2789 
5062 2762 4050 2687 
5063 2880 4401 3369 
5064 2386 3920 212 
5065 3013 4105 4062 
5066 3942 3943 3566 
5067 3019 4046 3238 
5068 180 2365 181 
5069 3066 4031 3158 
5070 2949 4358 4199 
5071 4194 4211 2484 
5072 2754 4172 2788 
5073 3137 3962 3138 
5074 3180 4071 2995 
5075 3323 4017 2594 
5076 3915 3916 2401 
5077 3628 4014 2692 
5078 2785 4285 3946 
5079 182 2414 183 
5080 3953 4259 3085 
5081 184 4381 2390 
5082 2944 3930 3071 
5083 2970 3982 3007 
5084 4256 4257 4255 
5085 2622 4010 3219 
5086 2989 4007 2991 
5087 2517 4258 4256 
5088 2976 3985 3195 
5089 2810 4100 2839 
5090 2423 2424 2422 
5091 2557 4265 2446 
5092 3032 4051 3196 
5093 3954 4298 3422 
5094 2623 4010 2620 
5095 3264 3954 3263 
5096 2380 4444 182 
5097 184 2390 185 
5098 3457 4151 3218 
5099 3176 4316 3292 
5100 2421 3525 2423 
5101 3086 3953 3085 
5102 3082 3949 3210 
5103 209 3915 2401 
5104 4340 4372 3991 
5105 3400 4060 3712 
5106 3624 3745 3722 
5107 2538 4127 3500 
5108 180 2397 179 
5109 3071 3941 3217 
5110 3879 3880 3675 
5111 216 2418 217 
5112 208 3918 207 
5113 2484 4211 2666 
5114 216 2400 215 
5115 3745 4709 3722 
5116 2883 4260 2885 
5117 3713 4237 3401 
5118 4158 4226 2605 
5119 3548 3624 3550 
5120 3673 3675 3620 
5121 3916 3917 2401 
5122 2424 4447 2422 
5123 2397 4533 179 
5124 3076 3123 3075 
5125 2773 3987 2819 
5126 3074 3076 3075 
5127 2423 2425 2424 
5128 3836 4393 184 
5129 3624 3722 3550 
5130 3566 3862 3681 
5131 3911 3912 3910 
5132 2401 3918 208 
5133 3072 4400 4083 
5134 3155 3959 3437 
5135 3566 3943 3862 
5136 183 2380 182 
5137 3188 3322 3189 
5138 3583 3620 3406 
5139 2777 4021 2822 
5140 3098 3408 3164 
5141 3322 3433 3372 
5142 3418 3947 3417 
5143 214 2395 213 
5144 214 2399 215 
5145 3205 3566 3320 
5146 3812 3814 3813 
5147 4321 4395 3327 
5148 3188 3189 2882 
5149 3620 3689 3406 
5150 3673 3879 3675 
5151 3322 3372 3189 
5152 3408 4558 4557 
5153 3433 3868 3434 
5154 3406 4374 3163 
5155 3110 4474 3076 
5156 3074 3075 2875 
5157 3408 4557 3164 
5158 3344 3406 3163 
5159 3934 3937 3933 
5160 3109 3110 3076 
5161 3748 3891 3791 
5162 3250 3485 3272 
5163 3885 4499 3868 
5164 3868 4752 3434 
5165 3433 3434 3372 
5166 2874 2875 2747 
5167 3721 3812 3296 
5168 214 3919 2399 
5169 3638 3955 3143 
5170 3073 3074 2875 
5171 2864 2879 2878 
5172 3254 3417 3253 
5173 187 2419 186 
5174 3105 3253 3160 
5175 2378 4249 188 
5176 3095 3096 3094 
5177 3417 3748 3480 
5178 3325 4022 2784 
5179 185 3836 184 
5180 3812 3813 3296 
5181 213 3919 214 
5182 2425 2426 2424 
5183 2864 2878 2863 
5184 3160 3942 3205 
5185 3285 3841 3316 
5186 3074 3109 3076 
5187 3433 3885 3868 
5188 3583 3673 3620 
5189 3116 3677 3114 
5190 2896 3105 2897 
5191 3566 3681 3320 
5192 3093 3094 3092 
5193 211 2383 210 
5194 2742 2874 2747 
5195 2944 3071 2943 
5196 3168 3169 3088 
5197 4558 4758 4557 
5198 2882 4469 2879 
5199 2893 3188 2882 
5200 3748 3791 3480 
5201 3295 3296 3101 
5202 2879 2881 2878 
5203 3091 3092 2733 
5204 3093 3095 3094 
5205 3013 4062 3012 
5206 3096 3098 3097 
5207 2942 2943 2939 
5208 2730 3091 2733 
5209 211 2386 212 
5210 3834 4432 3581 
5211 3098 3164 3099 
5212 3105 3160 2897 
5213 3417 3480 3253 
5214 2874 3073 2875 
5215 2896 3944 3105 
5216 3091 3093 3092 
5217 3105 3254 3253 
5218 2732 2864 2863 
5219 3285 3842 3841 
5220 2742 2747 2741 
5221 3123 3548 3547 
5222 2375 3922 206 
5223 209 2401 208 
5224 2745 3285 2779 
5225 2368 3929 3928 
5226 3071 3217 3216 
5227 3254 3418 3417 
5228 3272 4683 3431 
5229 2404 4190 190 
5230 3397 3598 3110 
5231 3344 3583 3406 
5232 2748 3446 2750 
5233 3322 3502 3433 
5234 205 3927 2369 
5235 2828 2829 2800 
5236 3515 3516 3418 
5237 2759 2800 2760 
5238 3517 3797 3516 
5239 2750 2759 2751 
5240 3932 3934 3933 
5241 189 4228 2405 
5242 2856 2950 2949 
5243 189 2378 188 
5244 3265 3380 3379 
5245 2732 2863 2705 
5246 2942 2944 2943 
5247 3217 3265 3218 
5248 207 2375 206 
5249 2582 2584 2583 
5250 2748 2750 2749 
5251 3797 3844 3516 
5252 2582 2583 2581 
5253 3610 3898 3886 
5254 3752 3784 3556 
5255 2950 3266 3201 
5256 2730 2733 2731 
5257 208 2379 209 
5258 3071 3216 2943 
5259 191 4148 2389 
5260 3841 3843 3316 
5261 2884 3085 2883 
5262 3295 3721 3296 
5263 2653 3531 2630 
5264 2830 2883 2829 
5265 3217 3389 3265 
5266 3266 3376 3375 
5267 2856 2949 2797 
5268 3654 3690 3617 
5269 2580 2582 2581 
5270 3376 3617 3567 
5271 2361 4119 192 
5272 205 2369 206 
5273 2934 2935 2931 
5274 3352 3757 3351 
5275 2950 3201 2949 
5276 205 2402 204 
5277 2584 2587 2585 
5278 3380 3556 3555 
5279 2750 3958 2759 
5280 2584 2585 2583 
5281 3380 3752 3556 
5282 2759 2760 2751 
5283 2759 2828 2800 
5284 2431 3252 2429 
5285 2580 2581 2579 
5286 3266 3375 3201 
5287 2368 3928 201 
5288 191 2404 190 
5289 207 3924 208 
5290 2425 2427 2426 
5291 203 2403 204 
5292 187 2360 188 
5293 3285 3316 2779 
5294 2926 2929 2925 
5295 3421 3767 3403 
5296 3257 3798 3398 
5297 3422 3747 3527 
5298 2621 2623 2620 
5299 189 2405 190 
5300 3376 3567 3375 
5301 3263 3422 3278 
5302 3158 3251 3247 
5303 2616 4024 2618 
5304 4199 4241 2672 
5305 2427 2438 2426 
5306 2828 2830 2829 
5307 2750 2751 2749 
5308 2883 2885 2829 
5309 2438 2742 2741 
5310 3515 3517 3516 
5311 2614 4032 2616 
5312 2798 2856 2797 
5313 3158 3247 3065 
5314 3063 3645 3061 
5315 2618 2620 2619 
5316 3694 4141 3692 
5317 3042 3248 3040 
5318 2929 3306 3228 
5319 3217 3218 3216 
5320 2924 2925 2922 
5321 2587 2588 2585 
5322 191 2389 192 
5323 2624 2625 2623 
5324 202 2368 201 
5325 2827 2896 2895 
5326 3251 3298 3247 
5327 2830 2884 2883 
5328 3049 3050 3048 
5329 2578 2580 2579 
5330 3046 3048 3044 
5331 3244 3403 3124 
5332 2808 3553 2726 
5333 3251 3460 3298 
5334 2884 3086 3085 
5335 3436 3669 3206 
5336 3147 3263 3146 
5337 2618 2621 2620 
5338 200 2366 201 
5339 3049 3051 3050 
5340 3460 3603 3298 
5341 3460 3869 3603 
5342 3422 3527 3278 
5343 3421 3796 3767 
5344 3265 3379 3218 
5345 3046 3049 3048 
5346 2747 3127 2741 
5347 2578 2579 2577 
5348 2621 2624 2623 
5349 3164 3250 3165 
5350 2612 2786 2614 
5351 2808 3605 3553 
5352 199 2362 198 
5353 2577 4234 2813 
5354 3706 3847 3707 
5355 197 2387 198 
5356 3244 3421 3403 
5357 196 2388 195 
5358 2929 3228 2925 
5359 3145 3146 3086 
5360 3654 3820 3690 
5361 3109 3397 3110 
5362 193 2361 192 
5363 194 2363 195 
5364 3380 3555 3379 
5365 3263 3278 3146 
5366 3066 3158 3065 
5367 2626 2639 2625 
5368 3051 3054 3050 
5369 3082 3210 2972 
5370 2616 2618 2617 
5371 2711 2756 2710 
5372 3465 3676 3641 
5373 2640 2664 2639 
5374 3730 3899 3839 
5375 2665 2710 2664 
5376 2859 3290 2857 
5377 2622 3219 2643 
5378 3064 3065 3063 
5379 2438 2741 2426 
5380 2881 3534 3197 
5381 3138 3962 3211 
5382 3051 3057 3054 
5383 3705 3706 3388 
5384 3730 3839 3594 
5385 2606 2952 2608 
5386 2758 2790 2756 
5387 3306 3632 3336 
5388 3557 3780 3558 
5389 2896 2897 2895 
5390 2614 2616 2615 
5391 2825 4126 3005 
5392 3005 3242 3022 
5393 3376 3654 3617 
5394 2576 2577 2575 
5395 2633 2654 2634 
5396 3410 3819 3612 
5397 3062 3063 3061 
5398 3393 3410 3394 
5399 2880 2882 2879 
5400 2592 2633 2632 
5401 3166 3206 3068 
5402 2831 2832 2821 
5403 2576 2578 2577 
5404 3057 3081 3054 
5405 2706 2726 2707 
5406 3706 3707 3388 
5407 2624 2626 2625 
5408 2706 2808 2726 
5409 3614 3779 3770 
5410 3252 4334 4333 
5411 2916 2919 2914 
5412 3131 3261 3173 
5413 3393 3394 3156 
5414 3136 3243 2870 
5415 3410 3612 3394 
5416 3100 3101 3095 
5417 2520 4284 2458 
5418 2970 3007 2968 
5419 2833 2898 2832 
5420 2898 3131 2900 
5421 2924 2926 2925 
5422 2556 2573 2550 
5423 3387 3388 3264 
5424 3183 3351 2906 
5425 3571 3572 3570 
5426 3248 4185 3040 
5427 3262 3465 3261 
5428 2863 4373 2705 
5429 2521 2522 2520 
5430 2610 2612 2611 
5431 2820 2821 2791 
5432 3214 3557 3286 
5433 3306 3336 3228 
5434 2620 2622 2619 
5435 3572 3573 3570 
5436 3145 3147 3146 
5437 2654 2706 2655 
5438 3407 3554 3308 
5439 2950 3661 3266 
5440 2665 2711 2710 
5441 3574 3674 3572 
5442 2612 2614 2613 
5443 3195 3308 3143 
5444 2539 2999 2535 
5445 2639 2641 2625 
5446 2543 2547 2544 
5447 2523 2524 2522 
5448 2711 2758 2756 
5449 3147 3264 3263 
5450 2727 2730 2729 
5451 2469 2470 2468 
5452 3786 3900 3785 
5453 2878 4380 2863 
5454 2626 2640 2639 
5455 2467 2468 2466 
5456 3780 3821 3558 
5457 2430 2431 2429 
5458 2473 2474 2472 
5459 3483 3515 3418 
5460 2432 2433 2431 
5461 3134 3135 3033 
5462 3045 3046 3044 
5463 2758 2791 2790 
5464 2471 2472 2470 
5465 3569 3570 3021 
5466 2465 2466 2464 
5467 2461 2853 2463 
5468 3134 3853 3135 
5469 2525 2531 2524 
5470 2474 3191 2551 
5471 2635 2653 2630 
5472 2768 2854 2795 
5473 2524 2846 2522 
5474 2820 2831 2821 
5475 2640 2665 2664 
5476 2789 2797 2755 
5477 2756 2757 2710 
5478 3090 3497 3203 
5479 3058 3156 3057 
5480 3553 4434 2726 
5481 3157 3393 3156 
5482 2474 2551 2472 
5483 2668 2705 2653 
5484 2547 2552 2548 
5485 2577 2813 2575 
5486 2574 2575 2573 
5487 3579 3580 2783 
5488 3767 3768 3403 
5489 2463 2464 2462 
5490 2481 2482 2480 
5491 2532 2536 2531 
5492 3548 3550 3549 
5493 2434 2435 2433 
5494 2479 2480 2478 
5495 2976 3143 2960 
5496 3580 4344 2783 
5497 3557 3558 3286 
5498 2929 3825 3306 
5499 3805 3806 3441 
5500 3043 3044 3042 
5501 2537 2543 2536 
5502 2841 3134 3033 
5503 3195 3407 3308 
5504 3422 4298 3747 
5505 2831 2833 2832 
5506 3019 3238 3001 
5507 2467 2469 2468 
5508 2463 2465 2464 
5509 2755 4199 2672 
5510 2465 2467 2466 
5511 3096 3097 3094 
5512 2748 2749 2724 
5513 2956 4085 3959 
5514 2471 2473 2472 
5515 2547 2548 2544 
5516 2552 2558 2553 
5517 2558 2565 2559 
5518 2565 2568 2566 
5519 2473 2475 2474 
5520 2568 2593 2569 
5521 2833 2899 2898 
5522 3465 3641 3261 
5523 2461 2463 2462 
5524 2469 2471 2470 
5525 3131 3173 2900 
5526 3481 3702 3618 
5527 2574 2576 2575 
5528 2814 3257 3207 
5529 3252 4333 2429 
5530 2608 2610 2609 
5531 3387 3705 3388 
5532 2479 2481 2480 
5533 2910 2975 2545 
5534 3897 4215 3552 
5535 2646 3150 2644 
5536 2606 4113 2952 
5537 2481 2483 2482 
5538 2976 3195 3143 
5539 3534 3793 3535 
5540 2581 3162 2579 
5541 3996 4000 3999 
5542 2552 2553 2548 
5543 2714 2732 2705 
5544 2898 2900 2832 
5545 2568 2569 2566 
5546 2565 2566 2559 
5547 2593 3323 2594 
5548 2558 2559 2553 
5549 2588 2590 2589 
5550 2461 2462 2460 
5551 2898 4088 3131 
5552 3131 3262 3261 
5553 2477 2479 2478 
5554 3645 4070 3061 
5555 3612 3614 3613 
5556 2537 2545 2543 
5557 4000 4001 3999 
5558 2734 4462 2736 
5559 2583 4247 2581 
5560 2532 2537 2536 
5561 3614 3770 3615 
5562 3060 3061 3053 
5563 2602 2630 2587 
5564 2618 2619 2617 
5565 2543 2544 2536 
5566 2841 3033 3032 
5567 2674 2748 2724 
5568 3094 4463 3092 
5569 3782 3794 3783 
5570 3352 3883 3757 
5571 2525 2532 2531 
5572 3048 4114 3044 
5573 3491 4486 3346 
5574 2593 2594 2569 
5575 3120 3240 3118 
5576 3135 3830 3209 
5577 3262 3466 3465 
5578 2795 2841 2840 
5579 2530 2627 2534 
5580 3527 3782 3528 
5581 3990 4002 3992 
5582 2633 3526 2654 
5583 3307 3416 3240 
5584 2523 2525 2524 
5585 3177 3346 3345 
5586 2465 2487 2467 
5587 2588 3028 2590 
5588 3662 3664 3343 
5589 3460 3870 3869 
5590 3346 3699 3345 
5591 3155 3391 3154 
5592 3009 3011 3010 
5593 3196 3481 3399 
5594 2633 2634 2632 
5595 3015 3120 3118 
5596 3120 3307 3240 
5597 3011 3013 3012 
5598 2768 2795 2794 
5599 3416 3881 3656 
5600 3756 3867 3634 
5601 3741 3837 3491 
5602 3054 3152 3050 
5603 2556 2574 2573 
5604 2456 2458 2457 
5605 3438 3785 3392 
5606 2444 2446 2445 
5607 2627 2768 2722 
5608 3308 3638 3143 
5609 2477 2478 2475 
5610 2454 2456 2455 
5611 2476 2477 2475 
5612 2459 2461 2460 
5613 2697 3009 3008 
5614 3092 4439 2733 
5615 2600 2628 2601 
5616 2521 2523 2522 
5617 3003 3177 3176 
5618 3569 3571 3570 
5619 2846 4094 4093 
5620 3175 3474 3386 
5621 2452 2454 2453 
5622 3280 3363 3362 
5623 3064 3066 3065 
5624 3562 3634 3561 
5625 3416 3656 3455 
5626 3270 3590 3588 
5627 2442 2444 2443 
5628 2450 2452 2451 
5629 3595 3730 3594 
5630 2428 2429 2427 
5631 3531 4320 2630 
5632 3041 3042 3040 
5633 3436 3829 3669 
5634 3227 3270 3269 
5635 2876 3154 2867 
5636 3270 3588 3269 
5637 2448 2450 2449 
5638 2446 2448 2447 
5639 3011 3012 3010 
5640 3355 3725 3723 
5641 2628 2647 2629 
5642 3227 3269 3226 
5643 3391 3444 3443 
5644 3798 4412 3398 
5645 3438 3786 3785 
5646 3144 3145 3086 
5647 3225 3227 3226 
5648 2469 2871 2471 
5649 3000 4027 2626 
5650 3355 3723 3354 
5651 2516 3860 2527 
5652 2721 2769 2720 
5653 3490 3491 3346 
5654 2798 2857 2856 
5655 3022 3256 3078 
5656 2812 2850 2847 
5657 3155 3392 3391 
5658 2993 2994 2992 
5659 3744 3901 3590 
5660 2742 2886 2874 
5661 3009 3010 3008 
5662 3158 3487 3251 
5663 3132 3136 2870 
5664 3177 3345 3176 
5665 3584 3732 3413 
5666 3969 3972 3970 
5667 2596 2600 2598 
5668 2850 3017 2851 
5669 2991 2992 2990 
5670 3062 3064 3063 
5671 2558 2567 2565 
5672 2606 2608 2607 
5673 3773 3876 3775 
5674 3276 3413 3277 
5675 3571 3574 3572 
5676 2876 3155 3154 
5677 2773 2812 2769 
5678 2600 2601 2598 
5679 2513 2528 2516 
5680 2473 2476 2475 
5681 3604 3802 3684 
5682 2719 2720 2647 
5683 2485 2486 2483 
5684 2805 3179 2807 
5685 3211 3355 3354 
5686 3017 3170 3018 
5687 3170 3276 3172 
5688 2476 2770 2477 
5689 3039 3040 3038 
5690 2450 2761 2452 
5691 2468 2638 2466 
5692 2588 2589 2585 
5693 2547 3496 2552 
5694 2585 4267 2583 
5695 3444 3657 3445 
5696 3541 3561 3540 
5697 2628 2629 2601 
5698 3005 3022 3006 
5699 3994 3996 3995 
5700 3125 3244 3124 
5701 3225 3226 3223 
5702 3298 3646 3247 
5703 2842 3031 2818 
5704 3414 3969 3968 
5705 2809 2861 2860 
5706 2470 4384 2468 
5707 3593 3594 3592 
5708 3760 3805 3441 
5709 3519 3524 3520 
5710 2811 2977 2866 
5711 2989 2990 2718 
5712 3140 3337 3030 
5713 3562 3756 3634 
5714 3222 3223 3013 
5715 3456 3519 3236 
5716 3440 3441 3439 
5717 2994 3137 2995 
5718 2656 3236 2657 
5719 3410 3845 3819 
5720 3015 3118 3016 
5721 3588 3604 3589 
5722 3051 3058 3057 
5723 3324 3518 2717 
5724 3865 3866 3428 
5725 3444 3846 3657 
5726 3183 3352 3351 
5727 2553 4152 2725 
5728 2772 4399 2814 
5729 3505 3540 3504 
5730 2509 3024 2511 
5731 2519 2520 2458 
5732 2796 2820 2791 
5733 3591 3744 3590 
5734 2650 2656 2652 
5735 3191 3192 2551 
5736 3992 3994 3993 
5737 3324 3643 3518 
5738 2647 2648 2629 
5739 2773 2818 2812 
5740 3996 3999 3998 
5741 2721 2773 2769 
5742 2850 2851 2847 
5743 2971 2972 2970 
5744 3541 3562 3561 
5745 2568 3151 2593 
5746 3476 3592 3407 
5747 2977 3360 2978 
5748 2973 3082 2972 
5749 3969 3975 3972 
5750 2683 3324 2717 
5751 3119 3280 3279 
5752 2481 2485 2483 
5753 3122 3759 3312 
5754 2848 2870 2834 
5755 2736 2739 2738 
5756 3576 3577 3507 
5757 3224 3225 3223 
5758 2812 2847 2769 
5759 3192 3373 3255 
5760 2733 2734 2731 
5761 2977 2978 2866 
5762 3037 3038 2892 
5763 2789 2798 2797 
5764 3017 3018 2851 
5765 3336 3630 3629 
5766 2675 2718 2676 
5767 3413 3414 3277 
5768 2719 2721 2720 
5769 3276 3584 3413 
5770 2444 2445 2443 
5771 2811 2866 2865 
5772 3444 3445 3443 
5773 3166 3436 3206 
5774 3514 3670 3360 
5775 2993 2996 2994 
5776 2991 2993 2992 
5777 2907 3602 3597 
5778 3391 3443 3154 
5779 2485 2488 2486 
5780 2969 2970 2968 
5781 3723 3824 3724 
5782 2807 2811 2810 
5783 2881 3197 2878 
5784 3170 3172 3018 
5785 3211 3354 3212 
5786 2594 2596 2595 
5787 3276 3277 3172 
5788 3372 3501 3189 
5789 3191 4236 3192 
5790 2989 2991 2990 
5791 2659 2662 2661 
5792 2907 4244 3602 
5793 3017 3171 3170 
5794 3972 3973 3970 
5795 3300 3439 2849 
5796 2805 2807 2806 
5797 3083 3124 3082 
5798 3519 3520 3236 
5799 3969 3970 3968 
5800 2663 2675 2670 
5801 3177 3490 3346 
5802 3130 3639 2987 
5803 2628 2719 2647 
5804 3058 3157 3156 
5805 3360 3384 2978 
5806 2967 2968 2966 
5807 2656 2657 2652 
5808 2656 3456 3236 
5809 2600 4016 2628 
5810 3135 3209 3033 
5811 2675 2989 2718 
5812 3012 3015 3014 
5813 2764 2805 2804 
5814 2940 2942 2939 
5815 3540 4427 3504 
5816 2519 2521 2520 
5817 2488 2490 2489 
5818 3404 3409 3287 
5819 3505 3541 3540 
5820 2683 2717 2684 
5821 3138 3211 3181 
5822 2596 2598 2597 
5823 3282 3504 3027 
5824 3492 3741 3491 
5825 3294 3295 3101 
5826 2505 2517 2507 
5827 2488 2489 2486 
5828 3375 3503 3201 
5829 2490 2492 2491 
5830 3011 3222 3013 
5831 2590 2592 2591 
5832 3173 3214 3213 
5833 3657 3658 3445 
5834 3098 3099 3097 
5835 3749 3750 3539 
5836 3214 3286 3215 
5837 2994 2995 2992 
5838 3656 3800 3455 
5839 3474 3543 3386 
5840 2691 3628 2692 
5841 2765 4246 2809 
5842 2492 2494 2493 
5843 3111 3625 3293 
5844 2730 2731 2729 
5845 3529 3559 3249 
5846 2841 3032 2840 
5847 3157 3533 3393 
5848 3282 3505 3504 
5849 3612 3613 3394 
5850 3895 3897 3552 
5851 3084 4305 2498 
5852 3697 3698 3696 
5853 2501 2986 2503 
5854 3610 3886 3611 
5855 2554 2556 2550 
5856 2464 3004 2462 
5857 2990 3478 2718 
5858 3699 3861 3700 
5859 2962 4124 3153 
5860 2549 2550 2542 
5861 3523 3579 2783 
5862 3045 3047 3046 
5863 3481 3618 3399 
5864 2648 2650 2649 
5865 3334 3642 3521 
5866 2680 2683 2682 
5867 2458 2459 2457 
5868 3416 3455 3240 
5869 3329 4192 4034 
5870 3518 4479 3648 
5871 2480 3488 2478 
5872 2662 2663 2661 
5873 2603 3458 2704 
5874 3382 3387 3264 
5875 2616 2617 2615 
5876 3060 3062 3061 
5877 2795 2840 2794 
5878 3538 3539 3537 
5879 2456 2457 2455 
5880 3437 3438 3392 
5881 3356 3357 3168 
5882 2483 2484 2482 
5883 3222 3224 3223 
5884 2765 2809 2667 
5885 2977 3514 3360 
5886 2697 3008 2698 
5887 2650 2652 2651 
5888 2700 2716 2702 
5889 2454 2455 2453 
5890 2866 3111 2865 
5891 2809 2860 2838 
5892 3367 3537 3366 
5893 2592 2632 2631 
5894 3695 3696 3694 
5895 2490 2491 2489 
5896 2446 2447 2445 
5897 2688 2691 2690 
5898 2961 2976 2960 
5899 3224 3246 3225 
5900 2654 2655 2634 
5901 3270 3591 3590 
5902 3268 3983 3125 
5903 2675 2676 2670 
5904 3411 3788 3412 
5905 2760 2785 2784 
5906 3770 3771 3615 
5907 2452 2453 2451 
5908 3137 3138 2995 
5909 3469 4389 3467 
5910 2541 2542 2539 
5911 3614 3615 3613 
5912 2450 2451 2449 
5913 3693 3694 3692 
5914 2938 2939 2937 
5915 3120 3633 3307 
5916 2571 2606 2605 
5917 3280 3362 3279 
5918 3093 3100 3095 
5919 2448 2449 2447 
5920 3665 3826 3466 
5921 3876 3877 3775 
5922 2846 4093 2522 
5923 3355 3726 3725 
5924 2492 2493 2491 
5925 142 2364 141 
5926 2868 2876 2867 
5927 2627 2722 2534 
5928 3588 3589 3269 
5929 2657 2659 2658 
5930 2459 2460 2457 
5931 3708 3801 3268 
5932 3490 3492 3491 
5933 2811 2865 2810 
5934 3723 3724 3354 
5935 2768 2794 2722 
5936 2494 2495 2493 
5937 3371 3411 3221 
5938 2860 3003 2862 
5939 3118 3119 3016 
5940 3788 3789 3412 
5941 3604 3684 3589 
5942 2781 2783 2771 
5943 3003 3176 3104 
5944 2726 2727 2707 
5945 2666 2765 2667 
5946 3211 3212 3181 
5947 2807 2810 2806 
5948 3373 3374 3255 
5949 3411 3412 3221 
5950 3459 4137 3377 
5951 2569 4029 2566 
5952 2694 2697 2696 
5953 2566 3482 2559 
5954 2706 2707 2655 
5955 3414 3968 3967 
5956 2594 2595 2569 
5957 2610 2611 2609 
5958 2590 2591 2589 
5959 2819 2842 2818 
5960 2659 2661 2660 
5961 4094 4095 4093 
5962 3471 3507 3469 
5963 3334 3521 3347 
5964 3625 4101 3293 
5965 3758 3762 3756 
5966 3917 3918 2401 
5967 2907 3597 2908 
5968 2453 2979 2451 
5969 2805 2806 2804 
5970 2553 2725 2548 
5971 3365 3366 3284 
5972 3994 3995 3993 
5973 2364 4142 141 
5974 2978 4072 2866 
5975 2927 2928 2926 
5976 2932 2934 2931 
5977 3257 3398 3207 
5978 3518 3648 2717 
5979 2612 2613 2611 
5980 2930 2931 2928 
5981 2683 2684 2682 
5982 2614 2615 2613 
5983 2828 3142 2830 
5984 2596 2597 2595 
5985 2775 2802 2801 
5986 2601 4028 2598 
5987 3231 3512 3511 
5988 3932 3933 3931 
5989 2691 2692 2690 
5990 2598 2603 2597 
5991 2888 3339 2780 
5992 2965 2966 2963 
5993 3377 3378 3185 
5994 3658 3660 3659 
5995 2843 2867 2842 
5996 3012 3014 3010 
5997 3043 3045 3044 
5998 143 4144 142 
5999 2837 2907 2904 
6000 3521 3546 3522 
6001 2640 2709 2665 
6002 3996 3998 3995 
6003 2495 2518 2497 
6004 3184 3185 3130 
6005 2650 2651 2649 
6006 3384 3678 2978 
6007 2825 3005 2845 
6008 2665 4206 2711 
6009 2663 2670 2669 
6010 2624 3000 2626 
6011 2548 4053 2544 
6012 2945 3088 2944 
6013 2745 2779 2746 
6014 2648 2649 2629 
6015 3015 3016 3014 
6016 3129 3130 2987 
6017 2486 4194 2483 
6018 2460 4341 2457 
6019 2488 2947 2490 
6020 3691 3692 3310 
6021 2676 2678 2677 
6022 2884 3144 3086 
6023 3595 3731 3730 
6024 3022 3078 3006 
6025 2544 4052 2536 
6026 3440 3760 3441 
6027 3281 3282 3027 
6028 3127 4552 4404 
6029 2831 3080 2833 
6030 2657 2658 2652 
6031 3527 3528 3278 
6032 3333 3493 3331 
6033 2951 4233 2576 
6034 2959 2960 2957 
6035 3300 3440 3439 
6036 2758 2796 2791 
6037 2864 2880 2879 
6038 2659 2660 2658 
6039 2984 2987 2982 
6040 3438 3787 3786 
6041 3195 3476 3407 
6042 3773 3775 3774 
6043 3336 3629 3228 
6044 2809 2838 2667 
6045 2592 2631 2591 
6046 3220 3221 3023 
6047 2492 2546 2494 
6048 3458 4047 2704 
6049 2476 3506 2770 
6050 3699 3700 3345 
6051 2917 2918 2916 
6052 4062 4105 3633 
6053 144 2407 143 
6054 3716 3717 3715 
6055 3107 3610 3302 
6056 2538 2539 2535 
6057 3564 3668 3565 
6058 2848 3132 2870 
6059 3334 3347 3281 
6060 3220 3371 3221 
6061 3111 3293 3126 
6062 2666 2667 2599 
6063 2923 2924 2922 
6064 3521 3522 3347 
6065 3293 3453 3303 
6066 3412 4107 3221 
6067 2716 3260 2702 
6068 2847 3981 2769 
6069 2678 2680 2679 
6070 2793 3027 2765 
6071 3520 4197 3236 
6072 2793 3334 3281 
6073 140 2406 139 
6074 3020 3021 3019 
6075 2920 2922 2918 
6076 3002 3019 3001 
6077 3018 3235 2851 
6078 3395 3569 3021 
6079 3292 4437 3733 
6080 3254 3483 3418 
6081 2456 2519 2458 
6082 2955 2956 2877 
6083 2445 3420 2443 
6084 2991 2997 2993 
6085 2521 2946 2523 
6086 3184 3377 3185 
6087 3593 3595 3594 
6088 3244 3831 3421 
6089 2796 2849 2820 
6090 3172 3977 3018 
6091 3041 3043 3042 
6092 2907 2908 2904 
6093 3155 3437 3392 
6094 2449 2562 2447 
6095 3510 3564 3563 
6096 2666 2793 2765 
6097 3138 3181 3180 
6098 3277 3361 3172 
6099 3414 3967 3277 
6100 2663 2669 2661 
6101 2740 2745 2744 
6102 3789 3790 3412 
6103 3562 3758 3756 
6104 2773 2819 2818 
6105 2936 2937 2934 
6106 2447 4225 2445 
6107 2555 3141 2561 
6108 2766 4371 2714 
6109 2551 4243 2472 
6110 3658 3659 3445 
6111 3282 3902 3505 
6112 3992 3993 3991 
6113 2868 2877 2876 
6114 3887 3890 3889 
6115 2512 2514 2510 
6116 3427 3835 3764 
6117 3476 3593 3592 
6118 2676 2677 2670 
6119 3973 3974 3970 
6120 3358 3662 3343 
6121 2915 2916 2914 
6122 3587 4296 3341 
6123 3128 3163 3116 
6124 3543 3738 3619 
6125 2909 2910 2545 
6126 3463 3838 3815 
6127 2560 4229 2554 
6128 2678 2679 2677 
6129 2719 3447 2721 
6130 2608 2609 2607 
6131 3333 3560 3493 
6132 3186 3314 3273 
6133 3173 3213 2900 
6134 3538 3749 3539 
6135 3167 3168 3088 
6136 3212 3383 3239 
6137 3328 3329 2776 
6138 2860 2862 2838 
6139 3129 3184 3130 
6140 2793 3281 3027 
6141 2546 3023 2494 
6142 2684 2686 2685 
6143 2680 2682 2681 
6144 3478 4005 2718 
6145 2873 3001 2823 
6146 3262 3665 3466 
6147 3123 3547 3075 
6148 2697 2698 2696 
6149 3771 3773 3772 
6150 3140 3338 3337 
6151 2484 2666 2599 
6152 3222 4261 3224 
6153 2913 2914 2912 
6154 3304 3344 3163 
6155 3175 3386 3385 
6156 3144 3249 3145 
6157 3224 3477 3246 
6158 3523 3719 3579 
6159 3367 3538 3537 
6160 2667 4263 2599 
6161 3258 3427 3425 
6162 146 2381 145 
6163 3330 3331 3329 
6164 3758 3871 3762 
6165 2686 2688 2687 
6166 3147 3382 3264 
6167 3534 3535 3197 
6168 3332 3333 3331 
6169 3714 3715 3713 
6170 2364 4143 4142 
6171 2606 2607 2605 
6172 3735 3865 3428 
6173 3383 3680 3544 
6174 3471 3576 3507 
6175 3005 3006 2845 
6176 2819 2843 2842 
6177 2764 2804 2803 
6178 4034 4209 2677 
6179 2843 2868 2867 
6180 3782 3783 3528 
6181 3160 3205 3161 
6182 3365 3367 3366 
6183 2444 2557 2446 
6184 2984 3129 2987 
6185 3379 3457 3218 
6186 2525 2540 2532 
6187 3037 3039 3038 
6188 2888 4044 3339 
6189 2688 2690 2689 
6190 2491 2998 2489 
6191 3546 3578 3522 
6192 3204 3343 3026 
6193 3532 4379 2728 
6194 2967 2969 2968 
6195 3138 3180 2995 
6196 138 2382 137 
6197 2651 3489 3326 
6198 2432 2434 2433 
6199 3119 3279 3234 
6200 3111 3126 2865 
6201 3451 3510 3508 
6202 3330 3332 3331 
6203 2969 2971 2970 
6204 3003 3104 2862 
6205 2971 2973 2972 
6206 2430 2432 2431 
6207 2603 2704 2703 
6208 3318 3428 3275 
6209 3212 3239 3181 
6210 2837 2904 2903 
6211 2515 4239 2512 
6212 3039 3041 3040 
6213 3214 3215 3213 
6214 2911 2912 2910 
6215 3115 3116 3114 
6216 2546 3448 3220 
6217 3423 3459 3377 
6218 3990 3992 3991 
6219 2660 3194 3193 
6220 3259 4224 2903 
6221 2965 2967 2966 
6222 3333 3626 3560 
6223 2823 4035 2778 
6224 3449 4354 3451 
6225 3328 3330 3329 
6226 3529 3672 3559 
6227 2660 3193 2658 
6228 2546 3220 3023 
6229 3327 3328 2776 
6230 2442 2443 2440 
6231 2704 2764 2763 
6232 2980 4089 3025 
6233 2681 2776 2679 
6234 2680 2681 2679 
6235 3176 3292 3104 
6236 3607 3647 3608 
6237 2810 2839 2806 
6238 2679 4034 2677 
6239 3648 4011 2717 
6240 2684 2685 2682 
6241 3711 3713 3401 
6242 2578 2586 2580 
6243 3328 3653 3330 
6244 3025 3175 3174 
6245 3032 3196 3034 
6246 2584 2602 2587 
6247 2785 2827 2826 
6248 3196 3399 3208 
6249 3848 3850 3459 
6250 2492 4171 2546 
6251 3293 3303 3126 
6252 2651 3326 2649 
6253 3274 3275 3187 
6254 3192 3255 3245 
6255 3193 4087 2658 
6256 3382 3568 3387 
6257 2574 2951 2576 
6258 2998 4416 2489 
6259 2959 2961 2960 
6260 2973 3083 3082 
6261 3488 4232 2478 
6262 2692 2694 2693 
6263 2781 3523 2783 
6264 3932 3935 3934 
6265 3578 3753 3522 
6266 2681 3327 2776 
6267 3305 3742 3637 
6268 2484 2599 2482 
6269 2493 4147 2491 
6270 2428 2430 2429 
6271 2689 2762 2687 
6272 2425 2428 2427 
6273 2645 2646 2644 
6274 3200 3792 3350 
6275 3083 3125 3124 
6276 3800 4008 3455 
6277 3383 3544 3239 
6278 3250 3272 3271 
6279 3455 3964 3240 
6280 148 2408 147 
6281 2563 3499 2560 
6282 3400 3712 3710 
6283 2981 2982 2762 
6284 2631 2713 2712 
6285 3426 3467 3259 
6286 3427 3764 3425 
6287 2893 3190 3188 
6288 2527 2530 2529 
6289 2686 2687 2685 
6290 3184 3423 3377 
6291 2955 4180 2958 
6292 3775 3776 3774 
6293 2692 2693 2690 
6294 2382 4149 137 
6295 3239 4266 3181 
6296 3419 3828 3683 
6297 3754 3822 3753 
6298 2603 2703 2597 
6299 3894 3895 3552 
6300 3067 3068 3066 
6301 3192 3245 2551 
6302 2983 2984 2982 
6303 2902 4269 2799 
6304 2688 2689 2687 
6305 2862 4303 3342 
6306 2508 3108 2506 
6307 2499 2501 2500 
6308 3152 4323 3050 
6309 2500 3084 2498 
6310 3016 4026 3014 
6311 2904 3258 2903 
6312 3326 4078 2649 
6313 3087 3532 2728 
6314 2801 2837 2836 
6315 3299 3300 2849 
6316 2503 2505 2504 
6317 2501 2503 2502 
6318 2530 2534 2533 
6319 2537 2909 2545 
6320 2919 4372 4340 
6321 2526 3596 2515 
6322 3551 3552 3404 
6323 3014 4015 3010 
6324 2775 2801 2799 
6325 3113 3114 2792 
6326 3489 3644 3326 
6327 3644 4090 3326 
6328 2955 2957 2956 
6329 2713 2775 2774 
6330 2690 4045 2689 
6331 2495 2496 2493 
6332 3129 4080 3184 
6333 207 3918 2375 
6334 136 2409 135 
6335 3119 3234 3016 
6336 2516 2527 2526 
6337 3714 3716 3715 
6338 2604 2644 2570 
6339 2739 2740 2738 
6340 3288 3404 3287 
6341 2689 2981 2762 
6342 2868 4182 2954 
6343 2962 3153 2964 
6344 2694 2696 2695 
6345 2409 4150 135 
6346 3133 3287 3132 
6347 2837 2903 2836 
6348 3543 3619 3386 
6349 2983 3229 2985 
6350 2529 4230 2526 
6351 3773 3774 3772 
6352 2497 2499 2498 
6353 3423 3849 3848 
6354 2862 3342 2838 
6355 2509 2511 2510 
6356 3697 3703 3698 
6357 2513 2516 2515 
6358 2631 2712 2591 
6359 3230 3233 2985 
6360 2622 2643 2642 
6361 3002 3020 3019 
6362 3148 3166 3068 
6363 2511 2513 2512 
6364 3578 3754 3753 
6365 2505 2507 2506 
6366 3395 3720 3569 
6367 3258 3259 2903 
6368 2868 2954 2877 
6369 3229 3231 3230 
6370 3695 3697 3696 
6371 2698 2700 2699 
6372 2507 2509 2508 
6373 2984 4081 3129 
6374 3232 4282 3230 
6375 3423 3848 3459 
6376 3164 3165 3099 
6377 3358 3663 3662 
6378 3468 3469 3467 
6379 3318 3735 3428 
6380 2708 3106 2887 
6381 3374 4326 3255 
6382 3291 3607 3606 
6383 2495 2497 2496 
6384 2835 2848 2834 
6385 2700 2702 2701 
6386 3998 4301 3995 
6387 2671 2672 2646 
6388 2655 3035 2634 
6389 3231 3511 3232 
6390 2941 3319 3070 
6391 2804 2980 2803 
6392 2695 3631 2693 
6393 3303 3463 3462 
6394 2502 4270 2500 
6395 2839 4122 2806 
6396 4250 4414 4213 
6397 2704 2763 2703 
6398 3303 3462 3126 
6399 2533 2535 2529 
6400 3292 3733 3686 
6401 2981 2983 2982 
6402 2737 3429 2735 
6403 3279 3305 3234 
6404 2819 3178 2843 
6405 3995 3997 3993 
6406 3100 3294 3101 
6407 3204 3358 3343 
6408 2858 2859 2857 
6409 2954 2955 2877 
6410 3258 3425 3259 
6411 3771 3772 3615 
6412 3426 3682 3468 
6413 3283 3435 3364 
6414 2764 2803 2763 
6415 2948 3090 3089 
6416 3020 3395 3021 
6417 3052 3053 3047 
6418 3693 3695 3694 
6419 2541 2549 2542 
6420 3425 3426 3259 
6421 2549 2554 2550 
6422 2701 4033 2699 
6423 2727 2729 2728 
6424 2729 3087 2728 
6425 3283 3284 2888 
6426 2983 2985 2984 
6427 3292 3686 3104 
6428 3364 3365 3284 
6429 2887 2888 2780 
6430 2801 2836 2799 
6431 3440 3761 3760 
6432 2708 2780 2701 
6433 3032 3034 2840 
6434 3021 4046 3019 
6435 2713 2774 2712 
6436 2817 2834 2816 
6437 2873 3002 3001 
6438 3205 3320 3317 
6439 2822 2948 2872 
6440 208 3924 2379 
6441 2538 2541 2539 
6442 2754 2755 2672 
6443 3613 4067 3394 
6444 3175 3385 3174 
6445 3078 3102 3079 
6446 2760 2784 2751 
6447 2698 2699 2696 
6448 2775 2799 2774 
6449 3229 3230 2985 
6450 3463 3815 3464 
6451 2763 3237 2703 
6452 2794 2852 2722 
6453 151 2367 150 
6454 2694 2695 2693 
6455 3742 3743 3637 
6456 3305 3636 3234 
6457 154 2391 153 
6458 3274 3318 3275 
6459 2727 2728 2707 
6460 2933 4043 4042 
6461 3463 3464 3462 
6462 3615 4342 3613 
6463 3470 3471 3469 
6464 2622 2642 2619 
6465 3255 3419 3245 
6466 2796 3299 2849 
6467 3691 3693 3692 
6468 2504 2572 2502 
6469 2563 4268 3499 
6470 2734 2736 2735 
6471 2962 2963 2961 
6472 2815 2816 2782 
6473 3059 3060 3053 
6474 3551 3894 3552 
6475 3470 3473 3472 
6476 3711 3714 3713 
6477 2980 2988 2803 
6478 3231 3232 3230 
6479 3538 3863 3749 
6480 2787 2789 2755 
6481 157 2372 156 
6482 3426 3468 3467 
6483 2848 3133 3132 
6484 2924 2927 2926 
6485 3736 3737 3472 
6486 3288 3551 3404 
6487 3299 3616 3300 
6488 2959 2962 2961 
6489 2958 2959 2957 
6490 2824 4213 2787 
6491 3776 3778 3777 
6492 2700 2701 2699 
6493 2533 2538 2535 
6494 2538 3500 2541 
6495 3215 3679 3627 
6496 2980 3025 2988 
6497 3484 3529 3249 
6498 2955 2958 2957 
6499 3365 3486 3367 
6500 3077 4037 2971 
6501 2499 2500 2498 
6502 3305 3637 3636 
6503 3872 3873 3737 
6504 2702 2708 2701 
6505 3886 3887 3611 
6506 2370 4155 132 
6507 3133 3288 3287 
6508 2619 4221 2617 
6509 3058 3335 3157 
6510 3029 3030 2844 
6511 3646 4025 3247 
6512 133 2370 132 
6513 3316 3542 2779 
6514 2767 3117 3112 
6515 3610 3611 3302 
6516 2964 2965 2963 
6517 3399 3400 3208 
6518 3348 3349 3199 
6519 3025 3026 2988 
6520 3435 3751 3364 
6521 3424 3432 3289 
6522 3299 3635 3616 
6523 3803 3804 3432 
6524 2708 2887 2780 
6525 3196 3208 3034 
6526 2604 2645 2644 
6527 3133 3652 3288 
6528 2887 3283 2888 
6529 3117 3882 3415 
6530 3267 3739 3368 
6531 2501 2502 2500 
6532 3283 3364 3284 
6533 3452 3454 3450 
6534 130 2392 129 
6535 3102 3122 3121 
6536 2503 2504 2502 
6537 2836 2902 2799 
6538 2602 2635 2630 
6539 3468 3470 3469 
6540 2734 2735 2731 
6541 3513 4884 4779 
6542 3535 3599 3545 
6543 3419 3640 3245 
6544 2962 2964 2963 
6545 3776 3777 3774 
6546 2637 4158 2607 
6547 3204 3359 3358 
6548 3139 3140 3030 
6549 3619 4138 3386 
6550 3078 3079 3006 
6551 127 2371 126 
6552 2905 2906 2859 
6553 2964 2974 2965 
6554 3564 3565 3563 
6555 3025 3174 3026 
6556 2643 2674 2673 
6557 2497 2498 2496 
6558 3174 3204 3026 
6559 4115 4117 4116 
6560 3668 3810 3565 
6561 2371 4156 126 
6562 2505 2506 2504 
6563 3064 3067 3066 
6564 2571 2605 2604 
6565 2772 2781 2771 
6566 3267 3268 3125 
6567 3510 3563 3508 
6568 2774 3353 2712 
6569 3419 3683 3640 
6570 3215 3627 3213 
6571 124 2393 123 
6572 3473 3736 3472 
6573 3736 3872 3737 
6574 2915 2917 2916 
6575 2817 2835 2834 
6576 2564 2571 2570 
6577 2645 2671 2646 
6578 3034 4084 2840 
6579 2814 3207 2815 
6580 2909 2911 2910 
6581 2917 2920 2918 
6582 2645 3498 2671 
6583 2635 2668 2653 
6584 3398 3685 3655 
6585 2913 2915 2914 
6586 3635 3809 3616 
6587 2507 2508 2506 
6588 2825 2845 2844 
6589 2527 2529 2526 
6590 3090 3203 3202 
6591 3060 3103 3062 
6592 3470 3472 3471 
6593 3182 3183 2906 
6594 3079 4145 3006 
6595 3273 3274 3187 
6596 2827 2895 2894 
6597 2609 2637 2607 
6598 2509 2510 2508 
6599 2788 2825 2824 
6600 3273 3309 3274 
6601 2969 3077 2971 
6602 3122 3312 3311 
6603 2511 2512 2510 
6604 3368 3708 3268 
6605 2561 2564 2563 
6606 3400 3401 3208 
6607 2394 4162 159 
6608 160 2394 159 
6609 3711 3718 3714 
6610 2530 2533 2529 
6611 2555 2560 2554 
6612 2754 2788 2787 
6613 2920 2923 2922 
6614 2753 2771 2752 
6615 3127 4404 2741 
6616 2555 2561 2560 
6617 2516 2526 2515 
6618 121 2373 120 
6619 2549 2555 2554 
6620 3139 3494 3381 
6621 2674 2724 2723 
6622 3710 3711 3401 
6623 2513 2515 2512 
6624 2745 2746 2744 
6625 2927 2930 2928 
6626 2817 2855 2835 
6627 2911 2913 2912 
6628 3186 3273 3187 
6629 3679 4295 3627 
6630 3045 3052 3047 
6631 2815 2817 2816 
6632 166 4166 165 
6633 3186 3187 2869 
6634 2824 4250 4213 
6635 3400 3710 3401 
6636 2615 2636 2613 
6637 2671 2754 2672 
6638 2880 2893 2882 
6639 2930 2932 2931 
6640 2766 4385 4371 
6641 3495 3884 3781 
6642 3121 4146 3079 
6643 3144 3484 3249 
6644 3083 3267 3125 
6645 2855 3186 2869 
6646 2798 2858 2857 
6647 2668 2714 2705 
6648 3647 3766 3608 
6649 4 2415 179 
6650 2772 2814 2782 
6651 3036 3037 2892 
6652 3311 3313 3121 
6653 3405 3823 3769 
6654 2571 2604 2570 
6655 2754 2787 2755 
6656 3058 4098 3335 
6657 3495 3755 3381 
6658 2855 2869 2835 
6659 3315 3479 3198 
6660 3041 3055 3043 
6661 3020 3396 3395 
6662 2736 2737 2735 
6663 2564 2570 2563 
6664 3102 3121 3079 
6665 3405 3651 3313 
6666 2561 2563 2560 
6667 3484 3530 3529 
6668 2942 2945 2944 
6669 2740 2744 2743 
6670 2872 2873 2823 
6671 119 2413 118 
6672 3041 4178 3055 
6673 2917 2921 2920 
6674 2371 4157 4156 
6675 3607 3608 3606 
6676 2948 3089 2872 
6677 3599 3688 3545 
6678 3267 3368 3268 
6679 2740 2743 2738 
6680 3029 3139 3030 
6681 2788 2824 2787 
6682 2911 2953 2913 
6683 2938 2940 2939 
6684 2873 3072 3002 
6685 2814 2815 2782 
6686 3140 4271 3338 
6687 2825 2844 2824 
6688 2845 3029 2844 
6689 3398 3655 3207 
6690 2932 2936 2934 
6691 163 2374 162 
6692 2772 2782 2781 
6693 3067 3148 3068 
6694 3357 3938 3168 
6695 165 2410 164 
6696 2746 2752 2744 
6697 2736 2738 2737 
6698 3203 3402 3301 
6699 3159 3442 3341 
6700 168 2376 167 
6701 3621 3623 3370 
6702 2891 2892 2890 
6703 3037 3056 3039 
6704 3052 3059 3053 
6705 4048 4287 3382 
6706 3442 3586 3585 
6707 3368 3709 3708 
6708 3122 3311 3121 
6709 2822 2823 2778 
6710 3494 3495 3381 
6711 3090 3202 3089 
6712 3183 4327 3352 
6713 3535 3545 3197 
6714 117 2377 116 
6715 3622 3817 3816 
6716 3139 3381 3140 
6717 2858 2905 2859 
6718 2643 2673 2642 
6719 2746 2753 2752 
6720 2936 2938 2937 
6721 2753 2772 2771 
6722 3609 3691 3310 
6723 2858 3650 2905 
6724 3312 4231 3311 
6725 3052 3449 3059 
6726 2891 3107 3036 
6727 3148 3289 3166 
6728 3536 3622 3621 
6729 3182 3536 3370 
6730 2674 2723 2673 
6731 3311 3405 3313 
6732 2777 2778 2723 
6733 2724 2777 2723 
6734 3449 3451 3450 
6735 4103 4195 3453 
6736 170 2411 169 
6737 2822 2872 2823 
6738 3301 3310 3202 
6739 3064 4079 3067 
6740 2723 4091 2673 
6741 2673 3475 2642 
6742 207 3926 3924 
6743 3451 3508 3452 
6744 3495 3781 3755 
6745 4042 4204 4041 
6746 3697 3704 3703 
6747 2905 3182 2906 
6748 3405 3769 3651 
6749 2410 4165 164 
6750 3107 3302 3198 
6751 3182 3370 3183 
6752 2432 4307 3149 
6753 3424 3803 3432 
6754 3449 3450 3059 
6755 3117 3415 3112 
6756 3563 4131 3508 
6757 2891 3036 2892 
6758 2933 4042 4041 
6759 3160 3161 2897 
6760 2432 3149 2434 
6761 2785 2826 2784 
6762 115 2412 114 
6763 172 2384 171 
6764 2933 4041 2932 
6765 3451 3452 3450 
6766 3031 3965 2818 
6767 3315 3740 3667 
6768 2777 2822 2778 
6769 3113 3115 3114 
6770 3315 3667 3479 
6771 3272 3431 3430 
6772 4079 4082 3067 
6773 2428 3297 2430 
6774 3810 3811 3565 
6775 3148 3291 3289 
6776 3250 3271 3165 
6777 3887 3889 3888 
6778 3508 3509 3452 
6779 3536 3621 3370 
6780 3203 3301 3202 
6781 3107 3198 3036 
6782 3291 3606 3424 
6783 3622 3816 3621 
6784 2930 2933 2932 
6785 3348 3666 3349 
6786 3424 3923 3803 
6787 3817 3874 3816 
6788 3301 3609 3310 
6789 3302 3315 3198 
6790 3766 3799 3608 
6791 3291 3424 3289 
6792 3887 3888 3611 
6793 3200 3350 3348 
6794 113 2385 112 
6795 2482 4264 2480 
6796 2945 3167 3088 
6797 3740 3795 3667 
6798 2889 2891 2890 
6799 3070 3200 3199 
6800 3701 3734 3587 
6801 2941 3070 3069 
6802 2827 2894 2826 
6803 3924 3925 2379 
6804 3115 3128 3116 
6805 2941 3069 2940 
6806 2602 3241 2635 
6807 2397 4534 4533 
6808 2938 2941 2940 
6809 3389 4359 3951 
6810 3167 3356 3168 
6811 3070 3199 3069 
6812 3128 3304 3163 
6813 3548 3549 3547 
6814 2412 4169 114 
6815 3200 3348 3199 
6816 2715 2766 2714 
6817 2826 4207 3325 
6818 3099 3390 3097 
6819 175 2396 174 
6820 2668 2715 2714 
6821 2826 3325 2784 
6822 3585 3587 3341 
6823 2767 3112 2792 
6824 3442 3585 3341 
6825 3159 3340 2894 
6826 2715 2767 2766 
6827 2889 2890 2441 
6828 3113 3575 3115 
6829 2895 3159 2894 
6830 3112 3113 2792 
6831 3990 3991 3630 
6832 2767 2792 2766 
6833 2439 4363 2889 
6834 3304 3581 3344 
6835 3832 3834 3581 
6836 3159 3341 3340 
6837 3701 3864 3734 
6838 2939 3939 2937 
6839 3585 3701 3587 
6840 4023 4063 2945 
6841 3582 3833 3832 
6842 3971 4335 3361 
6843 142 4144 2364 
6844 2839 4123 4122 
6845 2942 4023 2945 
6846 206 3922 205 
6847 3272 3430 3271 
6848 110 2398 109 
6849 2669 4118 2661 
6850 3601 3818 3746 
6851 3431 3851 3765 
6852 4023 4179 4063 
6853 3124 3949 3082 
6854 2407 4144 143 
6855 3167 3461 3356 
6856 3461 3601 3600 
6857 141 4142 140 
6858 204 3927 205 
6859 3461 3600 3356 
6860 3205 3317 3161 
6861 3304 3582 3581 
6862 2880 3369 2893 
6863 135 4150 134 
6864 3161 4120 2897 
6865 137 4149 136 
6866 2832 3978 2821 
6867 132 4155 131 
6868 126 4156 125 
6869 3105 3944 3254 
6870 159 4162 158 
6871 3271 3513 3165 
6872 3601 3746 3600 
6873 3582 3832 3581 
6874 3431 3765 3430 
6875 3320 3687 3317 
6876 3488 4387 4386 
6877 164 4165 163 
6878 177 2416 176 
6879 4102 4103 3453 
6880 3317 4292 3161 
6881 3550 3727 3549 
6882 3168 3938 3169 
6883 201 3928 200 
6884 2400 3911 3910 
6885 114 4169 113 
6886 2441 2442 2440 
6887 206 3926 207 
6888 3446 3958 2750 
6889 2901 3852 3671 
6890 3671 3763 3649 
6891 2477 4175 2479 
6892 2759 3958 2828 
6893 108 2417 107 
6894 3237 4057 2703 
6895 4109 4123 2839 
6896 4111 4112 3484 
6897 3202 4140 3089 
6898 3727 3729 3728 
6899 2865 4100 2810 
6900 3143 3955 2960 
6901 4004 4348 3456 
6902 3089 4140 4065 
6903 165 4166 2410 
6904 2748 3948 3446 
6905 3012 4062 3015 
6906 3131 4088 3262 
6907 3930 3941 3071 
6908 2899 4088 2898 
6909 3072 4083 3002 
6910 3727 3728 3549 
6911 3144 4111 3484 
6912 3125 3983 3244 
6913 3801 3983 3268 
6914 169 4167 168 
6915 2618 4024 2621 
6916 2369 3926 206 
6917 4159 4160 2393 
6918 2616 4032 4024 
6919 3240 3964 3118 
6920 2439 2889 2441 
6921 2626 4027 2640 
6922 3277 3967 3361 
6923 3361 3977 3172 
6924 2769 3981 2720 
6925 3018 3977 3235 
6926 2959 4124 2962 
6927 2628 4016 2719 
6928 3181 4266 3180 
6929 2373 4164 4163 
6930 3236 4197 2657 
6931 2718 4005 2676 
6932 3224 4261 3477 
6933 3389 3951 3950 
6934 2786 4032 2614 
6935 3010 4015 3008 
6936 2717 4011 2684 
6937 3455 4008 3964 
6938 2843 4182 2868 
6939 2709 4206 2665 
6940 2954 4180 2955 
6941 4006 4198 4007 
6942 3234 4026 3016 
6943 3014 4026 4015 
6944 2559 4152 2553 
6945 4115 4116 3248 
6946 2677 4209 2670 
6947 2598 4028 2603 
6948 2595 4029 2569 
6949 2971 4037 2973 
6950 3401 4237 3208 
6951 2658 4087 2652 
6952 2566 4029 3482 
6953 2927 4184 2930 
6954 2776 4034 2679 
6955 3341 4296 3340 
6956 4100 4109 2839 
6957 2649 4078 2629 
6958 2693 4045 2690 
6959 4055 4056 3557 
6960 3001 4035 2823 
6961 2780 4033 2701 
6962 4418 4521 3668 
6963 205 3922 2402 
6964 2689 4045 2981 
6965 168 4167 2376 
6966 3284 4044 2888 
6967 2897 4120 2895 
6968 3061 4070 3053 
6969 3326 4090 4078 
6970 3995 4301 3997 
6971 2704 4047 2764 
6972 2411 4167 169 
6973 3169 3932 3931 
6974 2725 4053 2548 
6975 2940 4023 2942 
6976 2544 4053 4052 
6977 3732 3976 3413 
6978 4223 4408 4407 
6979 2536 4052 2531 
6980 3247 4025 3065 
6981 3678 4072 2978 
6982 3377 4137 3378 
6983 2866 4072 3111 
6984 2985 4081 2984 
6985 2403 3927 204 
6986 3230 4282 3233 
6987 3960 3961 3584 
6988 120 4163 119 
6989 3129 4081 4080 
6990 2642 4221 2619 
6991 2373 4163 120 
6992 3963 4347 3171 
6993 3790 4107 3412 
6994 3184 4080 3423 
6995 140 4142 2406 
6996 3221 4107 3023 
6997 3484 4112 3530 
6998 2840 4084 2794 
6999 119 4163 2413 
7000 3394 4067 3156 
7001 3212 3966 3383 
7002 2528 3860 2516 
7003 4547 4566 4357 
7004 2932 4041 2936 
7005 3984 3985 2976 
7006 4299 4313 2816 
7007 2806 4122 2804 
7008 3785 3957 3392 
7009 192 4119 191 
7010 3989 3990 3630 
7011 2778 4091 2723 
7012 3062 4079 3064 
7013 2571 4113 2606 
7014 2673 4091 3475 
7015 3305 4003 3742 
7016 3025 4089 3175 
7017 2522 4093 2520 
7018 3967 3971 3361 
7019 4006 4007 2989 
7020 3293 4101 3453 
7021 2884 4111 3144 
7022 3044 4114 3042 
7023 136 4149 2409 
7024 3606 3923 3424 
7025 3051 4098 3058 
7026 3613 4342 4067 
7027 2954 4181 4180 
7028 3005 4126 3242 
7029 4296 4351 3340 
7030 3772 4342 3615 
7031 2512 4239 2514 
7032 2703 4057 2597 
7033 2685 4208 2682 
7034 3067 4082 3148 
7035 3451 4354 3510 
7036 3050 4323 3048 
7037 3351 4314 2906 
7038 4026 4318 4015 
7039 2894 4207 2826 
7040 3596 4239 2515 
7041 2535 4230 2529 
7042 2458 4284 2459 
7043 190 4148 191 
7044 2526 4230 3596 
7045 2945 4063 3167 
7046 2546 4171 3448 
7047 2490 4171 2492 
7048 2674 3948 2748 
7049 2607 4158 2605 
7050 2498 4305 2496 
7051 3386 4138 3385 
7052 3279 4003 3305 
7053 2500 4270 3084 
7054 2572 4270 2502 
7055 2496 4147 2493 
7056 3040 4185 3038 
7057 4216 4217 3409 
7058 3089 4065 2872 
7059 3161 4292 4120 
7060 2788 4126 2825 
7061 163 4165 2374 
7062 2491 4147 2998 
7063 3313 4146 3121 
7064 4005 4012 2678 
7065 3006 4145 2845 
7066 190 4190 189 
7067 2489 4416 2486 
7068 3311 4231 3405 
7069 3079 4146 4145 
7070 4020 4039 4021 
7071 3499 4229 2560 
7072 2457 4341 2455 
7073 2554 4229 2556 
7074 3508 4131 3509 
7075 216 3913 2400 
7076 4041 4203 2936 
7077 4081 4355 4080 
7078 2672 4241 2646 
7079 3039 4178 3041 
7080 4221 4222 4069 
7081 2834 4299 2816 
7082 4314 4440 4315 
7083 113 4169 2385 
7084 2797 4199 2755 
7085 3169 3938 3932 
7086 4091 4304 3475 
7087 2570 4268 2563 
7088 3310 4140 3202 
7089 3444 3957 3846 
7090 3392 3957 3391 
7091 2468 4384 2638 
7092 210 3915 209 
7093 2483 4194 2484 
7094 4101 4102 3453 
7095 3362 4003 3279 
7096 3507 4389 3469 
7097 188 4228 189 
7098 3944 3946 3945 
7099 2478 4232 2475 
7100 2682 4208 2681 
7101 3969 3976 3975 
7102 2472 4243 2470 
7103 4085 4392 3437 
7104 2787 4213 2789 
7105 3413 3976 3414 
7106 3499 4421 4420 
7107 3467 4224 3259 
7108 2579 4234 2577 
7109 3552 4215 3404 
7110 2954 4182 4181 
7111 2844 4250 2824 
7112 3792 4841 3829 
7113 3354 3966 3212 
7114 2562 4225 2447 
7115 2576 4233 2578 
7116 4126 4252 3242 
7117 4239 4240 2514 
7118 3391 3957 3444 
7119 3381 4271 3140 
7120 2903 4224 2836 
7121 2763 4075 3237 
7122 4138 4139 3385 
7123 2445 4225 3420 
7124 188 4249 187 
7125 3276 3960 3584 
7126 3245 4243 2551 
7127 3171 3960 3170 
7128 2643 3948 2674 
7129 2837 4244 2907 
7130 3932 3938 3935 
7131 2958 4180 4125 
7132 3512 4436 3511 
7133 2602 4293 3241 
7134 4181 4429 4353 
7135 3254 3944 3483 
7136 2821 3979 2791 
7137 4041 4204 4203 
7138 4579 4821 4803 
7139 2700 4110 2716 
7140 3008 4110 2698 
7141 3192 4236 3373 
7142 4376 4398 2808 
7143 3118 3964 3119 
7144 2668 4362 2715 
7145 3027 4246 2765 
7146 3219 3948 2643 
7147 3414 3976 3969 
7148 2838 4263 2667 
7149 2830 4111 2884 
7150 3262 4088 3665 
7151 3267 4227 3739 
7152 3179 4330 4066 
7153 2943 3939 2939 
7154 3499 4420 4229 
7155 2828 3958 3142 
7156 3946 4285 3945 
7157 2936 4203 2938 
7158 3724 3966 3354 
7159 2803 4075 2763 
7160 3955 4085 2956 
7161 3944 3945 3483 
7162 3015 4062 3120 
7163 2681 4208 3327 
7164 2960 3955 2957 
7165 4266 4397 3180 
7166 2901 3671 3649 
7167 3244 3983 3831 
7168 2676 4005 2678 
7169 2809 4246 2861 
7170 2657 4197 2659 
7171 3403 3949 3124 
7172 2799 4269 2774 
7173 2684 4011 2686 
7174 3636 4026 3234 
7175 2958 4124 2959 
7176 3959 4085 3437 
7177 3987 4396 3178 
7178 2581 4247 3162 
7179 3178 4182 2843 
7180 2988 4075 2803 
7181 2958 4125 4124 
7182 2439 2441 2440 
7183 3017 3963 3171 
7184 3453 4195 3303 
7185 2633 4339 3526 
7186 3255 4326 3419 
7187 3630 4372 3629 
7188 2383 3915 210 
7189 2719 4016 3447 
7190 2640 4027 2709 
7191 2670 4209 2669 
7192 4387 4505 4386 
7193 3339 4033 2780 
7194 2895 4120 3159 
7195 2760 4285 2785 
7196 2652 4087 2651 
7197 4009 4010 2623 
7198 3488 4386 4232 
7199 2629 4078 2601 
7200 2603 4028 3458 
7201 3631 4045 2693 
7202 3329 4034 2776 
7203 3142 4111 2830 
7204 4134 4566 4547 
7205 3631 4132 4045 
7206 4015 4110 3008 
7207 2597 4057 2595 
7208 3238 4035 3001 
7209 3069 4023 2940 
7210 2930 4184 2933 
7211 3170 3960 3276 
7212 3237 4360 4057 
7213 2973 4227 3083 
7214 3366 4044 3284 
7215 2900 3978 2832 
7216 2872 4065 2873 
7217 2818 3965 2812 
7218 2698 4110 2700 
7219 3104 4303 2862 
7220 3065 4025 3063 
7221 3482 4152 2559 
7222 4116 4185 3248 
7223 2583 4267 4247 
7224 3627 3978 3213 
7225 4035 4091 2778 
7226 3119 3964 3280 
7227 212 3920 213 
7228 4200 4201 2951 
7229 4037 4227 2973 
7230 2764 4047 2805 
7231 3253 3942 3160 
7232 3692 4141 4140 
7233 3692 4140 3310 
7234 2885 4286 2829 
7235 4049 4050 2762 
7236 3233 4081 2985 
7237 3046 4235 3049 
7238 3948 4319 3446 
7239 3009 4280 3011 
7240 4020 4021 2777 
7241 2706 4376 2808 
7242 3909 4345 2395 
7243 3516 3947 3418 
7244 3475 4222 4221 
7245 3222 4280 4261 
7246 3053 4070 3047 
7247 3475 4221 2642 
7248 3211 3962 3355 
7249 3389 3950 3265 
7250 3380 3950 3752 
7251 2785 3946 2827 
7252 3340 4207 2894 
7253 2661 4118 2660 
7254 3156 4067 3057 
7255 3361 4335 3977 
7256 3159 4120 3442 
7257 3120 4062 3633 
7258 3370 4327 3183 
7259 2957 3955 2956 
7260 3216 3939 2943 
7261 3111 4072 3625 
7262 4021 4038 2948 
7263 3423 4080 3849 
7264 2659 4197 2662 
7265 3167 4063 3461 
7266 3054 4448 3152 
7267 3320 3952 3687 
7268 2589 4267 2585 
7269 2794 4084 2852 
7270 3083 4227 3267 
7271 2804 4122 2980 
7272 3103 4079 3062 
7273 2906 4314 2859 
7274 3103 4325 4079 
7275 2430 4307 2432 
7276 3910 4345 3909 
7277 2946 4747 4092 
7278 3175 4089 3474 
7279 3148 4082 3291 
7280 2876 3959 3155 
7281 215 3909 214 
7282 3768 3949 3403 
7283 2956 3959 2877 
7284 3920 3921 3919 
7285 3715 4413 4375 
7286 2601 4078 4028 
7287 2873 4065 3072 
7288 3958 4312 3142 
7289 2896 3946 3944 
7290 2651 4087 3489 
7291 4093 4284 2520 
7292 4205 4206 3635 
7293 3063 4025 3645 
7294 3049 4098 3051 
7295 2850 3963 3017 
7296 191 4119 2404 
7297 3208 4237 3034 
7298 3146 3953 3086 
7299 3049 4235 4098 
7300 2933 4184 4043 
7301 3550 4634 3727 
7302 3528 3953 3278 
7303 3528 4259 3953 
7304 2721 3987 2773 
7305 3048 4323 4114 
7306 3088 3930 2944 
7307 2564 4113 2571 
7308 2937 4013 2934 
7309 4114 4115 3248 
7310 2966 3984 2963 
7311 3042 4114 3248 
7312 2961 3984 2976 
7313 4223 4407 2691 
7314 4046 4366 3238 
7315 2442 4411 2444 
7316 4195 4196 3838 
7317 3388 3954 3264 
7318 215 3907 216 
7319 2444 4411 2557 
7320 2999 4230 2535 
7321 3096 4519 3098 
7322 2800 4285 2760 
7323 4125 4357 4124 
7324 3002 4083 3020 
7325 2805 4047 3179 
7326 2429 4333 2427 
7327 3085 4260 2883 
7328 3218 4151 3216 
7329 3213 3978 2900 
7330 4268 4421 3499 
7331 4172 4252 4126 
7332 2675 4006 2989 
7333 2816 4313 2782 
7334 4186 4193 4185 
7335 3180 4397 4071 
7336 2662 4006 2663 
7337 4015 4318 4110 
7338 3570 4046 3021 
7339 3445 4253 3443 
7340 2996 4596 4589 
7341 3346 4486 3699 
7342 4116 4186 4185 
7343 2812 3965 2850 
7344 2947 4171 2490 
7345 3837 4486 3491 
7346 2630 4320 2587 
7347 2656 4004 3456 
7348 2783 4344 2771 
7349 2870 4299 2834 
7350 2648 4004 2650 
7351 124 4159 2393 
7352 3439 4272 4086 
7353 2405 4148 190 
7354 3057 4067 3081 
7355 3405 4231 3823 
7356 3081 4448 3054 
7357 2784 4022 2751 
7358 2941 4203 3319 
7359 4098 4322 3335 
7360 2972 3982 2970 
7361 217 3913 216 
7362 3291 4082 3607 
7363 3126 4100 2865 
7364 2683 4012 3324 
7365 4005 4352 4012 
7366 2678 4012 2680 
7367 3681 3952 3320 
7368 2400 3910 3909 
7369 3382 4287 3568 
7370 4134 4135 3151 
7371 2980 4122 4089 
7372 2950 4278 3661 
7373 3290 4278 2857 
7374 2662 4198 4006 
7375 4779 4884 3841 
7376 3715 4375 3713 
7377 4009 4099 4010 
7378 2724 4020 2777 
7379 2625 4009 2623 
7380 3480 3942 3253 
7381 2856 4278 2950 
7382 2669 4390 4118 
7383 3589 4106 3269 
7384 3475 4304 4222 
7385 3011 4280 3222 
7386 2845 4145 3029 
7387 183 4381 184 
7388 3297 4484 4308 
7389 2857 4278 2856 
7390 2644 4268 2570 
7391 2850 3965 3963 
7392 2660 4118 3194 
7393 4088 4311 3665 
7394 2829 4286 2800 
7395 3169 3931 3930 
7396 2931 3956 2928 
7397 2486 4416 4194 
7398 3171 4347 4346 
7399 3638 4085 3955 
7400 2938 4203 2941 
7401 3844 3947 3516 
7402 3907 3908 2418 
7403 3355 3962 3726 
7404 4096 4097 2846 
7405 2995 4071 2992 
7406 4016 4018 3447 
7407 189 4190 2378 
7408 2990 4071 3478 
7409 2697 4014 3009 
7410 3399 4060 3400 
7411 4241 4456 3150 
7412 2692 4014 2694 
7413 3340 4351 4207 
7414 4190 4191 2378 
7415 3056 4178 3039 
7416 2646 4241 3150 
7417 4156 4159 125 
7418 3978 3979 2821 
7419 3223 4105 3013 
7420 3638 4392 4085 
7421 4124 4357 3153 
7422 2600 4017 4016 
7423 2901 3914 3852 
7424 2594 4017 2596 
7425 3034 4237 4084 
7426 2647 4059 2648 
7427 3737 4210 3472 
7428 3033 4051 3032 
7429 213 3920 3919 
7430 3056 4418 4178 
7431 4075 4077 3237 
7432 2800 4286 4285 
7433 4079 4325 4082 
7434 4208 4321 3327 
7435 3260 4036 2702 
7436 3648 4408 4011 
7437 3336 3989 3630 
7438 2814 4399 3257 
7439 3265 3950 3380 
7440 3471 4210 3576 
7441 3641 4056 4055 
7442 184 4393 183 
7443 3113 4364 3575 
7444 2753 4399 2772 
7445 2595 4057 4029 
7446 4179 4382 4063 
7447 3090 4038 3497 
7448 3030 4250 2844 
7449 2714 4371 2732 
7450 3249 4048 3145 
7451 122 3899 121 
7452 2475 4232 2474 
7453 3443 4253 4173 
7454 2792 4385 2766 
7455 4077 4361 4360 
7456 3047 4235 3046 
7457 2949 4199 2797 
7458 2918 4262 2916 
7459 2617 4221 4069 
7460 2705 4373 2653 
7461 4243 4384 2470 
7462 3068 4031 3066 
7463 2615 4069 2636 
7464 2877 3959 2876 
7465 4297 4347 3963 
7466 3228 3988 2925 
7467 2929 3980 3825 
7468 3467 4389 4224 
7469 3581 4432 3344 
7470 2928 3980 2926 
7471 3446 4312 3958 
7472 3356 4040 3357 
7473 2922 3988 2918 
7474 4229 4420 4200 
7475 3755 4271 3381 
7476 3020 4083 3396 
7477 2756 4273 2757 
7478 2827 3946 2896 
7479 175 4170 2396 
7480 3163 4374 3116 
7481 4105 4106 3633 
7482 2360 4228 188 
7483 4252 4455 4130 
7484 2416 4170 176 
7485 2592 4339 2633 
7486 3150 4268 2644 
7487 4045 4132 2981 
7488 3214 4055 3557 
7489 4385 4518 4371 
7490 3324 4352 3643 
7491 3261 4055 3173 
7492 3278 3953 3146 
7493 2758 4205 2796 
7494 3447 3987 2721 
7495 3639 4049 2987 
7496 2982 4049 2762 
7497 3636 4318 4026 
7498 3299 4205 3635 
7499 3573 4046 3570 
7500 2854 4732 3857 
7501 3462 4100 3126 
7502 4181 4353 4180 
7503 3242 4252 4130 
7504 2728 4379 2707 
7505 3404 4215 3409 
7506 3480 3943 3942 
7507 2963 3984 2961 
7508 2899 4311 4088 
7509 2400 3909 215 
7510 4215 4216 3409 
7511 4066 4330 3514 
7512 4202 4370 2518 
7513 2533 4127 2538 
7514 4039 4388 4038 
7515 3707 3954 3388 
7516 3965 4297 3963 
7517 3303 4195 3463 
7518 3465 4054 3676 
7519 3463 4195 3838 
7520 3162 4234 2579 
7521 4013 4367 2935 
7522 3169 3930 3088 
7523 2663 4006 2675 
7524 2836 4224 2902 
7525 3331 4192 3329 
7526 3398 4412 3685 
7527 2801 4244 2837 
7528 3142 4112 4111 
7529 2751 4022 2749 
7530 4340 4415 2919 
7531 2578 4233 2586 
7532 3151 4136 2593 
7533 3472 4210 3471 
7534 3130 4058 3639 
7535 4235 4322 4098 
7536 3640 4243 3245 
7537 4455 4485 4130 
7538 3659 4253 3445 
7539 3981 4059 2720 
7540 2977 4066 3514 
7541 3327 4395 3328 
7542 2807 4066 2811 
7543 2650 4004 2656 
7544 4314 4315 3290 
7545 3337 4250 3030 
7546 2558 4030 2567 
7547 3496 4030 2552 
7548 3458 4329 4047 
7549 187 4249 2419 
7550 4017 4018 4016 
7551 3504 4246 3027 
7552 216 3907 2418 
7553 2741 4404 2426 
7554 2680 4012 2683 
7555 2749 4020 2724 
7556 4493 4552 3127 
7557 2496 4305 4147 
7558 2863 4380 4373 
7559 4140 4141 4065 
7560 4012 4352 3324 
7561 3210 3982 2972 
7562 4018 4396 3447 
7563 3554 4394 3308 
7564 3154 4173 2867 
7565 3689 4374 3406 
7566 2474 4232 3191 
7567 4666 4700 3705 
7568 4035 4304 4091 
7569 3342 4263 2838 
7570 4428 4429 4181 
7571 2859 4314 3290 
7572 3353 4309 2712 
7573 2641 4009 2625 
7574 4022 4039 4020 
7575 125 4159 124 
7576 2545 4064 2543 
7577 4259 4260 3085 
7578 3233 4355 4081 
7579 2851 4108 2847 
7580 3478 4352 4005 
7581 4095 4284 4093 
7582 3349 4179 3199 
7583 3790 4370 4107 
7584 3419 4326 3828 
7585 3482 4361 4152 
7586 2488 4168 2947 
7587 3441 4272 3439 
7588 3219 4319 3948 
7589 2749 4022 4020 
7590 4180 4353 4125 
7591 3269 4106 3226 
7592 3964 4008 3280 
7593 3618 4060 3399 
7594 2726 4434 2727 
7595 3031 4297 3965 
7596 2753 4410 4399 
7597 4399 4454 3257 
7598 4080 4355 3849 
7599 2599 4264 2482 
7600 2774 4269 3353 
7601 4070 4235 3047 
7602 3985 4377 3476 
7603 3461 4382 3601 
7604 2654 4376 2706 
7605 3713 4375 4237 
7606 3360 4121 3384 
7607 2935 3956 2931 
7608 4044 4466 4436 
7609 2446 4265 2448 
7610 3157 4491 3533 
7611 2992 4071 2990 
7612 2686 4223 2688 
7613 2694 4014 2697 
7614 3939 4013 2937 
7615 3209 4051 3033 
7616 199 3940 2362 
7617 2722 4128 2534 
7618 3931 3941 3930 
7619 3216 4151 3939 
7620 2808 4398 3605 
7621 2736 4462 2739 
7622 2574 4200 2951 
7623 2983 4132 3229 
7624 2596 4017 2600 
7625 2919 4415 2914 
7626 3343 4076 3026 
7627 3226 4105 3223 
7628 2720 4059 2647 
7629 2479 4174 2481 
7630 3886 4422 3887 
7631 3783 4259 3528 
7632 3984 3986 3985 
7633 3334 4211 3642 
7634 3632 3989 3336 
7635 2617 4069 2615 
7636 3633 4274 3307 
7637 2744 4425 2743 
7638 3243 4299 2870 
7639 3686 4303 3104 
7640 3197 4380 2878 
7641 4178 4417 3055 
7642 3226 4106 4105 
7643 2671 4172 2754 
7644 134 4188 133 
7645 3707 4298 3954 
7646 4281 4433 3494 
7647 2666 4211 2793 
7648 3623 4328 4327 
7649 2802 4244 2801 
7650 4198 4402 4007 
7651 3931 4359 3941 
7652 4120 4292 3442 
7653 3323 4018 4017 
7654 3559 4287 4048 
7655 3623 4327 3370 
7656 4007 4402 2997 
7657 4078 4090 4028 
7658 2948 4038 3090 
7659 3559 4048 3249 
7660 2605 4226 2604 
7661 4262 4372 2919 
7662 2532 4068 2537 
7663 2916 4262 2919 
7664 3627 4295 3979 
7665 2645 4226 3498 
7666 4382 4419 3601 
7667 3206 4031 3068 
7668 4122 4123 4089 
7669 3928 3940 200 
7670 4117 4480 4116 
7671 182 4444 181 
7672 2524 4096 2846 
7673 2699 4218 2696 
7674 3504 4427 4246 
7675 4371 4518 4401 
7676 3639 4321 4049 
7677 3446 4319 4312 
7678 4132 4220 3229 
7679 3993 4340 3991 
7680 3684 4453 4274 
7681 2849 4086 2820 
7682 3627 3979 3978 
7683 3474 4378 3543 
7684 2926 3980 2929 
7685 3357 4300 3938 
7686 2925 3988 2922 
7687 2428 4406 3297 
7688 2988 4076 4075 
7689 2534 4127 2533 
7690 4325 4338 3647 
7691 3600 4040 3356 
7692 4114 4323 4115 
7693 3791 3943 3480 
7694 2479 4175 4174 
7695 3349 4382 4179 
7696 2790 4273 2756 
7697 4285 4286 3945 
7698 176 4170 175 
7699 3447 4396 3987 
7700 2425 4406 2428 
7701 3069 4179 4023 
7702 4011 4408 4223 
7703 2439 2440 2437 
7704 2476 4177 3506 
7705 2901 3649 2436 
7706 3410 4073 3845 
7707 3533 4073 3393 
7708 2471 4177 2473 
7709 2987 4049 2982 
7710 4358 4456 4241 
7711 2796 4205 3299 
7712 3520 4198 4197 
7713 2885 4449 4391 
7714 2892 4193 2890 
7715 2879 4469 2881 
7716 4642 4666 3705 
7717 2423 4406 2425 
7718 3437 4392 3438 
7719 2981 4132 2983 
7720 2733 4439 2734 
7721 4010 4099 3219 
7722 3173 4055 3214 
7723 3280 4008 3363 
7724 2422 4447 3321 
7725 2495 4202 2518 
7726 3023 4202 2494 
7727 3297 4307 2430 
7728 2523 4092 2525 
7729 3991 4372 3630 
7730 3960 4346 3961 
7731 4579 4803 3827 
7732 4076 4077 4075 
7733 4103 4196 4195 
7734 4050 4321 4208 
7735 3297 4308 4307 
7736 4192 4390 4209 
7737 3493 4192 3331 
7738 3328 4395 3653 
7739 3664 4077 4076 
7740 4067 4342 3081 
7741 2968 3986 2966 
7742 3185 4058 3130 
7743 4161 4338 3103 
7744 2811 4066 2977 
7745 4207 4388 3325 
7746 2556 4229 4200 
7747 4209 4390 2669 
7748 3112 4364 3113 
7749 4052 4096 2531 
7750 3646 4446 4025 
7751 3466 4054 3465 
7752 4049 4321 4050 
7753 3887 4422 3890 
7754 3076 4474 3123 
7755 4263 4264 2599 
7756 4178 4418 4417 
7757 3442 4292 3586 
7758 4110 4318 2716 
7759 4203 4204 3319 
7760 3573 4366 4046 
7761 2552 4030 2558 
7762 3777 4343 3774 
7763 156 4154 155 
7764 2591 4309 2589 
7765 4342 4343 3081 
7766 3457 4367 4151 
7767 3171 4346 3960 
7768 4343 4448 3081 
7769 2584 4293 2602 
7770 2590 4339 2592 
7771 3653 4568 3856 
7772 2782 4313 2781 
7773 4197 4198 2662 
7774 4071 4397 3478 
7775 2485 4168 2488 
7776 4253 4297 3031 
7777 2587 4320 2588 
7778 4338 4482 3647 
7779 3462 4109 4100 
7780 3939 4151 4013 
7781 4135 4136 3151 
7782 3231 4220 3512 
7783 4396 4428 3178 
7784 3189 4469 2882 
7785 3290 4423 4278 
7786 2712 4309 2591 
7787 4261 4280 3628 
7788 3772 4343 4342 
7789 3007 4403 4377 
7790 4315 4423 3290 
7791 4462 4541 2739 
7792 3349 4419 4382 
7793 3257 4454 3798 
7794 3142 4312 4112 
7795 3938 4300 3935 
7796 2556 4200 2574 
7797 4059 4348 4004 
7798 4375 4413 2852 
7799 4391 4449 3515 
7800 3979 4295 2790 
7801 2565 4133 2568 
7802 3443 4173 3154 
7803 2746 4410 2753 
7804 3275 4498 4276 
7805 3525 4406 2423 
7806 3351 4440 4314 
7807 3323 4019 4018 
7808 3982 4403 3007 
7809 2427 4333 2438 
7810 3243 4368 4299 
7811 2975 4064 2545 
7812 3651 4433 3313 
7813 4185 4193 3038 
7814 4400 4450 4083 
7815 4186 4411 4405 
7816 4116 4480 4186 
7817 2589 4309 4267 
7818 3199 4179 3069 
7819 2847 4108 3981 
7820 4648 4702 2813 
7821 3684 4274 3589 
7822 2771 4344 2752 
7823 4025 4446 3645 
7824 2966 3986 3984 
7825 4090 4329 3458 
7826 3288 4245 3551 
7827 4406 4484 3297 
7828 2481 4174 2485 
7829 2691 4407 3628 
7830 3806 4272 3441 
7831 3022 4129 3256 
7832 2793 4211 3334 
7833 4352 4397 3643 
7834 3029 4281 3139 
7835 3028 4339 2590 
7836 4237 4375 4084 
7837 3337 4414 4250 
7838 4141 4400 3072 
7839 3911 4762 3912 
7840 2852 4413 4128 
7841 2467 4212 2469 
7842 4063 4382 3461 
7843 3092 4463 4439 
7844 3478 4397 4352 
7845 3670 4121 3360 
7846 3206 4306 4031 
7847 3498 4172 2671 
7848 2463 4187 2465 
7849 3717 4413 3715 
7850 2610 4494 2612 
7851 4115 4324 4117 
7852 4279 4509 4113 
7853 3454 4338 4161 
7854 2789 4277 2798 
7855 2485 4174 4168 
7856 154 4153 2391 
7857 2885 4391 4286 
7858 3476 4377 3593 
7859 3933 4359 3931 
7860 2858 4277 3650 
7861 3026 4076 2988 
7862 3415 4364 3112 
7863 4011 4223 2686 
7864 3114 4385 2792 
7865 4047 4329 3179 
7866 4351 4388 4207 
7867 3642 4211 4194 
7868 4083 4450 3396 
7869 2391 4438 153 
7870 3483 4391 3515 
7871 4276 4498 3652 
7872 2716 4409 3260 
7873 2459 4365 2461 
7874 4182 4428 4181 
7875 3325 4039 4022 
7876 2604 4226 2645 
7877 3659 4297 4253 
7878 2848 4275 3133 
7879 3936 4761 2398 
7880 2588 4320 3028 
7881 200 3940 199 
7882 4070 4322 4235 
7883 2905 4248 3182 
7884 4491 4525 3533 
7885 2635 4362 2668 
7886 3648 4479 4478 
7887 3645 4446 4322 
7888 4277 4414 3650 
7889 3091 4442 3093 
7890 2869 4275 2835 
7891 3201 4358 2949 
7892 3644 4329 4090 
7893 2653 4373 3531 
7894 3238 4304 4035 
7895 4390 4443 4118 
7896 4084 4375 2852 
7897 4360 4361 3482 
7898 3464 4109 3462 
7899 4106 4274 3633 
7900 3561 4535 3540 
7901 2414 4381 183 
7902 2540 4068 2532 
7903 3059 4161 3060 
7904 3454 4161 3450 
7905 4019 4396 4018 
7906 3345 4316 3176 
7907 3639 4395 4321 
7908 3607 4325 3647 
7909 4082 4325 3607 
7910 3526 4376 2654 
7911 2531 4096 2524 
7912 4151 4367 4013 
7913 2473 4177 2476 
7914 4057 4360 4029 
7915 4123 4378 3474 
7916 2582 4293 2584 
7917 2781 4313 3523 
7918 2450 4176 2761 
7919 3038 4193 2892 
7920 3116 4374 3677 
7921 4263 4387 4264 
7922 4099 4319 3219 
7923 133 4188 2370 
7924 3645 4322 4070 
7925 4033 4218 2699 
7926 3339 4458 4033 
7927 4028 4090 3458 
7928 4065 4141 3072 
7929 3997 4340 3993 
7930 3669 4306 3206 
7931 4261 4407 3477 
7932 3238 4366 4304 
7933 3439 4086 2849 
7934 3520 4402 4198 
7935 4074 4608 2921 
7936 4109 4378 4123 
7937 3150 4421 4268 
7938 4133 4134 3151 
7939 2580 4294 2582 
7940 3495 4350 3884 
7941 4232 4386 3191 
7942 3674 4487 3572 
7943 3043 4183 3045 
7944 2507 4254 2509 
7945 4222 4468 4069 
7946 3344 4432 3583 
7947 3937 4451 3933 
7948 3393 4073 3410 
7949 4377 4403 3593 
7950 2707 4379 2655 
7951 4117 4515 4480 
7952 183 4393 2380 
7953 3677 4385 3114 
7954 3325 4388 4039 
7955 3700 4317 4316 
7956 3242 4130 4129 
7957 4108 4348 3981 
7958 2494 4202 2495 
7959 3544 4473 3239 
7960 2534 4128 4127 
7961 2377 4820 4546 
7962 4410 4454 4399 
7963 3097 4463 3094 
7964 3178 4428 4182 
7965 3774 4343 3772 
7966 4278 4423 3661 
7967 4146 4281 4145 
7968 2946 4092 2523 
7969 3338 4488 3337 
7970 3636 4409 4318 
7971 3438 4392 3787 
7972 3210 4431 3982 
7973 2426 4404 2424 
7974 3637 4409 3636 
7975 3141 4279 2561 
7976 4108 4349 4348 
7977 4384 4459 2638 
7978 2910 4461 2975 
7979 4112 4424 3530 
7980 3999 4483 3998 
7981 3416 4453 3881 
7982 4329 4330 3179 
7983 4317 4437 4316 
7984 2914 4415 2912 
7985 3353 4470 4430 
7986 3589 4274 4106 
7987 3891 4834 2384 
7988 4089 4123 3474 
7989 3945 4391 3483 
7990 2815 4331 2817 
7991 3997 4461 4415 
7992 3512 4220 4219 
7993 3593 4403 3595 
7994 2555 4214 3141 
7995 2890 4405 2441 
7996 3524 4402 3520 
7997 3308 4394 3638 
7998 2541 4214 2549 
7999 3103 4338 4325 
8000 4260 4449 2885 
8001 4318 4409 2716 
8002 3274 4288 3318 
8003 2511 4251 2513 
8004 3232 4464 4282 
8005 3655 4331 3207 
8006 3666 4419 3349 
8007 3229 4220 3231 
8008 3628 4407 4261 
8009 3152 4324 4323 
8010 4158 4485 4455 
8011 3493 4390 4192 
8012 4356 4471 3490 
8013 3601 4419 3818 
8014 3694 4400 4141 
8015 3275 4276 3187 
8016 4322 4446 3335 
8017 2902 4457 4269 
8018 3722 4634 3550 
8019 4747 4791 4092 
8020 4200 4420 4201 
8021 4224 4389 2902 
8022 4118 4443 3194 
8023 4218 4458 4219 
8024 3640 4384 4243 
8025 4029 4360 3482 
8026 3652 4245 3288 
8027 4319 4424 4312 
8028 4286 4391 3945 
8029 4335 4467 3977 
8030 2727 4434 2730 
8031 3241 4362 2635 
8032 2413 4475 118 
8033 4359 4451 3951 
8034 117 4475 2377 
8035 3174 4238 3204 
8036 3864 4757 210 
8037 3637 4460 4409 
8038 4027 4743 2709 
8039 4301 4461 3997 
8040 3056 4521 4418 
8041 4038 4388 3497 
8042 4405 4411 2442 
8043 4434 4442 3091 
8044 2564 4279 4113 
8045 3055 4417 4354 
8046 2568 4133 3151 
8047 3150 4456 4421 
8048 4145 4281 3029 
8049 2655 4379 3035 
8050 3997 4415 4340 
8051 4246 4427 2861 
8052 3507 4457 4389 
8053 4312 4424 4112 
8054 4139 4686 4649 
8055 3510 4417 3564 
8056 3287 4302 3132 
8057 3743 4460 3637 
8058 4274 4453 3307 
8059 4139 4238 3385 
8060 2790 4295 4273 
8061 2798 4277 2858 
8062 3700 4316 3345 
8063 4404 4447 2424 
8064 3191 4386 4236 
8065 3107 4310 3610 
8066 2835 4275 2848 
8067 3242 4129 3022 
8068 4064 4496 3496 
8069 2487 4212 2467 
8070 4427 4471 2861 
8071 3514 4476 3670 
8072 3982 4431 4403 
8073 4421 4508 4420 
8074 4366 4468 4222 
8075 4409 4460 3260 
8076 2853 4187 2463 
8077 3036 4242 3037 
8078 3479 4242 3198 
8079 3650 4248 2905 
8080 3757 4440 3351 
8081 3829 4841 3319 
8082 4099 4424 4319 
8083 4152 4500 2725 
8084 3560 4443 3493 
8085 4127 4472 3500 
8086 4304 4366 4222 
8087 3235 4467 4349 
8088 2365 4452 181 
8089 3815 4492 3464 
8090 2612 4494 2786 
8091 3577 4457 3507 
8092 4019 4428 4396 
8093 2641 4481 4009 
8094 4323 4324 4115 
8095 3540 4535 4427 
8096 4354 4417 3510 
8097 3545 4380 3197 
8098 3647 4482 3766 
8099 3493 4443 4390 
8100 3840 4586 3501 
8101 3643 4473 3518 
8102 3459 4503 4137 
8103 4138 4686 4139 
8104 2461 4365 2853 
8105 3835 3904 3764 
8106 3055 4354 4183 
8107 3981 4348 4059 
8108 3503 4358 3201 
8109 2464 4539 3004 
8110 4058 4395 3639 
8111 2638 4539 2466 
8112 4389 4457 2902 
8113 3705 4700 3706 
8114 179 4533 4 
8115 3428 4498 3275 
8116 2448 4265 4176 
8117 155 4153 154 
8118 3498 4252 4172 
8119 3568 4613 4612 
8120 2869 4276 4275 
8121 2779 4410 2746 
8122 3951 4501 3950 
8123 153 4438 152 
8124 4704 4745 3759 
8125 3502 3885 3433 
8126 3454 4482 4338 
8127 2998 4477 4416 
8128 3768 4502 3949 
8129 3084 4560 4305 
8130 2999 4512 4230 
8131 2752 4425 2744 
8132 4439 4462 2734 
8133 4473 4479 3518 
8134 3643 4397 4266 
8135 3515 4449 3517 
8136 3519 4467 3524 
8137 3717 4472 4413 
8138 3659 4347 4297 
8139 3585 4555 3701 
8140 3450 4161 3059 
8141 2730 4434 3091 
8142 3605 4599 3553 
8143 3529 4516 3672 
8144 4415 4461 2912 
8145 2448 4176 2450 
8146 3573 4468 4366 
8147 3794 4523 3783 
8148 2710 4513 2664 
8149 3638 4394 4392 
8150 3080 4543 2833 
8151 3977 4467 3235 
8152 3567 4530 3375 
8153 4407 4408 3477 
8154 3207 4331 2815 
8155 3777 4448 4343 
8156 3210 4502 4431 
8157 4033 4458 4218 
8158 3141 4524 4279 
8159 3542 4410 2779 
8160 2367 4675 3881 
8161 3696 4400 3694 
8162 3532 4645 3867 
8163 3494 4350 3495 
8164 3087 4886 3837 
8165 4269 4470 3353 
8166 4448 4490 3152 
8167 4053 4559 4052 
8168 2855 4332 3186 
8169 3611 4283 3302 
8170 3717 4524 4510 
8171 4521 4561 3668 
8172 2860 4356 3003 
8173 4019 4429 4428 
8174 3000 4664 4061 
8175 3849 4606 3848 
8176 3055 4183 3043 
8177 3203 4504 3402 
8178 3718 4603 4565 
8179 2927 4544 4184 
8180 3177 4356 3490 
8181 4158 4455 4226 
8182 3678 4497 4072 
8183 2509 4254 3024 
8184 3562 4369 3758 
8185 3642 4477 3521 
8186 3783 4495 4259 
8187 3485 4683 3272 
8188 3572 4487 3573 
8189 2923 4544 2924 
8190 3563 4556 4131 
8191 4457 4470 4269 
8192 4427 4535 4471 
8193 3232 4465 4464 
8194 3811 4556 3565 
8195 4413 4472 4128 
8196 3734 4537 3587 
8197 2864 4401 2880 
8198 3227 4529 3270 
8199 3933 4451 4359 
8200 3093 4442 3100 
8201 3603 4525 3298 
8202 3716 4524 3717 
8203 3235 4349 4108 
8204 4069 4468 2636 
8205 3808 4840 2376 
8206 4260 4495 4449 
8207 2613 4550 2611 
8208 4194 4416 3642 
8209 3778 4490 3777 
8210 3309 4288 3274 
8211 4361 4500 4152 
8212 2912 4461 2910 
8213 3239 4473 4266 
8214 3999 4531 4483 
8215 2561 4279 2564 
8216 3658 4517 3660 
8217 3337 4488 4414 
8218 155 4154 4153 
8219 4626 4652 2974 
8220 2637 4485 4158 
8221 4225 4835 3420 
8222 3512 4458 4436 
8223 3571 4562 3574 
8224 3521 4477 3546 
8225 3164 4557 3250 
8226 4095 4445 4365 
8227 3342 4387 4263 
8228 3536 4542 3622 
8229 4305 4520 4147 
8230 3193 4528 4087 
8231 2582 4294 4293 
8232 3307 4453 3416 
8233 2549 4214 2555 
8234 2441 4405 2442 
8235 4500 4532 2725 
8236 3861 4618 3700 
8237 2437 3914 2901 
8238 3892 4452 2365 
8239 4424 4481 3530 
8240 4476 4528 3670 
8241 4009 4481 4099 
8242 3971 4567 4527 
8243 4310 4363 3898 
8244 2437 2901 2436 
8245 2435 2439 2437 
8246 3644 4330 4329 
8247 2438 4426 2742 
8248 4386 4505 4236 
8249 3660 4347 3659 
8250 4392 4394 3787 
8251 2513 4251 2528 
8252 3624 4874 3851 
8253 3489 4476 3644 
8254 3663 4559 4532 
8255 4099 4481 4424 
8256 3460 4545 3870 
8257 3487 4545 3251 
8258 3827 4803 4607 
8259 4374 4583 3677 
8260 3677 4518 4385 
8261 2611 4536 2609 
8262 2881 4586 3534 
8263 4189 4517 4188 
8264 2410 4668 4165 
8265 3648 4478 4408 
8266 3501 4469 3189 
8267 4470 4564 4430 
8268 2377 4546 116 
8269 115 4546 2412 
8270 4401 4518 3369 
8271 4449 4495 3517 
8272 4139 4649 4621 
8273 4577 4645 3741 
8274 4230 4512 3596 
8275 2997 4567 2993 
8276 3385 4238 3174 
8277 3500 4510 4214 
8278 3704 4526 3703 
8279 2664 4554 2639 
8280 3132 4302 3136 
8281 4125 4547 4357 
8282 3950 4501 3752 
8283 3498 4455 4252 
8284 4217 4786 4459 
8285 4259 4495 4260 
8286 3714 4565 3716 
8287 4371 4401 2732 
8288 4128 4472 4127 
8289 4416 4477 3642 
8290 118 4475 117 
8291 2998 4520 4477 
8292 4311 4842 4003 
8293 4504 4537 3402 
8294 3653 4395 4058 
8295 4546 4820 3784 
8296 3610 4310 3898 
8297 3477 4478 3246 
8298 4113 4509 2952 
8299 2729 4383 3087 
8300 4431 4502 3731 
8301 4403 4431 3595 
8302 2641 4516 4481 
8303 4247 4564 3162 
8304 3595 4431 3731 
8305 4516 4554 3672 
8306 4346 4347 3660 
8307 3949 4502 3210 
8308 2735 4383 2731 
8309 2414 4818 3879 
8310 4258 4606 4256 
8311 4334 4426 4333 
8312 4097 4576 4094 
8313 4344 4425 2752 
8314 3342 4505 4387 
8315 2946 4701 3876 
8316 3335 4491 3157 
8317 3378 4568 3185 
8318 3198 4242 3036 
8319 4226 4455 3498 
8320 4000 4572 4001 
8321 4266 4473 3643 
8322 3698 4450 3696 
8323 3912 4777 3910 
8324 4380 4511 4373 
8325 3490 4471 3492 
8326 3777 4490 4448 
8327 4296 4504 4351 
8328 3084 4591 4560 
8329 4456 4508 4421 
8330 2951 4600 4233 
8331 3664 4361 4077 
8332 4130 4489 4129 
8333 4219 4458 3512 
8334 3187 4276 2869 
8335 3209 4796 4640 
8336 4420 4508 4201 
8337 3497 4504 3203 
8338 3553 4442 4434 
8339 3464 4378 4109 
8340 3696 4450 4400 
8341 3998 4496 4301 
8342 4404 4552 4447 
8343 4469 4586 2881 
8344 3152 4490 4324 
8345 4094 4573 4095 
8346 4186 4480 4411 
8347 4001 4531 3999 
8348 3523 4368 3719 
8349 4000 4574 4572 
8350 3153 4574 2964 
8351 3683 4459 3640 
8352 3194 4563 3193 
8353 4061 4710 3000 
8354 2725 4532 4053 
8355 3525 4484 4406 
8356 2567 4553 4133 
8357 2610 4603 4494 
8358 4477 4520 3546 
8359 2466 4539 2464 
8360 4417 4418 3564 
8361 3689 4583 4374 
8362 4330 4476 3514 
8363 107 4584 106 
8364 3850 4503 3459 
8365 3497 4388 4351 
8366 178 4587 177 
8367 2732 4401 2864 
8368 3503 4456 4358 
8369 2975 4461 4301 
8370 3640 4459 4384 
8371 3816 4610 3621 
8372 194 4551 193 
8373 2975 4496 4064 
8374 185 4336 186 
8375 3646 4525 4491 
8376 3974 4635 4620 
8377 202 4581 203 
8378 4136 4429 4019 
8379 4121 4563 4540 
8380 3464 4492 4378 
8381 3862 4891 2396 
8382 4147 4520 2998 
8383 3662 4500 3664 
8384 4096 4559 4097 
8385 3338 4542 4488 
8386 4072 4497 3625 
8387 3573 4487 4468 
8388 3672 4578 3559 
8389 4350 4433 3651 
8390 3106 4894 3807 
8391 3193 4563 4528 
8392 3489 4528 4476 
8393 4267 4430 4247 
8394 4430 4564 4247 
8395 4378 4492 3543 
8396 3646 4491 4446 
8397 3652 4498 4245 
8398 3586 4555 3585 
8399 4373 4511 3531 
8400 3783 4523 4495 
8401 3889 4845 3888 
8402 4331 4332 2855 
8403 4296 4537 4504 
8404 3375 4530 3503 
8405 3225 4582 3227 
8406 149 4601 148 
8407 4481 4516 3530 
8408 3530 4516 3529 
8409 4462 4604 4541 
8410 3390 4463 3097 
8411 3494 4433 4350 
8412 3905 4890 3764 
8413 4131 4556 2362 
8414 3358 4576 3663 
8415 2757 4513 2710 
8416 3654 4684 3882 
8417 3970 4589 3968 
8418 4245 4498 3866 
8419 3709 4775 3708 
8420 3574 4562 4489 
8421 3635 4580 3809 
8422 4117 4538 4515 
8423 2833 4543 2899 
8424 3003 4356 3177 
8425 4542 4575 3622 
8426 3537 4466 3366 
8427 3888 4283 3611 
8428 3577 4470 4457 
8429 4362 4571 2715 
8430 4411 4480 2557 
8431 4414 4488 3650 
8432 4303 4505 3342 
8433 4044 4436 3339 
8434 3541 4369 3562 
8435 2709 4580 4206 
8436 3644 4476 4330 
8437 3680 4549 3544 
8438 3851 4781 3624 
8439 4479 4549 4478 
8440 3564 4418 3668 
8441 4242 4521 3056 
8442 2952 4603 2608 
8443 3487 4669 4545 
8444 3634 4577 3561 
8445 3544 4479 4473 
8446 4483 4496 3998 
8447 4694 4835 3735 
8448 2920 4608 2923 
8449 4408 4478 3477 
8450 4591 4654 3754 
8451 3524 4467 4335 
8452 3543 4492 3738 
8453 4324 4538 4117 
8454 4135 4429 4136 
8455 3626 4597 3560 
8456 3807 4894 3760 
8457 4305 4560 4520 
8458 4436 4458 3339 
8459 3565 4556 3563 
8460 3524 4527 4402 
8461 3655 4332 4331 
8462 3634 4645 4577 
8463 3517 4523 3797 
8464 3102 4598 3122 
8465 4551 4733 2361 
8466 3971 4527 4335 
8467 3664 4500 4361 
8468 4480 4515 2557 
8469 2924 4544 2927 
8470 4402 4527 2997 
8471 170 4605 2411 
8472 2384 4605 171 
8473 3587 4537 4296 
8474 3662 4532 4500 
8475 4087 4528 3489 
8476 3878 4585 3792 
8477 4270 4591 3084 
8478 4443 4540 3194 
8479 3668 4561 3810 
8480 3270 4529 3591 
8481 4333 4426 2438 
8482 4365 4445 2853 
8483 3298 4525 3646 
8484 3383 4616 3680 
8485 4490 4538 4324 
8486 4485 4489 4130 
8487 201 4570 202 
8488 160 4609 2394 
8489 2636 4550 2613 
8490 4299 4368 4313 
8491 2767 4571 3117 
8492 2407 4797 4144 
8493 2408 4627 3901 
8494 3353 4430 4309 
8495 3075 4435 2875 
8496 3582 4785 3883 
8497 4789 4871 3821 
8498 3655 4522 4332 
8499 4393 4770 3729 
8500 3650 4488 4248 
8501 4265 4594 4176 
8502 3720 4619 3569 
8503 2745 4441 3285 
8504 3352 4633 3883 
8505 3700 4618 4317 
8506 4129 4562 3256 
8507 4214 4510 3141 
8508 4052 4559 4096 
8509 4008 4579 3363 
8510 3688 4511 3545 
8511 2406 4615 139 
8512 138 4615 2382 
8513 4092 4791 2540 
8514 4236 4548 3373 
8515 3739 4857 3825 
8516 3479 4521 4242 
8517 3663 4576 4097 
8518 4320 4593 3028 
8519 4188 4517 2370 
8520 3830 4832 3761 
8521 3674 4550 4487 
8522 4495 4523 3517 
8523 4446 4491 3335 
8524 3622 4575 3817 
8525 2405 4711 4148 
8526 4353 4429 4135 
8527 3338 4575 4542 
8528 4239 4622 4240 
8529 3697 4628 3704 
8530 3789 4693 3790 
8531 3366 4466 4044 
8532 3876 4747 2946 
8533 4164 4759 3731 
8534 3545 4511 4380 
8535 2557 4515 4265 
8536 4336 4691 186 
8537 2641 4554 4516 
8538 3667 4561 3479 
8539 2731 4383 2729 
8540 3663 4532 3662 
8541 4134 4547 4135 
8542 3677 4583 4518 
8543 3795 4655 3667 
8544 4351 4504 3497 
8545 3973 4774 4143 
8546 3560 4540 4443 
8547 2996 4620 2994 
8548 3718 4565 3714 
8549 3901 4627 3590 
8550 3588 4627 3604 
8551 2999 4738 3872 
8552 3778 4538 4490 
8553 3251 4545 3460 
8554 2609 4536 2637 
8555 4301 4496 2975 
8556 4439 4604 4462 
8557 4328 4633 4327 
8558 144 4623 2407 
8559 2381 4623 145 
8560 4068 4651 2909 
8561 4468 4487 2636 
8562 3851 4474 3765 
8563 3162 4614 4234 
8564 3847 4871 2374 
8565 3028 4588 4339 
8566 193 4889 3874 
8567 4353 4547 4125 
8568 3561 4577 4535 
8569 116 4546 115 
8570 3134 4895 3854 
8571 3711 4629 3718 
8572 2387 4799 3884 
8573 4248 4542 3536 
8574 4494 4603 3718 
8575 3539 4465 3537 
8576 2993 4567 2996 
8577 4003 4842 3742 
8578 4362 4723 4571 
8579 4513 4578 3672 
8580 2639 4554 2641 
8581 3584 4639 3732 
8582 3716 4565 4509 
8583 4588 4593 3688 
8584 4163 4590 2413 
8585 2393 4768 3839 
8586 4705 4749 3863 
8587 2886 4592 2874 
8588 3875 4820 3796 
8589 4238 4621 3359 
8590 3137 4635 3962 
8591 4271 4575 3338 
8592 3479 4561 4521 
8593 157 4636 2372 
8594 4511 4593 3531 
8595 3080 4698 4543 
8596 3531 4593 4320 
8597 4471 4535 3492 
8598 4162 4636 158 
8599 3542 4454 4410 
8600 3481 4640 3702 
8601 3857 4732 3859 
8602 2390 4337 4336 
8603 4545 4669 4043 
8604 3685 4522 3655 
8605 4505 4548 4236 
8606 3923 4677 2402 
8607 3496 4496 4483 
8608 3895 4744 4341 
8609 3525 4682 4484 
8610 4571 4723 3820 
8611 2395 4632 213 
8612 3503 4508 4456 
8613 4528 4563 3670 
8614 4270 4654 4591 
8615 3992 4652 3994 
8616 4295 4612 4273 
8617 3889 4703 2404 
8618 4489 4569 3574 
8619 3996 4626 4000 
8620 3496 4483 4030 
8621 2454 4644 2456 
8622 2911 4651 2953 
8623 3968 4596 3967 
8624 2631 4630 2713 
8625 4478 4549 3246 
8626 3837 4776 3087 
8627 3879 4818 3880 
8628 4483 4531 4030 
8629 4484 4866 4308 
8630 4121 4597 3384 
8631 4488 4542 4248 
8632 4536 4569 2637 
8633 4463 4604 4439 
8634 3916 4869 3666 
8635 4512 4622 3596 
8636 4465 4466 3537 
8637 4097 4559 3663 
8638 4548 4595 3373 
8639 3967 4596 3971 
8640 3902 4647 3505 
8641 4564 4614 3162 
8642 4155 4778 3657 
8643 4309 4430 4267 
8644 3209 4640 4051 
8645 4001 4572 4566 
8646 3098 4519 3408 
8647 2624 4664 3000 
8648 3185 4568 4058 
8649 186 2419 2359 
8650 3526 4660 4376 
8651 4133 4553 4134 
8652 3750 4464 3539 
8653 4024 4664 2621 
8654 3680 4582 4549 
8655 3937 4852 4451 
8656 4487 4550 2636 
8657 3686 4548 4303 
8658 2390 4336 185 
8659 4494 4629 2786 
8660 4575 4617 3817 
8661 2573 4681 2550 
8662 3078 4657 3102 
8663 3799 4677 3608 
8664 2964 4574 2974 
8665 4600 4631 4233 
8666 4313 4368 3523 
8667 4291 4893 4290 
8668 3549 4493 3547 
8669 2378 4682 4249 
8670 4201 4600 2951 
8671 3661 4684 3266 
8672 4482 4859 3766 
8673 3376 4684 3654 
8674 3503 4530 4508 
8675 3687 4680 3317 
8676 2431 4674 3252 
8677 3621 4610 3623 
8678 4357 4572 3153 
8679 3074 4659 3109 
8680 4103 4795 4196 
8681 3676 4636 4162 
8682 4508 4530 4201 
8683 3606 4677 3923 
8684 4335 4527 3524 
8685 3877 4679 3775 
8686 4058 4568 3653 
8687 3215 4666 3679 
8688 3670 4563 4121 
8689 4164 4590 4163 
8690 4553 4566 4134 
8691 4614 4648 4234 
8692 2417 4584 107 
8693 3680 4616 4529 
8694 3250 4557 3485 
8695 4326 4611 3828 
8696 3546 4560 3578 
8697 3847 4668 3707 
8698 4228 4650 2405 
8699 4791 4838 2540 
8700 4775 4819 3708 
8701 3720 4657 4619 
8702 177 4587 2416 
8703 3408 4724 4558 
8704 194 4880 4551 
8705 4451 4852 2385 
8706 151 4675 2367 
8707 193 4551 2361 
8708 4339 4588 3526 
8709 3553 4599 4442 
8710 3501 4586 4469 
8711 203 4581 2403 
8712 211 4670 2383 
8713 3718 4629 4494 
8714 4030 4531 2567 
8715 2366 4570 201 
8716 3858 4705 3486 
8717 3854 4895 2854 
8718 2979 4697 2451 
8719 2871 4662 4177 
8720 2449 4697 2562 
8721 4519 4724 3408 
8722 4485 4569 4489 
8723 4629 4661 2786 
8724 4003 4780 4311 
8725 4520 4560 3546 
8726 2757 4613 4578 
8727 4176 4624 2761 
8728 4273 4613 2757 
8729 3554 4731 4157 
8730 3559 4578 4287 
8731 3675 4721 3620 
8732 3373 4595 3374 
8733 4640 4796 3809 
8734 4594 4624 4176 
8735 2967 4692 2969 
8736 130 4687 2392 
8737 3737 4702 4210 
8738 4155 4687 131 
8739 3575 4658 3115 
8740 4510 4524 3141 
8741 3318 4694 3735 
8742 3792 4585 3350 
8743 4303 4548 4505 
8744 2530 4690 2627 
8745 2770 4868 3838 
8746 3860 4690 2527 
8747 3492 4577 3741 
8748 4271 4617 4575 
8749 3800 4579 4008 
8750 3568 4642 3387 
8751 3899 4759 2373 
8752 4206 4580 3635 
8753 3767 4590 3768 
8754 3395 4704 3720 
8755 4551 4880 3795 
8756 4489 4562 4129 
8757 2757 4578 4513 
8758 4292 4680 3586 
8759 3486 4705 3367 
8760 3837 4886 4486 
8761 3538 4705 3863 
8762 3894 4755 3896 
8763 3867 4853 3035 
8764 3682 4890 3905 
8765 3295 3840 3721 
8766 3567 4600 4530 
8767 3246 4582 3225 
8768 2521 4701 2946 
8769 3686 4595 4548 
8770 3359 4576 3358 
8771 3896 4697 2979 
8772 148 4601 2408 
8773 3974 4589 3970 
8774 4464 4465 3539 
8775 3547 4435 3075 
8776 4336 4881 4691 
8777 200 4696 2366 
8778 3470 4699 3473 
8779 3881 4798 2367 
8780 3682 4699 3468 
8781 4438 4675 152 
8782 3626 4625 4597 
8783 3544 4549 4479 
8784 4095 4573 4445 
8785 3296 4506 3101 
8786 4560 4591 3578 
8787 3708 4819 3801 
8788 187 4691 2360 
8789 3285 4441 3842 
8790 4549 4582 3246 
8791 111 4656 110 
8792 3252 4734 4334 
8793 3806 4698 4272 
8794 2608 4603 2610 
8795 4144 4715 2364 
8796 3661 4769 4684 
8797 3592 4768 4160 
8798 3509 4722 3452 
8799 2637 4569 4485 
8800 4447 4678 3321 
8801 4538 4594 4515 
8802 2372 4607 4154 
8803 4509 4565 2952 
8804 4233 4631 2586 
8805 4001 4566 4553 
8806 4217 4719 4302 
8807 3704 4570 4526 
8808 2627 4732 2768 
8809 3688 4593 4511 
8810 2452 4714 2454 
8811 4445 4649 2853 
8812 4060 4710 4061 
8813 2921 4608 2920 
8814 4255 4685 4254 
8815 3614 4717 3779 
8816 3819 4717 3612 
8817 3901 4767 2408 
8818 2539 4738 2999 
8819 3541 4647 4369 
8820 2396 4720 174 
8821 3440 4727 3761 
8822 3616 4727 3300 
8823 3956 4775 3709 
8824 3583 4432 4337 
8825 4135 4547 4353 
8826 4540 4597 4121 
8827 4190 4703 4191 
8828 4157 4731 4156 
8829 2460 4739 4341 
8830 3004 4739 2462 
8831 3649 4674 2436 
8832 4578 4613 4287 
8833 3851 4874 4474 
8834 3973 4688 3974 
8835 203 4730 202 
8836 3122 4598 3759 
8837 2453 4744 2979 
8838 2715 4571 2767 
8839 3855 4870 3751 
8840 4607 4827 3827 
8841 3359 4621 4573 
8842 3821 4728 3558 
8843 3884 4771 2387 
8844 3900 4737 128 
8845 127 4737 2371 
8846 4616 4641 3591 
8847 4103 4848 4795 
8848 3755 4617 4271 
8849 2387 4729 198 
8850 2786 4661 4032 
8851 171 4605 170 
8852 4341 4744 2455 
8853 3733 4595 3686 
8854 3773 4747 3876 
8855 4589 4620 2996 
8856 3578 4591 3754 
8857 180 4507 2397 
8858 3551 4755 3894 
8859 3678 4637 4497 
8860 4327 4633 3352 
8861 4441 4541 3842 
8862 4160 4872 3592 
8863 3871 4630 3762 
8864 3966 4616 3383 
8865 161 4609 160 
8866 4543 4698 3743 
8867 3577 4564 4470 
8868 2410 4851 4668 
8869 3597 4602 2908 
8870 3778 4594 4538 
8871 2392 4879 3900 
8872 3926 4753 3924 
8873 4234 4648 2813 
8874 4159 4731 4160 
8875 4535 4577 3492 
8876 210 4757 211 
8877 3758 4855 3871 
8878 2487 4726 4212 
8879 194 4877 2363 
8880 4624 4679 2761 
8881 3594 4768 3592 
8882 3921 4748 3919 
8883 3730 4759 3899 
8884 3971 4596 4567 
8885 4143 4688 3973 
8886 3348 4772 3666 
8887 4530 4600 4201 
8888 3695 4628 3697 
8889 4486 4886 3429 
8890 3569 4619 3571 
8891 2908 4750 2904 
8892 3258 4750 3427 
8893 4287 4613 3568 
8894 2398 4761 109 
8895 2986 4606 4258 
8896 108 4761 2417 
8897 4000 4626 4574 
8898 146 4767 2381 
8899 2408 4767 147 
8900 3679 4612 4295 
8901 3357 4777 4300 
8902 4604 4672 4541 
8903 4526 4570 2366 
8904 4683 4781 3431 
8905 2435 2437 2436 
8906 4529 4616 3591 
8907 3689 4646 4583 
8908 3099 4514 3390 
8909 3665 4780 3826 
8910 4562 4619 3256 
8911 4474 4874 3123 
8912 3596 4622 4239 
8913 3535 4736 3599 
8914 4294 4667 4293 
8915 4631 4673 2586 
8916 3591 4641 3744 
8917 3513 4514 3165 
8918 4143 4774 4142 
8919 3786 4737 3900 
8920 4573 4621 4445 
8921 4819 4864 3801 
8922 139 4615 138 
8923 2935 4775 3956 
8924 2953 4782 2913 
8925 3753 4844 3522 
8926 3576 4614 3577 
8927 2994 4620 3137 
8928 3560 4597 4540 
8929 3271 4653 3513 
8930 3704 4628 4581 
8931 3776 4624 3778 
8932 4566 4572 4357 
8933 4497 4637 3371 
8934 3751 4870 3364 
8935 4444 4507 181 
8936 4726 4765 4212 
8937 3703 4790 3698 
8938 2841 4895 3134 
8939 3802 4798 3684 
8940 4661 4695 4032 
8941 3387 4642 3705 
8942 2374 4789 162 
8943 3577 4614 4564 
8944 3764 4890 3425 
8945 3880 4831 3675 
8946 3903 4602 3597 
8947 2802 4763 4244 
8948 3994 4626 3996 
8949 2586 4673 4294 
8950 3723 4797 3824 
8951 3990 4751 4002 
8952 3893 4831 3880 
8953 204 4801 203 
8954 3769 4771 3651 
8955 3890 4703 3889 
8956 3035 4783 2634 
8957 4419 4713 3818 
8958 4345 4802 2395 
8959 3571 4619 4562 
8960 197 4799 2387 
8961 4196 4795 4175 
8962 2382 4809 4149 
8963 3900 4879 3785 
8964 4602 4844 3753 
8965 3778 4624 4594 
8966 217 4822 3 
8967 4037 4793 4227 
8968 3 4822 178 
8969 3 4823 217 
8970 2540 4838 4068 
8971 3304 4785 3582 
8972 3592 4872 3407 
8973 106 4823 3 
8974 4567 4596 2996 
8975 2518 4811 2497 
8976 3676 4804 3641 
8977 4256 4742 4257 
8978 3856 4693 3789 
8979 3590 4627 3588 
8980 3781 4875 3755 
8981 4697 4773 2562 
8982 197 4814 196 
8983 3600 4802 4040 
8984 3966 4641 4616 
8985 4300 4777 3912 
8986 3283 4816 3435 
8987 3928 4867 3940 
8988 3106 4816 2887 
8989 3658 4778 4517 
8990 3748 4834 3891 
8991 3333 4846 3626 
8992 3372 4764 3501 
8993 3976 4809 3975 
8994 2917 4833 2921 
8995 3907 4806 3908 
8996 3917 4824 3918 
8997 2386 4815 3920 
8998 2363 4836 195 
8999 3617 4631 3567 
9000 2388 4880 195 
9001 3784 4820 3875 
9002 3384 4625 3678 
9003 166 4840 4166 
9004 2376 4840 167 
9005 3200 4841 3792 
9006 3319 4841 3070 
9007 4641 4671 3744 
9008 3852 4835 4694 
9009 145 4623 144 
9010 3739 4850 3368 
9011 3555 4864 3379 
9012 3454 4722 4482 
9013 2393 4882 123 
9014 3888 4733 4283 
9015 2874 4592 3073 
9016 3756 4853 3867 
9017 112 4852 111 
9018 3599 4660 3688 
9019 4282 4861 3233 
9020 2359 3836 185 
9021 3580 4865 4344 
9022 3844 4834 3947 
9023 3294 4725 3295 
9024 3466 4827 4054 
9025 4175 4795 4174 
9026 4693 4810 3790 
9027 3695 4665 4628 
9028 3362 4780 4003 
9029 2383 4869 3915 
9030 3710 4629 3711 
9031 192 4889 193 
9032 4139 4621 4238 
9033 3319 4826 3829 
9034 173 4720 3891 
9035 3567 4631 4600 
9036 4515 4594 4265 
9037 3420 4835 3852 
9038 2854 4895 2795 
9039 4610 4711 3623 
9040 3509 4867 4722 
9041 4368 4611 3719 
9042 3426 4890 3682 
9043 2974 4706 2965 
9044 4503 4811 2518 
9045 3316 4854 3542 
9046 4442 4599 3100 
9047 3576 4648 4614 
9048 3877 4714 4679 
9049 4212 4765 2871 
9050 3962 4635 3726 
9051 3861 4787 2737 
9052 3863 4749 2528 
9053 4541 4672 3842 
9054 3957 4879 3846 
9055 3720 4704 4598 
9056 3943 4891 3862 
9057 3961 4639 3584 
9058 3243 4611 4368 
9059 3397 4638 3598 
9060 3724 4641 3966 
9061 3371 4637 3411 
9062 3365 4870 3486 
9063 4162 4804 3676 
9064 2893 4646 3190 
9065 4032 4695 4024 
9066 4518 4583 3369 
9067 158 4636 157 
9068 4051 4640 3481 
9069 4460 4756 3260 
9070 3867 4645 3634 
9071 3100 4599 3294 
9072 3865 4773 3866 
9073 3776 4679 4624 
9074 3688 4660 4588 
9075 4597 4625 3384 
9076 3728 4493 3549 
9077 4517 4778 2370 
9078 4350 4771 3884 
9079 2575 4746 2573 
9080 4612 4642 3568 
9081 3390 4604 4463 
9082 4450 4745 3396 
9083 4501 4847 3752 
9084 110 4656 2398 
9085 3617 4673 4631 
9086 2632 4630 2631 
9087 4002 4652 3992 
9088 2390 4812 4337 
9089 4453 4798 3881 
9090 213 4632 212 
9091 3842 4779 3841 
9092 3710 4661 4629 
9093 3693 4665 3695 
9094 2456 4644 2519 
9095 4619 4657 3256 
9096 4102 4848 4103 
9097 2909 4651 2911 
9098 3109 4883 3397 
9099 3724 4671 4641 
9100 4625 4637 3678 
9101 3378 4693 4568 
9102 4157 4876 3787 
9103 3689 4721 4646 
9104 3899 4882 3839 
9105 3813 4519 4506 
9106 3505 4647 3541 
9107 4543 4842 2899 
9108 3703 4828 4790 
9109 4647 4763 4369 
9110 2435 2436 2433 
9111 2572 4654 4270 
9112 3073 4659 3074 
9113 3934 4656 3937 
9114 4557 4758 3485 
9115 4398 4660 3599 
9116 2562 4773 3865 
9117 4210 4648 3576 
9118 4590 4830 2413 
9119 3586 4815 4555 
9120 4606 4742 4256 
9121 3502 3892 3885 
9122 2371 4876 4157 
9123 2621 4664 2624 
9124 4191 4682 2378 
9125 3673 4812 3879 
9126 4043 4669 4042 
9127 3671 4694 4288 
9128 3411 4754 3788 
9129 3827 4827 3826 
9130 4486 4787 3699 
9131 4628 4665 2403 
9132 3397 4883 4856 
9133 3813 4506 3296 
9134 4290 4712 4289 
9135 3858 4749 4705 
9136 122 4882 3899 
9137 4552 4678 4447 
9138 2433 4674 2431 
9139 2550 4681 2542 
9140 3256 4657 3078 
9141 4632 4670 212 
9142 2965 4706 2967 
9143 3608 4677 3606 
9144 3712 4661 3710 
9145 3879 4812 4381 
9146 3266 4684 3376 
9147 3347 4844 3903 
9148 3690 4673 3617 
9149 3824 4671 3724 
9150 3891 4720 3791 
9151 4574 4626 2974 
9152 4177 4662 3506 
9153 3317 4680 4292 
9154 4588 4660 3526 
9155 4555 4815 2386 
9156 4678 4770 3321 
9157 4526 4828 3703 
9158 3369 4646 2893 
9159 3974 4620 4589 
9160 3775 4679 3776 
9161 3693 4707 4665 
9162 2853 4649 4187 
9163 2528 4749 3860 
9164 3286 4666 3215 
9165 3707 4668 4298 
9166 4306 4669 3487 
9167 3972 4887 4774 
9168 3667 4655 4561 
9169 2419 4849 2421 
9170 4526 4862 4828 
9171 4290 4893 4712 
9172 4054 4827 4607 
9173 3190 4831 3893 
9174 3542 4854 4638 
9175 3620 4721 3689 
9176 4644 4701 2519 
9177 4561 4655 3810 
9178 3427 4794 3835 
9179 4514 4672 3390 
9180 4383 4886 3087 
9181 198 4740 197 
9182 2436 4674 2433 
9183 4654 4794 3754 
9184 152 4675 151 
9185 3719 4663 3579 
9186 4425 4618 2743 
9187 4630 4783 3762 
9188 4523 4708 3797 
9189 3548 4874 3624 
9190 2363 4877 4676 
9191 4708 4863 3797 
9192 2403 4665 3927 
9193 3712 4695 4661 
9194 4546 4847 2412 
9195 4464 4689 4282 
9196 3972 4774 3973 
9197 4617 4676 3817 
9198 4691 4881 3834 
9199 4645 4776 3741 
9200 2451 4697 2449 
9201 3853 4832 3135 
9202 4742 4861 4257 
9203 3804 4807 4585 
9204 212 4670 211 
9205 3852 4694 3671 
9206 3767 4830 4590 
9207 4249 4849 2419 
9208 3301 4808 3609 
9209 161 4789 4609 
9210 3115 4658 3128 
9211 4167 4708 3794 
9212 2409 4829 4150 
9213 4767 4858 2381 
9214 4283 4733 3740 
9215 3286 4700 4666 
9216 4583 4646 3369 
9217 4568 4693 3856 
9218 4607 4803 4154 
9219 4272 4698 3080 
9220 3817 4676 3874 
9221 3873 4702 3737 
9222 4581 4628 2403 
9223 3691 4707 3693 
9224 4293 4667 3241 
9225 2638 4786 4539 
9226 3790 4810 4370 
9227 2969 4692 3077 
9228 4618 4865 4317 
9229 4040 4802 4345 
9230 3874 4877 193 
9231 131 4687 130 
9232 4326 4873 4611 
9233 4187 4686 2487 
9234 4451 4813 3951 
9235 3623 4711 4328 
9236 2362 4740 198 
9237 4649 4686 4187 
9238 3974 4688 4635 
9239 3073 4716 4659 
9240 4681 4738 2542 
9241 2527 4690 2530 
9242 2411 4708 4167 
9243 4674 4734 3252 
9244 4646 4721 3190 
9245 3765 4643 3430 
9246 4061 4695 3712 
9247 3396 4704 3395 
9248 4665 4707 3927 
9249 2385 4813 4451 
9250 3367 4705 3538 
9251 3706 4728 3847 
9252 4634 4839 3727 
9253 4492 4817 3738 
9254 3558 4700 3286 
9255 2519 4701 2521 
9256 3812 4752 3814 
9257 4254 4685 3024 
9258 3794 4708 4523 
9259 4537 4784 3402 
9260 3836 4770 4393 
9261 181 4507 180 
9262 3679 4642 4612 
9263 3397 4856 4638 
9264 4423 4769 3661 
9265 3691 4741 4707 
9266 3468 4699 3470 
9267 4684 4769 3882 
9268 3784 4847 4546 
9269 186 4691 187 
9270 3809 4796 3616 
9271 3728 4552 4493 
9272 3599 4736 4398 
9273 199 4696 200 
9274 4611 4873 3719 
9275 3431 4781 3851 
9276 2632 4783 4630 
9277 3750 4689 4464 
9278 3429 4787 4486 
9279 3619 4726 4138 
9280 3666 4713 4419 
9281 2404 4703 4190 
9282 3165 4514 3099 
9283 2813 4746 2575 
9284 3618 4710 4060 
9285 3927 4707 2369 
9286 3763 4734 3649 
9287 4002 4751 4692 
9288 2394 4804 4162 
9289 4598 4704 3759 
9290 4667 4723 3241 
9291 2396 4891 4720 
9292 2364 4715 4143 
9293 4669 4766 4042 
9294 3892 4818 4452 
9295 4736 4760 3605 
9296 3452 4722 3454 
9297 3799 4801 4677 
9298 3866 4755 4245 
9299 3306 4857 3632 
9300 4398 4736 3605 
9301 4459 4786 2638 
9302 3805 4756 3806 
9303 3813 4724 4519 
9304 3602 4763 4647 
9305 3760 4894 3805 
9306 4288 4694 3318 
9307 4713 4869 2383 
9308 3729 4678 3728 
9309 3430 4653 3271 
9310 4189 4829 3961 
9311 4423 4825 4769 
9312 2761 4714 2452 
9313 2411 4863 4708 
9314 2768 4732 2854 
9315 4652 4706 2974 
9316 2416 4892 4170 
9317 3612 4717 3614 
9318 2360 4805 4228 
9319 2542 4738 2539 
9320 4036 4756 3805 
9321 199 4729 4696 
9322 4643 4653 3430 
9323 3747 4851 4166 
9324 3609 4741 3691 
9325 4539 4786 4216 
9326 174 4720 173 
9327 4774 4887 2406 
9328 4703 4866 4191 
9329 3300 4727 3440 
9330 3850 4811 4503 
9331 3849 4742 4606 
9332 3699 4787 3861 
9333 4306 4766 4669 
9334 4556 4740 2362 
9335 3618 4743 4710 
9336 3811 4740 4556 
9337 2462 4739 2460 
9338 4707 4741 2369 
9339 3833 4805 3832 
9340 4685 4843 3024 
9341 2455 4744 2453 
9342 4425 4865 4618 
9343 4240 4792 2514 
9344 3619 4765 4726 
9345 202 4730 2368 
9346 4156 4731 4159 
9347 3835 4794 4654 
9348 4663 4800 3579 
9349 4617 4875 4676 
9350 3800 4821 4579 
9351 4658 4785 3128 
9352 3110 4860 4474 
9353 4437 4800 3733 
9354 128 4737 127 
9355 4722 4867 3929 
9356 198 4729 199 
9357 3896 4773 4697 
9358 4638 4854 3598 
9359 3989 4751 3990 
9360 3771 4747 3773 
9361 4355 4742 3849 
9362 4668 4851 4298 
9363 4625 4754 4637 
9364 4302 4719 3136 
9365 4166 4851 2410 
9366 4244 4763 3602 
9367 2369 4741 3926 
9368 4042 4766 4204 
9369 3741 4776 3837 
9370 3702 4743 3618 
9371 2373 4759 4164 
9372 2802 4855 4763 
9373 3793 4736 3535 
9374 4679 4714 2761 
9375 3738 4765 3619 
9376 3924 4753 3925 
9377 3390 4672 4604 
9378 4160 4768 2393 
9379 3241 4723 4362 
9380 4737 4876 2371 
9381 211 4757 2386 
9382 3919 4748 2399 
9383 3624 4781 3745 
9384 3839 4768 3594 
9385 3350 4772 3348 
9386 2904 4750 3258 
9387 3731 4759 3730 
9388 4308 4866 3890 
9389 3402 4808 3301 
9390 4534 4709 3745 
9391 3657 4778 3658 
9392 109 4761 108 
9393 3542 4856 4454 
9394 2366 4862 4526 
9395 3532 4776 4645 
9396 3698 4745 4450 
9397 3434 4764 3372 
9398 4639 4829 2409 
9399 4245 4755 3551 
9400 4817 4868 3506 
9401 3771 4791 4747 
9402 3989 4788 4751 
9403 147 4767 146 
9404 4635 4688 3726 
9405 4709 4878 3722 
9406 4311 4780 3665 
9407 3260 4756 4036 
9408 3035 4853 4783 
9409 4040 4777 3357 
9410 3378 4810 4693 
9411 3734 4837 4784 
9412 4142 4774 2406 
9413 4751 4788 3077 
9414 3951 4813 4501 
9415 3669 4766 4306 
9416 2370 4778 4155 
9417 3882 4769 3415 
9418 3759 4790 3312 
9419 3738 4817 4662 
9420 2514 4792 3906 
9421 2913 4782 2915 
9422 4367 4775 2935 
9423 3734 4784 4537 
9424 4748 4806 2399 
9425 3605 4760 4599 
9426 4216 4786 4217 
9427 3651 4771 4350 
9428 3580 4800 4437 
9429 4731 4872 4160 
9430 3649 4734 4674 
9431 3632 4788 3989 
9432 3087 4776 3532 
9433 4769 4825 3415 
9434 3077 4788 4037 
9435 3793 4760 4736 
9436 3506 4868 2770 
9437 3770 4791 3771 
9438 4766 4826 4204 
9439 4638 4856 3542 
9440 4150 4829 4189 
9441 162 4789 161 
9442 2634 4783 2632 
9443 4672 4779 3842 
9444 3350 4807 4772 
9445 4227 4793 3739 
9446 3725 4797 3723 
9447 4682 4849 4249 
9448 4730 4859 2368 
9449 3754 4794 3822 
9450 4002 4706 4652 
9451 4315 4825 4423 
9452 3669 4826 4766 
9453 4174 4795 4168 
9454 2402 4801 204 
9455 4501 4813 4169 
9456 3728 4678 4552 
9457 3598 4860 3110 
9458 3830 4796 3209 
9459 3128 4785 3304 
9460 4592 4716 3073 
9461 3746 4802 3600 
9462 2737 4787 3429 
9463 2413 4830 4475 
9464 3135 4832 3830 
9465 4355 4861 4742 
9466 4782 4833 2915 
9467 4650 4805 3833 
9468 178 4822 4587 
9469 3684 4798 4453 
9470 4584 4823 106 
9471 4718 4832 3853 
9472 196 4799 197 
9473 3729 4770 4678 
9474 3814 4724 3813 
9475 3862 4892 3681 
9476 4676 4875 2363 
9477 2397 4709 4534 
9478 4452 4818 2414 
9479 2399 4806 3907 
9480 3579 4800 3580 
9481 3770 4838 4791 
9482 3825 4857 3306 
9483 3641 4804 4056 
9484 3732 4809 3976 
9485 4137 4810 3378 
9486 4637 4754 3411 
9487 3429 4886 4383 
9488 3024 4843 4251 
9489 3513 4779 4514 
9490 4154 4803 4153 
9491 3920 4815 3921 
9492 4169 4813 2385 
9493 2497 4811 2499 
9494 4671 4858 3744 
9495 4475 4830 3796 
9496 4367 4819 4775 
9497 196 4836 4799 
9498 196 4814 2388 
9499 186 2359 185 
9500 2887 4816 3283 
9501 2418 4822 217 
9502 4700 4728 3706 
9503 4474 4860 3765 
9504 4153 4821 2391 
9505 4381 4812 2390 
9506 3826 4827 3466 
9507 217 4823 3913 
9508 3947 4834 3748 
9509 3796 4830 3767 
9510 3312 4828 4231 
9511 3829 4826 3669 
9512 2915 4833 2917 
9513 3815 4817 4492 
9514 4795 4848 4168 
9515 3457 4819 4367 
9516 4514 4779 4672 
9517 3918 4824 2375 
9518 3779 4838 3770 
9519 3864 4837 3734 
9520 3821 4871 4728 
9521 3888 4845 4733 
9522 3890 4866 4703 
9523 4440 4888 4315 
9524 3815 4868 4817 
9525 3457 4864 4819 
9526 3797 4863 3844 
9527 3609 4808 4753 
9528 4138 4726 4686 
9529 3415 4825 4364 
9530 195 4836 196 
9531 3626 4754 4625 
9532 3070 4841 3200 
9533 3295 4725 3840 
9534 2361 4845 4119 
9535 3675 4831 4721 
9536 4790 4828 3312 
9537 2421 4849 3525 
9538 167 4840 166 
9539 3727 4839 3729 
9540 4803 4821 4153 
9541 3975 4887 3972 
9542 4204 4826 3319 
9543 3762 4853 3756 
9544 3332 4846 3333 
9545 3522 4844 3347 
9546 4677 4801 2402 
9547 2899 4842 4311 
9548 3752 4847 3784 
9549 2886 4893 4592 
9550 4828 4862 4231 
9551 4315 4888 4825 
9552 4 4758 4558 
9553 3368 4850 3709 
9554 4298 4851 3747 
9555 4662 4817 3506 
9556 4168 4848 2947 
9557 2385 4852 112 
9558 4605 4863 2411 
9559 3903 4844 4602 
9560 3744 4858 3901 
9561 2368 4859 3929 
9562 4702 4746 2813 
9563 3838 4868 3815 
9564 3379 4864 3457 
9565 4507 4709 2397 
9566 3929 4867 3928 
9567 3834 4881 4432 
9568 4369 4855 3758 
9569 3915 4869 3916 
9570 4735 4892 2416 
9571 2406 4887 4615 
9572 193 4877 194 
9573 4231 4862 3823 
9574 3364 4870 3365 
9575 3374 4873 4326 
9576 3901 4858 4767 
9577 3843 4854 3316 
9578 3407 4872 3554 
9579 3787 4876 3786 
9580 3785 4879 3957 
9581 3822 4885 3753 
9582 3798 4883 4412 
9583 3233 4861 4355 
9584 3123 4874 3548 
9585 4720 4891 3791 
9586 123 4882 122 
9587 3841 4884 3843 
9588 4444 4878 4507 
9589 195 4880 194 
9590 2389 4889 192 
9591 2795 4895 2841 
9592 3425 4890 3426 
9593 4454 4856 3798 
9594 4364 4888 3575 
9595 4599 4760 3294 
9596 3575 4888 4440 
9597 3558 4728 4700 
9598 4643 4860 3598 
9599 4856 4883 3798 
9600 4337 4881 4336 
9601 3791 4891 3943 
9602 4653 4884 3513 
9603 4585 4807 3350 
9604 4686 4726 2487 
9605 4170 4892 3862 
9606 3722 4878 4634 
9607 3753 4885 4602 
9608 3873 4746 4702 
9609 4344 4865 4425 
9610 4692 4751 3077 
9611 3913 4823 4584 
9612 4587 4822 2418 
9613 3632 4857 4793 
9614 4825 4888 4364 
9615 4592 4893 4291 
9616 4533 4758 4 
9617 4228 4805 4650 
9618 3525 4849 4682 
9619 3844 4863 4605 
9620 4615 4887 3975 
9621 3786 4876 4737 
9622 3843 4884 4653 
9623 3961 4829 4639 
9624 3666 4869 4713 
9625 4763 4855 4369 
9626 4745 4790 3759 
9627 4507 4878 4709 
9628 4676 4877 3874 
9629 3755 4875 4617 
9630 4602 4885 2908 
9631 3698 4790 4745 
9632 3554 4872 4731 
9633 3681 4892 4735 
9634 4634 4878 4444 
9635 4783 4853 3762 
9636 4663 4873 3374 
9637 3761 4832 4718 
9638 4753 4808 3925 
9639 3719 4873 4663 
9640 4721 4831 3190 
9641 4733 4845 2361 
9642 3765 4860 4643 
9643 4728 4871 3847 
9644 4432 4881 4337 
9645 4712 4893 2886 
9646 4793 4857 3739 
9647 2415 4558 3814 
2 6 2 269
9648 4951 4953 125 
9649 159 4952 4950 
9650 125 4953 126 
9651 158 4952 159 
9652 4948 4954 166 
9653 118 4955 4949 
9654 166 4954 167 
9655 117 4955 118 
9656 151 4957 4947 
9657 4946 4956 133 
9658 150 4957 151 
9659 133 4956 134 
9660 110 4958 4944 
9661 4945 4959 174 
9662 109 4958 110 
9663 174 4959 175 
9664 143 4960 4943 
9665 4942 4960 141 
9666 142 4960 143 
9667 141 4960 142 
9668 176 4959 4940 
9669 4941 4958 108 
9670 135 4956 4938 
9671 4939 4957 149 
9672 108 4958 109 
9673 175 4959 176 
9674 168 4954 4937 
9675 4936 4955 116 
9676 134 4956 135 
9677 149 4957 150 
9678 4934 4952 157 
9679 127 4953 4935 
9680 167 4954 168 
9681 116 4955 117 
9682 4933 4951 124 
9683 160 4950 4932 
9684 157 4952 158 
9685 126 4953 127 
9686 4931 4948 165 
9687 119 4949 4930 
9688 152 4947 4929 
9689 4928 4946 132 
9690 124 4951 125 
9691 159 4950 160 
9692 4926 4945 173 
9693 111 4944 4927 
9694 165 4948 166 
9695 118 4949 119 
9696 144 4943 4925 
9697 4924 4942 140 
9698 151 4947 152 
9699 132 4946 133 
9700 177 4940 4922 
9701 4923 4941 107 
9702 136 4938 4920 
9703 4921 4939 148 
9704 173 4945 174 
9705 110 4944 111 
9706 169 4937 4919 
9707 4918 4936 115 
9708 143 4943 144 
9709 140 4942 141 
9710 4917 4934 156 
9711 128 4935 4916 
9712 107 4941 108 
9713 176 4940 177 
9714 161 4932 4915 
9715 4914 4933 123 
9716 4913 4931 164 
9717 120 4930 4912 
9718 135 4938 136 
9719 148 4939 149 
9720 4910 4928 131 
9721 153 4929 4911 
9722 168 4937 169 
9723 115 4936 116 
9724 4908 4926 172 
9725 112 4927 4909 
9726 145 4925 4907 
9727 4906 4924 139 
9728 156 4934 157 
9729 127 4935 128 
9730 4905 4923 106 
9731 178 4922 4904 
9732 137 4920 4903 
9733 4902 4921 147 
9734 123 4933 124 
9735 160 4932 161 
9736 170 4919 4901 
9737 4900 4918 114 
9738 164 4931 165 
9739 119 4930 120 
9740 4898 4917 155 
9741 129 4916 4899 
9742 162 4915 4897 
9743 4896 4914 122 
9744 4897 4913 163 
9745 121 4912 4896 
9746 152 4929 153 
9747 131 4928 132 
9748 154 4911 4898 
9749 4899 4910 130 
9750 4901 4908 171 
9751 113 4909 4900 
9752 146 4907 4902 
9753 4903 4906 138 
9754 4904 4905 3 
9755 172 4926 173 
9756 111 4927 112 
9757 144 4925 145 
9758 139 4924 140 
9759 106 4923 107 
9760 177 4922 178 
9761 136 4920 137 
9762 147 4921 148 
9763 169 4919 170 
9764 114 4918 115 
9765 155 4917 156 
9766 128 4916 129 
9767 161 4915 162 
9768 122 4914 123 
9769 163 4913 164 
9770 120 4912 121 
9771 55 4913 4897 
9772 4896 4912 18 
9773 4898 4911 47 
9774 26 4910 4899 
9775 62 4908 4901 
9776 4900 4909 11 
9777 4897 4915 54 
9778 19 4914 4896 
9779 33 4906 4903 
9780 4902 4907 40 
9781 1 4905 4904 
9782 48 4917 4898 
9783 4899 4916 25 
9784 153 4911 154 
9785 130 4910 131 
9786 12 4918 4900 
9787 4901 4919 61 
9788 4903 4920 32 
9789 41 4921 4902 
9790 171 4908 172 
9791 112 4909 113 
9792 4904 4922 68 
9793 5 4923 4905 
9794 34 4924 4906 
9795 4907 4925 39 
9796 145 4907 146 
9797 138 4906 139 
9798 63 4926 4908 
9799 4909 4927 10 
9800 27 4928 4910 
9801 4911 4929 46 
9802 3 4905 106 
9803 178 4904 3 
9804 4912 4930 17 
9805 56 4931 4913 
9806 20 4933 4914 
9807 4915 4932 53 
9808 49 4934 4917 
9809 4916 4935 24 
9810 137 4903 138 
9811 146 4902 147 
9812 13 4936 4918 
9813 4919 4937 60 
9814 4920 4938 31 
9815 42 4939 4921 
9816 4922 4940 67 
9817 6 4941 4923 
9818 113 4900 114 
9819 170 4901 171 
9820 35 4942 4924 
9821 4925 4943 38 
9822 4927 4944 9 
9823 64 4945 4926 
9824 4929 4947 45 
9825 28 4946 4928 
9826 4930 4949 16 
9827 57 4948 4931 
9828 154 4898 155 
9829 129 4899 130 
9830 4932 4950 52 
9831 21 4951 4933 
9832 50 4952 4934 
9833 4935 4953 23 
9834 4937 4954 59 
9835 14 4955 4936 
9836 4938 4956 30 
9837 43 4957 4939 
9838 7 4958 4941 
9839 4940 4959 66 
9840 36 4960 4942 
9841 4943 4960 37 
9842 162 4897 163 
9843 121 4896 122 
9844 4944 4958 8 
9845 65 4959 4945 
9846 29 4956 4946 
9847 4947 4957 44 
9848 58 4954 4948 
9849 4949 4955 15 
9850 4950 4952 51 
9851 22 4953 4951 
9852 55 4897 54 
9853 19 4896 18 
9854 48 4898 47 
9855 26 4899 25 
9856 12 4900 11 
9857 62 4901 61 
9858 41 4902 40 
9859 33 4903 32 
9860 5 4905 1 
9861 1 4904 68 
9862 34 4906 33 
9863 40 4907 39 
9864 63 4908 62 
9865 11 4909 10 
9866 27 4910 26 
9867 47 4911 46 
9868 18 4912 17 
9869 56 4913 55 
9870 20 4914 19 
9871 54 4915 53 
9872 49 4917 48 
9873 25 4916 24 
9874 13 4918 12 
9875 61 4919 60 
9876 32 4920 31 
9877 42 4921 41 
9878 68 4922 67 
9879 6 4923 5 
9880 35 4924 34 
9881 39 4925 38 
9882 10 4927 9 
9883 64 4926 63 
9884 46 4929 45 
9885 28 4928 27 
9886 17 4930 16 
9887 57 4931 56 
9888 53 4932 52 
9889 21 4933 20 
9890 50 4934 49 
9891 24 4935 23 
9892 14 4936 13 
9893 60 4937 59 
9894 31 4938 30 
9895 43 4939 42 
9896 67 4940 66 
9897 7 4941 6 
9898 36 4942 35 
9899 38 4943 37 
9900 65 4945 64 
9901 9 4944 8 
9902 29 4946 28 
9903 45 4947 44 
9904 58 4948 57 
9905 16 4949 15 
9906 52 4950 51 
9907 22 4951 21 
9908 51 4952 50 
9909 23 4953 22 
9910 59 4954 58 
9911 15 4955 14 
9912 30 4956 29 
9913 44 4957 43 
9914 8 4958 7 
9915 66 4959 65 
9916 37 4960 36 
3 1 4 15472
9917 1179 3617 3654 1229 
9918 2048 3100 3095 1979 
9919 1294 4997 1295 1293 
9920 2740 2744 2745 554 
9921 2992 2993 2991 5044 
9922 1723 3606 1489 1339 
9923 5034 2146 4967 4419 
9924 4493 3127 4552 1951 
9925 4986 594 596 4397 
9926 1875 4005 2246 2678 
9927 1662 1661 598 4998 
9928 1917 3549 1918 3550 
9929 2970 841 3007 3982 
9930 937 1129 4437 1044 
9931 3281 463 3027 3282 
9932 4922 2062 4587 2275 
9933 2113 2066 5022 461 
9934 4975 5022 459 461 
9935 3997 4415 2228 4340 
9936 817 4297 2012 1705 
9937 3166 1747 3878 3289 
9938 3617 1179 3654 3376 
9939 2016 1084 3530 3484 
9940 698 2500 1625 803 
9941 4262 4372 3629 2123 
9942 3505 451 1845 1786 
9943 4830 1686 4475 2229 
9944 1457 4832 3135 2149 
9945 1048 3193 1562 923 
9946 883 2894 3340 4207 
9947 3158 720 675 3247 
9948 961 2517 4254 2507 
9949 601 4567 1535 895 
9950 4335 4467 3524 607 
9951 1655 2720 1252 1971 
9952 1239 2469 2871 1240 
9953 2809 2861 470 472 
9954 460 4975 459 461 
9955 2624 2625 2626 1823 
9956 2142 1421 4309 4267 
9957 3017 1706 3170 1962 
9958 889 4161 3060 890 
9959 2773 2812 616 2769 
9960 3757 3351 2254 3352 
9961 4057 319 2233 1553 
9962 1420 2585 1421 4267 
9963 1996 2720 1971 1252 
9964 425 422 2142 4430 
9965 2773 705 1971 616 
9966 5034 2146 244 1412 
9967 3195 3985 4979 3476 
9968 4566 1224 1334 2197 
9969 4434 630 627 4442 
9970 425 3353 422 4430 
9971 4599 3100 1979 4442 
9972 630 3553 629 631 
9973 4636 157 4934 4952 
9974 4027 399 2626 1823 
9975 4434 2726 629 3553 
9976 4196 4195 3838 2219 
9977 522 2817 2855 1863 
9978 3180 4986 5013 4985 
9979 1690 4944 9 4927 
9980 421 422 4430 2142 
9981 4247 421 4430 2142 
9982 4209 2669 1570 2670 
9983 2653 639 1885 1148 
9984 4319 445 455 444 
9985 1211 1184 1210 3304 
9986 4937 1989 4954 2376 
9987 638 2863 4380 4373 
9988 1816 1862 3047 3045 
9989 2676 1400 2670 2677 
9990 3184 3129 1810 4080 
9991 2050 3086 1262 1889 
9992 641 2863 2878 4380 
9993 3457 4819 2266 673 
9994 1173 1998 1183 4374 
9995 1761 2858 704 2857 
9996 1373 2068 4971 4996 
9997 2543 4064 4971 2547 
9998 3116 1210 3163 3128 
9999 4403 4973 840 3007 
10000 2647 1252 2719 1130 
10001 1717 2751 1716 2784 
10002 3415 4825 677 649 
10003 3811 3565 1518 1430 
10004 2838 2860 472 2862 
10005 2300 1576 4090 1575 
10006 3128 1210 3163 3304 
10007 2674 1090 464 1742 
10008 3236 1736 3519 3456 
10009 3301 4808 2032 1482 
10010 1400 2677 1570 2670 
10011 1767 2667 471 4263 
10012 473 2838 472 2862 
10013 3016 3234 3119 2127 
10014 2850 3965 2812 615 
10015 4467 3235 608 607 
10016 4705 3858 373 4749 
10017 2982 357 359 1657 
10018 37 4943 4965 4960 
10019 5041 124 2393 123 
10020 1340 3457 3379 4864 
10021 2680 1437 1540 1177 
10022 3479 4242 1053 3198 
10023 570 568 3636 1680 
10024 1382 1189 4283 1465 
10025 683 4423 682 677 
10026 995 839 4259 994 
10027 677 1844 710 4769 
10028 704 3290 2859 703 
10029 2115 1373 2347 4971 
10030 3479 3315 1053 1726 
10031 181 71 4452 70 
10032 4423 4315 682 677 
10033 4423 683 682 4315 
10034 4326 733 4873 3374 
10035 89 3928 200 201 
10036 71 2126 4452 70 
10037 3116 3114 2072 3115 
10038 222 5007 1401 5009 
10039 5001 1530 5005 4970 
10040 678 2886 4426 4712 
10041 2260 332 334 4072 
10042 3274 3318 4288 1834 
10043 3318 3274 1835 1834 
10044 2997 2993 600 2991 
10045 3888 1382 4283 1465 
10046 277 1057 279 3357 
10047 3502 1805 3880 3893 
10048 793 889 3062 888 
10049 1398 704 2857 2798 
10050 3494 3381 3495 1396 
10051 4381 269 2414 72 
10052 3525 1228 1062 1830 
10053 710 1950 1425 3266 
10054 3351 1881 2906 4314 
10055 812 4440 682 1881 
10056 682 1881 4314 703 
10057 2570 2604 2166 1264 
10058 658 1696 3979 558 
10059 2036 3408 2259 4724 
10060 4613 1758 765 659 
10061 1428 3151 1194 4136 
10062 1453 3435 2094 4816 
10063 3206 786 3166 3068 
10064 2445 1070 954 3420 
10065 3679 4612 715 4295 
10066 3611 3888 1382 4283 
10067 1189 3611 4283 3302 
10068 1277 2269 3030 3337 
10069 658 2790 4993 558 
10070 4273 1758 4613 659 
10071 71 2414 182 4452 
10072 2201 1111 4078 2629 
10073 308 3998 4483 4496 
10074 1114 2649 4078 1111 
10075 71 2126 2414 4452 
10076 4704 4598 818 3720 
10077 2201 1114 4078 1111 
10078 1633 2535 2539 2999 
10079 3813 3296 2276 3812 
10080 4743 4580 3702 457 
10081 4437 3580 1044 4800 
10082 1026 984 1027 4474 
10083 1945 2108 3812 2276 
10084 2027 2040 3178 1273 
10085 3482 317 316 318 
10086 4136 3323 1146 2593 
10087 3721 4764 1942 1945 
10088 1070 4225 954 3420 
10089 597 4985 5020 598 
10090 3322 1806 1940 1944 
10091 4225 1070 2445 3420 
10092 639 4511 3531 4373 
10093 1785 4418 3564 4417 
10094 2130 3109 1909 3397 
10095 4922 2275 4822 4904 
10096 4511 639 638 4373 
10097 1411 2324 3908 4735 
10098 3439 4086 4272 563 
10099 3501 4469 4586 1941 
10100 4286 3945 1660 686 
10101 2148 3367 368 370 
10102 1534 1533 3693 3691 
10103 1499 3515 1880 3418 
10104 957 1065 1066 4488 
10105 687 686 688 3946 
10106 3417 991 992 3254 
10107 562 564 3080 563 
10108 3105 3254 3944 820 
10109 1065 4414 3337 4488 
10110 3296 3813 2276 1197 
10111 4678 2025 3321 4770 
10112 4524 397 391 1623 
10113 1026 4874 3123 4474 
10114 3928 89 223 2202 
10115 4167 168 4937 169 
10116 1026 3547 3123 3548 
10117 3327 4208 1097 1537 
10118 397 4510 406 1623 
10119 948 4174 4795 4168 
10120 4807 3804 1502 1493 
10121 630 4434 629 3553 
10122 958 3436 3878 3792 
10123 2883 2885 4260 745 
10124 3204 2205 1594 979 
10125 221 1532 4836 84 
10126 4984 5008 770 5013 
10127 381 3208 382 1617 
10128 233 4163 4930 4912 
10129 4081 359 360 2985 
10130 3752 1162 3784 2076 
10131 814 2788 2824 2787 
10132 1461 3439 563 561 
10133 1756 2212 527 3737 
10134 3243 4611 1832 1858 
10135 5012 2849 2796 3299 
10136 4500 1865 3662 1592 
10137 4460 3806 567 1722 
10138 2069 2059 1282 3634 
10139 4328 1391 2063 1242 
10140 1976 1123 2484 1977 
10141 4756 730 4036 1460 
10142 485 3683 3828 486 
10143 1202 1120 1962 3960 
10144 1211 1800 3582 1231 
10145 3171 3960 1962 3170 
10146 3963 2850 1705 3965 
10147 2842 817 3031 4173 
10148 4077 4361 1590 318 
10149 2850 3017 3963 792 
10150 4868 3815 2155 3838 
10151 3171 1972 792 1962 
10152 1041 927 2493 2496 
10153 973 1026 3547 3123 
10154 5019 4951 4156 125 
10155 1101 4350 1394 3494 
10156 576 674 4025 675 
10157 4610 4711 2097 3623 
10158 713 735 3914 714 
10159 2984 357 3129 358 
10160 3647 4325 3607 1339 
10161 3171 1972 3963 792 
10162 3017 3171 3963 792 
10163 4444 70 4507 1986 
10164 4700 3558 1351 4728 
10165 1849 1985 2499 1946 
10166 1085 390 3714 1780 
10167 1246 2497 1247 1946 
10168 4807 4585 3350 1502 
10169 4488 3338 3337 1066 
10170 3081 546 4067 3057 
10171 1965 4107 338 340 
10172 3488 540 479 477 
10173 4878 270 1986 4507 
10174 4444 4878 1986 4507 
10175 1299 3591 4529 4616 
10176 2887 3283 2070 2888 
10177 1089 1101 1100 4146 
10178 4392 1600 3438 1601 
10179 1299 3270 4529 3591 
10180 4101 1422 3625 3293 
10181 4671 3824 3724 1366 
10182 3026 3204 3174 1614 
10183 1041 1246 2496 1247 
10184 3692 4141 1011 1012 
10185 3787 3786 1601 3438 
10186 3870 1233 1559 4545 
10187 674 706 4525 769 
10188 4645 2348 1384 2059 
10189 2863 641 2878 2864 
10190 1901 4781 1067 3431 
10191 3437 1600 3392 3438 
10192 1380 3444 1381 3957 
10193 3672 3529 3559 1988 
10194 2079 3147 3146 3145 
10195 1921 3685 1922 549 
10196 4445 1629 907 909 
10197 1854 3587 3341 3585 
10198 4158 2091 4485 2637 
10199 2372 4154 1474 4917 
10200 1927 2654 2633 3526 
10201 715 3679 802 4642 
10202 4460 3260 4756 567 
10203 2105 1608 3957 1381 
10204 1541 3487 763 842 
10205 322 2764 323 324 
10206 3239 5008 3212 3181 
10207 596 4986 5020 4985 
10208 4567 601 2996 895 
10209 836 4048 3249 3559 
10210 2016 1133 3249 1988 
10211 3787 4392 3438 1601 
10212 3953 3146 3086 1889 
10213 3342 4387 475 4263 
10214 2394 264 1678 2310 
10215 595 4986 770 5013 
10216 1906 2150 1271 4171 
10217 2237 99 5031 4989 
10218 885 784 4416 847 
10219 784 2489 4416 847 
10220 4038 2006 3090 3497 
10221 1567 3731 1755 4164 
10222 949 947 4168 4848 
10223 1565 1567 1755 4164 
10224 4601 262 4921 2408 
10225 3767 1565 1115 3768 
10226 3786 2216 1605 3900 
10227 4594 2053 514 4624 
10228 1932 2689 1859 1439 
10229 814 2825 741 816 
10230 4167 2411 4919 1687 
10231 2713 1127 1958 1826 
10232 1393 2740 2743 2132 
10233 3274 1974 3275 1835 
10234 1107 3276 3277 3172 
10235 5001 2993 2994 5044 
10236 1432 3613 3394 3612 
10237 3034 3032 380 3196 
10238 1883 3967 3361 3277 
10239 2918 2157 2920 2917 
10240 4702 414 416 2813 
10241 3804 2350 3432 4585 
10242 1789 4174 2479 1157 
10243 935 4207 4351 884 
10244 1049 1370 4443 1568 
10245 4328 1391 2008 2063 
10246 803 2500 1946 2501 
10247 1118 4038 2046 4039 
10248 2385 4909 242 2210 
10249 2526 988 989 990 
10250 3194 1049 4540 4443 
10251 375 2795 2768 2854 
10252 1558 3626 4597 2169 
10253 4964 4797 2407 5011 
10254 692 583 3013 2078 
10255 4775 3708 4819 673 
10256 3679 4612 4642 715 
10257 4550 2022 2613 2611 
10258 821 991 1515 3253 
10259 3037 3056 880 877 
10260 894 3835 3764 3427 
10261 2891 1054 1711 2892 
10262 3479 3315 3198 1053 
10263 1091 3736 1216 3473 
10264 2412 1433 266 2210 
10265 3740 4733 4283 1465 
10266 1161 1853 1788 3442 
10267 980 4161 3450 3454 
10268 4794 894 1643 3427 
10269 1729 2955 701 721 
10270 4035 3001 1249 1870 
10271 2359 1831 2420 2419 
10272 1195 3093 626 1979 
10273 2557 1750 4411 1203 
10274 2938 2940 2941 2188 
10275 1373 2115 2543 4971 
10276 3395 4704 3396 891 
10277 4255 1637 4254 4685 
10278 4023 4063 4179 2287 
10279 2322 3941 3931 4359 
10280 2003 1576 2349 4028 
10281 1983 3824 1366 5011 
10282 166 4948 165 4166 
10283 1442 1444 2694 2192 
10284 3864 3701 5031 4757 
10285 5027 5040 2175 4991 
10286 779 5023 776 780 
10287 1370 3560 4540 4443 
10288 1356 3509 3508 4131 
10289 1279 1668 3747 2301 
10290 3248 872 4185 4116 
10291 82 246 4877 193 
10292 1857 1586 3475 4091 
10293 2660 925 901 923 
10294 3193 2658 4087 923 
10295 4975 2665 2711 2710 
10296 1048 3193 1371 1562 
10297 4095 4093 1677 4094 
10298 3358 979 2222 3359 
10299 4750 3258 3427 1643 
10300 4576 4097 4094 915 
10301 1380 3444 3846 3657 
10302 124 4951 4933 5019 
10303 1937 1892 1110 4004 
10304 958 3829 865 3436 
10305 1555 1234 4608 3869 
10306 3829 1007 4826 3319 
10307 885 4194 2483 2486 
10308 2865 1402 3126 439 
10309 1314 3280 1731 3964 
10310 177 4940 2416 4922 
10311 4544 1345 1234 2923 
10312 1679 229 1678 4162 
10313 583 3011 3013 2078 
10314 4090 1576 4028 3458 
10315 1563 1371 4528 1562 
10316 1576 4090 1575 3458 
10317 3586 4555 1416 3585 
10318 1914 3238 1724 666 
10319 203 4730 3799 1997 
10320 39 4907 239 4925 
10321 2284 1331 3286 3214 
10322 4207 3325 882 2826 
10323 1370 3560 4443 3493 
10324 2924 2927 1463 2926 
10325 3312 4790 2213 4828 
10326 4022 4039 1548 1907 
10327 4887 1665 259 1667 
10328 4962 4568 350 348 
10329 4324 518 519 533 
10330 885 4416 2486 847 
10331 4071 3180 2995 4985 
10332 885 1123 946 2486 
10333 1477 82 220 4551 
10334 2102 4110 791 571 
10335 1065 4414 4488 3650 
10336 323 1575 325 4047 
10337 1575 3458 4329 4047 
10338 324 323 325 4047 
10339 1050 2537 4068 968 
10340 612 2812 616 615 
10341 588 586 813 4407 
10342 1050 2909 2537 968 
10343 526 537 536 4098 
10344 1556 2531 4052 1839 
10345 2531 1556 934 933 
10346 1050 4068 2532 943 
10347 213 3919 3920 5046 
10348 991 3417 3253 3254 
10349 3417 991 3253 3480 
10350 916 3175 3386 3385 
10351 887 4732 1414 1539 
10352 2262 2218 1645 4627 
10353 4238 1613 3174 979 
10354 1664 3150 2646 4241 
10355 4292 1161 1788 3442 
10356 4207 883 882 884 
10357 759 2542 2541 2549 
10358 4621 913 912 4573 
10359 291 4775 3956 2935 
10360 504 512 503 4714 
10361 1292 4968 5048 5045 
10362 1263 2249 1515 3942 
10363 3204 3358 3359 979 
10364 1221 3848 1265 2184 
10365 3169 1378 3931 3932 
10366 821 3105 820 3253 
10367 4569 3674 864 3574 
10368 858 860 3082 2294 
10369 3954 3388 3264 1410 
10370 4183 1987 1000 1815 
10371 3910 3912 3911 2340 
10372 2509 1884 2511 3024 
10373 3655 530 3207 4331 
10374 2667 469 2666 1767 
10375 4354 4183 1000 3055 
10376 1013 3072 4065 978 
10377 2071 3450 1276 3452 
10378 4697 3896 2230 4773 
10379 2735 801 2737 2736 
10380 4988 99 5031 2237 
10381 4422 4308 4307 2298 
10382 4357 4125 4124 2111 
10383 4815 3586 5035 5046 
10384 1987 1816 1815 3045 
10385 4150 4956 4188 261 
10386 104 273 105 2418 
10387 2211 3892 3885 3502 
10388 3276 1120 3960 3170 
10389 3593 3592 3594 5000 
10390 3433 2211 3885 3502 
10391 3153 4357 4124 1335 
10392 4046 664 1724 666 
10393 1853 1854 3585 1416 
10394 3341 1853 3585 3442 
10395 3692 1534 2255 3693 
10396 2905 753 2858 2859 
10397 1531 3001 2873 3002 
10398 3072 1013 2873 1531 
10399 1706 2851 3018 609 
10400 3762 953 4853 983 
10401 122 4896 3899 4882 
10402 4572 4000 4001 2277 
10403 3694 977 4400 3696 
10404 4453 1309 4274 1306 
10405 4653 3271 3513 1275 
10406 2656 4004 2650 1095 
10407 3701 3587 1854 3585 
10408 1013 3072 978 1531 
10409 1534 3692 1011 1012 
10410 720 3065 675 719 
10411 951 953 3758 952 
10412 3367 370 3486 3365 
10413 1433 4501 1352 4813 
10414 1149 2588 1151 2587 
10415 2289 2889 2439 4363 
10416 2614 834 2615 1579 
10417 1024 3556 1023 3831 
10418 38 1983 5011 4925 
10419 830 452 3328 354 
10420 3741 4577 3492 940 
10421 3390 3097 1207 3099 
10422 267 1668 3747 3808 
10423 2957 2959 2958 833 
10424 1738 2946 941 2523 
10425 4182 2040 653 655 
10426 1481 4753 253 1482 
10427 2973 1523 4037 1522 
10428 5017 5028 1291 5045 
10429 4616 1975 1297 3383 
10430 709 2654 2176 3526 
10431 1545 617 3520 604 
10432 3424 3606 3291 1489 
10433 535 2814 2772 4399 
10434 3646 674 3298 3247 
10435 724 1993 3680 1975 
10436 3853 3751 3134 1759 
10437 4588 3028 1905 4593 
10438 5008 4984 1887 4999 
10439 289 2935 4013 4367 
10440 4451 242 1689 1364 
10441 2352 2167 1418 5046 
10442 5006 5017 4999 1293 
10443 4273 4295 658 659 
10444 2377 4546 4936 116 
10445 1035 1387 3969 3976 
10446 4500 1783 4361 4152 
10447 605 4335 1535 4527 
10448 795 969 2970 4974 
10449 985 1079 2921 868 
10450 4753 1481 3924 3925 
10451 1838 4097 930 4096 
10452 975 3815 1392 921 
10453 3109 4412 1909 4883 
10454 3520 1545 3519 3236 
10455 1227 1047 1075 3453 
10456 3472 2212 3737 3736 
10457 4611 2058 1832 1858 
10458 3001 1914 1531 1249 
10459 1545 606 3519 1736 
10460 4174 1157 4175 2479 
10461 3514 1618 349 329 
10462 630 4599 3553 632 
10463 4183 3052 1987 3045 
10464 4526 4570 3704 2292 
10465 2258 254 3799 1997 
10466 3260 730 4756 567 
10467 3146 2079 1262 1889 
10468 2476 2770 2140 2477 
10469 95 253 206 94 
10470 1222 1849 3850 2986 
10471 1777 1437 2683 789 
10472 2425 997 2426 2427 
10473 1360 2278 5025 1470 
10474 4918 4546 4936 266 
10475 898 617 603 4006 
10476 4698 564 563 3080 
10477 73 2390 185 184 
10478 249 4720 1701 4926 
10479 1545 1736 3519 3236 
10480 1466 1245 1467 3863 
10481 636 634 3599 3535 
10482 2454 501 503 2452 
10483 4176 4594 514 4624 
10484 4493 2273 3549 1056 
10485 3547 4493 3549 1056 
10486 3545 636 3599 3535 
10487 634 636 737 3535 
10488 143 4965 142 4144 
10489 1072 3765 1067 1027 
10490 1246 2497 2496 1247 
10491 3455 1311 3964 4008 
10492 3578 695 4591 4560 
10493 2498 1246 4305 1635 
10494 3272 1899 1166 1900 
10495 661 834 1579 2615 
10496 1067 3765 4474 1027 
10497 3586 1415 5035 5046 
10498 658 4295 715 659 
10499 691 1635 4520 783 
10500 1619 4489 4569 3574 
10501 3496 2552 767 2547 
10502 2869 1126 1999 3187 
10503 2178 1340 4864 2266 
10504 1937 1112 4059 2648 
10505 1035 1092 1093 3414 
10506 3272 1900 3431 4683 
10507 1475 1446 2701 1448 
10508 3448 1906 4102 4171 
10509 1822 2326 4213 1399 
10510 691 3546 4520 4560 
10511 2620 438 2622 4010 
10512 3576 2137 3471 3507 
10513 3685 4659 1922 4716 
10514 1619 668 670 3574 
10515 753 2905 3650 956 
10516 2905 753 863 956 
10517 4710 398 4743 3618 
10518 4277 2326 2354 1078 
10519 2347 2115 4971 2547 
10520 1761 4277 2354 1078 
10521 4112 1807 4111 3484 
10522 4865 1860 4317 3580 
10523 3250 1899 2336 3165 
10524 4145 1100 4281 4146 
10525 1547 761 4023 1346 
10526 1101 1089 4433 4146 
10527 3870 1233 3460 3869 
10528 3577 423 4457 4470 
10529 1186 1200 1185 4307 
10530 2115 2543 4971 2547 
10531 1864 1769 3102 1088 
10532 1626 4848 4102 2947 
10533 3558 1343 3557 3286 
10534 540 1730 4264 2480 
10535 1101 4433 4281 4146 
10536 668 3571 670 3574 
10537 1668 1279 3527 1205 
10538 3215 2284 3286 3214 
10539 1087 1758 765 4578 
10540 4827 4607 3827 1324 
10541 3884 221 2325 2195 
10542 1112 1937 1110 2648 
10543 4792 4240 2514 849 
10544 1497 3697 3704 1616 
10545 1111 1112 1110 2648 
10546 722 2877 2956 3959 
10547 4562 1619 670 3574 
10548 4090 1114 3326 4078 
10549 1111 2201 1113 2629 
10550 1112 2647 2629 1113 
10551 1224 1199 4547 1225 
10552 4015 572 571 4318 
10553 1235 2718 2675 2989 
10554 975 3463 3815 3464 
10555 1907 4020 1121 545 
10556 1087 836 3559 4287 
10557 2823 1013 1249 2873 
10558 1087 836 4287 765 
10559 2643 443 1742 3219 
10560 904 922 2466 1654 
10561 2103 3719 1181 3579 
10562 95 1492 3918 4990 
10563 3523 3719 2103 3579 
10564 2060 3911 272 4584 
10565 2916 2135 2917 2915 
10566 1829 2203 2953 1359 
10567 3905 1641 3764 1852 
10568 2612 2610 1140 4494 
10569 1087 3672 3559 1988 
10570 4016 1131 4017 2600 
10571 2491 927 1025 846 
10572 3857 3855 3486 372 
10573 1554 1147 2596 1553 
10574 1131 1147 4017 2600 
10575 1428 4136 1146 2593 
10576 3976 1035 1093 3414 
10577 4482 4722 3454 1155 
10578 3901 2262 3590 4627 
10579 1622 1028 4325 889 
10580 4068 2909 4651 968 
10581 2306 1488 3291 1489 
10582 2649 2648 1110 2650 
10583 1332 2262 3590 3901 
10584 3862 1699 2396 1700 
10585 1596 4690 2030 1414 
10586 2510 826 807 809 
10587 3765 1072 1067 3431 
10588 4273 4295 2790 658 
10589 1439 2688 1436 1438 
10590 1901 4781 3431 4683 
10591 3591 4616 1298 4641 
10592 1067 1072 1166 3431 
10593 2274 272 3913 4584 
10594 1900 1901 3431 4683 
10595 2365 247 180 70 
10596 2680 2682 1177 2681 
10597 3349 3666 1337 4419 
10598 4063 761 4023 2945 
10599 4352 594 743 1777 
10600 2060 272 2274 4584 
10601 553 1961 3285 556 
10602 5034 2146 4419 2290 
10603 830 3327 2776 2681 
10604 222 35 5009 5015 
10605 960 2680 1177 2681 
10606 1960 1129 4595 3733 
10607 2911 1360 2912 2913 
10608 2700 2698 791 4110 
10609 317 4029 1553 319 
10610 3243 487 1832 3828 
10611 960 830 2776 2681 
10612 1337 2146 1372 4419 
10613 3413 1092 1093 1107 
10614 3446 445 3948 464 
10615 2160 546 4067 2193 
10616 746 4280 3009 4014 
10617 2179 1897 3866 4245 
10618 1129 1960 4595 2004 
10619 1477 4733 2361 4551 
10620 4722 2071 1355 3452 
10621 740 4126 3242 3005 
10622 1223 1829 1432 3612 
10623 2267 3667 1726 2122 
10624 2004 1795 4595 3374 
10625 4068 944 3779 4838 
10626 639 3531 1148 2653 
10627 2129 1335 4124 2111 
10628 3114 2792 1925 646 
10629 3355 5006 3726 3962 
10630 4227 3267 1828 1058 
10631 1167 4136 1146 1194 
10632 1795 3373 4595 3374 
10633 1960 1795 4595 2004 
10634 487 485 1832 3828 
10635 1189 3611 3302 3610 
10636 3116 2143 2072 1210 
10637 3373 1795 4595 1960 
10638 1082 4258 1086 4606 
10639 3833 1800 3832 4805 
10640 3344 3406 3583 1176 
10641 1644 3259 3425 3426 
10642 3183 1124 4327 3370 
10643 5036 100 4982 5038 
10644 1391 4328 4633 4327 
10645 4746 414 4681 527 
10646 4855 3758 3871 945 
10647 4853 953 1022 983 
10648 1222 3459 1265 3848 
10649 2247 1266 3459 1265 
10650 2247 3459 2152 1265 
10651 3532 1384 2270 3867 
10652 357 3129 358 356 
10653 3506 4868 4817 1649 
10654 476 4387 4386 477 
10655 4577 3741 1282 986 
10656 2896 3105 3944 748 
10657 922 2638 2468 1935 
10658 358 618 1810 4080 
10659 3457 1340 2266 4864 
10660 575 4491 3646 706 
10661 1213 4742 2207 1719 
10662 5003 3593 3476 4978 
10663 434 405 2561 407 
10664 4544 1233 1253 3870 
10665 851 3460 3603 769 
10666 3692 4141 3694 1011 
10667 4258 2986 1086 4606 
10668 4381 73 1803 72 
10669 825 4525 769 3603 
10670 4849 4249 1792 257 
10671 3463 1597 3462 3464 
10672 1282 3634 3561 2019 
10673 449 4647 3541 1786 
10674 832 958 865 3436 
10675 1664 964 2646 856 
10676 3463 975 1597 3464 
10677 3769 1510 255 3823 
10678 2601 2003 2598 4028 
10679 3562 2069 3561 3634 
10680 4093 2520 4284 1874 
10681 4610 2097 2253 1243 
10682 2240 4667 4294 4673 
10683 548 4446 3645 576 
10684 418 416 4234 4648 
10685 1773 548 3645 576 
10686 2517 4258 1082 4256 
10687 1774 4070 1773 3645 
10688 5030 3554 1606 4980 
10689 665 3573 3572 4487 
10690 4062 3633 1307 3120 
10691 671 3234 2127 1680 
10692 2207 1221 4606 1082 
10693 4042 4669 4043 1954 
10694 689 1773 3645 576 
10695 3071 283 285 2208 
10696 1541 3487 1559 4545 
10697 3870 1254 4184 4043 
10698 3170 1888 3018 3172 
10699 1105 2663 2675 2670 
10700 4708 4863 1687 2303 
10701 2253 4610 2389 1639 
10702 1458 3760 3440 3761 
10703 5028 5045 4635 4969 
10704 3232 3230 362 363 
10705 1413 887 2627 1414 
10706 4669 3487 1559 842 
10707 3063 689 3645 576 
10708 1586 4304 3475 4091 
10709 583 3011 3222 3013 
10710 366 3537 3539 4465 
10711 3325 1118 4388 884 
10712 243 2167 4982 5035 
10713 3824 4671 2345 1366 
10714 689 3063 3645 1773 
10715 1327 4438 3656 1676 
10716 4742 2207 4606 1082 
10717 1312 3455 3656 1327 
10718 2776 831 2679 4034 
10719 1468 4438 1327 1676 
10720 2392 130 129 4899 
10721 4438 3800 1327 3656 
10722 3800 3455 1327 3656 
10723 4935 23 2299 24 
10724 2339 2311 3705 802 
10725 955 2442 1748 2444 
10726 1651 3881 2090 2023 
10727 4714 2454 503 2452 
10728 4491 3646 706 4525 
10729 4110 4015 571 4318 
10730 377 2795 2794 2768 
10731 1299 3591 4616 1298 
10732 4997 4999 1295 1293 
10733 2267 4655 1258 3667 
10734 3740 1477 2122 4551 
10735 2218 1646 1645 3604 
10736 1477 220 2122 4551 
10737 850 837 940 3492 
10738 1311 1312 3240 1308 
10739 4106 3589 3269 1304 
10740 3589 1646 1304 1309 
10741 3589 1309 4274 3684 
10742 3633 3307 4274 1306 
10743 3307 3633 1307 1306 
10744 1118 936 4388 884 
10745 1318 1320 2151 3665 
10746 1266 1222 1985 3850 
10747 2198 4088 2151 1326 
10748 2195 3755 1396 3495 
10749 1646 1309 3684 1647 
10750 4073 3393 3410 1775 
10751 1552 3323 2593 1146 
10752 220 3795 2122 4551 
10753 1321 3261 3262 3465 
10754 1472 4104 3625 4497 
10755 4150 2121 2010 261 
10756 157 2372 4934 156 
10757 1444 1442 2694 2695 
10758 3371 3411 4637 336 
10759 1331 2284 3286 1350 
10760 2207 1221 2184 3849 
10761 1331 4055 3557 3214 
10762 2335 2147 4617 3755 
10763 3025 3175 2177 1614 
10764 255 3769 4696 4729 
10765 2006 1283 3090 3497 
10766 78 190 79 235 
10767 4187 2465 906 2463 
10768 1323 3173 1330 1322 
10769 3565 2139 1430 3668 
10770 335 333 3678 334 
10771 4271 2335 4617 3755 
10772 4167 238 1687 4937 
10773 1392 3815 2155 921 
10774 3919 2399 4748 251 
10775 334 335 336 4637 
10776 4636 2095 3676 229 
10777 3411 335 4637 336 
10778 4308 1186 4307 2298 
10779 4055 1323 1331 1342 
10780 2293 1323 4055 1342 
10781 634 1956 3535 737 
10782 3551 496 3894 1869 
10783 2242 4966 244 1412 
10784 243 100 4982 2167 
10785 2365 247 3885 4499 
10786 3538 2148 2224 1467 
10787 936 1283 2006 3497 
10788 3752 3380 1162 1164 
10789 1200 4422 4307 2298 
10790 1837 4063 1372 4382 
10791 3402 3301 1284 3203 
10792 2718 1235 1661 2989 
10793 1325 3279 3119 3280 
10794 2841 881 376 378 
10795 1719 4742 2207 4355 
10796 1219 3622 4542 4575 
10797 1248 3952 3687 3320 
10798 225 3923 3922 3803 
10799 1219 1066 4575 4542 
10800 1035 897 3968 1033 
10801 1778 1580 1582 5003 
10802 1181 1226 3579 4800 
10803 1928 2075 2933 2307 
10804 242 4909 4927 10 
10805 265 5019 2110 2264 
10806 799 798 3176 866 
10807 4753 1481 2031 1482 
10808 3932 2117 1379 3934 
10809 1116 1089 1088 3121 
10810 4176 4594 4265 2244 
10811 1860 3580 1044 4317 
10812 78 1739 189 77 
10813 1433 1164 1352 4501 
10814 3699 1969 3861 4787 
10815 2280 3749 3750 3539 
10816 1398 2856 2857 704 
10817 3292 3104 1808 798 
10818 4253 2018 3445 3443 
10819 1357 4176 2448 4265 
10820 1365 1156 1413 2534 
10821 1670 2370 2257 224 
10822 4346 3961 4189 1214 
10823 1202 4346 1214 1201 
10824 4273 4995 1758 659 
10825 1772 2245 2220 3213 
10826 1673 3512 4220 2000 
10827 4761 108 4941 4958 
10828 1688 4863 2283 3797 
10829 4863 3844 2283 3797 
10830 4019 4396 4428 1273 
10831 3714 390 3713 3715 
10832 3417 991 3480 1031 
10833 3080 562 2831 2833 
10834 3800 4579 1469 1313 
10835 1376 3657 1375 3445 
10836 2370 4946 4928 1670 
10837 3791 3480 2199 3748 
10838 4559 1595 3663 4532 
10839 965 4209 1042 1570 
10840 3160 3942 3253 1515 
10841 1193 3947 1386 1031 
10842 4191 4484 4866 1377 
10843 958 3829 966 865 
10844 991 1263 3480 1031 
10845 1123 946 2483 2485 
10846 1133 836 4048 3249 
10847 1074 3452 3508 1355 
10848 821 3160 3253 1515 
10849 3862 2249 1700 3943 
10850 663 2636 4468 4487 
10851 1037 4456 4358 3503 
10852 101 2167 213 4982 
10853 1085 390 3713 3714 
10854 1357 2446 4265 2448 
10855 1411 1480 2232 4806 
10856 5036 101 213 4982 
10857 1822 2755 1397 963 
10858 1267 1043 1137 3700 
10859 388 390 3713 1085 
10860 3485 4533 2 1900 
10861 4115 4324 533 4117 
10862 1114 2300 1576 4090 
10863 1708 1424 3954 1410 
10864 1574 3169 862 281 
10865 3147 3263 3264 1018 
10866 4613 4578 4287 765 
10867 3338 4271 1220 4575 
10868 2462 2460 1663 2461 
10869 1344 3624 3550 3548 
10870 2255 3694 3695 2133 
10871 1419 2768 2318 2794 
10872 4754 5049 1557 3788 
10873 1181 3719 4663 3579 
10874 3697 1497 4628 3695 
10875 2270 4379 3867 3035 
10876 689 3065 3064 719 
10877 328 4066 327 329 
10878 859 4502 3210 3949 
10879 3966 1296 1297 4641 
10880 2105 3785 4879 3957 
10881 84 2388 2164 1546 
10882 4149 240 1462 1698 
10883 1822 2326 1397 2789 
10884 1912 4379 2270 3035 
10885 2270 1912 3035 1022 
10886 4379 1912 2655 3035 
10887 1101 3494 1102 4281 
10888 4797 4964 5048 5033 
10889 2071 3452 1276 1355 
10890 1444 1446 1445 4218 
10891 2192 2697 2694 4014 
10892 1298 4616 1297 4641 
10893 2689 1932 4045 1439 
10894 1496 4665 3695 3693 
10895 4968 4964 1401 5048 
10896 1482 3609 2285 2032 
10897 3072 1013 4065 2873 
10898 311 313 312 4030 
10899 2102 2700 791 4110 
10900 1221 2207 4606 3849 
10901 2157 2135 2917 2916 
10902 4970 1530 5005 4983 
10903 2696 2192 2154 2697 
10904 4115 4114 871 4323 
10905 4616 3383 1297 3966 
10906 4605 4863 241 2411 
10907 4231 2234 3405 1727 
10908 3881 227 4675 2367 
10909 601 599 600 5044 
10910 2702 2708 2039 2701 
10911 3212 4999 3354 3211 
10912 282 1837 4063 761 
10913 4409 3260 569 2716 
10914 1609 665 3674 4487 
10915 1760 3107 1190 1055 
10916 2971 969 1990 2969 
10917 4711 4328 4650 2063 
10918 3439 1461 3300 2849 
10919 874 3039 876 3041 
10920 3106 2708 1460 4036 
10921 1739 4805 2008 4650 
10922 221 3884 4799 3781 
10923 707 2502 803 1714 
10924 4350 1395 2325 4771 
10925 3884 4350 3495 2325 
10926 3755 2195 3781 3495 
10927 2928 292 435 294 
10928 617 4198 603 4006 
10929 4990 207 208 3918 
10930 4350 1395 1394 2325 
10931 2388 2346 2164 1546 
10932 4517 2370 4778 2257 
10933 4731 5050 5030 1604 
10934 2195 1394 3495 1396 
10935 2323 2928 435 294 
10936 1739 2405 4650 2063 
10937 2008 1739 4650 2063 
10938 3800 3455 1313 1327 
10939 3641 1679 4804 3676 
10940 2390 73 185 230 
10941 1274 1081 1955 4600 
10942 3510 1074 3563 1073 
10943 3608 2258 3799 3766 
10944 93 205 204 3927 
10945 915 4094 2846 930 
10946 1529 4970 4969 4983 
10947 4405 2109 2890 2441 
10948 1404 4574 1403 1405 
10949 2575 4746 414 2573 
10950 1320 1318 1319 3665 
10951 205 2369 94 206 
10952 4328 2008 4650 2063 
10953 203 254 3799 4801 
10954 2068 1732 4971 4996 
10955 4977 4995 4993 1528 
10956 1953 1879 4661 4032 
10957 2055 1285 1157 2479 
10958 1877 1879 4661 1953 
10959 1879 2786 4661 4032 
10960 1877 2786 4661 1879 
10961 3697 3703 1616 3698 
10962 1213 4689 1718 2353 
10963 4779 788 4514 4672 
10964 1442 2693 2694 2695 
10965 1309 1304 4274 1306 
10966 520 517 519 4448 
10967 289 2935 290 4013 
10968 148 4601 4939 4921 
10969 2346 1430 3810 2164 
10970 4343 2171 4448 3777 
10971 1188 3740 4283 1465 
10972 865 3829 3669 3436 
10973 1511 3368 1513 1790 
10974 1131 2003 2600 1113 
10975 4002 454 3990 3992 
10976 3070 3069 1346 2941 
10977 3140 4271 3381 2085 
10978 2189 1543 4875 2147 
10979 4779 3842 788 4672 
10980 2148 1466 4705 373 
10981 1186 1200 4307 2298 
10982 2163 199 87 88 
10983 685 2828 2830 2829 
10984 766 1551 2565 4133 
10985 2277 1542 4001 2197 
10986 5019 265 4933 5041 
10987 1857 1122 1982 2778 
10988 3510 1074 3508 3563 
10989 1813 3551 3288 1896 
10990 255 3769 3823 4696 
10991 3520 606 604 3524 
10992 1582 2081 2334 4980 
10993 3703 4790 2213 1616 
10994 3950 3380 1163 3265 
10995 770 4984 4983 1768 
10996 2652 1096 924 1095 
10997 2567 766 4553 4531 
10998 1534 3692 4140 3310 
10999 91 254 3799 203 
11000 2258 3608 3799 4677 
11001 4620 3974 4969 4635 
11002 4997 5006 4999 1293 
11003 1034 1529 5037 4969 
11004 896 797 4970 1529 
11005 797 1530 4970 1529 
11006 254 2258 3799 4677 
11007 70 270 4507 1986 
11008 2388 2346 3810 4814 
11009 2686 2687 2688 1436 
11010 2720 1996 1971 2721 
11011 2676 1875 2288 2678 
11012 705 2773 1971 2721 
11013 3448 2150 3220 2215 
11014 161 4915 4789 162 
11015 35 222 1665 5015 
11016 4134 2197 4553 2100 
11017 3999 1542 4531 4001 
11018 4871 2172 4789 1385 
11019 4823 105 4905 217 
11020 2861 2860 1812 472 
11021 4566 4134 2197 4553 
11022 1552 2569 395 2593 
11023 2597 4057 2233 1553 
11024 2651 3489 1781 3326 
11025 1340 1024 3555 3379 
11026 619 4291 4716 4592 
11027 2651 3489 4087 1781 
11028 1956 632 4760 824 
11029 924 1096 2651 1781 
11030 1096 2651 1781 3326 
11031 1959 3489 3326 1781 
11032 2374 2172 4871 1656 
11033 2234 3311 3405 3313 
11034 1799 4691 3834 2360 
11035 1776 1820 3132 491 
11036 3536 1851 4542 4248 
11037 4599 630 824 632 
11038 1213 1059 4256 4255 
11039 276 4345 4802 1476 
11040 2621 403 402 437 
11041 2608 542 4603 2952 
11042 1540 1437 4012 2246 
11043 1717 2751 2784 4022 
11044 3122 1864 4598 3102 
11045 1090 2674 1856 1742 
11046 1607 700 722 3959 
11047 964 1036 4199 963 
11048 1413 1365 2534 2092 
11049 4308 1186 3297 4307 
11050 3848 1221 4606 3849 
11051 4478 590 3648 4408 
11052 2674 2643 1856 1742 
11053 2673 2674 1856 2723 
11054 4929 152 4675 4947 
11055 1211 3582 3581 3304 
11056 4336 4691 4881 1801 
11057 1248 1158 1159 3320 
11058 1127 983 952 4630 
11059 3344 1184 3581 3304 
11060 1212 1800 3832 3581 
11061 1159 3205 1515 3942 
11062 1926 2632 2634 4783 
11063 1211 1800 1212 3581 
11064 365 4466 4465 3511 
11065 1072 3765 3430 3431 
11066 1056 4493 853 4435 
11067 2720 1655 3981 2769 
11068 122 4882 123 4914 
11069 3316 1961 3843 3841 
11070 343 4152 314 316 
11071 2766 645 646 2767 
11072 1984 4854 2329 2226 
11073 2165 4552 1056 3728 
11074 881 2841 376 3134 
11075 3143 4979 967 3308 
11076 4247 421 2581 3162 
11077 4979 3476 4980 3407 
11078 374 375 3854 376 
11079 452 3653 3328 354 
11080 1279 3422 1708 3954 
11081 2854 375 3854 374 
11082 1079 2135 985 4833 
11083 2854 3855 374 3854 
11084 4084 381 383 4237 
11085 3890 4308 4422 2298 
11086 20 1683 19 4914 
11087 381 3208 380 382 
11088 380 3208 3196 382 
11089 1952 4513 4554 1847 
11090 1072 3430 1166 3431 
11091 5021 528 4993 4994 
11092 1622 3103 4325 4079 
11093 2608 1008 2609 1139 
11094 4440 812 3575 2204 
11095 1010 2091 2607 1628 
11096 4997 3966 1295 3354 
11097 3765 3851 3431 1067 
11098 1433 1164 4501 2076 
11099 2379 234 4990 5043 
11100 2026 3265 3379 3218 
11101 4447 2025 3321 4678 
11102 1639 80 79 191 
11103 3545 4511 3688 637 
11104 80 192 4119 191 
11105 4942 5009 5015 4142 
11106 2772 2781 1894 2771 
11107 1400 2676 2288 2677 
11108 78 190 235 4190 
11109 1477 82 4551 193 
11110 265 5019 4933 21 
11111 4705 3858 3486 373 
11112 496 3404 493 1813 
11113 1818 2519 4701 2521 
11114 1884 4843 4251 3024 
11115 1536 4596 897 895 
11116 2645 2604 1264 1209 
11117 3498 4455 4226 1141 
11118 4950 51 1678 52 
11119 3499 4229 1703 2560 
11120 667 3021 4046 1724 
11121 3657 1380 2320 3846 
11122 3569 3571 669 3570 
11123 2248 1464 2404 3889 
11124 4629 3710 1891 4661 
11125 2092 1365 2534 4127 
11126 596 1662 598 5020 
11127 839 4260 838 745 
11128 1596 1244 2030 3860 
11129 4348 1892 4004 3456 
11130 385 4060 3399 3618 
11131 2675 898 2989 4006 
11132 1622 4082 3607 2144 
11133 1666 4920 240 32 
11134 4147 783 846 2998 
11135 689 3063 1773 888 
11136 3347 511 4844 3522 
11137 1186 4308 1949 2298 
11138 1727 1501 1500 4862 
11139 3521 3347 3522 577 
11140 4310 1190 3898 1390 
11141 4920 31 240 32 
11142 1897 2116 4498 2045 
11143 3837 999 4486 4886 
11144 238 60 4937 59 
11145 1466 2148 4705 3863 
11146 2766 645 2767 2715 
11147 3642 1796 1721 577 
11148 4299 2834 506 2870 
11149 1339 1489 2144 3607 
11150 3907 104 103 215 
11151 1489 3291 2144 3607 
11152 264 53 4932 52 
11153 3907 2399 215 103 
11154 392 385 3399 3618 
11155 841 858 857 3982 
11156 4345 3910 3909 250 
11157 104 216 2400 215 
11158 108 4761 4941 2417 
11159 1202 4346 3171 4347 
11160 103 102 3909 250 
11161 2157 1079 2920 2917 
11162 3723 4997 3354 3724 
11163 3993 306 3995 305 
11164 1596 2516 3860 2527 
11165 3202 2077 3089 1016 
11166 1380 1675 2320 3846 
11167 272 3911 3913 4584 
11168 4941 2060 6 4923 
11169 4690 1596 3860 2527 
11170 23 4953 231 22 
11171 2847 612 611 615 
11172 792 2850 611 615 
11173 3846 3657 4155 2320 
11174 3965 623 2812 615 
11175 386 3364 3751 4870 
11176 4562 3571 670 4619 
11177 312 313 314 2558 
11178 3410 869 1775 1223 
11179 5035 3920 5046 4982 
11180 1215 1281 3659 2012 
11181 4757 3701 5031 4989 
11182 304 3993 3997 4340 
11183 3325 2784 4022 1548 
11184 3488 2478 4232 479 
11185 2677 1400 1570 965 
11186 3756 2059 3634 3867 
11187 385 392 393 3618 
11188 818 4598 3759 974 
11189 4962 350 1957 347 
11190 3257 534 3207 3398 
11191 506 491 505 2870 
11192 3551 496 1869 1896 
11193 2182 1325 4003 2153 
11194 2069 3634 1282 2019 
11195 4039 1118 1548 1907 
11196 1158 950 3317 976 
11197 3920 2167 5046 4982 
11198 1798 533 4323 519 
11199 1881 854 2906 703 
11200 168 4167 4937 2376 
11201 619 4592 1922 1923 
11202 1378 4359 1358 3931 
11203 729 4704 818 3720 
11204 1389 2104 3149 2434 
11205 2322 1378 1358 3931 
11206 1501 1728 4231 1727 
11207 1728 2234 4231 1727 
11208 1626 1906 1271 4171 
11209 2029 1818 2519 4701 
11210 2867 2876 845 3154 
11211 383 2852 1419 2318 
11212 1541 3158 3487 3251 
11213 1633 2357 759 2539 
11214 2322 3930 862 3931 
11215 1378 2322 862 3931 
11216 915 4576 4573 4094 
11217 333 335 4625 1558 
11218 4060 385 393 3618 
11219 300 298 299 3629 
11220 4687 3846 4155 2320 
11221 3774 2128 516 3775 
11222 2689 2687 1859 1436 
11223 3773 2128 3775 1836 
11224 1675 4687 4155 2320 
11225 1159 3566 3205 3942 
11226 520 517 4448 2171 
11227 3480 1263 1515 3942 
11228 942 4092 1737 4791 
11229 3480 3942 1515 3253 
11230 1037 1039 3503 1063 
11231 4687 1675 3846 2320 
11232 3254 991 820 3253 
11233 1750 1749 4411 1203 
11234 1750 2557 2312 1203 
11235 1819 4389 426 446 
11236 3105 3160 3253 821 
11237 2209 2889 1760 2891 
11238 672 2729 1182 1257 
11239 2470 1936 4243 2472 
11240 3107 2891 1760 4310 
11241 2975 344 4461 4996 
11242 1985 2499 1946 4811 
11243 3224 2020 585 3223 
11244 1083 3461 1837 2290 
11245 3107 1054 1760 2891 
11246 2079 3146 1278 1889 
11247 4310 3107 1190 1760 
11248 352 300 2123 3629 
11249 1464 235 2404 4703 
11250 3426 1754 1920 2052 
11251 995 839 1889 3953 
11252 952 1826 4630 3871 
11253 3366 777 369 3284 
11254 1123 885 2483 2486 
11255 1633 1061 2535 1060 
11256 1278 3146 3953 1889 
11257 826 2510 2512 809 
11258 3828 4326 1832 4611 
11259 2645 3498 4226 1141 
11260 3012 4062 2078 1333 
11261 4314 2906 2859 703 
11262 819 818 3759 974 
11263 1778 5003 2334 4980 
11264 3144 1133 1262 3145 
11265 4172 742 1771 855 
11266 3085 2050 1889 3086 
11267 4172 1771 3498 855 
11268 4915 161 4609 4932 
11269 216 104 2400 3913 
11270 1369 1048 3194 4563 
11271 1772 2898 3131 2900 
11272 1763 2577 417 415 
11273 1824 4185 3038 3040 
11274 4548 1868 1795 1960 
11275 1690 4656 1689 3937 
11276 1060 1872 4230 2358 
11277 2095 4636 4054 2372 
11278 3362 1316 3363 3280 
11279 3800 4579 1313 4008 
11280 451 4647 448 1786 
11281 3309 3274 1898 3273 
11282 1359 1076 1077 4782 
11283 480 521 4232 2474 
11284 3597 3602 450 3902 
11285 1503 3457 2266 673 
11286 1919 2907 450 3597 
11287 4698 564 566 565 
11288 1325 3280 3119 1731 
11289 3263 1708 3264 1018 
11290 4379 3532 2270 3867 
11291 1731 3280 3119 3964 
11292 3279 3234 2127 3119 
11293 77 188 2378 257 
11294 1456 1459 4727 1458 
11295 1690 9 1689 4927 
11296 4115 533 4323 871 
11297 1731 1325 2127 3119 
11298 4973 4981 780 4974 
11299 1731 2112 3119 2127 
11300 3050 3048 1798 1797 
11301 138 4906 2382 4615 
11302 3300 1459 4727 3616 
11303 537 1774 548 4322 
11304 1750 4480 822 4515 
11305 909 4649 910 908 
11306 447 2802 1825 945 
11307 3830 2190 4727 1456 
11308 4836 84 83 195 
11309 2174 1701 4926 63 
11310 2537 1050 4068 2532 
11311 2234 2047 3313 3405 
11312 425 3353 424 422 
11313 4143 5032 5009 4142 
11314 4796 2190 3616 4727 
11315 447 4855 2802 945 
11316 4887 3975 259 4615 
11317 4262 352 2123 3629 
11318 3521 1796 690 4477 
11319 4920 1666 4903 32 
11320 1337 3666 4967 4419 
11321 2856 1762 4278 2857 
11322 2190 4796 3830 4727 
11323 597 596 5020 4985 
11324 1844 1950 710 4684 
11325 5021 4977 4993 528 
11326 3683 1725 484 3640 
11327 4681 3873 527 4738 
11328 2756 4977 4993 2758 
11329 2950 1762 1425 710 
11330 854 753 2859 703 
11331 3201 1848 1425 2950 
11332 3213 1772 3173 2900 
11333 2693 1441 1440 2690 
11334 3985 5023 3986 3984 
11335 3074 972 1132 3073 
11336 2762 2687 1859 2689 
11337 2690 1438 1440 2265 
11338 3822 1794 4750 1643 
11339 243 1415 5035 1416 
11340 2618 2621 437 2620 
11341 2158 1634 5004 844 
11342 2685 1178 1809 1436 
11343 1818 2520 1995 2519 
11344 4317 4865 4618 1267 
11345 2687 2685 1809 1436 
11346 2966 5010 5004 2180 
11347 3531 639 1148 811 
11348 3058 537 536 547 
11349 3076 984 3075 3123 
11350 1391 3833 4633 4328 
11351 4994 5021 2758 4993 
11352 5021 4977 2758 4993 
11353 2963 2961 5004 1634 
11354 1211 3582 3304 4785 
11355 3351 1124 2254 3352 
11356 1937 4004 1110 2648 
11357 325 3179 4047 4329 
11358 3173 1323 3261 1322 
11359 971 3124 3403 970 
11360 3985 4981 4377 3986 
11361 2647 2720 1252 4059 
11362 1034 5039 1291 4969 
11363 617 4198 4197 3520 
11364 375 2795 377 2768 
11365 4766 1508 1506 4204 
11366 3593 3476 5024 4377 
11367 1580 5003 5024 5000 
11368 1655 1937 1252 4059 
11369 1736 3456 4349 3519 
11370 4977 4995 2756 4993 
11371 1112 2647 1252 4059 
11372 2909 1206 2537 2545 
11373 785 304 2228 4340 
11374 4464 364 1718 431 
11375 2915 2913 1429 1077 
11376 4382 4063 1372 2287 
11377 1446 1444 2154 2699 
11378 2047 1101 1089 4433 
11379 1398 2856 1762 1848 
11380 2905 863 3650 956 
11381 595 4266 1903 593 
11382 2740 557 554 4441 
11383 2852 383 2794 2318 
11384 1101 2047 1395 3651 
11385 1948 3239 4473 593 
11386 592 4473 593 591 
11387 595 4266 593 594 
11388 656 2619 2618 437 
11389 2577 1763 428 2578 
11390 3039 3041 4178 876 
11391 414 4702 416 1756 
11392 4473 1948 593 591 
11393 3182 2905 854 863 
11394 1421 2589 4309 4267 
11395 819 892 1615 4745 
11396 2731 2729 4383 1182 
11397 1012 1013 4065 978 
11398 3072 4141 4065 978 
11399 864 668 3574 3572 
11400 1694 1692 4762 1693 
11401 3072 893 1531 3002 
11402 1238 893 3020 3002 
11403 3125 3983 1963 971 
11404 4304 1870 666 3238 
11405 4372 302 2919 4340 
11406 1459 2190 4727 3616 
11407 870 453 4221 657 
11408 2581 421 2286 1878 
11409 3540 4535 3561 2019 
11410 4552 4493 1056 3728 
11411 4933 265 21 20 
11412 4401 3369 1171 756 
11413 1169 1939 2882 2893 
11414 3182 854 2906 3183 
11415 2058 2004 1181 4663 
11416 3677 1998 4374 2072 
11417 5019 4951 4933 21 
11418 3939 4013 288 2937 
11419 1413 1156 2530 2534 
11420 2583 1420 2585 1152 
11421 670 669 725 4619 
11422 938 4702 4648 4210 
11423 4374 3406 3163 1183 
11424 599 797 5001 601 
11425 4906 139 4615 138 
11426 3030 3029 2844 1902 
11427 4414 1065 2296 1078 
11428 1961 2011 2329 3843 
11429 1356 2163 4131 1517 
11430 2468 2470 1935 4384 
11431 3677 1998 2072 1925 
11432 584 586 4261 3628 
11433 4526 1501 1500 226 
11434 2110 4951 21 22 
11435 1936 2471 1240 2037 
11436 78 235 1715 4190 
11437 1936 2469 1240 2470 
11438 1873 2469 1239 1240 
11439 3245 482 483 3192 
11440 4766 1508 1954 4042 
11441 2190 1459 4727 1456 
11442 1653 4187 906 908 
11443 2880 1169 1168 2879 
11444 2786 1994 2612 2614 
11445 4722 4867 3509 2086 
11446 4610 4148 2389 1639 
11447 370 4705 3486 373 
11448 3826 1316 1317 3363 
11449 1321 3466 1319 3465 
11450 289 291 290 2935 
11451 2957 2955 2956 723 
11452 3290 704 2859 2857 
11453 2511 1884 4251 3024 
11454 370 369 371 3365 
11455 2801 427 433 1825 
11456 4486 1930 3429 4886 
11457 4242 3037 3056 880 
11458 1510 3769 3651 3405 
11459 678 620 4712 679 
11460 1930 999 3837 4886 
11461 5029 5003 3592 4980 
11462 1510 3769 255 1509 
11463 4691 1799 3834 1801 
11464 1235 1400 2676 1875 
11465 999 1930 4486 4886 
11466 4867 223 3940 2297 
11467 1074 3510 3508 3451 
11468 3063 3061 888 3062 
11469 2047 1510 3651 3405 
11470 3323 4136 1146 4019 
11471 3769 1510 3651 1395 
11472 4794 894 1672 1643 
11473 1145 3323 1146 4019 
11474 1900 4533 270 1901 
11475 1794 3822 1672 1643 
11476 4136 1167 1146 4019 
11477 89 2366 1500 226 
11478 3822 4794 1672 1643 
11479 2117 1057 2331 3938 
11480 4568 3378 348 4693 
11481 1167 1145 1146 4019 
11482 3609 1483 2285 3691 
11483 276 4040 4345 4777 
11484 3097 3098 1196 1207 
11485 4942 4924 140 5015 
11486 707 2502 1714 2503 
11487 753 2858 956 3650 
11488 1510 2047 3651 1395 
11489 4566 4572 4001 2277 
11490 2565 766 4133 2567 
11491 3513 3271 3165 1275 
11492 236 3917 1492 3918 
11493 2390 4337 4812 230 
11494 665 667 3573 664 
11495 2027 705 2002 3987 
11496 4337 2390 4336 230 
11497 1996 705 3987 2002 
11498 1802 1801 4881 4432 
11499 1145 4018 4396 2002 
11500 4515 2053 822 1751 
11501 2390 185 4336 230 
11502 3175 3025 3174 1614 
11503 89 223 88 200 
11504 308 309 310 4483 
11505 2434 751 2435 4363 
11506 436 4000 2277 4001 
11507 4042 1928 2933 4041 
11508 1507 1928 1506 4041 
11509 1123 2482 1977 2013 
11510 2482 1730 2013 4264 
11511 3422 1279 1424 3954 
11512 1354 3757 2254 3352 
11513 2480 2482 2013 4264 
11514 1730 2480 2013 4264 
11515 4436 3512 2024 4458 
11516 2376 1989 4954 4840 
11517 364 3232 4465 4464 
11518 3479 1052 4521 4561 
11519 3257 535 534 543 
11520 308 310 4496 4483 
11521 1697 4466 365 3511 
11522 4204 4042 4041 1506 
11523 1799 1212 3834 1801 
11524 1697 4436 4466 3511 
11525 1508 4766 1506 4042 
11526 1800 1211 3582 3581 
11527 4436 1697 2024 387 
11528 4656 1690 1689 4927 
11529 179 69 4499 2415 
11530 4752 2276 2036 1945 
11531 4462 614 2734 2736 
11532 3868 2035 2034 4499 
11533 3890 4422 1383 2298 
11534 4204 1505 1506 4041 
11535 4231 1727 3823 4862 
11536 4772 3917 2235 3916 
11537 325 1575 4329 4047 
11538 1050 2537 2536 2532 
11539 1692 2088 1694 4762 
11540 3433 2035 1944 3434 
11541 2126 247 2211 3892 
11542 4632 5036 101 213 
11543 2035 3868 3885 4499 
11544 915 4097 4094 930 
11545 2643 1573 2622 2642 
11546 4559 1838 4052 4096 
11547 2346 2388 2164 4814 
11548 267 58 1989 4948 
11549 4038 1118 2046 2006 
11550 3224 3246 587 2020 
11551 1283 936 1032 3497 
11552 222 5032 1665 5015 
11553 1373 1050 2543 1374 
11554 234 2379 3925 4837 
11555 3470 1029 1216 3473 
11556 2104 2432 3149 2434 
11557 3015 4062 3012 1333 
11558 933 2531 4052 4096 
11559 1310 3120 1333 1307 
11560 1389 751 2104 2434 
11561 3015 4062 1333 3120 
11562 342 2806 2804 2805 
11563 4097 1838 4559 4096 
11564 2561 2563 1704 2560 
11565 371 1757 4870 3365 
11566 2042 2057 692 4105 
11567 3997 4415 4461 2228 
11568 4095 4093 4284 1677 
11569 484 482 483 3245 
11570 1604 5050 2110 4156 
11571 2278 1206 5025 4996 
11572 2278 5025 2068 4996 
11573 1373 1206 2068 4996 
11574 4961 3333 3332 5049 
11575 3782 1204 1363 1205 
11576 3215 2245 1713 2284 
11577 4405 1749 2109 1748 
11578 2531 1556 2536 2532 
11579 3461 1837 2290 4382 
11580 1837 3461 4063 4382 
11581 5034 2290 4419 3601 
11582 4675 3881 3656 2023 
11583 4453 1651 2090 1309 
11584 2223 2291 702 2752 
11585 687 2785 580 686 
11586 3881 1651 2090 4453 
11587 3725 4797 5048 5033 
11588 3708 3368 1511 3709 
11589 4968 4964 5007 1401 
11590 447 441 4244 448 
11591 3723 4997 5033 5048 
11592 913 914 4573 915 
11593 3239 3212 1328 3383 
11594 4620 3974 5037 4969 
11595 281 282 3167 3088 
11596 1804 1407 1803 3673 
11597 2788 815 2754 2787 
11598 1290 1292 4968 1401 
11599 1750 4515 822 1751 
11600 260 4964 1401 2185 
11601 2764 324 2804 2805 
11602 335 3411 337 336 
11603 4942 36 35 5009 
11604 3015 1310 2112 3118 
11605 3978 1094 1696 2220 
11606 1235 2718 2676 2675 
11607 4260 839 4259 3085 
11608 2623 4009 442 4010 
11609 1512 3268 1963 1513 
11610 282 2945 3167 3088 
11611 3015 2080 2112 1333 
11612 1310 3015 2112 1333 
11613 1099 4254 4685 3024 
11614 4062 2057 2078 1333 
11615 2080 3015 3012 1333 
11616 4063 282 2945 3167 
11617 2867 4173 3154 1702 
11618 302 300 4372 2123 
11619 2942 2940 1547 4023 
11620 3092 621 626 622 
11621 2944 2942 284 2945 
11622 3494 1102 1396 1394 
11623 2566 315 317 395 
11624 3879 1804 1803 3673 
11625 1965 1270 2494 1861 
11626 3960 1120 1962 3170 
11627 2126 3892 4818 4452 
11628 3338 3140 1066 2085 
11629 2920 1079 1555 2921 
11630 4833 1079 2921 985 
11631 1079 2917 4833 2921 
11632 4206 5018 4580 457 
11633 3818 4966 4963 4670 
11634 3219 4099 444 4319 
11635 2915 2135 985 1077 
11636 4022 1717 2749 1907 
11637 4929 227 4947 4675 
11638 2722 887 2768 2627 
11639 2757 4513 4578 1846 
11640 1126 1974 3187 3273 
11641 3204 3026 3343 2205 
11642 2729 672 2728 1257 
11643 1992 3241 2635 2602 
11644 4085 848 3638 3955 
11645 3407 3592 4980 4872 
11646 4458 4033 1445 1447 
11647 731 2960 3955 2957 
11648 3195 4979 3143 3308 
11649 4601 2218 2156 262 
11650 332 4072 2978 3678 
11651 2090 1309 1647 4798 
11652 1309 4453 4274 3684 
11653 2090 4798 1647 2162 
11654 3859 4732 1539 1414 
11655 143 144 4943 5011 
11656 1213 4689 4255 4257 
11657 2417 1694 4762 1693 
11658 1157 1285 2477 2479 
11659 2042 3226 3225 1329 
11660 251 4748 1418 1571 
11661 1089 810 3079 4146 
11662 3920 3921 4815 5046 
11663 3919 2352 1418 5046 
11664 1466 3863 4705 4749 
11665 4962 346 347 345 
11666 2167 213 4982 3920 
11667 4096 2524 2846 930 
11668 2522 2524 932 2846 
11669 3824 1366 5033 3724 
11670 931 915 2846 930 
11671 4097 4096 2846 930 
11672 1543 194 4877 2363 
11673 3817 4676 246 3874 
11674 2664 2640 2639 1544 
11675 4958 4761 252 1693 
11676 2907 441 440 1919 
11677 2990 2992 2991 4998 
11678 4805 258 2360 4228 
11679 82 1543 194 4877 
11680 645 643 2715 2714 
11681 590 3648 3518 4479 
11682 2990 4071 2992 4998 
11683 4411 1749 1748 1203 
11684 298 3336 299 3629 
11685 4986 3180 5013 4266 
11686 900 2657 4197 2659 
11687 618 4081 4080 358 
11688 371 369 1757 3365 
11689 3194 1049 4443 4118 
11690 3855 375 374 372 
11691 642 4401 4371 1924 
11692 1956 632 4736 4760 
11693 2282 3514 4476 3670 
11694 938 3576 2137 3471 
11695 3675 1175 4831 1804 
11696 495 3897 1784 494 
11697 2500 2498 3084 1625 
11698 4489 727 4129 4562 
11699 1591 3664 1592 1590 
11700 606 605 3524 607 
11701 2442 4411 1748 1203 
11702 2884 3085 3086 2050 
11703 2003 2601 2598 2600 
11704 740 1771 1636 3242 
11705 4803 4607 1474 1473 
11706 3945 686 747 1660 
11707 3058 1624 3156 3157 
11708 1521 2028 3077 1990 
11709 3184 1631 3130 3185 
11710 3474 993 1251 1610 
11711 348 3378 926 4693 
11712 324 2764 323 4047 
11713 4090 1575 3458 4329 
11714 4778 224 4155 2320 
11715 4392 848 3437 1600 
11716 3776 513 4624 4679 
11717 353 2603 2704 321 
11718 2553 1743 343 314 
11719 2451 2453 2452 501 
11720 727 4489 4129 4130 
11721 766 313 2565 1551 
11722 726 3256 728 4129 
11723 2053 4594 2244 1751 
11724 1532 2147 2195 3781 
11725 2403 203 204 92 
11726 2557 2312 1203 2444 
11727 2053 4515 4594 1751 
11728 1750 2557 4515 1751 
11729 3006 738 739 810 
11730 4251 1884 987 1245 
11731 3303 2319 3126 3462 
11732 903 2462 4739 1663 
11733 4480 4117 823 822 
11734 727 726 728 4129 
11735 1016 1534 4140 3310 
11736 1125 905 1663 2461 
11737 3626 3560 4597 2169 
11738 3927 2369 4707 1484 
11739 1725 1712 2638 4459 
11740 3023 3221 341 338 
11741 2464 2465 2463 904 
11742 1238 3021 3020 1572 
11743 1973 2931 435 2307 
11744 4775 291 673 4367 
11745 500 2454 2453 501 
11746 4566 2277 4001 2197 
11747 4425 2291 2752 2744 
11748 4000 436 3999 4001 
11749 436 2277 1542 4001 
11750 1486 3923 4677 1485 
11751 2689 2687 1436 2688 
11752 1098 4664 400 402 
11753 784 4477 2998 783 
11754 1105 2663 2670 2669 
11755 1371 3670 4528 4563 
11756 2679 831 965 4034 
11757 3334 3642 1721 577 
11758 3313 2047 3651 3405 
11759 1177 2682 1097 2681 
11760 3972 4774 5026 3973 
11761 1719 4282 4861 362 
11762 3584 1120 1108 1201 
11763 2773 616 1971 2769 
11764 3785 1608 2105 1605 
11765 594 4352 596 4397 
11766 2073 3391 3155 3392 
11767 4737 2216 4935 2299 
11768 126 4953 4156 2371 
11769 3634 2069 3561 2019 
11770 1288 3532 1384 2270 
11771 306 3998 4301 3995 
11772 1608 1601 1605 3438 
11773 2130 4860 1027 3110 
11774 2852 4084 2794 383 
11775 4655 4561 1258 3667 
11776 139 4906 4615 2406 
11777 4909 113 2385 112 
11778 869 3410 3819 1223 
11779 1534 3692 2255 1011 
11780 4286 744 1660 4391 
11781 264 2394 4932 4609 
11782 5036 100 1478 101 
11783 2321 1354 2254 3352 
11784 727 1620 4130 1636 
11785 1639 4148 79 219 
11786 4790 3312 2213 974 
11787 1503 289 4151 4367 
11788 287 289 4151 1503 
11789 289 4013 4151 4367 
11790 86 2387 1524 1509 
11791 4390 1568 4443 3493 
11792 1387 3969 3975 1667 
11793 1290 5039 5026 4968 
11794 2025 4447 2165 4678 
11795 3974 5039 5037 4969 
11796 289 287 4151 4013 
11797 4632 1476 1478 5042 
11798 3983 1963 1021 2178 
11799 4812 3879 1803 3673 
11800 2913 2953 1077 4782 
11801 2905 863 4248 3650 
11802 1932 1978 4045 1441 
11803 810 4145 3079 4146 
11804 4636 229 4162 4952 
11805 229 4636 4162 3676 
11806 623 3965 3031 1705 
11807 139 4924 2406 140 
11808 2097 4711 219 2063 
11809 4330 3514 4476 349 
11810 2367 4675 151 4947 
11811 3499 2196 1704 2231 
11812 2027 2819 3987 3178 
11813 4073 4074 868 2921 
11814 4957 2367 151 4947 
11815 322 771 4075 2803 
11816 2414 2126 4818 4452 
11817 179 69 180 4499 
11818 4621 4445 909 913 
11819 268 71 2380 1986 
11820 985 4833 4782 3845 
11821 3718 1085 1876 3711 
11822 1928 2075 4184 2933 
11823 222 2185 1401 5007 
11824 2075 2933 2930 4184 
11825 3879 3675 3880 1804 
11826 1932 1657 1859 2981 
11827 2282 2225 3670 1371 
11828 4167 238 4937 2376 
11829 856 1664 1040 2646 
11830 5014 1033 3970 5037 
11831 238 1989 4937 2376 
11832 1971 2773 2769 2721 
11833 1668 3527 3747 3808 
11834 1970 2735 1938 801 
11835 2927 2075 2930 4184 
11836 3580 1226 3579 2783 
11837 3848 3459 1265 3423 
11838 1076 985 4782 3845 
11839 166 4948 4840 4954 
11840 4814 2346 3810 2164 
11841 2363 194 195 83 
11842 1975 1993 3680 4529 
11843 4788 4037 4793 1520 
11844 5010 2158 5004 844 
11845 4788 1519 4793 3632 
11846 1684 4896 19 4972 
11847 1549 900 902 2657 
11848 4882 122 4972 4914 
11849 1147 2594 4017 2596 
11850 4957 44 43 2162 
11851 1683 1684 19 4972 
11852 1863 2869 778 2835 
11853 867 4073 3533 4074 
11854 4103 1046 1047 3453 
11855 2400 3910 3911 2340 
11856 2117 3934 1691 1379 
11857 1692 3936 1691 2331 
11858 247 2126 70 2365 
11859 240 31 4938 2010 
11860 1519 4788 4793 1520 
11861 726 3256 4619 4657 
11862 3052 1862 1987 3047 
11863 452 350 1957 3330 
11864 398 4743 3702 457 
11865 346 4810 3790 4693 
11866 4720 4926 4945 173 
11867 4692 4706 2967 1427 
11868 174 4720 4945 173 
11869 4447 2422 1218 2424 
11870 484 3245 3640 1119 
11871 75 187 2419 186 
11872 4719 3683 4217 486 
11873 489 4719 4217 486 
11874 2469 1873 2468 2470 
11875 4961 345 347 758 
11876 5034 1479 5051 244 
11877 751 4363 2439 2435 
11878 2438 717 4333 1931 
11879 3149 1200 4422 4307 
11880 4946 29 28 1670 
11881 4162 2394 1678 4804 
11882 2040 4428 3178 1273 
11883 3868 1945 2035 3434 
11884 922 1712 2638 1935 
11885 2359 218 3836 2420 
11886 1739 77 4228 189 
11887 1739 258 4228 77 
11888 1921 3655 3685 549 
11889 2394 2310 1678 4804 
11890 3694 2255 3695 3693 
11891 1727 4231 3823 3405 
11892 3832 258 1799 2360 
11893 5043 209 5016 3915 
11894 2158 5010 5004 1634 
11895 1378 4359 1364 1358 
11896 4393 1915 184 72 
11897 1915 73 184 72 
11898 2510 2512 809 2514 
11899 1745 2304 4011 4223 
11900 1945 4764 3434 3812 
11901 4744 500 2455 2453 
11902 2874 2742 2747 852 
11903 1640 4240 849 4239 
11904 849 4239 2514 809 
11905 3217 3265 2026 3218 
11906 4963 3818 4670 5051 
11907 4830 3796 3767 2229 
11908 4621 909 912 913 
11909 194 4880 195 83 
11910 84 83 195 1546 
11911 509 4313 2782 2816 
11912 4139 4621 4649 909 
11913 1677 4093 915 4094 
11914 3534 3197 737 2881 
11915 1890 999 4486 3346 
11916 1453 3807 3435 4816 
11917 4915 4897 4789 162 
11918 1965 2150 341 3220 
11919 4281 3029 3139 1902 
11920 2473 2141 521 2475 
11921 816 2269 4250 2844 
11922 3819 1076 4782 3845 
11923 816 2825 2844 2824 
11924 2388 84 195 1546 
11925 1399 4213 2787 2824 
11926 1976 4194 2484 2483 
11927 839 4260 4259 994 
11928 2482 1123 2484 2483 
11929 4106 1305 4274 1304 
11930 1679 4162 1678 4804 
11931 1041 2493 2495 2496 
11932 1496 2255 3695 2133 
11933 4997 5006 3355 4999 
11934 2669 1388 1570 1564 
11935 326 2806 2807 1843 
11936 326 2805 325 3179 
11937 3778 518 2053 515 
11938 1411 3908 3952 4735 
11939 234 1481 4990 96 
11940 2418 2275 4822 4587 
11941 2310 1679 1678 4804 
11942 585 586 587 4261 
11943 3289 1747 3878 1003 
11944 2255 1496 3695 3693 
11945 2498 1635 4305 3084 
11946 4940 2062 2416 4922 
11947 3382 790 1018 1707 
11948 3224 585 587 4261 
11949 1849 1222 3850 1985 
11950 4797 3723 5033 3725 
11951 1266 1985 4503 3850 
11952 1301 1299 1300 3270 
11953 1222 3459 3848 3850 
11954 844 1734 780 5004 
11955 2495 1861 1247 2518 
11956 3648 1745 4011 4408 
11957 1985 1849 2499 3850 
11958 4512 2999 4230 2358 
11959 2497 1247 4811 2518 
11960 606 4467 3519 608 
11961 5023 844 780 5004 
11962 584 586 585 4261 
11963 2773 705 2819 3987 
11964 606 4467 608 607 
11965 1706 3017 792 1962 
11966 2487 2467 4212 1239 
11967 1366 2101 5011 5033 
11968 3118 1310 3240 3120 
11969 4306 1508 3669 800 
11970 2508 805 807 1621 
11971 3806 4698 565 4272 
11972 2192 1752 2154 2697 
11973 3906 2510 807 2514 
11974 2520 1818 2521 2519 
11975 563 781 565 4272 
11976 781 3806 565 4272 
11977 1189 3611 1382 4283 
11978 1738 1818 2521 1817 
11979 2975 5025 4461 2910 
11980 785 1470 4415 2228 
11981 2029 2456 4644 2519 
11982 1598 3143 967 3308 
11983 2526 990 2529 2527 
11984 2286 2581 1878 2582 
11985 1596 1156 990 2527 
11986 207 95 206 2375 
11987 2528 1466 4749 3863 
11988 4269 2799 427 2902 
11989 2207 4742 3849 4355 
11990 408 4214 2555 2549 
11991 2539 2357 2541 2538 
11992 80 192 191 2389 
11993 2102 2702 730 2039 
11994 704 683 4278 2857 
11995 1409 1351 4728 3706 
11996 3879 269 1803 1804 
11997 1065 4414 956 1078 
11998 95 207 3918 2375 
11999 1063 3375 3201 1425 
12000 1037 1063 3201 1848 
12001 4126 4172 2788 742 
12002 1695 3804 3803 4824 
12003 4702 4746 414 2813 
12004 4141 1012 4065 978 
12005 1626 4171 1271 1627 
12006 1032 3402 1284 3203 
12007 3074 3076 3109 2114 
12008 2627 1413 2530 2534 
12009 410 2542 2550 4681 
12010 684 4286 2800 2829 
12011 95 94 206 2375 
12012 2214 3500 4472 1623 
12013 4700 1351 1408 3706 
12014 3338 957 1066 4488 
12015 1367 2214 3500 4127 
12016 3716 396 4509 4565 
12017 302 785 2919 4340 
12018 1367 1365 2214 4127 
12019 2597 2603 2233 2703 
12020 4147 783 2998 4520 
12021 4147 927 783 4305 
12022 927 1635 783 4305 
12023 610 2851 611 609 
12024 1150 1153 2602 1152 
12025 1635 691 4520 4560 
12026 4147 927 4305 2496 
12027 1351 4700 4728 3706 
12028 2498 1246 2496 4305 
12029 2500 698 4270 2502 
12030 4822 2418 217 105 
12031 2168 2084 2771 1894 
12032 2214 1365 2092 4127 
12033 389 4413 3715 3717 
12034 2418 216 217 105 
12035 4555 4815 5035 2386 
12036 3177 3003 798 541 
12037 3292 1129 3733 4437 
12038 766 313 2567 2565 
12039 958 4585 1003 1502 
12040 278 3356 3600 4040 
12041 2559 313 2558 314 
12042 1417 243 5035 1416 
12043 3 4904 217 4905 
12044 315 313 2565 2559 
12045 93 3927 204 228 
12046 4852 1689 4927 3937 
12047 3853 2124 3751 1759 
12048 2574 429 2556 413 
12049 363 1673 387 3231 
12050 2555 407 409 2560 
12051 2321 1391 4327 1242 
12052 1313 4579 1315 4008 
12053 407 2561 1704 2560 
12054 419 2579 4234 417 
12055 940 850 3492 986 
12056 2663 1105 898 899 
12057 2403 92 204 228 
12058 5049 1557 758 2067 
12059 3927 2403 204 228 
12060 3208 3400 382 3401 
12061 975 3463 1392 3815 
12062 4161 980 4338 3454 
12063 1577 4330 349 327 
12064 429 411 2556 413 
12065 3081 520 3054 4448 
12066 1534 1016 2285 3310 
12067 416 2813 417 4234 
12068 386 374 371 4870 
12069 2623 403 2620 442 
12070 2700 1475 791 2154 
12071 2578 2579 2580 428 
12072 3103 980 4338 4161 
12073 1028 980 4338 889 
12074 4689 4282 1718 4464 
12075 3103 1028 4338 889 
12076 4247 1420 4267 2583 
12077 980 3103 4338 889 
12078 1384 2348 4776 2200 
12079 944 4068 968 943 
12080 2597 1554 2603 2598 
12081 431 2280 3750 3539 
12082 2145 4532 2725 1865 
12083 606 1545 3519 3520 
12084 1502 4585 3350 3792 
12085 1655 612 2769 1971 
12086 1943 1956 2221 4725 
12087 1549 2656 1095 1892 
12088 3586 4555 4815 5035 
12089 2720 1996 2719 1252 
12090 1334 4572 1403 1335 
12091 3125 971 1963 1058 
12092 2203 1829 2953 4717 
12093 203 2403 1495 92 
12094 233 4930 2118 17 
12095 606 608 3519 1736 
12096 1828 4227 4793 3739 
12097 3239 5008 1328 3212 
12098 1387 1035 3969 1667 
12099 1325 3362 2182 4003 
12100 91 203 4581 1495 
12101 2702 1475 2701 2039 
12102 2605 1010 4158 2607 
12103 398 4743 3618 3702 
12104 1734 5023 780 5004 
12105 4084 379 383 381 
12106 3725 4964 4144 4715 
12107 665 667 3572 3573 
12108 2095 1652 4054 3676 
12109 1010 1008 1628 2607 
12110 434 2196 2570 2166 
12111 3664 1783 1592 1590 
12112 2099 3560 5049 2067 
12113 1498 4581 4628 1495 
12114 213 212 4982 3920 
12115 315 2566 317 3482 
12116 2619 438 2622 2620 
12117 4282 4689 1718 4257 
12118 438 1573 453 2622 
12119 3179 2805 325 4047 
12120 2007 1010 4158 2605 
12121 1674 4767 2305 239 
12122 1532 84 83 4836 
12123 1112 1111 1113 2629 
12124 3879 3675 1804 3673 
12125 2143 4658 1867 2204 
12126 2732 641 2864 756 
12127 2640 430 1823 1544 
12128 1171 3369 4518 4583 
12129 2481 1789 2483 2485 
12130 3532 1288 4379 2270 
12131 3250 3272 1899 3271 
12132 616 612 1971 2769 
12133 4273 4995 2756 2757 
12134 1674 4907 4767 239 
12135 1246 2498 2496 2497 
12136 1256 4481 4516 886 
12137 1906 4101 4102 1227 
12138 1998 3677 4518 1925 
12139 2317 4053 2145 1839 
12140 1952 4554 4516 1256 
12141 1518 2139 3563 1073 
12142 4176 2761 514 2191 
12143 3331 4961 3330 1957 
12144 312 2552 4030 2558 
12145 612 2812 2847 2769 
12146 4737 128 127 4935 
12147 4907 2381 4767 239 
12148 3489 3644 4476 2342 
12149 4385 4371 4518 1924 
12150 3911 2400 2340 272 
12151 1651 1312 3416 2023 
12152 3666 3349 1337 3348 
12153 3349 1069 1337 3348 
12154 355 3639 2987 3130 
12155 4528 3193 4087 1562 
12156 4115 4117 533 823 
12157 3912 1694 3911 2340 
12158 276 275 4345 250 
12159 4770 1915 4393 3729 
12160 832 3166 3878 3436 
12161 2359 185 3836 218 
12162 3835 4654 697 699 
12163 2913 2912 2914 1429 
12164 1959 1563 3489 1781 
12165 3213 2245 2220 764 
12166 421 419 3162 420 
12167 2099 1370 1568 3493 
12168 269 71 2414 72 
12169 456 1516 3958 4312 
12170 870 1573 1856 2673 
12171 925 1388 4118 1564 
12172 3169 3930 862 3088 
12173 1423 2191 2450 2448 
12174 869 4073 3410 1775 
12175 268 2380 4393 4839 
12176 2643 443 1573 1742 
12177 2817 522 4331 2815 
12178 3729 1915 4393 268 
12179 997 2425 2426 2424 
12180 2643 443 3219 2622 
12181 2922 1345 2924 2923 
12182 828 2741 996 2426 
12183 744 4391 1733 1660 
12184 1254 2075 1253 4184 
12185 2422 4447 1218 2173 
12186 3267 4227 1828 3739 
12187 74 4336 230 1801 
12188 2343 4011 2717 789 
12189 672 628 1182 2729 
12190 2069 3756 2059 3634 
12191 3525 2423 4406 1062 
12192 3631 4220 4219 2000 
12193 3518 2717 789 3324 
12194 2424 997 1051 996 
12195 2343 4011 2684 2717 
12196 4477 783 4520 2998 
12197 3525 1830 1062 4406 
12198 1673 4132 1978 4220 
12199 2695 4218 1445 4219 
12200 2192 746 2697 4014 
12201 597 595 596 4986 
12202 1265 3848 3423 2184 
12203 2796 4205 5022 3299 
12204 1136 1135 1062 4406 
12205 3835 1641 3764 3904 
12206 3850 1849 2499 2501 
12207 3584 1120 1201 3960 
12208 1665 4924 5015 2406 
12209 4962 4568 4693 3856 
12210 4262 2157 1471 2123 
12211 2176 1912 2655 2706 
12212 2654 2176 2655 2706 
12213 4632 1476 5042 2395 
12214 3686 3104 4303 1808 
12215 3324 1777 2683 789 
12216 3729 3727 1916 4839 
12217 3096 4506 1197 1196 
12218 2916 4262 1471 2919 
12219 276 4345 1476 250 
12220 4873 2004 4663 3374 
12221 3285 553 556 2745 
12222 1437 2680 4012 2683 
12223 546 525 536 3057 
12224 3347 511 3522 577 
12225 672 1288 2728 1257 
12226 1523 4227 1828 1058 
12227 5032 1665 5015 2406 
12228 667 3021 1572 3570 
12229 950 1158 3317 3205 
12230 672 628 2729 2730 
12231 2726 2707 2727 1911 
12232 4948 4931 2261 57 
12233 684 579 2800 580 
12234 236 2401 4990 5043 
12235 4290 620 4289 4712 
12236 4368 507 928 1858 
12237 1820 1776 3132 3133 
12238 2084 1226 2783 2103 
12239 949 1046 4103 1045 
12240 2744 2746 2745 552 
12241 554 2740 4441 2745 
12242 3994 3993 2136 3992 
12243 557 4462 614 613 
12244 2744 552 2745 554 
12245 344 1470 4461 5025 
12246 471 473 2838 472 
12247 614 1938 622 2734 
12248 4339 4588 1927 3526 
12249 2731 2735 2734 1938 
12250 4843 1893 4685 3024 
12251 3796 2377 2328 237 
12252 4169 2385 4813 2210 
12253 344 5025 4461 4996 
12254 5023 779 4981 780 
12255 1717 2751 2749 465 
12256 4451 2385 242 2314 
12257 2909 5025 4996 2910 
12258 284 2944 283 285 
12259 1453 2124 3435 4718 
12260 344 2975 4461 4301 
12261 2445 2443 954 955 
12262 4038 936 4388 1118 
12263 2909 4996 2545 2910 
12264 4679 3877 512 4714 
12265 4225 1103 954 3420 
12266 4601 2218 4627 3604 
12267 2244 4176 514 2191 
12268 504 4679 512 4714 
12269 4847 4546 266 2076 
12270 3877 4644 512 4714 
12271 242 4451 2314 1364 
12272 1897 2179 1896 4245 
12273 718 678 2886 4426 
12274 1103 4225 3865 3735 
12275 678 718 717 4426 
12276 4555 1417 5035 1416 
12277 523 3207 4331 2815 
12278 4334 679 4289 681 
12279 1457 2170 3209 1842 
12280 432 2836 4224 2902 
12281 2814 1871 2772 2782 
12282 1439 2689 1859 1436 
12283 752 4977 1528 2710 
12284 544 2753 4399 2772 
12285 1921 4412 3685 3398 
12286 4669 1954 842 1559 
12287 1787 423 3507 3577 
12288 762 720 4031 763 
12289 5047 210 5016 209 
12290 4893 678 620 4712 
12291 678 717 4712 4426 
12292 2748 3446 3948 464 
12293 4920 240 4938 2409 
12294 287 3939 4151 4013 
12295 2297 4867 3509 3940 
12296 1043 4317 1044 4437 
12297 4082 1622 4325 4079 
12298 2781 2084 2771 2783 
12299 2777 1122 2723 2778 
12300 4444 4634 2380 1986 
12301 1453 3807 4718 3435 
12302 2084 2781 2771 1894 
12303 4956 1670 4188 261 
12304 4548 4236 3373 1868 
12305 2370 4517 4188 1670 
12306 3589 1646 3604 3588 
12307 4214 4510 406 3141 
12308 4324 4323 519 3152 
12309 1897 3652 4276 4498 
12310 71 4444 1986 70 
12311 1969 4486 3429 4787 
12312 3920 212 4982 2386 
12313 2400 3911 3913 272 
12314 3327 830 2776 3328 
12315 2704 353 323 3458 
12316 105 216 217 3913 
12317 1576 353 4028 3458 
12318 2319 1402 3126 3462 
12319 610 612 2847 3981 
12320 423 422 424 4470 
12321 4436 1697 4466 4044 
12322 1822 2755 2754 2787 
12323 509 1871 523 2782 
12324 2834 507 2816 4299 
12325 498 4744 1659 4341 
12326 216 104 3913 105 
12327 508 2834 2835 778 
12328 2073 3391 1381 2056 
12329 3793 634 3535 4736 
12330 507 4313 2816 4299 
12331 3598 4854 2226 2329 
12332 1208 2036 2 4558 
12333 4313 507 2816 509 
12334 883 2894 750 1584 
12335 4205 4975 2711 4977 
12336 3857 375 1539 4732 
12337 2400 104 272 3913 
12338 1672 3822 1671 3753 
12339 2500 2502 2501 803 
12340 2171 2128 3772 1348 
12341 1853 981 3341 1854 
12342 4786 489 4217 4459 
12343 1030 892 3698 1615 
12344 489 1712 1725 4459 
12345 489 4786 1712 4459 
12346 486 3683 4217 4459 
12347 489 486 4217 4459 
12348 3774 2128 3772 2171 
12349 3027 467 2793 2765 
12350 1730 1767 475 4263 
12351 1725 3683 486 4459 
12352 489 1725 486 4459 
12353 471 2667 2838 4263 
12354 4264 1730 475 4263 
12355 1730 2599 1767 4263 
12356 420 423 3577 4564 
12357 2266 4819 4864 3801 
12358 1829 1002 3779 2203 
12359 5029 1582 2175 4991 
12360 4451 4359 1364 3933 
12361 1842 3809 4640 4796 
12362 652 2867 4173 2842 
12363 133 2370 4946 132 
12364 4766 1508 4826 3669 
12365 3204 4238 3174 979 
12366 3223 2042 692 4105 
12367 2850 792 1705 615 
12368 4206 5018 457 459 
12369 2862 474 4303 3104 
12370 1298 1296 1638 4641 
12371 2953 2203 3779 4651 
12372 4614 420 3577 4564 
12373 471 469 470 2809 
12374 735 2443 955 954 
12375 540 3488 479 2478 
12376 2480 2482 2481 2013 
12377 3490 837 4471 4356 
12378 3197 636 737 1947 
12379 1232 1541 1559 4545 
12380 2060 4923 4584 2274 
12381 3930 2322 862 2208 
12382 4112 1516 1084 455 
12383 1983 260 5011 1366 
12384 4986 595 596 594 
12385 862 3930 2208 283 
12386 353 1554 2603 2233 
12387 4473 3239 4266 593 
12388 4204 1508 1007 4826 
12389 4766 1508 4204 4826 
12390 4180 4181 2954 721 
12391 2656 1892 4004 1095 
12392 1285 2476 2140 2477 
12393 4953 126 4156 125 
12394 3276 1120 3584 3960 
12395 4726 918 4765 3619 
12396 5047 5043 4837 209 
12397 843 621 626 4463 
12398 377 2841 376 378 
12399 1138 4109 4100 3462 
12400 1169 2882 1170 2879 
12401 5043 2379 4837 209 
12402 1090 2674 464 2748 
12403 234 2271 5047 4837 
12404 2724 1090 1122 1121 
12405 1870 4035 1982 1249 
12406 273 104 3907 2418 
12407 2724 2777 1122 2723 
12408 746 1752 2697 3009 
12409 293 3956 294 292 
12410 4202 4370 340 1966 
12411 1809 394 1537 4321 
12412 3956 293 294 3980 
12413 293 295 294 3980 
12414 4244 2801 2837 433 
12415 1261 2011 3843 2329 
12416 414 4702 1756 527 
12417 440 2836 433 2837 
12418 2907 1919 440 2904 
12419 1356 3509 4131 3940 
12420 1204 994 3783 1720 
12421 440 1919 1980 2904 
12422 4167 2303 2041 3794 
12423 1919 4750 1980 2904 
12424 594 4352 743 596 
12425 1745 4011 2343 789 
12426 3698 892 4450 4745 
12427 4730 2368 2202 90 
12428 4046 667 1724 664 
12429 3480 1263 2199 1031 
12430 5043 234 5047 4837 
12431 575 548 576 4446 
12432 3994 3993 3995 305 
12433 1991 788 4514 2138 
12434 4973 4403 840 5024 
12435 2912 4415 2914 1429 
12436 788 4779 4514 2138 
12437 436 3996 1933 4000 
12438 4626 2136 1933 1405 
12439 2136 3994 4626 1933 
12440 3228 1967 296 2925 
12441 1167 4019 4428 1273 
12442 1749 4405 4411 1748 
12443 3988 2922 2252 2925 
12444 1895 4130 1636 1771 
12445 4671 1366 1638 2345 
12446 4605 4901 241 2384 
12447 1157 1045 4795 4175 
12448 2498 1246 1635 1625 
12449 1906 2546 4171 3448 
12450 1872 1640 989 3596 
12451 1547 2940 2188 1346 
12452 4154 4803 4607 1474 
12453 2379 234 5043 4837 
12454 3139 1102 1902 2243 
12455 2930 2931 2932 2307 
12456 2487 2465 1654 906 
12457 288 290 2098 2934 
12458 4361 4077 4360 318 
12459 1565 3767 1115 1566 
12460 1906 2150 3448 2215 
12461 2818 2819 624 2842 
12462 4361 3482 316 318 
12463 2942 284 286 2943 
12464 4330 4066 327 3179 
12465 713 711 712 2901 
12466 4077 320 4360 318 
12467 2249 3566 1361 1159 
12468 3202 2077 3090 3089 
12469 320 4077 1590 318 
12470 2275 273 4587 2418 
12471 2823 4035 1982 2778 
12472 1481 4753 2031 3925 
12473 2014 1272 2822 4021 
12474 2974 1426 4652 1405 
12475 3653 4962 3856 4568 
12476 4066 328 327 2807 
12477 841 969 2183 2970 
12478 2028 1521 3077 4751 
12479 2544 2115 2317 2548 
12480 1206 2278 2068 4996 
12481 2014 1015 2822 1272 
12482 346 4962 4693 3789 
12483 1015 2014 2822 1982 
12484 3444 1380 3846 3957 
12485 2410 232 1669 2261 
12486 4020 2046 4021 4039 
12487 5032 4142 2406 5015 
12488 1895 4130 4455 4485 
12489 2075 1928 4184 1254 
12490 1888 1107 1883 3172 
12491 4690 3859 2030 1414 
12492 776 1634 844 5004 
12493 1199 1224 4547 4135 
12494 4172 815 742 855 
12495 3466 1321 3262 3465 
12496 4357 3153 4572 1335 
12497 1991 4604 4672 613 
12498 3448 1906 4101 4102 
12499 605 606 3524 604 
12500 723 2957 2958 833 
12501 4330 4066 349 327 
12502 918 1006 1239 4765 
12503 349 2282 4476 2342 
12504 1332 3591 3590 1300 
12505 2282 1618 349 3514 
12506 3800 1468 2391 4438 
12507 841 3982 840 3007 
12508 1965 3023 341 338 
12509 2099 4961 758 5049 
12510 4692 2256 1990 1427 
12511 4402 3520 604 3524 
12512 1609 663 665 4487 
12513 2165 4447 1218 4552 
12514 2990 4998 2991 2989 
12515 4992 1840 3731 1005 
12516 947 4848 2947 4168 
12517 841 2970 2972 3982 
12518 478 476 4386 477 
12519 3578 691 3546 578 
12520 2520 1818 1817 2521 
12521 422 3353 424 4470 
12522 3412 339 338 4107 
12523 1619 4569 864 3574 
12524 3598 1261 3843 2329 
12525 3221 3412 338 4107 
12526 3674 864 3574 3572 
12527 361 360 3233 362 
12528 2690 1439 1440 1438 
12529 2984 2982 359 2983 
12530 2051 1620 4569 1619 
12531 1620 4489 4569 1619 
12532 1739 258 2008 4805 
12533 2066 5018 5022 459 
12534 4266 3180 5013 3181 
12535 597 4986 596 4985 
12536 1530 770 5005 4983 
12537 4730 90 2202 1997 
12538 474 1782 4303 3104 
12539 2267 3795 4655 3667 
12540 2336 1899 1275 3165 
12541 799 3177 798 541 
12542 474 2860 3003 2862 
12543 3342 473 2862 2838 
12544 2975 4064 4496 4971 
12545 4548 3686 4303 1782 
12546 2709 458 4206 457 
12547 2709 4206 4580 457 
12548 518 3778 4490 517 
12549 3023 3221 338 4107 
12550 2053 4594 514 2244 
12551 2709 430 458 457 
12552 584 4280 583 582 
12553 2080 3015 3014 3012 
12554 1965 3023 338 4107 
12555 2018 817 4253 2012 
12556 2977 331 329 330 
12557 1281 1376 3445 2018 
12558 392 3481 1106 1735 
12559 353 1575 323 3458 
12560 2988 1611 1593 2980 
12561 3985 5023 2976 4987 
12562 1913 4122 2980 2804 
12563 3509 1356 3508 1355 
12564 4467 606 3524 607 
12565 3546 691 4520 690 
12566 1906 1626 4102 4171 
12567 4653 2011 4884 3843 
12568 3576 938 2137 1787 
12569 2295 1943 4725 1956 
12570 1563 1959 3489 2342 
12571 4242 1054 3036 880 
12572 4018 4016 1144 4017 
12573 3433 3868 2035 3434 
12574 3754 3822 1672 3753 
12575 4167 4708 2303 3794 
12576 3037 4242 3036 880 
12577 1054 1710 3036 880 
12578 1369 2225 1371 4563 
12579 1710 3037 3036 880 
12580 3292 3686 1129 1808 
12581 4442 627 3091 3093 
12582 2160 546 3156 4067 
12583 537 3058 536 4098 
12584 4610 2253 3621 1243 
12585 2295 3294 2048 824 
12586 3944 2896 747 3946 
12587 1563 4528 4476 3489 
12588 3316 1961 3841 3285 
12589 581 537 4098 4235 
12590 706 867 3533 4074 
12591 4744 498 500 499 
12592 523 530 4331 3207 
12593 946 2486 2485 2488 
12594 3133 1820 2848 3132 
12595 3136 487 505 3243 
12596 1959 3644 3489 2342 
12597 410 408 409 2549 
12598 2316 2286 1878 2582 
12599 1793 3597 4602 2908 
12600 3050 526 3049 1797 
12601 3740 1188 2122 1465 
12602 4885 1793 4602 2908 
12603 3063 689 576 4025 
12604 1047 4103 3453 4102 
12605 3688 1905 637 4593 
12606 1432 1223 3394 2160 
12607 1223 1432 3394 3612 
12608 1712 4539 625 922 
12609 3004 903 625 2464 
12610 1406 5010 1427 2180 
12611 3210 858 3949 3082 
12612 3457 1503 3379 3218 
12613 3613 1432 3394 2160 
12614 4273 4995 4613 1758 
12615 4995 4273 4613 2757 
12616 981 1853 3341 3159 
12617 1758 4995 560 659 
12618 3584 3732 4639 1108 
12619 364 3232 362 363 
12620 1536 1092 3967 1883 
12621 597 4986 5013 770 
12622 51 229 50 4952 
12623 3723 4797 5033 3824 
12624 716 4612 3568 4613 
12625 4964 5007 4965 4144 
12626 4517 2194 1280 1214 
12627 3441 3439 4272 781 
12628 2500 2499 1946 2501 
12629 2128 1348 1198 3772 
12630 71 4444 2380 1986 
12631 3052 1259 2009 1987 
12632 1573 870 2642 2673 
12633 4698 3080 563 4272 
12634 781 3439 4272 563 
12635 4422 3890 1383 3887 
12636 528 4977 4993 1528 
12637 2764 322 323 2704 
12638 3914 713 1779 954 
12639 467 3281 3027 2793 
12640 3745 4709 4534 270 
12641 628 2731 2730 2733 
12642 983 3762 952 4630 
12643 427 432 426 2902 
12644 3733 1129 4800 1044 
12645 2313 1142 2712 2591 
12646 672 628 2730 629 
12647 2202 1349 4859 1997 
12648 1677 1629 1630 4284 
12649 2746 544 552 702 
12650 4612 4273 4613 659 
12651 944 4068 943 2540 
12652 3312 1728 2338 3311 
12653 3834 1212 4881 1801 
12654 5010 2966 2965 2967 
12655 3250 3272 3485 1899 
12656 2120 2605 2571 2606 
12657 4599 632 3605 3553 
12658 1864 1769 4598 3102 
12659 140 4924 2406 5015 
12660 4692 2256 2967 2969 
12661 4777 276 277 275 
12662 4730 2202 4859 1997 
12663 2053 4594 515 4624 
12664 1827 1711 2890 2109 
12665 2544 2115 2548 2547 
12666 2784 1717 4022 1548 
12667 101 4632 1476 1478 
12668 2905 3182 4248 863 
12669 2376 2041 1363 3794 
12670 1690 4656 3937 3934 
12671 3302 1188 3198 3315 
12672 3169 1378 862 3931 
12673 1519 1811 299 3989 
12674 4315 676 4825 4888 
12675 3039 874 1824 3040 
12676 676 4825 4888 4364 
12677 2792 2767 646 3112 
12678 2766 645 644 646 
12679 4625 1558 4597 3384 
12680 364 4282 1718 362 
12681 645 647 646 2767 
12682 331 3360 2978 2977 
12683 1056 973 4435 853 
12684 3096 3094 1195 3095 
12685 618 2207 3849 4355 
12686 3949 859 970 860 
12687 3403 3421 3244 1020 
12688 3074 984 3075 3076 
12689 5014 5039 1034 5037 
12690 1639 4148 2389 191 
12691 2202 2368 4859 3929 
12692 2170 1457 3135 2149 
12693 4260 2885 4449 838 
12694 3283 2070 3284 1757 
12695 1349 2202 4859 3929 
12696 3032 4051 3033 1538 
12697 753 1761 956 2858 
12698 2795 377 2841 4895 
12699 854 3182 1124 3183 
12700 995 1278 1205 3528 
12701 1708 1279 1278 3263 
12702 2412 1433 4169 4501 
12703 729 669 3720 725 
12704 2070 3283 2094 1757 
12705 1157 1045 4175 1192 
12706 1589 3587 1854 2033 
12707 2368 4730 2202 4859 
12708 2312 1357 2446 4265 
12709 4598 3720 4657 818 
12710 4748 2399 4806 251 
12711 1769 4598 4657 818 
12712 374 386 3751 4870 
12713 1941 3501 1940 1942 
12714 4462 614 613 4604 
12715 1424 3954 3707 4298 
12716 575 4491 3335 4446 
12717 3049 526 3051 4098 
12718 3021 667 4046 3570 
12719 2410 232 4165 4668 
12720 3782 2376 1363 3794 
12721 3411 335 4754 4637 
12722 3666 1353 3348 1069 
12723 2871 1241 1240 4177 
12724 231 4876 4157 2371 
12725 1439 2689 2688 2690 
12726 1475 2700 2699 2154 
12727 1314 1325 1731 3280 
12728 570 572 4318 571 
12729 1444 2696 2154 2699 
12730 445 456 4319 455 
12731 639 640 2653 1885 
12732 408 2555 409 2549 
12733 3366 3367 3365 369 
12734 639 4511 638 637 
12735 2172 232 1656 4165 
12736 4051 1538 3196 384 
12737 3169 862 281 3088 
12738 3705 4700 1408 3706 
12739 4176 2191 2448 2450 
12740 3291 3606 3607 1489 
12741 2806 326 2807 2805 
12742 4343 1348 3772 4342 
12743 4863 1688 4708 3797 
12744 1699 3862 2281 1700 
12745 3481 392 384 3399 
12746 513 504 2761 4679 
12747 1675 27 224 4928 
12748 1818 1738 4701 2065 
12749 1602 3554 1606 1604 
12750 1596 1156 4690 1414 
12751 3226 2042 3225 3223 
12752 2810 2159 2865 2811 
12753 4873 733 2004 3374 
12754 4132 1932 2981 774 
12755 1939 3188 2893 3190 
12756 1952 4554 1256 1847 
12757 1222 3848 1265 1221 
12758 4074 1555 2921 4608 
12759 278 276 5042 1561 
12760 62 2174 4901 4908 
12761 174 2396 4959 4945 
12762 4142 140 2406 5015 
12763 2093 2878 2881 1947 
12764 1939 1175 3188 3190 
12765 3501 4469 1940 3189 
12766 441 2907 4244 3602 
12767 4973 795 780 794 
12768 5014 5039 4688 5026 
12769 3190 1175 4721 1172 
12770 4143 3973 4688 5026 
12771 247 3892 2365 3885 
12772 1175 1805 3893 3880 
12773 1466 2030 4749 373 
12774 2553 4152 343 2725 
12775 2377 2328 237 1685 
12776 2856 1848 2950 1762 
12777 1762 1848 2950 1425 
12778 4968 5039 5026 4688 
12779 4143 4968 5026 4688 
12780 896 4589 897 5037 
12781 3169 1574 3168 281 
12782 2515 2513 988 2516 
12783 601 2993 5001 5044 
12784 2280 1893 1637 4685 
12785 355 3130 351 4058 
12786 1523 2973 2183 1522 
12787 760 1503 3218 2026 
12788 1292 4968 1401 5048 
12789 1118 3325 4388 4039 
12790 3383 1975 1297 1328 
12791 4997 1294 1295 1296 
12792 370 372 3486 371 
12793 2722 1413 2092 1419 
12794 3966 3383 1297 1328 
12795 1340 2178 4864 3555 
12796 1503 3457 1340 2266 
12797 1512 4819 673 2266 
12798 372 3855 3486 371 
12799 2575 2576 1764 415 
12800 3158 1578 3247 3251 
12801 1054 3107 3036 2891 
12802 4106 3633 1305 4105 
12803 1329 1993 4582 2015 
12804 4734 694 3649 4674 
12805 3430 3272 1166 3431 
12806 1301 1303 3227 3269 
12807 2114 2017 4659 1132 
12808 44 227 2162 4947 
12809 2108 3721 3812 3296 
12810 1738 2946 2521 4701 
12811 4590 4830 3767 1566 
12812 1503 760 3218 3216 
12813 1818 1738 2521 4701 
12814 679 680 4289 681 
12815 3763 680 681 4289 
12816 4026 570 4318 3636 
12817 4842 3742 1682 4003 
12818 267 58 4948 57 
12819 1248 3681 1159 1361 
12820 1507 4041 2936 2932 
12821 1483 3609 2285 1482 
12822 2425 997 2427 1135 
12823 1184 1211 3581 3304 
12824 2616 1879 1770 4032 
12825 1554 2003 2349 2598 
12826 2715 645 2767 4571 
12827 4103 1047 4848 4102 
12828 3505 3282 3504 1845 
12829 463 451 3282 462 
12830 1802 1212 1801 4432 
12831 3419 3245 483 3255 
12832 12 4918 13 266 
12833 3373 4548 1868 1795 
12834 1801 1212 4881 4432 
12835 1802 4337 4432 4881 
12836 5003 3593 3592 3476 
12837 1098 1879 4032 1770 
12838 4024 1098 4032 1770 
12839 2564 434 2563 2570 
12840 448 451 450 3902 
12841 3426 1920 3682 4890 
12842 441 2907 450 1919 
12843 770 5008 1887 1903 
12844 1021 1024 3555 2178 
12845 451 462 450 3902 
12846 3256 726 728 3022 
12847 4900 4909 2385 2210 
12848 739 728 3022 3005 
12849 4656 4944 1690 4927 
12850 4244 447 448 4763 
12851 4909 113 4900 2385 
12852 3881 227 2090 2023 
12853 3269 3589 3588 1302 
12854 3798 650 1909 4883 
12855 4790 1615 3698 4745 
12856 1864 1116 3122 2338 
12857 3263 1708 1018 2079 
12858 760 1431 2026 3217 
12859 3602 4244 448 4763 
12860 4170 4940 271 2416 
12861 4832 1455 1456 3761 
12862 3708 1512 673 1511 
12863 295 297 4857 539 
12864 1720 4523 2041 2303 
12865 3782 3527 3528 1205 
12866 3679 715 802 1713 
12867 3263 2079 3146 1278 
12868 1013 2872 4065 2873 
12869 3263 3146 3278 1278 
12870 3168 3356 279 3357 
12871 2687 2685 4050 1809 
12872 4975 4206 457 459 
12873 4975 5018 4206 459 
12874 3974 4620 5037 4589 
12875 1488 2306 3289 1747 
12876 1622 4082 4325 3607 
12877 1028 1338 1339 3647 
12878 2306 861 3148 1747 
12879 4975 4205 4206 5022 
12880 2790 4994 4993 558 
12881 2821 559 4976 5002 
12882 5021 4205 5022 2796 
12883 2170 4051 3033 3209 
12884 1615 4790 974 3759 
12885 1875 2678 2246 2288 
12886 4620 4970 4969 5037 
12887 3312 1728 4231 4828 
12888 4570 4581 1498 202 
12889 143 4965 4960 142 
12890 1972 1202 3171 4347 
12891 1939 3188 1806 3322 
12892 1941 4469 1170 1940 
12893 2057 4062 2078 3013 
12894 1940 3322 3372 3189 
12895 1527 3760 1454 4894 
12896 1092 1536 3967 897 
12897 4121 2169 4597 4540 
12898 1310 1311 1731 3964 
12899 2729 1257 3087 4383 
12900 361 2985 3233 360 
12901 5049 4961 3788 4846 
12902 2708 2702 2039 4036 
12903 3116 4374 1183 2072 
12904 2990 2718 4998 2989 
12905 2143 1230 1210 3128 
12906 3972 1035 1033 1667 
12907 3581 1212 4432 3834 
12908 4986 595 1903 5013 
12909 4589 896 2996 5037 
12910 5049 345 758 1557 
12911 1722 4756 3805 1460 
12912 795 4973 840 794 
12913 271 2324 2281 4892 
12914 1580 1005 5000 5024 
12915 4567 4596 895 2996 
12916 4968 5045 4688 3726 
12917 1581 2175 4991 2263 
12918 1289 2332 5026 1667 
12919 724 2015 589 4549 
12920 493 4215 494 492 
12921 1167 1145 4019 1273 
12922 365 363 387 3511 
12923 2765 469 470 468 
12924 3441 3806 3805 1722 
12925 1200 2104 3149 2134 
12926 4601 4627 262 2408 
12927 2484 1976 1104 4211 
12928 2575 414 413 2573 
12929 4246 2765 470 468 
12930 2579 419 428 417 
12931 262 2262 1674 2408 
12932 1908 1921 534 3398 
12933 3459 2247 2152 3377 
12934 1795 733 3255 3374 
12935 3741 4577 940 986 
12936 4137 2247 3459 3377 
12937 346 348 926 4693 
12938 1098 1879 1953 4032 
12939 2016 1255 3530 1084 
12940 1631 3378 926 348 
12941 1265 2152 2184 3423 
12942 1674 262 2408 4921 
12943 2028 4692 1990 1427 
12944 1214 1215 1280 3660 
12945 1017 3382 790 1018 
12946 781 3441 3805 1722 
12947 3147 3263 1018 2079 
12948 2765 4246 470 2809 
12949 465 3446 2748 464 
12950 3382 3147 3264 1018 
12951 2141 2473 521 2037 
12952 3954 1424 3388 1410 
12953 1017 3147 1018 2079 
12954 3954 1708 3264 3263 
12955 509 2817 2816 2815 
12956 3622 2355 3621 3816 
12957 1410 3388 3264 1707 
12958 3367 368 370 369 
12959 2257 1375 3658 1280 
12960 4915 2172 2206 4789 
12961 1472 1422 4101 1227 
12962 1538 3032 380 378 
12963 3208 381 380 3034 
12964 3852 954 1779 3420 
12965 1617 3208 382 3401 
12966 1629 4095 4365 4284 
12967 4425 2223 4344 2752 
12968 3507 4389 4457 1819 
12969 2731 1182 4383 2735 
12970 469 2765 470 2809 
12971 3208 3400 3399 382 
12972 379 3034 2840 380 
12973 379 2840 378 380 
12974 1734 5023 4974 780 
12975 531 4332 4331 530 
12976 485 4326 483 733 
12977 3393 1624 2160 1775 
12978 4114 871 1236 873 
12979 53 4915 2206 4932 
12980 1527 781 3805 1722 
12981 1237 1259 890 3053 
12982 786 861 1747 3166 
12983 4915 4609 2206 4932 
12984 4172 815 2788 742 
12985 709 2654 3526 4376 
12986 3686 4548 4595 1960 
12987 3875 3796 1560 3421 
12988 1560 3875 3421 1023 
12989 3875 3831 3421 1023 
12990 2630 1992 2635 2602 
12991 657 870 3475 4221 
12992 1255 1256 4516 886 
12993 434 2564 1650 2166 
12994 964 2646 2672 4241 
12995 3191 480 3192 481 
12996 3076 1027 4474 3110 
12997 3719 2058 1181 4663 
12998 1945 4764 1942 3434 
12999 4753 253 4741 3926 
13000 2036 3408 4724 4558 
13001 3624 3851 1067 4781 
13002 4752 2276 1945 3812 
13003 4277 1761 956 1078 
13004 2790 4273 560 4993 
13005 781 3806 1722 565 
13006 1695 2350 2250 3432 
13007 2453 500 501 499 
13008 205 225 3922 94 
13009 1471 2135 2914 1429 
13010 3191 478 480 481 
13011 1043 937 4437 1044 
13012 3604 1646 3684 1647 
13013 4132 3631 1978 4220 
13014 4766 1508 3669 4306 
13015 4458 4218 1445 4033 
13016 4236 3373 481 3192 
13017 3725 4715 3726 4968 
13018 4208 1809 1097 1537 
13019 4370 1648 340 1966 
13020 817 2018 4253 4173 
13021 925 1048 923 2660 
13022 2381 4671 4858 2305 
13023 1281 1376 1375 3445 
13024 2497 1247 1946 4811 
13025 610 2847 611 2851 
13026 1376 3444 3445 3443 
13027 605 4335 3524 607 
13028 3965 2850 1705 615 
13029 3659 1281 3445 4253 
13030 3373 4236 481 1868 
13031 2818 623 3031 2842 
13032 2071 980 3450 3454 
13033 1078 2326 1399 4213 
13034 3689 1173 4646 1172 
13035 191 79 2404 2248 
13036 3525 2421 1228 4849 
13037 4645 3741 2348 1282 
13038 1527 3441 3805 781 
13039 3114 3677 2072 1925 
13040 2253 1587 2389 3816 
13041 628 2731 2733 1938 
13042 3890 1464 1949 1383 
13043 980 2071 1155 3454 
13044 4620 4589 2996 5037 
13045 4691 4336 186 1801 
13046 3148 4082 2144 3291 
13047 4137 2247 1966 4503 
13048 1799 187 2360 76 
13049 1587 4889 2389 3816 
13050 1679 2293 3641 1342 
13051 2253 1587 3816 1588 
13052 2134 1200 2298 4422 
13053 3690 2161 1229 2131 
13054 4645 4577 1282 3634 
13055 2729 628 2731 2730 
13056 223 3928 4867 3940 
13057 4236 3191 3192 481 
13058 1939 1175 3190 1172 
13059 2423 1228 1051 1062 
13060 2247 1266 1966 4503 
13061 4579 4803 1473 3827 
13062 1281 1375 3658 3445 
13063 1542 4001 4553 4531 
13064 398 430 4743 457 
13065 2719 4016 1130 1143 
13066 1628 2609 2054 4536 
13067 1606 2081 4980 2334 
13068 4587 4922 4822 178 
13069 3982 4403 840 3007 
13070 4922 4904 4822 178 
13071 3191 4236 478 481 
13072 1578 3298 3247 3251 
13073 1928 2933 4184 1254 
13074 581 1816 3046 1797 
13075 2877 655 701 2954 
13076 4096 933 932 930 
13077 192 1587 81 4889 
13078 4822 4904 105 217 
13079 2894 2827 2826 750 
13080 2607 2091 4158 2637 
13081 821 3105 748 820 
13082 1716 2784 2826 882 
13083 511 577 578 3522 
13084 462 3903 4844 4602 
13085 2599 1767 2666 1977 
13086 815 2788 1822 2787 
13087 1934 1134 3541 1786 
13088 777 1697 4466 367 
13089 2605 2007 4226 4158 
13090 2502 707 2504 2503 
13091 696 695 4591 697 
13092 630 4434 627 629 
13093 2404 235 4190 4703 
13094 3690 4667 4723 2131 
13095 3164 2336 3099 3165 
13096 4398 4660 633 635 
13097 2635 773 4362 2043 
13098 410 409 2554 2549 
13099 3003 474 798 541 
13100 1628 2051 2637 4536 
13101 3520 1545 3236 4197 
13102 900 1545 3236 1549 
13103 4198 617 4197 2662 
13104 2269 3030 2844 1902 
13105 2047 1116 3313 1089 
13106 903 3004 494 4739 
13107 449 951 4369 4855 
13108 4213 2326 2787 2789 
13109 1994 2786 2612 1140 
13110 4323 1798 519 3152 
13111 2656 1549 3456 1892 
13112 2378 77 257 1715 
13113 717 2438 4333 4426 
13114 4310 2889 1760 1390 
13115 951 3758 4369 4855 
13116 2660 925 2661 901 
13117 3294 4599 824 4760 
13118 3758 953 3762 952 
13119 958 4585 1502 3792 
13120 3428 3318 1835 1929 
13121 4801 1485 2402 204 
13122 3778 518 4490 4538 
13123 328 2810 1843 2807 
13124 3197 3534 737 3535 
13125 2729 1257 4383 1182 
13126 799 3177 3176 798 
13127 1127 2632 4630 2631 
13128 4620 4970 5037 2996 
13129 447 2801 2802 4244 
13130 698 4654 4270 2572 
13131 1360 2238 1359 2911 
13132 1686 4830 1566 2229 
13133 4830 1686 1566 2413 
13134 1377 4191 1949 4866 
13135 3890 4308 1949 4866 
13136 1186 1377 1949 4866 
13137 4535 4577 2019 940 
13138 650 3798 1908 543 
13139 1961 553 3316 1984 
13140 4159 5019 5041 5040 
13141 4308 1186 1949 4866 
13142 3507 2137 3471 3469 
13143 4854 3598 2226 4638 
13144 553 3316 1984 2779 
13145 1186 4308 1377 4866 
13146 999 986 2200 3837 
13147 2324 271 2416 4892 
13148 1202 1972 1215 4347 
13149 641 2878 1947 4380 
13150 1464 2404 3889 4703 
13151 2773 2812 2818 616 
13152 878 3510 4354 4417 
13153 3510 1074 1073 1001 
13154 4418 1785 4178 4417 
13155 636 634 635 3599 
13156 2267 2346 1258 4655 
13157 3510 3564 4417 1073 
13158 3564 1785 4417 1073 
13159 190 79 235 2404 
13160 878 3510 4417 1073 
13161 1785 878 4417 1073 
13162 4970 797 5037 2996 
13163 81 3874 246 193 
13164 797 896 5037 2996 
13165 995 4259 3953 3528 
13166 4578 1758 765 4613 
13167 3114 2792 734 3113 
13168 3903 3347 466 462 
13169 2797 1398 1397 1036 
13170 1793 1919 450 3597 
13171 4374 3116 1183 3163 
13172 4739 3897 494 1784 
13173 2632 2592 1128 2633 
13174 981 1589 3341 1854 
13175 4350 1101 1394 1395 
13176 246 3874 4877 193 
13177 3160 821 2897 835 
13178 3897 3004 494 4215 
13179 889 3103 3062 3060 
13180 4889 3874 81 193 
13181 1584 2894 750 2895 
13182 3945 4286 4285 686 
13183 3160 2897 3161 835 
13184 676 812 4888 682 
13185 462 451 3282 3902 
13186 447 4244 2802 4763 
13187 1794 3822 4750 2908 
13188 4315 676 4888 682 
13189 3103 1028 4325 4338 
13190 1514 2828 532 3958 
13191 685 2883 744 2829 
13192 3004 3897 494 4739 
13193 1893 1637 4685 1099 
13194 2502 707 2572 2504 
13195 3367 368 3537 3538 
13196 676 4825 4364 649 
13197 918 4726 4765 4212 
13198 4825 3415 4364 649 
13199 993 3474 4378 1610 
13200 916 911 4138 917 
13201 352 4262 3988 3629 
13202 298 300 352 3629 
13203 955 2443 2442 2444 
13204 2392 1675 263 3846 
13205 3895 498 1784 4341 
13206 3846 1380 263 2105 
13207 1426 2136 4652 1405 
13208 2487 1653 1654 2467 
13209 4644 2029 512 503 
13210 4737 2216 3786 3900 
13211 1347 1091 1872 4512 
13212 3642 1796 4416 4194 
13213 718 2874 2886 1923 
13214 4962 3653 350 4568 
13215 1342 2310 2239 4056 
13216 512 4644 503 4714 
13217 4644 2454 503 4714 
13218 3327 830 3328 4395 
13219 1767 469 2666 1104 
13220 4687 130 4910 131 
13221 513 504 514 2761 
13222 2491 1025 1627 846 
13223 4624 513 514 4679 
13224 2262 4627 2408 262 
13225 3287 1813 3288 1814 
13226 1047 1906 4102 1227 
13227 2618 4024 1770 402 
13228 965 831 1042 4034 
13229 4559 1838 3663 1595 
13230 1838 929 3663 1595 
13231 3831 3556 1023 3875 
13232 1838 4097 4559 3663 
13233 1200 3149 4422 2134 
13234 4178 878 3055 4417 
13235 4231 1501 1727 4862 
13236 1838 929 4097 3663 
13237 1595 929 3663 2222 
13238 3358 1595 3663 2222 
13239 915 4095 4094 4573 
13240 1855 916 3175 3386 
13241 1674 3901 4767 2408 
13242 2022 4550 2054 2611 
13243 3149 1389 3886 2134 
13244 2612 2610 1139 1140 
13245 2091 1895 2007 4158 
13246 2588 1151 2589 1850 
13247 4799 221 4836 84 
13248 2761 4624 514 4679 
13249 2156 4601 4921 4939 
13250 2084 1871 928 2781 
13251 1587 2253 2389 1639 
13252 262 4601 4921 2156 
13253 3402 4504 1032 4537 
13254 936 935 4351 884 
13255 513 2761 514 4679 
13256 4400 4141 978 1011 
13257 619 4522 550 549 
13258 4915 4609 4789 2206 
13259 4412 3685 4659 2017 
13260 972 3074 2875 3073 
13261 4721 1175 1174 1172 
13262 2193 2074 4067 4342 
13263 4577 3634 3561 1282 
13264 1761 2858 4277 3650 
13265 4196 1192 2219 3838 
13266 3393 3533 1550 1775 
13267 4735 2324 2416 4892 
13268 3697 1030 3696 3698 
13269 5039 3974 5037 5014 
13270 1983 4623 5011 4925 
13271 1497 3697 1030 2133 
13272 1369 4121 4540 2169 
13273 315 2566 1551 395 
13274 4964 260 5011 4965 
13275 1666 4920 4903 4149 
13276 375 2854 3855 374 
13277 4196 2770 1192 3838 
13278 4370 4202 340 4107 
13279 4665 1496 3695 4628 
13280 1030 3697 3696 2133 
13281 1424 1409 2119 3707 
13282 993 1138 975 4109 
13283 2312 1751 1357 4265 
13284 4149 137 4903 2382 
13285 3747 4851 4298 2301 
13286 4491 575 1550 706 
13287 2851 3235 3018 609 
13288 3051 526 536 4098 
13289 3972 5032 5026 4774 
13290 1780 3714 4565 396 
13291 3719 2058 4611 1858 
13292 1617 3710 3711 3401 
13293 3617 1180 1229 1179 
13294 854 1124 2906 3183 
13295 3714 1085 3718 3711 
13296 1585 3712 4695 1953 
13297 3058 3051 536 4098 
13298 4348 1937 660 1655 
13299 3051 526 525 536 
13300 520 4343 2074 2171 
13301 4744 498 1659 500 
13302 3897 495 4215 494 
13303 2979 4744 2453 499 
13304 1904 2460 1663 1659 
13305 2029 2456 503 4644 
13306 4920 137 4903 4149 
13307 3714 390 3715 3716 
13308 1703 409 1704 2560 
13309 4126 740 1771 742 
13310 1145 3323 1144 1146 
13311 1140 1877 4494 1876 
13312 5049 4961 758 345 
13313 4381 2414 183 72 
13314 5032 2332 222 1665 
13315 187 188 2360 76 
13316 1917 2273 3727 1916 
13317 278 3356 280 1083 
13318 260 37 4943 4965 
13319 557 2740 2132 2739 
13320 2185 4964 5007 4965 
13321 4385 2766 644 646 
13322 260 4964 2185 4965 
13323 4724 2036 3813 2259 
13324 3479 1052 4561 1726 
13325 2185 37 4965 4960 
13326 1477 4733 3740 1465 
13327 963 2755 4199 2672 
13328 592 4473 3518 3643 
13329 354 355 4395 1537 
13330 2792 646 734 648 
13331 3853 2149 1759 3134 
13332 2949 1398 1848 2856 
13333 2863 641 640 638 
13334 1395 4350 3651 4771 
13335 386 374 3751 1759 
13336 523 2814 3207 2815 
13337 4313 507 4368 4299 
13338 1974 3274 1834 1835 
13339 623 2812 615 616 
13340 1280 3659 3658 3660 
13341 374 3855 3751 3854 
13342 4143 2236 5026 4968 
13343 4876 3787 1602 4157 
13344 3481 392 3702 1735 
13345 3443 2018 2056 1702 
13346 2185 260 4965 37 
13347 3213 764 3978 3627 
13348 447 449 4763 4855 
13349 2887 2070 1451 1449 
13350 4282 364 1718 4464 
13351 3104 3003 798 3176 
13352 962 1059 2517 1082 
13353 353 2704 323 321 
13354 1406 1426 1427 4706 
13355 953 3756 3758 3762 
13356 304 306 2228 3997 
13357 2632 1926 983 4783 
13358 1826 2775 3871 1825 
13359 2042 2020 3223 692 
13360 1696 2821 2791 5002 
13361 1628 1008 2609 2607 
13362 2802 2775 1825 3871 
13363 561 5012 4976 5002 
13364 559 529 561 5002 
13365 698 696 1625 4270 
13366 4962 4568 348 4693 
13367 2184 618 3849 4080 
13368 2099 1569 3493 1568 
13369 3439 561 2849 4976 
13370 4086 3439 2849 4976 
13371 544 2753 1894 702 
13372 2583 2585 2584 1152 
13373 1970 1182 4383 1930 
13374 606 1545 3520 604 
13375 1182 1257 4383 1930 
13376 14 13 4936 1685 
13377 1288 4379 2270 1912 
13378 1081 1180 1955 4631 
13379 3903 462 3282 3902 
13380 4456 1037 1039 3503 
13381 1362 3784 1685 4820 
13382 1149 3028 811 1260 
13383 2821 2820 2791 5002 
13384 3602 448 450 3902 
13385 3184 3423 4080 1810 
13386 1810 618 2184 4080 
13387 170 4605 171 4901 
13388 529 5012 561 5002 
13389 5010 2963 5004 1634 
13390 2961 732 2976 776 
13391 1624 3393 1550 1775 
13392 1937 4348 4059 1655 
13393 1199 4429 4135 4353 
13394 2708 1448 2701 2780 
13395 2074 3081 525 3057 
13396 4273 2790 560 658 
13397 1387 1666 259 3975 
13398 4923 107 2417 4584 
13399 2370 132 4155 4928 
13400 4972 5041 123 4914 
13401 1468 3800 1327 4438 
13402 4055 1342 3557 4056 
13403 2112 3016 3119 2127 
13404 1460 4756 3805 4036 
13405 2284 3215 3286 4666 
13406 2189 3817 246 1588 
13407 3874 1587 246 1588 
13408 4567 1535 4527 602 
13409 4676 2189 4875 4617 
13410 5041 4933 123 4914 
13411 377 379 2840 378 
13412 3622 3817 1588 3816 
13413 654 2867 845 1702 
13414 1219 2189 1588 3817 
13415 601 4567 602 1535 
13416 2918 2157 1791 2920 
13417 2927 4544 1463 1253 
13418 2918 2922 2252 3988 
13419 300 302 3630 301 
13420 5041 20 4914 4972 
13421 3039 3037 3038 877 
13422 3646 575 576 4446 
13423 3243 3828 1832 4611 
13424 4143 2236 4968 5009 
13425 5041 4933 4914 20 
13426 1384 2059 2270 3867 
13427 4715 5007 4144 2364 
13428 5007 4968 1401 5009 
13429 755 3710 1891 1617 
13430 3593 3595 5000 3594 
13431 4968 2236 1401 5009 
13432 4715 4968 5007 5009 
13433 5006 4997 3723 5048 
13434 2264 5030 2081 5029 
13435 1866 4334 4734 681 
13436 850 999 1890 3346 
13437 896 797 5037 4970 
13438 3850 1985 4811 2499 
13439 3725 4964 4715 5048 
13440 258 188 77 76 
13441 4121 1369 4540 4563 
13442 3971 4567 1535 4527 
13443 2497 2495 1247 2518 
13444 4198 617 2662 4006 
13445 2662 900 4197 2659 
13446 4715 4143 4968 5009 
13447 1662 2718 4998 5020 
13448 1215 4346 4347 3660 
13449 3350 3348 998 3200 
13450 2330 49 50 4934 
13451 2740 2744 1393 2743 
13452 4823 106 4905 4923 
13453 3356 278 3600 1083 
13454 2718 2990 5020 3478 
13455 1393 4425 4618 2743 
13456 2744 4425 1393 2743 
13457 1662 2718 5020 3478 
13458 4986 3180 4266 4397 
13459 572 573 4015 571 
13460 4330 3179 327 1577 
13461 4501 3951 1352 4813 
13462 2810 2159 1843 1368 
13463 2542 4681 1658 4738 
13464 2940 1547 4023 1346 
13465 623 3965 1705 615 
13466 4986 4266 3643 4397 
13467 1752 2698 2154 2697 
13468 2698 1752 3008 2697 
13469 172 4908 171 2384 
13470 3725 3723 5033 5048 
13471 210 4757 5031 211 
13472 564 4698 4543 3080 
13473 2410 4931 165 164 
13474 4988 99 5038 4989 
13475 99 100 5038 4989 
13476 4318 4409 569 2716 
13477 243 99 2237 4989 
13478 3725 4968 3726 5048 
13479 3701 1417 5031 4989 
13480 4988 5038 211 4989 
13481 3600 278 5042 1083 
13482 1741 1103 3865 3735 
13483 1083 1479 1561 5042 
13484 2526 1060 989 4230 
13485 1189 1191 3610 1190 
13486 4632 101 1476 2395 
13487 4176 2761 2191 2450 
13488 78 190 219 79 
13489 214 102 2395 3909 
13490 278 3600 5042 4040 
13491 3006 2845 739 3005 
13492 4966 5038 4670 211 
13493 3908 3907 1480 4806 
13494 276 278 5042 4040 
13495 4941 7 6 1693 
13496 3936 2398 252 1691 
13497 2060 4941 6 1693 
13498 3527 3782 1363 1205 
13499 2071 4722 1355 2086 
13500 2269 3030 3337 4250 
13501 4772 2106 2235 4807 
13502 4431 3731 1755 1005 
13503 2946 1738 1737 4747 
13504 2183 858 2972 2294 
13505 2973 4227 4037 1523 
13506 5030 1604 2081 1606 
13507 2398 4944 4958 252 
13508 4863 3844 241 2283 
13509 203 2403 4581 1495 
13510 60 4919 61 1687 
13511 225 1494 3922 94 
13512 3169 1574 3938 3168 
13513 1587 80 192 81 
13514 4237 388 4375 3713 
13515 278 277 279 3357 
13516 856 2754 963 2672 
13517 3169 1574 3932 3938 
13518 1426 454 2028 4002 
13519 1574 2117 3932 3938 
13520 1574 1057 2117 3938 
13521 3210 859 3949 858 
13522 4590 1567 4164 4163 
13523 570 4409 569 4318 
13524 573 4110 4015 571 
13525 262 42 4921 41 
13526 3421 3831 3244 1020 
13527 38 4943 4925 5011 
13528 1840 1567 4759 3731 
13529 1406 1404 1405 2974 
13530 3124 3949 3403 970 
13531 3839 4992 3594 4991 
13532 1851 2355 1243 3621 
13533 4148 4610 2097 1639 
13534 3686 1960 4595 3733 
13535 922 2638 2466 2468 
13536 1637 1213 2353 4255 
13537 3127 4493 1056 1951 
13538 1717 2751 538 1716 
13539 3391 3155 3154 2056 
13540 1959 2300 3326 4090 
13541 3705 4642 802 4666 
13542 3544 4473 4479 591 
13543 1948 4473 3544 591 
13544 1720 1204 2041 3783 
13545 1596 4690 3860 2030 
13546 2997 4567 4527 602 
13547 47 4898 48 248 
13548 4713 3818 5034 4419 
13549 4402 2997 4527 602 
13550 2993 797 5001 2996 
13551 4335 1766 3361 3977 
13552 346 4810 4693 926 
13553 3129 358 1810 4080 
13554 2997 601 602 600 
13555 3967 1536 4596 897 
13556 4981 4973 4377 3986 
13557 605 4402 4527 602 
13558 2311 3705 802 4666 
13559 2819 2773 2818 624 
13560 639 4511 637 3531 
13561 3318 782 1835 1929 
13562 479 2478 4232 2089 
13563 14 4955 237 4936 
13564 2478 2475 4232 2089 
13565 636 3545 3599 635 
13566 4489 727 1620 4130 
13567 3545 3688 3599 635 
13568 1063 3375 1080 1064 
13569 1397 2755 1036 963 
13570 542 1780 4565 396 
13571 4710 399 393 400 
13572 434 2564 2561 405 
13573 1772 3173 3131 1322 
13574 3786 4876 1601 1603 
13575 841 2183 2972 2970 
13576 4737 2216 3900 4916 
13577 4956 4150 4938 2010 
13578 2027 3987 2002 4396 
13579 639 3531 637 811 
13580 2377 1685 237 4936 
13581 2328 3875 1560 1362 
13582 3531 4593 637 811 
13583 4918 2412 115 4546 
13584 4857 539 4793 3739 
13585 636 4511 637 638 
13586 308 1732 4496 310 
13587 3747 267 4166 1669 
13588 4260 2885 838 745 
13589 306 344 4301 308 
13590 2792 3114 734 646 
13591 366 364 4464 431 
13592 2018 817 1702 4173 
13593 2720 1655 1252 4059 
13594 3224 2020 587 585 
13595 4658 3575 1867 2204 
13596 3281 463 466 467 
13597 3903 463 3282 462 
13598 2253 2355 1588 3816 
13599 4535 4427 4471 1968 
13600 2128 3773 2087 1836 
13601 1117 2861 1812 470 
13602 1070 2447 1287 1740 
13603 3778 2053 4594 515 
13604 1738 2946 4701 3876 
13605 3874 1587 1588 3816 
13606 3010 574 3011 582 
13607 2700 2698 2699 2154 
13608 1752 2698 3008 791 
13609 1932 1657 2981 774 
13610 2644 1664 2646 1040 
13611 768 649 3117 3882 
13612 1274 2951 4600 4233 
13613 2161 3690 4723 2131 
13614 1147 1131 4017 1144 
13615 2316 2125 2580 428 
13616 1549 1736 3456 1892 
13617 3043 873 875 3042 
13618 4114 873 1236 3042 
13619 1096 1095 2650 1110 
13620 2652 1096 1095 2650 
13621 3323 1552 1144 1146 
13622 3202 1016 4140 3310 
13623 1111 1112 2648 2629 
13624 3738 3543 3619 917 
13625 3037 1710 3038 877 
13626 2689 1932 1859 2981 
13627 221 4799 1524 85 
13628 4416 2489 2486 847 
13629 540 2478 2055 2480 
13630 2498 1635 3084 1625 
13631 573 3008 4015 4110 
13632 1823 2625 2626 2639 
13633 716 4613 765 659 
13634 1310 3015 1333 3120 
13635 4815 3920 5035 2386 
13636 3008 573 4015 3010 
13637 3118 3015 3016 2112 
13638 3487 1541 1559 842 
13639 500 2454 503 510 
13640 3014 572 4015 4026 
13641 1925 3114 646 734 
13642 2520 1818 1995 1874 
13643 3575 4658 1867 3115 
13644 4889 1587 3874 3816 
13645 2913 2915 4782 1077 
13646 2080 671 3014 3016 
13647 3179 4066 327 2807 
13648 671 3234 4026 3016 
13649 2355 2253 3621 3816 
13650 1079 2157 2920 1791 
13651 4093 2522 931 2846 
13652 731 1598 3143 775 
13653 4953 4951 4156 2110 
13654 3182 2905 2906 854 
13655 1919 1794 1980 4750 
13656 1523 4227 4037 1520 
13657 5025 2975 4996 2910 
13658 1522 1521 3077 1990 
13659 3113 734 1867 648 
13660 4053 2544 2317 2548 
13661 2086 4867 3509 2297 
13662 1622 4082 1612 4079 
13663 4788 1521 4037 1520 
13664 3575 812 1867 2204 
13665 280 3356 279 3168 
13666 3103 4161 3060 889 
13667 463 451 1845 3282 
13668 1017 3147 2079 3145 
13669 4955 2377 237 4936 
13670 1017 836 4048 1133 
13671 4666 2311 1713 802 
13672 1017 790 4048 836 
13673 2024 4458 1445 1447 
13674 1017 3382 4048 790 
13675 3679 4666 1713 802 
13676 1255 886 4516 3530 
13677 826 2509 2510 1621 
13678 320 322 2763 321 
13679 320 322 4075 2763 
13680 1844 768 3882 649 
13681 3402 4537 1032 1286 
13682 4057 2233 321 2703 
13683 4642 3679 802 4666 
13684 914 3359 912 4573 
13685 3184 1631 2152 1810 
13686 1655 4348 4059 3981 
13687 960 1177 1097 2681 
13688 181 70 180 4507 
13689 1917 2273 3549 3727 
13690 772 694 681 4734 
13691 1774 1862 1237 4070 
13692 190 4148 219 79 
13693 4334 1866 679 681 
13694 4024 2621 402 2618 
13695 1237 1862 3053 4070 
13696 851 1232 3460 769 
13697 825 851 3603 769 
13698 3059 1259 3052 3053 
13699 3415 1844 3882 649 
13700 3582 1211 1231 4785 
13701 1862 3047 3053 4070 
13702 3699 4486 1969 4787 
13703 1259 3052 3053 3047 
13704 2984 359 4081 2985 
13705 3763 680 693 681 
13706 4420 1765 4201 4508 
13707 3230 361 3233 362 
13708 3243 1832 505 1858 
13709 4085 722 2956 3959 
13710 2531 2532 2525 934 
13711 2114 3109 2017 1909 
13712 2524 941 932 2525 
13713 2524 2523 941 2525 
13714 1050 1556 2536 1374 
13715 4662 1006 1649 919 
13716 1970 2737 4787 3429 
13717 573 3008 4110 791 
13718 2677 4209 1570 2670 
13719 546 2074 525 3057 
13720 731 2957 723 732 
13721 3670 2282 4528 4476 
13722 4965 5007 142 4144 
13723 259 4906 2382 4903 
13724 1789 1123 2483 2485 
13725 1692 3936 4761 252 
13726 1213 4689 2353 4255 
13727 4407 588 4408 813 
13728 3613 3615 2193 4342 
13729 533 4324 4323 519 
13730 856 815 963 2754 
13731 533 1798 4323 871 
13732 533 4115 823 871 
13733 4805 258 3832 2360 
13734 3188 1939 1806 3893 
13735 911 918 3619 917 
13736 1807 1514 3142 4111 
13737 685 2828 579 1514 
13738 3529 2016 3530 3484 
13739 4691 187 2360 1799 
13740 2955 2877 701 2954 
13741 3675 3620 1174 1407 
13742 1734 2966 5004 2180 
13743 2959 1634 2129 833 
13744 4566 1224 4134 4547 
13745 324 342 2804 2805 
13746 4983 5028 3137 4969 
13747 4479 589 4549 591 
13748 2172 232 4165 4913 
13749 4357 4566 4547 1334 
13750 3529 2016 3249 1988 
13751 4495 4259 994 3783 
13752 1939 1175 1806 3893 
13753 1697 777 4466 4044 
13754 4970 4983 3137 4969 
13755 817 4253 3031 4173 
13756 2143 3115 2072 734 
13757 2027 3987 4396 3178 
13758 4658 2143 1867 3115 
13759 2040 4181 4182 4428 
13760 3151 1428 2593 4136 
13761 102 101 213 2395 
13762 3323 1552 2593 2594 
13763 812 3575 1867 4888 
13764 1552 2594 1553 2569 
13765 3521 577 578 690 
13766 5045 5039 4969 1291 
13767 3052 1259 3449 2009 
13768 5028 5045 4969 1291 
13769 4416 784 4477 2998 
13770 4093 1677 931 1874 
13771 1175 1939 3188 3893 
13772 4117 4115 4116 823 
13773 2489 784 4416 2998 
13774 676 812 1867 4888 
13775 1508 4042 1506 1954 
13776 1124 1004 3370 3183 
13777 3720 729 725 818 
13778 4979 1778 2334 4980 
13779 4536 2051 864 2054 
13780 2610 1140 4494 1009 
13781 1433 2314 2210 4813 
13782 4425 2223 1393 1267 
13783 1162 1362 3784 2076 
13784 1072 4643 1261 2011 
13785 4979 3308 3407 4980 
13786 2273 1917 3549 1918 
13787 2026 3265 1165 1163 
13788 1606 3308 967 4980 
13789 683 704 4278 1762 
13790 3179 1577 325 327 
13791 1595 4559 2145 4532 
13792 1698 3732 1108 1462 
13793 266 4546 1685 2076 
13794 3892 1805 3880 3502 
13795 3752 3950 1164 4501 
13796 2126 247 3892 2365 
13797 1945 3868 4752 3434 
13798 997 2425 1051 1062 
13799 4357 1334 4547 1225 
13800 3223 692 3222 3013 
13801 1208 3250 3164 4557 
13802 708 1641 699 3904 
13803 2111 833 2958 4124 
13804 4832 3853 3135 2149 
13805 1734 2966 2967 2968 
13806 471 2809 470 472 
13807 3308 3554 3407 4980 
13808 405 397 4279 3141 
13809 2344 2212 3736 3872 
13810 939 2884 2050 745 
13811 1334 1224 4547 1225 
13812 4427 2861 4471 1812 
13813 3186 2869 1126 1863 
13814 320 771 4075 322 
13815 4566 1224 4547 1334 
13816 2883 2884 939 745 
13817 3613 2160 4067 2193 
13818 1739 258 4805 4228 
13819 3369 1169 1171 756 
13820 3360 331 3384 787 
13821 1472 2333 4497 334 
13822 546 3081 4067 2074 
13823 3435 3283 2094 4816 
13824 2550 410 2554 2549 
13825 2555 408 407 406 
13826 4401 1171 1924 756 
13827 2849 5012 2796 2820 
13828 410 2542 2549 2550 
13829 4202 1965 2494 1861 
13830 4325 1028 1339 3647 
13831 330 2865 2866 439 
13832 5045 5006 3726 5048 
13833 4968 5045 3726 5048 
13834 1171 4401 1924 4518 
13835 2762 2982 2981 1657 
13836 1925 1998 1924 4518 
13837 2682 2680 1177 2683 
13838 2810 2159 328 1843 
13839 1965 3023 4202 2494 
13840 2537 2909 4068 968 
13841 1534 1012 1016 4140 
13842 2806 342 1843 326 
13843 1967 352 2252 3988 
13844 2493 1270 2494 2492 
13845 1450 1448 2708 2780 
13846 3716 390 391 396 
13847 1606 3554 3308 4980 
13848 1388 1049 4118 4443 
13849 2225 3360 3670 4121 
13850 1732 2068 4971 2347 
13851 4924 34 1665 35 
13852 1732 3496 310 767 
13853 4715 4964 5007 4968 
13854 3476 4979 4980 4978 
13855 2152 1631 3377 926 
13856 2572 708 699 3904 
13857 1266 1222 3459 1265 
13858 2825 2845 3005 741 
13859 1626 1047 4102 4848 
13860 412 410 2550 4681 
13861 2297 1356 3509 1355 
13862 816 2845 1821 2844 
13863 4867 4722 3929 2086 
13864 2676 2678 2288 2677 
13865 820 748 747 3944 
13866 4294 2125 2580 2316 
13867 3030 3029 1902 3139 
13868 2788 742 814 2825 
13869 2467 1873 1239 1654 
13870 3139 3030 2243 1902 
13871 2902 4224 446 4389 
13872 5003 3476 4980 4978 
13873 1644 3259 2021 3258 
13874 398 392 1735 3702 
13875 3906 808 4792 2514 
13876 1980 440 2903 2021 
13877 4275 2869 2835 778 
13878 4593 3531 4320 811 
13879 5003 1778 4978 4980 
13880 1774 4070 4322 4235 
13881 718 2742 2874 852 
13882 1778 4979 4978 4980 
13883 2344 3872 1964 4738 
13884 1862 1816 3047 3046 
13885 1129 3292 937 4437 
13886 2443 735 3914 954 
13887 3842 1961 788 556 
13888 4484 4308 4866 1377 
13889 1999 1981 4276 2045 
13890 2729 628 1182 2731 
13891 2069 951 3756 3562 
13892 2993 600 2991 5044 
13893 4856 650 3542 4454 
13894 4412 1908 3398 1921 
13895 3655 4332 549 530 
13896 4114 3048 3044 1236 
13897 3292 1129 937 1808 
13898 5003 1582 4991 5000 
13899 2400 103 215 3909 
13900 1582 5003 4991 5029 
13901 1566 1686 2118 2413 
13902 1934 3540 3504 1845 
13903 97 5043 5016 1491 
13904 3122 1116 3311 2338 
13905 3400 1585 4060 385 
13906 463 3281 3027 467 
13907 3230 4282 362 3233 
13908 3723 3725 3355 5048 
13909 418 419 4234 417 
13910 4676 1543 4877 2363 
13911 3811 245 1518 4556 
13912 982 872 823 4116 
13913 5006 3723 3355 5048 
13914 3714 390 3716 396 
13915 2049 1697 4436 4044 
13916 2251 383 389 4375 
13917 1885 2653 2668 2705 
13918 2717 2684 1434 2683 
13919 1827 982 4193 4185 
13920 878 3510 1001 4354 
13921 2570 2196 2563 4268 
13922 964 1037 4199 1036 
13923 4561 4655 1258 3810 
13924 2196 3499 2563 4268 
13925 1038 4456 1269 4421 
13926 964 856 963 2672 
13927 2196 3499 4268 2231 
13928 4277 2354 2789 2798 
13929 3879 1805 3880 4818 
13930 1886 2196 4268 2231 
13931 3721 2108 3812 1945 
13932 4678 3729 3728 1916 
13933 1866 3252 4334 4333 
13934 2526 2515 3596 989 
13935 3499 2231 4420 4421 
13936 3160 821 950 1515 
13937 2062 273 4587 2275 
13938 4011 3648 2717 789 
13939 1479 244 1478 4963 
13940 1745 3648 4011 789 
13941 1780 4603 4565 3718 
13942 4955 4475 4949 237 
13943 1024 3380 1162 3556 
13944 3714 1780 4565 3718 
13945 3930 3169 862 3931 
13946 4275 1820 2848 3133 
13947 4561 3479 1726 3667 
13948 522 523 4331 2815 
13949 3714 3716 4565 396 
13950 1406 4706 2965 2974 
13951 4334 4426 4712 679 
13952 3846 2105 4879 3957 
13953 1051 2422 1218 2173 
13954 1200 2432 3149 2104 
13955 1377 4191 1715 1949 
13956 3688 3545 637 635 
13957 1866 4334 679 717 
13958 518 3778 517 515 
13959 4511 3545 636 637 
13960 4324 533 822 4538 
13961 4284 2458 1630 1874 
13962 2910 5025 4461 2912 
13963 1959 3644 3326 3489 
13964 4262 4372 2123 2919 
13965 1486 1488 1489 3424 
13966 4117 4324 822 4538 
13967 4324 4117 822 533 
13968 2975 344 4496 4301 
13969 1725 3683 4459 3640 
13970 1239 2469 4212 2871 
13971 344 308 4496 4301 
13972 4194 885 4416 2486 
13973 1732 3496 4496 310 
13974 2962 2959 2129 4124 
13975 1373 2543 2545 4971 
13976 4125 1225 2083 2111 
13977 1626 949 1047 4848 
13978 1796 784 4416 885 
13979 4357 4125 2111 1225 
13980 2962 3153 4124 2129 
13981 1335 4357 4124 2111 
13982 3353 4269 424 4470 
13983 469 2666 2793 2765 
13984 4411 2442 2444 1203 
13985 518 4324 519 4490 
13986 4324 519 4490 3152 
13987 3815 975 4492 921 
13988 1643 3258 3427 3425 
13989 4115 4324 4323 533 
13990 2981 1657 2983 774 
13991 776 2961 1634 5004 
13992 3984 2966 2963 5004 
13993 3984 2961 5004 2963 
13994 3984 2961 776 5004 
13995 2180 1734 844 5004 
13996 4689 431 1718 2353 
13997 2671 4172 3498 855 
13998 313 312 4030 2558 
13999 500 1659 2455 510 
14000 650 551 1984 3542 
14001 3490 799 4356 3177 
14002 735 2443 3914 2440 
14003 3490 837 4356 799 
14004 518 4324 4490 4538 
14005 4522 619 4716 1922 
14006 1644 1642 3425 1643 
14007 2513 1244 2528 987 
14008 2999 1633 2358 1964 
14009 2555 407 3141 406 
14010 4819 4775 673 4367 
14011 291 289 673 4367 
14012 856 815 2671 855 
14013 4473 592 593 3643 
14014 291 289 4367 2935 
14015 3766 2258 3799 1997 
14016 4775 291 4367 2935 
14017 920 3543 4492 3738 
14018 3358 1595 3662 3663 
14019 2456 2029 510 1995 
14020 815 4172 2671 855 
14021 4123 993 4378 4109 
14022 1217 2137 3471 2187 
14023 2504 2572 3904 708 
14024 4420 2231 2272 1269 
14025 815 856 2671 2754 
14026 322 2764 1611 2803 
14027 1147 2594 2596 1553 
14028 1819 2137 3469 2096 
14029 4053 4559 2145 1839 
14030 1258 3668 3810 1154 
14031 322 2704 321 323 
14032 953 3762 952 983 
14033 3056 4418 4521 879 
14034 1173 4721 1174 1172 
14035 408 759 2541 2549 
14036 1151 1421 2589 1850 
14037 3873 3872 527 4738 
14038 3019 3021 1238 1724 
14039 2506 2504 3904 708 
14040 1850 2590 1260 2186 
14041 3680 724 4549 4582 
14042 2907 441 4244 2837 
14043 3092 3094 626 4463 
14044 4667 4293 3241 1153 
14045 2729 672 2730 2727 
14046 551 2779 1984 3542 
14047 634 4398 3599 4736 
14048 2491 2489 2998 846 
14049 2223 4425 4865 1267 
14050 4035 2823 1982 1249 
14051 4194 3642 1976 4211 
14052 3094 843 626 4463 
14053 3056 4242 880 879 
14054 4141 1012 978 1011 
14055 1573 453 2622 2642 
14056 1259 3059 2044 890 
14057 2832 2900 2220 3978 
14058 980 4161 889 890 
14059 1750 4480 2557 4411 
14060 4411 2557 1203 2444 
14061 2401 5043 209 4990 
14062 2444 2312 1203 1071 
14063 2662 617 899 4006 
14064 1323 1321 3261 1322 
14065 397 4524 4510 1623 
14066 709 2005 2176 4376 
14067 2401 5043 1491 3915 
14068 69 179 2 2415 
14069 672 629 2727 1911 
14070 2707 1288 2728 2727 
14071 3285 556 4441 2745 
14072 1496 4665 3693 1533 
14073 2724 4020 545 1121 
14074 542 396 4509 404 
14075 3716 4524 391 3717 
14076 3050 1798 3152 524 
14077 5010 2966 2963 2965 
14078 3694 2255 1011 2133 
14079 1751 2244 1357 4265 
14080 617 898 899 4006 
14081 2662 2663 4006 899 
14082 2663 898 4006 899 
14083 4686 911 910 908 
14084 1420 2583 2585 4267 
14085 1956 3793 2221 4725 
14086 3435 386 3364 3751 
14087 911 916 4138 910 
14088 1188 1189 4283 3302 
14089 2190 3809 1842 4796 
14090 79 190 191 2404 
14091 1661 4998 2991 600 
14092 4238 1613 3385 3174 
14093 1116 3311 3313 3121 
14094 3184 2152 3423 1810 
14095 4049 2762 4050 394 
14096 4218 4458 1445 4219 
14097 4649 4686 910 908 
14098 4649 4139 910 4686 
14099 181 2365 70 4452 
14100 2693 3631 2695 1443 
14101 1444 2696 2699 4218 
14102 570 4318 569 571 
14103 573 1752 3008 791 
14104 1455 1454 1456 3761 
14105 3432 3424 2250 3803 
14106 478 4236 1868 481 
14107 4381 2390 73 184 
14108 479 3191 4232 4386 
14109 1618 331 2977 3360 
14110 4195 1392 3838 2219 
14111 3193 1371 4528 4563 
14112 2201 2003 2601 4028 
14113 3729 1916 268 4839 
14114 3334 1721 4211 2793 
14115 3498 2645 1040 1141 
14116 920 3738 4492 919 
14117 4126 742 1771 4252 
14118 4667 3241 2131 1153 
14119 4662 1006 919 4765 
14120 4869 3916 1491 3915 
14121 4686 4139 910 4138 
14122 3738 4662 919 4765 
14123 1048 1369 3194 1049 
14124 951 3756 3562 3758 
14125 3411 337 3412 3788 
14126 911 4686 910 4138 
14127 3733 1181 4663 4800 
14128 2570 2644 2604 1264 
14129 975 920 4492 921 
14130 1226 2103 1181 3579 
14131 921 919 4817 1649 
14132 2861 4427 1117 1812 
14133 3498 1771 4455 1141 
14134 4662 3506 4817 1649 
14135 4868 3815 4817 921 
14136 3067 762 3066 3068 
14137 1954 1254 1559 4043 
14138 2568 1428 1551 395 
14139 5000 3592 3594 4991 
14140 2907 3602 450 3597 
14141 2522 931 932 1817 
14142 366 368 2224 3537 
14143 368 3367 3366 369 
14144 1989 2376 3808 4840 
14145 2643 2674 3948 1742 
14146 661 662 4069 657 
14147 4251 2528 1245 987 
14148 3592 4768 3594 4991 
14149 577 3521 578 3522 
14150 3569 3571 4619 669 
14151 2949 1398 2856 2797 
14152 1124 3351 3183 3352 
14153 4753 4808 2031 3925 
14154 753 1761 2858 704 
14155 1331 1343 3557 1342 
14156 2673 1857 4091 2723 
14157 691 783 4520 690 
14158 850 3490 3492 3491 
14159 3505 4647 3902 451 
14160 4390 4192 1568 3493 
14161 5029 4768 3592 4991 
14162 2878 2093 1168 1947 
14163 1576 4090 4028 4078 
14164 3592 5003 4991 5000 
14165 1972 3963 4297 4347 
14166 2522 1817 932 2523 
14167 957 4488 4542 4248 
14168 4346 1202 1214 1215 
14169 863 3182 4248 3536 
14170 1279 1708 1424 3954 
14171 445 3219 444 4319 
14172 1907 1717 2749 545 
14173 366 364 4465 4464 
14174 957 3338 4542 4488 
14175 4995 2757 4613 1758 
14176 370 2148 4705 373 
14177 2124 386 3435 3751 
14178 1851 957 4542 4248 
14179 2070 2887 2888 1449 
14180 1621 961 1099 4254 
14181 1851 1219 4542 957 
14182 2524 2522 932 2523 
14183 3868 3433 2035 3885 
14184 1059 961 4254 1099 
14185 4752 3868 2034 2415 
14186 636 3197 737 3535 
14187 1885 773 2668 2635 
14188 2034 3814 2415 2 
14189 2905 753 2859 854 
14190 2036 3408 1208 2259 
14191 4217 489 492 3409 
14192 1505 4203 1504 2941 
14193 247 3892 3885 2211 
14194 2427 828 2426 2438 
14195 3598 2130 3397 3110 
14196 522 531 2855 4331 
14197 1805 3892 3880 4818 
14198 4779 2315 4884 3513 
14199 3142 1516 4312 3958 
14200 2616 4024 1770 2618 
14201 5016 5043 3915 1491 
14202 1989 267 4948 4840 
14203 2852 2251 4413 4375 
14204 427 2799 2836 2902 
14205 2883 685 745 939 
14206 2509 1621 1099 4254 
14207 5038 5036 244 4963 
14208 104 216 3907 2418 
14209 4891 249 2309 1700 
14210 942 4092 2540 2525 
14211 2311 2284 1350 3286 
14212 3488 540 4264 2480 
14213 2753 2746 2752 702 
14214 397 4524 4279 3141 
14215 5029 5003 4991 3592 
14216 5021 5012 5002 2796 
14217 1233 3870 1559 1254 
14218 3558 4700 1351 1350 
14219 300 4372 3629 3630 
14220 4214 2555 3141 406 
14221 3457 1503 4367 673 
14222 2555 2561 3141 407 
14223 4510 4214 406 1632 
14224 2971 969 2183 1522 
14225 4064 3496 4971 2547 
14226 942 943 934 2540 
14227 1233 4544 1234 3869 
14228 2553 343 1744 2725 
14229 1343 3558 1351 1350 
14230 2796 2820 5002 2791 
14231 95 1481 3924 3926 
14232 4152 4500 343 2725 
14233 4842 2198 2899 4311 
14234 3743 4698 4543 566 
14235 4698 564 4543 566 
14236 1274 2951 4201 4600 
14237 711 782 3671 4694 
14238 1167 2064 4429 1199 
14239 2964 2962 1404 3153 
14240 1255 3529 4516 3672 
14241 4973 795 840 3007 
14242 2796 5012 5002 2820 
14243 2665 2664 752 1544 
14244 2016 3529 3249 3484 
14245 3724 1296 3966 4641 
14246 4994 2796 5002 2791 
14247 4458 4436 3339 2024 
14248 3184 1631 3377 2152 
14249 790 3382 4048 4287 
14250 4715 4968 4688 3726 
14251 2603 1554 2349 2598 
14252 2891 2209 2890 1711 
14253 1301 3270 3269 3227 
14254 5028 4983 3137 3962 
14255 1481 95 253 3926 
14256 4983 770 5005 5013 
14257 2645 1040 1141 1209 
14258 396 397 4509 404 
14259 1769 726 725 4657 
14260 738 1769 3102 3078 
14261 1817 2523 941 932 
14262 4984 770 4983 5013 
14263 4425 2223 4865 4344 
14264 1120 1888 1962 3170 
14265 1202 1972 3171 1962 
14266 1972 3963 1705 4297 
14267 2288 1540 965 2679 
14268 3171 1202 1962 3960 
14269 3203 3301 1284 2032 
14270 1540 960 965 2679 
14271 1268 2286 2316 2582 
14272 1584 1788 4120 1583 
14273 3027 463 1845 3282 
14274 914 2222 3359 4576 
14275 2435 751 714 2439 
14276 1824 3039 3038 877 
14277 2324 2062 273 4587 
14278 1750 982 823 4116 
14279 3041 3043 875 3042 
14280 1815 3043 3044 3042 
14281 5034 4713 4419 4967 
14282 3908 2324 273 4587 
14283 2209 1711 2109 2890 
14284 2062 2324 2416 4587 
14285 174 2396 175 4959 
14286 3204 2205 3343 1594 
14287 4926 172 173 3891 
14288 2327 1356 3508 4131 
14289 2324 4735 2416 4587 
14290 302 4372 3630 3991 
14291 3050 1798 524 1797 
14292 2324 3908 4735 4587 
14293 4983 3138 5013 5005 
14294 3450 3059 2044 3449 
14295 3161 2897 4120 835 
14296 1089 2047 4433 3313 
14297 2014 2777 1122 1121 
14298 3395 891 3396 3020 
14299 1386 3844 241 2384 
14300 4027 399 398 4710 
14301 821 3160 950 835 
14302 1744 2145 2725 1865 
14303 3336 298 297 3306 
14304 2398 4761 4958 109 
14305 3593 5003 3592 5000 
14306 1884 2511 4251 987 
14307 4227 3083 3267 1058 
14308 4752 2276 3812 3814 
14309 4557 3164 1208 3408 
14310 1730 4264 475 477 
14311 4596 4589 895 2996 
14312 1872 1347 4512 2358 
14313 1195 1197 3095 2048 
14314 468 4246 1117 470 
14315 273 3908 4587 2418 
14316 2379 4990 3924 208 
14317 1248 3681 3320 1159 
14318 869 4073 868 3845 
14319 4869 2383 3915 4967 
14320 4998 4071 5044 5020 
14321 2827 687 2826 750 
14322 1805 2126 2211 3892 
14323 82 81 246 193 
14324 5028 3137 4969 4635 
14325 5039 5045 4635 4688 
14326 2654 709 2176 4376 
14327 3501 4469 1941 1940 
14328 3650 4277 956 1078 
14329 4643 3765 1072 4860 
14330 3974 5039 4969 4635 
14331 4435 972 2875 853 
14332 4620 4970 2994 3137 
14333 4970 4983 5005 3137 
14334 1081 3567 3617 4631 
14335 5017 5028 3962 4983 
14336 1530 597 599 5001 
14337 1180 1081 3617 4631 
14338 4984 3138 5013 4983 
14339 4233 2586 1955 2578 
14340 4709 4878 4507 270 
14341 1039 1765 4530 1064 
14342 3065 689 675 719 
14343 4603 1780 1009 3718 
14344 1023 3831 3421 1020 
14345 1021 3831 1023 1020 
14346 5005 597 4985 5013 
14347 597 4986 4985 5013 
14348 5038 212 4989 4982 
14349 843 3097 1196 1207 
14350 3972 4887 1667 5032 
14351 5014 5039 5026 1289 
14352 3952 4748 2232 1571 
14353 3476 3593 5024 4978 
14354 2125 2586 2580 2578 
14355 2623 403 1753 2624 
14356 1526 2625 1823 2639 
14357 588 1745 4408 813 
14358 3617 3690 3654 1229 
14359 683 3290 4315 4423 
14360 4299 3243 2870 505 
14361 1293 5017 1887 1768 
14362 4192 1569 3329 1042 
14363 4060 1585 3712 4061 
14364 4192 1569 1042 1568 
14365 2316 2580 1878 428 
14366 1468 4929 1676 46 
14367 2647 2719 2628 1130 
14368 2566 4029 2569 395 
14369 2467 2469 4212 1239 
14370 3606 1723 4677 3608 
14371 515 3776 3777 516 
14372 1388 4390 1042 1568 
14373 3219 2643 3948 1742 
14374 4929 45 4947 227 
14375 4929 4438 4675 152 
14376 4390 4192 1042 1568 
14377 4187 907 906 908 
14378 1688 4863 4708 2303 
14379 1321 1323 3261 2293 
14380 3213 2245 3215 2284 
14381 2487 4187 908 4686 
14382 4438 4675 3656 1676 
14383 4390 4209 1388 1042 
14384 229 2330 50 4952 
14385 2447 2449 2448 1287 
14386 2979 3894 497 3896 
14387 4390 4192 4209 1042 
14388 4627 2262 3590 1645 
14389 2449 2341 2279 4697 
14390 1809 1178 4208 1097 
14391 4973 4403 4377 3007 
14392 1611 2988 2803 2980 
14393 1554 2597 2603 2233 
14394 2159 2810 328 2811 
14395 1053 1188 3198 1055 
14396 436 309 3999 1542 
14397 321 2704 2763 2703 
14398 1611 771 2803 2988 
14399 782 4288 3671 4694 
14400 674 3247 4025 675 
14401 2435 2437 714 712 
14402 1816 3048 3044 3046 
14403 1054 3107 1760 1055 
14404 3107 1054 3198 1055 
14405 3107 1190 1055 3610 
14406 3844 4605 241 2384 
14407 4863 1688 1687 2303 
14408 2174 1386 241 2384 
14409 1188 3302 3198 1055 
14410 3302 3107 1055 3610 
14411 724 2015 4549 4582 
14412 3503 3375 1064 4530 
14413 4589 3974 3970 5037 
14414 1993 3227 4582 4529 
14415 2674 464 3948 1742 
14416 3503 1063 1064 3375 
14417 5017 5006 1291 1293 
14418 1046 2268 1075 3453 
14419 4577 3741 4645 1282 
14420 1787 4614 420 3577 
14421 3303 3293 1075 3453 
14422 2268 1046 4195 3453 
14423 355 356 351 3130 
14424 952 1826 3871 945 
14425 1485 3923 4677 2402 
14426 3691 3609 3310 2285 
14427 630 4599 1979 4442 
14428 1618 3360 2977 3514 
14429 1730 2599 2482 1977 
14430 4497 2260 334 4072 
14431 3111 2260 3625 4072 
14432 1483 3609 4741 3691 
14433 4741 253 2369 3926 
14434 1649 921 2155 4817 
14435 850 837 3490 799 
14436 2167 2352 213 5046 
14437 2321 1124 1242 4327 
14438 1501 3703 1616 2292 
14439 3228 298 3988 3629 
14440 4752 1945 3434 3812 
14441 2986 4258 1086 2503 
14442 2920 1791 2923 4608 
14443 3485 1208 1900 2 
14444 3327 4321 4208 1537 
14445 1794 4885 3822 2908 
14446 3521 3334 3347 577 
14447 2036 4724 3813 3814 
14448 2577 1763 2578 2576 
14449 830 3327 1097 1537 
14450 3103 980 4161 889 
14451 933 1838 930 4096 
14452 3758 951 4369 3562 
14453 363 3232 3231 3511 
14454 4977 4975 460 461 
14455 4764 3501 3721 1942 
14456 1169 3369 2893 2880 
14457 1939 3188 2882 2893 
14458 4321 1809 4208 1537 
14459 2377 2328 1685 4820 
14460 4887 1665 2406 259 
14461 4920 240 2409 4149 
14462 2332 2236 1289 5026 
14463 3380 3752 1162 3556 
14464 301 454 303 3990 
14465 3972 5032 1667 5026 
14466 1602 4876 4157 231 
14467 1665 4906 2406 259 
14468 1005 4403 5000 5024 
14469 817 652 1702 4173 
14470 3864 210 4757 5031 
14471 840 4403 1005 5024 
14472 4022 4020 4039 1907 
14473 3276 3413 3584 1108 
14474 3413 1092 1107 3277 
14475 4785 1210 3128 3304 
14476 3171 3017 3170 1962 
14477 1107 3413 3276 1108 
14478 3732 3976 1698 1093 
14479 482 484 1119 3245 
14480 1092 3413 1093 3414 
14481 3993 2136 3992 303 
14482 1211 1210 4785 3304 
14483 1210 1230 4785 3128 
14484 3344 1184 3304 3163 
14485 1695 3804 4824 1493 
14486 1457 2170 3135 3209 
14487 2841 881 3032 3033 
14488 4555 3586 1416 5035 
14489 1769 738 3102 1088 
14490 375 377 887 2768 
14491 3435 2124 3853 4718 
14492 2693 1442 1440 1441 
14493 1455 4832 4718 3761 
14494 3853 3135 2149 3134 
14495 1455 3853 4718 4832 
14496 5021 529 5012 461 
14497 3568 716 4613 765 
14498 3575 3113 1867 4364 
14499 1842 4640 3209 4796 
14500 2748 465 464 545 
14501 1457 2190 1842 4796 
14502 3121 3102 3079 1088 
14503 2621 4024 402 4664 
14504 4051 4640 3209 1106 
14505 276 4777 4345 275 
14506 1431 3389 1358 1165 
14507 3708 3268 3801 1512 
14508 3457 4819 4864 2266 
14509 1091 3736 4622 4512 
14510 806 2508 805 807 
14511 2170 3135 3209 3033 
14512 236 3917 1493 1492 
14513 2106 4807 1493 2235 
14514 878 3510 1073 1001 
14515 1492 1695 4824 1493 
14516 192 256 4119 2361 
14517 189 2378 4190 1715 
14518 223 2163 88 3940 
14519 1353 4772 2235 3916 
14520 1494 1695 3803 4824 
14521 1934 3540 3561 2019 
14522 2146 5034 4967 1412 
14523 1805 2126 4818 269 
14524 1161 3586 5035 1416 
14525 328 326 2807 1843 
14526 3485 4533 4758 2 
14527 1936 4384 1119 1935 
14528 1415 1161 5035 1416 
14529 3197 3545 636 4380 
14530 2365 2126 70 4452 
14531 1213 1719 1718 4257 
14532 3257 2814 3207 534 
14533 1131 4016 1144 1143 
14534 4016 4018 1144 1143 
14535 1637 4255 2353 3750 
14536 1415 3586 5035 1161 
14537 1415 3586 1161 5046 
14538 4783 1926 983 1022 
14539 1668 267 1989 3808 
14540 4523 2041 3794 3783 
14541 3371 4497 336 4637 
14542 1934 4535 3540 2019 
14543 3991 3993 3992 303 
14544 2863 641 638 4380 
14545 2977 330 2811 2866 
14546 1802 1184 3583 1176 
14547 1160 1415 1161 5046 
14548 56 4931 57 2261 
14549 4680 3586 5046 1161 
14550 5010 2964 1406 2974 
14551 2412 4900 114 4169 
14552 2410 2261 1669 4166 
14553 1024 3380 3556 3555 
14554 4931 2410 4166 2261 
14555 1882 645 2715 4571 
14556 2586 2125 1955 2578 
14557 3567 3375 1080 3376 
14558 4658 1230 3883 2204 
14559 454 303 3990 3992 
14560 4851 2410 1669 4166 
14561 1164 3950 1163 1165 
14562 4862 2366 1500 3823 
14563 1160 4680 5046 1161 
14564 3578 691 695 4560 
14565 4715 5007 2364 5009 
14566 3950 3265 1163 1165 
14567 3100 4599 1979 824 
14568 4929 4438 152 153 
14569 733 2058 4873 2004 
14570 282 761 4063 2945 
14571 1129 2004 3733 4663 
14572 4317 3580 1044 4437 
14573 2058 3719 1181 2103 
14574 2004 3733 4663 4595 
14575 4779 2315 788 3841 
14576 2977 330 2866 2978 
14577 454 2136 303 3992 
14578 2315 4779 788 2138 
14579 1991 843 1207 3390 
14580 3315 1188 3198 1053 
14581 4845 3888 1465 1382 
14582 75 187 76 1792 
14583 4895 376 3134 3854 
14584 3622 1851 1219 4542 
14585 3650 1761 956 4277 
14586 2149 881 1759 3134 
14587 4453 1309 2090 4798 
14588 3234 671 3636 1680 
14589 2841 881 3033 3134 
14590 1170 1939 1940 3189 
14591 1903 5008 1887 1328 
14592 2841 377 376 4895 
14593 1666 259 2382 4903 
14594 4072 332 2978 2866 
14595 1666 4149 2382 4809 
14596 3375 1063 1080 1425 
14597 3620 3675 1174 4721 
14598 2860 3003 4356 541 
14599 4426 717 4712 679 
14600 71 181 4444 70 
14601 1411 3952 3681 4735 
14602 1732 344 4496 2975 
14603 4599 630 1979 824 
14604 2237 1417 4989 5031 
14605 4143 5009 2364 4142 
14606 3930 862 3088 283 
14607 3665 2151 4780 4311 
14608 2895 1584 4120 1583 
14609 1468 4821 2391 248 
14610 4336 185 74 230 
14611 4721 3675 1174 4831 
14612 1175 4721 1174 4831 
14613 3553 632 3605 631 
14614 1956 634 3535 3793 
14615 1882 773 2715 645 
14616 1675 4928 4155 4910 
14617 3675 1175 1174 4831 
14618 3700 1043 866 4316 
14619 4143 4715 2364 5009 
14620 1288 2707 2728 4379 
14621 727 1619 670 4562 
14622 3113 2792 734 648 
14623 3400 1585 3712 4060 
14624 4603 542 1780 4565 
14625 4808 3402 1284 2031 
14626 2838 3342 475 4263 
14627 3985 4979 3476 4978 
14628 608 3235 609 607 
14629 3340 981 3341 3159 
14630 3741 2348 986 2200 
14631 3802 4601 2156 4939 
14632 556 554 4441 2745 
14633 3802 150 149 4957 
14634 2194 4517 4188 4189 
14635 981 3340 3341 4296 
14636 1679 2293 3676 3641 
14637 5032 2236 222 2332 
14638 1108 3732 4639 1462 
14639 4346 1202 3171 3960 
14640 4460 566 3637 568 
14641 3760 3441 1458 3440 
14642 1317 1315 1473 3827 
14643 2900 3213 2220 3978 
14644 7 4958 252 1693 
14645 3252 1866 772 2001 
14646 3214 1331 3286 3557 
14647 2896 2895 2897 1583 
14648 1672 3754 695 697 
14649 1980 4750 1643 3258 
14650 1446 1475 2701 2699 
14651 2897 2895 4120 1583 
14652 4187 907 4649 2853 
14653 4961 3789 3788 4846 
14654 2336 3098 3164 3099 
14655 3789 4962 4693 3856 
14656 3560 2099 1370 2067 
14657 2099 3333 4961 5049 
14658 2099 3560 3333 5049 
14659 3164 3250 2336 3165 
14660 3918 1492 2375 4824 
14661 4502 3210 4431 857 
14662 4961 4962 1957 347 
14663 2456 2029 503 510 
14664 3899 4896 4972 4882 
14665 1684 4896 4972 3899 
14666 122 4896 4882 4972 
14667 4159 124 2393 5041 
14668 3839 4972 5027 2393 
14669 4502 859 3210 857 
14670 3390 1991 4514 1207 
14671 2460 1125 1663 2461 
14672 4721 3689 4646 1172 
14673 1569 3329 3330 3331 
14674 531 4332 2855 4331 
14675 4557 3485 4758 2 
14676 3097 3098 1207 3099 
14677 100 5036 244 5038 
14678 560 528 4993 1528 
14679 1991 2138 4514 1207 
14680 559 2821 1696 5002 
14681 529 4994 5002 558 
14682 3884 4350 2325 4771 
14683 3591 3270 3590 1300 
14684 4404 2424 1218 996 
14685 2590 2588 2589 1850 
14686 4984 3138 3181 5013 
14687 1149 2588 2587 4320 
14688 2993 601 600 5044 
14689 599 601 5001 5044 
14690 2997 4007 2991 600 
14691 3421 3767 1115 3403 
14692 4447 2424 1218 4404 
14693 2779 3316 1984 3542 
14694 1951 4552 1218 4404 
14695 4552 4447 1218 4404 
14696 2860 474 3003 541 
14697 236 5043 97 1491 
14698 1712 4786 2638 4459 
14699 1818 2520 1817 1874 
14700 985 869 868 3845 
14701 830 354 3328 4395 
14702 4158 2007 4226 4455 
14703 97 5016 98 1491 
14704 5051 1083 3601 5042 
14705 1582 1580 1581 5000 
14706 5019 265 5041 5040 
14707 746 2227 1746 4014 
14708 3593 4403 5000 3595 
14709 4546 115 4936 116 
14710 4882 4972 123 4914 
14711 1364 4451 3933 3937 
14712 3752 3950 3380 1164 
14713 1190 1389 3898 1390 
14714 4555 3701 4757 4989 
14715 3039 874 877 1824 
14716 3175 1855 2177 1614 
14717 99 100 244 5038 
14718 730 2702 4036 2039 
14719 2242 4966 5038 99 
14720 1191 3611 3610 3886 
14721 4988 2242 5038 99 
14722 3133 1981 1814 3652 
14723 4988 4966 5038 2242 
14724 4755 3551 3894 1869 
14725 2522 1817 2523 2521 
14726 1125 1629 907 4365 
14727 335 1558 1557 4754 
14728 1788 4292 4120 976 
14729 4503 4370 2518 1966 
14730 1356 1074 3508 1355 
14731 2174 4926 3891 4908 
14732 3086 3146 3145 1262 
14733 1492 1494 2375 4824 
14734 2409 240 2010 1462 
14735 1701 4720 2309 3791 
14736 1017 2079 1262 3145 
14737 2905 854 2859 2906 
14738 177 4922 4587 178 
14739 1068 1336 3199 1069 
14740 2290 1083 3601 5051 
14741 5041 4972 2393 5040 
14742 2167 1415 1418 5046 
14743 1411 2324 273 3908 
14744 1690 3934 3937 1379 
14745 4847 3752 3784 2076 
14746 3389 4359 1358 3951 
14747 3071 2944 2943 285 
14748 1689 4656 4927 3937 
14749 1133 1017 1262 3145 
14750 2938 555 2937 2939 
14751 3265 3380 1163 3379 
14752 3378 1631 3377 3185 
14753 1068 3070 3069 1346 
14754 3668 2139 1430 1154 
14755 3056 876 4178 879 
14756 4418 3056 4178 879 
14757 876 4418 4178 879 
14758 3301 3609 4808 1482 
14759 2101 1294 5033 1366 
14760 187 75 2419 1792 
14761 3059 3060 890 3053 
14762 1259 3059 890 3053 
14763 1375 3657 4778 3658 
14764 5001 797 4970 2996 
14765 2025 4770 218 3321 
14766 797 1530 5001 4970 
14767 1492 95 3918 2375 
14768 1562 3193 4087 923 
14769 5040 5029 2175 4991 
14770 3212 3383 3966 1328 
14771 3127 4552 1951 4404 
14772 2064 4181 4353 2083 
14773 1948 3239 1903 1328 
14774 2966 1734 2967 2180 
14775 1887 5008 1295 1328 
14776 4996 2975 2545 2910 
14777 1732 2347 4971 767 
14778 4616 1299 1297 1975 
14779 2553 1743 2552 2548 
14780 3239 5008 1903 1328 
14781 1079 2920 2917 2921 
14782 2135 2915 985 4833 
14783 1556 2531 2536 4052 
14784 1501 4526 4828 3703 
14785 3312 1728 2213 974 
14786 4998 598 5044 600 
14787 1661 4007 2991 2989 
14788 4570 4526 226 2292 
14789 1299 4616 1297 1298 
14790 655 4182 2954 2868 
14791 2960 731 3143 775 
14792 320 3237 4360 319 
14793 1996 2719 3447 2721 
14794 2720 1655 2769 1971 
14795 1545 617 4197 3520 
14796 1310 3120 1307 1308 
14797 1512 4819 2266 3801 
14798 1199 1167 1194 4135 
14799 3268 3983 3801 1963 
14800 1479 5051 1478 5042 
14801 1378 2117 1379 3932 
14802 211 4757 5031 4989 
14803 3120 1310 3240 1308 
14804 4975 2665 4206 2711 
14805 4823 3 217 4905 
14806 297 295 3825 296 
14807 1365 1367 2533 4127 
14808 914 4576 3359 4573 
14809 3120 3307 1307 1308 
14810 8 7 4958 252 
14811 1413 2722 2092 2534 
14812 372 370 3486 373 
14813 930 931 932 2846 
14814 4713 3666 4419 4967 
14815 730 3260 4756 4036 
14816 3791 3943 4891 2309 
14817 3307 1307 1308 1306 
14818 1904 2458 1630 2459 
14819 95 1492 1494 2375 
14820 3054 520 3152 4448 
14821 4139 4238 912 910 
14822 4827 3466 1324 1319 
14823 674 3646 4525 706 
14824 458 4975 457 459 
14825 1538 4051 1106 384 
14826 1318 3826 1317 1319 
14827 4942 35 5015 5009 
14828 1677 4284 1630 1874 
14829 3237 320 4077 4075 
14830 4621 4139 912 910 
14831 1782 4548 4505 4303 
14832 3488 477 479 4386 
14833 1841 521 2474 2472 
14834 3120 4062 1333 1307 
14835 4139 4621 912 4238 
14836 4236 3191 478 4386 
14837 4957 3802 2162 4939 
14838 3342 476 4505 4303 
14839 2262 2218 4627 262 
14840 2422 2420 3321 2173 
14841 478 4236 4386 4505 
14842 711 694 712 2901 
14843 2531 2524 934 2525 
14844 1156 1413 2627 1414 
14845 4526 2366 1500 4862 
14846 4128 2852 2722 1419 
14847 1841 2472 2551 4243 
14848 1868 476 1782 4505 
14849 476 3342 4505 4387 
14850 2366 89 200 201 
14851 4510 3500 1632 1623 
14852 4117 4480 823 4116 
14853 2462 2460 4739 1663 
14854 1727 4862 1500 3823 
14855 979 914 2222 3359 
14856 4236 4548 4505 1868 
14857 4671 3744 1638 4641 
14858 3724 4671 1638 4641 
14859 1600 4392 1599 1601 
14860 1670 4946 4928 28 
14861 4623 4907 239 2381 
14862 4907 4623 239 4925 
14863 4253 817 3031 4297 
14864 2401 4990 209 208 
14865 1237 3061 3053 3060 
14866 730 2702 3260 4036 
14867 4930 4163 2118 2413 
14868 2097 3623 2063 1242 
14869 4920 31 4938 240 
14870 4271 2335 3381 2085 
14871 2794 377 2318 2840 
14872 3048 3049 3046 1797 
14873 3606 1723 3608 1339 
14874 2564 434 2570 2166 
14875 751 2435 714 712 
14876 1012 1014 4140 4065 
14877 1389 3149 3886 3898 
14878 876 4178 3055 875 
14879 2524 2531 934 933 
14880 3758 951 952 945 
14881 951 3758 4855 945 
14882 3488 540 2480 2478 
14883 2311 4700 1350 1408 
14884 1343 3558 1350 3286 
14885 449 447 945 4855 
14886 4995 4273 2756 4993 
14887 4977 4995 1528 2710 
14888 951 449 945 4855 
14889 1776 4302 3287 490 
14890 1411 4735 3681 1361 
14891 1790 3825 4850 3739 
14892 2973 3083 4227 1523 
14893 3949 3124 3082 860 
14894 4502 859 857 1755 
14895 310 311 312 4030 
14896 2471 1936 1240 2470 
14897 929 4097 3663 4576 
14898 2222 929 3663 4576 
14899 2487 1653 4726 4686 
14900 3204 3026 2205 1614 
14901 1411 2324 4735 1361 
14902 1692 3936 252 1691 
14903 4943 144 4925 5011 
14904 4623 2381 239 2345 
14905 2643 1573 2642 2673 
14906 2641 1256 4481 4516 
14907 3400 4060 3399 385 
14908 1456 1458 3440 3761 
14909 4676 1543 246 4877 
14910 2167 5035 5046 4982 
14911 1448 4033 2701 2780 
14912 4458 4033 1447 3339 
14913 3806 565 567 1722 
14914 4033 1447 3339 2780 
14915 4063 4382 4179 2287 
14916 2561 434 1704 2563 
14917 4689 4464 431 3750 
14918 1980 4750 3258 2904 
14919 4081 359 358 360 
14920 2517 1059 4254 4255 
14921 1673 4132 4220 3229 
14922 2555 408 409 407 
14923 4150 135 4938 2409 
14924 1346 761 4023 2287 
14925 211 4757 4989 2386 
14926 2005 2654 2176 4376 
14927 1763 4233 1955 2578 
14928 3820 2082 3690 2161 
14929 1347 2344 3872 1964 
14930 3281 3347 466 3903 
14931 4647 449 3541 4369 
14932 1837 761 2287 4063 
14933 1464 3890 3889 1383 
14934 2860 2838 472 2809 
14935 2838 471 472 2809 
14936 4647 3505 1786 451 
14937 245 86 197 85 
14938 212 211 4989 2386 
14939 3334 577 1721 466 
14940 4337 1802 3583 1407 
14941 649 647 3112 648 
14942 3334 3281 3347 466 
14943 2905 753 854 863 
14944 4337 1802 1407 230 
14945 1782 3686 1808 1960 
14946 1782 474 4303 2862 
14947 511 3347 462 466 
14948 4412 3798 3398 1908 
14949 133 134 4956 4188 
14950 4294 1268 2316 2582 
14951 546 3081 2074 3057 
14952 957 863 956 4248 
14953 909 4621 912 910 
14954 863 3650 956 4248 
14955 1576 353 2349 4028 
14956 1065 957 956 4488 
14957 1662 2718 3478 4005 
14958 2372 1474 4934 4917 
14959 4308 3890 1949 2298 
14960 3601 5051 5042 3746 
14961 3217 760 3218 2026 
14962 3650 1065 956 4488 
14963 249 64 4945 4926 
14964 2372 4917 4934 156 
14965 2398 3936 3935 1691 
14966 4488 957 956 4248 
14967 110 4944 4958 2398 
14968 3650 4488 956 4248 
14969 3755 2335 2195 1396 
14970 3151 4134 4133 2100 
14971 2898 2198 2899 2833 
14972 1607 1600 2073 3437 
14973 564 566 651 4543 
14974 4896 1684 19 18 
14975 3755 3381 1396 3495 
14976 2959 2962 2129 1634 
14977 1683 4972 19 4914 
14978 1568 1370 4443 3493 
14979 1683 20 4972 4914 
14980 698 696 4270 697 
14981 4979 1778 779 967 
14982 3754 4654 4591 697 
14983 3243 4368 4611 1858 
14984 423 3507 4457 1819 
14985 3754 3822 4794 1672 
14986 4654 698 4270 697 
14987 779 775 4987 967 
14988 2735 1970 2737 801 
14989 4979 779 4987 967 
14990 2693 3631 1443 1441 
14991 924 2658 923 4087 
14992 2974 4574 1405 4626 
14993 2000 4458 1445 2024 
14994 4574 2356 1405 4626 
14995 2167 1415 5046 5035 
14996 3920 4815 5035 5046 
14997 1719 2207 618 4355 
14998 183 71 2380 72 
14999 4534 4709 2397 270 
15000 2165 4678 3728 1916 
15001 513 3776 4624 515 
15002 829 852 853 2747 
15003 3722 4634 2241 3550 
15004 1136 1135 4406 2428 
15005 4706 1406 2965 1427 
15006 1406 5010 2965 1427 
15007 132 4928 131 4155 
15008 1443 2695 1445 4219 
15009 2532 4068 2540 943 
15010 1956 634 3793 4736 
15011 2880 1169 2882 2893 
15012 4910 4687 131 4155 
15013 1168 641 756 2864 
15014 1052 3479 4521 4242 
15015 3047 1862 3046 4235 
15016 873 3041 875 3042 
15017 2380 268 4393 72 
15018 183 2380 4393 72 
15019 82 1543 83 194 
15020 2323 1463 435 2928 
15021 1556 1050 2532 943 
15022 4533 4534 2397 270 
15023 1179 1950 3654 3376 
15024 1543 194 2363 83 
15025 3714 1085 3711 3713 
15026 2229 3796 1560 2328 
15027 2542 2539 4738 1658 
15028 2688 2691 1438 2690 
15029 2346 2267 1546 4655 
15030 2198 2898 1326 2217 
15031 2064 2040 1273 4428 
15032 5012 2113 5022 461 
15033 1439 2688 1438 2690 
15034 1404 2962 2129 3153 
15035 2674 1090 1856 2723 
15036 2069 1134 951 3562 
15037 642 641 2732 756 
15038 691 3546 578 690 
15039 4383 1930 4886 3429 
15040 2315 4653 3513 1275 
15041 837 850 3490 3492 
15042 2138 4779 4514 3513 
15043 440 441 2837 433 
15044 3758 952 3871 945 
15045 1494 94 2375 3922 
15046 2686 2688 1438 1436 
15047 3380 1162 1164 1163 
15048 845 2867 3154 1702 
15049 309 3998 308 307 
15050 1435 2686 1438 1436 
15051 614 4462 4439 4604 
15052 1901 1166 1900 3431 
15053 333 4625 3384 1558 
15054 2304 1435 2686 1438 
15055 2887 1450 2708 2780 
15056 2887 2888 1449 2780 
15057 355 354 4058 351 
15058 4955 2377 4936 116 
15059 4994 528 4993 558 
15060 4601 3802 149 4939 
15061 4546 4918 4936 115 
15062 2964 5010 2965 2974 
15063 3124 3949 970 860 
15064 858 3210 2972 3082 
15065 3731 1840 1755 1005 
15066 4546 2377 4936 1685 
15067 1080 1950 3376 3266 
15068 2458 1904 510 2457 
15069 40 4907 239 39 
15070 1311 1314 1731 3964 
15071 905 2462 1663 2461 
15072 4997 3723 5033 3724 
15073 4284 4365 1630 2459 
15074 4621 4445 913 4573 
15075 1752 2698 791 2154 
15076 2080 3012 3014 574 
15077 3554 1602 4157 1604 
15078 4154 155 4917 156 
15079 4205 4975 4206 2711 
15080 3969 3972 3975 1667 
15081 4731 3554 4157 1604 
15082 2488 947 2947 4168 
15083 33 1666 4903 259 
15084 4887 259 2406 4615 
15085 4142 4942 140 5015 
15086 2888 3339 1449 2780 
15087 2390 4812 1803 230 
15088 4798 1309 1647 3684 
15089 1151 1149 2587 1150 
15090 1981 1820 4275 3133 
15091 3608 3647 3607 1339 
15092 4854 3316 3542 1984 
15093 1189 1191 1382 3611 
15094 3837 3087 4776 2200 
15095 4535 4577 940 3492 
15096 5025 1470 4461 2912 
15097 3934 2398 3935 1691 
15098 2229 3796 2328 237 
15099 3237 320 4360 4077 
15100 4962 3789 3332 3856 
15101 2394 4950 4932 160 
15102 2596 2594 2595 1553 
15103 2597 2596 2595 1553 
15104 3114 1925 2072 734 
15105 2741 2742 829 2747 
15106 2040 4181 2954 4182 
15107 700 655 2877 2868 
15108 3162 419 4614 420 
15109 2517 1059 961 4254 
15110 2764 322 2704 2763 
15111 4689 1213 1718 4257 
15112 3237 320 2763 321 
15113 2641 4009 4481 1525 
15114 3237 320 4075 2763 
15115 2394 159 4950 160 
15116 1200 2061 1185 2430 
15117 639 3531 2653 4373 
15118 2359 185 218 74 
15119 1532 1543 4875 2363 
15120 2034 3814 4752 2415 
15121 3817 3874 246 1588 
15122 190 4148 2405 219 
15123 1470 4415 4461 2912 
15124 2434 1389 4363 3898 
15125 4863 1688 2283 241 
15126 3927 205 2369 1484 
15127 1470 785 4415 1429 
15128 1727 1510 3405 3823 
15129 793 3103 3062 889 
15130 3043 1815 1000 875 
15131 872 874 3040 1824 
15132 1739 2405 189 4228 
15133 3609 1483 4741 1482 
15134 1151 2588 2585 2587 
15135 4753 3609 4741 1482 
15136 1981 4275 4276 3652 
15137 253 1483 1482 4741 
15138 2581 2316 2582 2580 
15139 2586 2125 2580 4294 
15140 4753 253 1482 4741 
15141 3043 4183 1000 1815 
15142 3708 4775 1511 673 
15143 1505 1007 1504 3319 
15144 4444 71 2380 182 
15145 1349 2086 2202 3929 
15146 2040 2027 3178 653 
15147 71 183 2380 182 
15148 977 4400 978 1011 
15149 3168 1574 3938 279 
15150 82 1477 81 193 
15151 1505 4204 1007 3319 
15152 653 652 624 2842 
15153 3315 1188 1726 2122 
15154 3740 1188 3315 2122 
15155 1404 3153 1403 4574 
15156 4181 2064 4353 4429 
15157 4147 783 4520 4305 
15158 4385 2766 4371 644 
15159 4350 3494 3495 1394 
15160 220 4880 3795 4551 
15161 1066 3338 1220 4575 
15162 3122 1116 3121 3311 
15163 1728 3312 2338 974 
15164 1485 4801 92 204 
15165 1485 93 2402 204 
15166 3193 1048 1371 4563 
15167 4209 965 1042 4034 
15168 93 1485 92 204 
15169 4570 201 90 226 
15170 1314 1311 1313 4008 
15171 2372 4154 4917 156 
15172 1316 1318 3826 1317 
15173 201 89 90 226 
15174 572 2080 3014 574 
15175 3800 1468 1327 1469 
15176 2095 4636 2330 229 
15177 2124 1453 1455 4718 
15178 1455 1453 1454 4718 
15179 2124 1455 3853 4718 
15180 5012 5021 5022 2796 
15181 1668 1279 3747 3527 
15182 2528 1244 3860 4749 
15183 379 381 3034 380 
15184 1200 2432 2061 2430 
15185 2196 434 2563 1704 
15186 408 410 759 2549 
15187 2280 1637 3750 4685 
15188 520 524 3054 3152 
15189 4299 507 1858 505 
15190 3104 1782 4303 1808 
15191 1981 1897 4276 2045 
15192 972 3074 3075 2875 
15193 3694 977 1011 4400 
15194 2187 3472 3737 4210 
15195 4413 2251 389 4375 
15196 388 3713 3715 4375 
15197 3345 1137 866 3700 
15198 4379 2707 2655 1912 
15199 3172 749 3977 3361 
15200 845 2073 2056 3155 
15201 4882 3899 3839 4972 
15202 3829 966 1007 3319 
15203 126 4953 2371 127 
15204 31 30 4938 2010 
15205 4309 2142 4267 4430 
15206 3241 4293 2602 1153 
15207 3413 3976 1093 3414 
15208 4579 4821 1469 4803 
15209 2194 4189 4188 261 
15210 572 570 4318 4026 
15211 4088 1320 3262 3665 
15212 4438 1468 2391 4911 
15213 4821 1468 2391 3800 
15214 2262 3901 1674 2408 
15215 4852 4909 2385 112 
15216 1313 4579 1469 1315 
15217 3160 3205 3942 1515 
15218 1503 3457 4367 4151 
15219 3160 950 3205 1515 
15220 34 4906 1665 259 
15221 34 33 4906 259 
15222 3963 1972 1705 792 
15223 4013 288 2934 290 
15224 1525 2625 1753 1526 
15225 1525 2641 2625 1526 
15226 4167 4937 4919 169 
15227 2973 1523 2183 2294 
15228 896 4589 895 897 
15229 2183 841 2972 858 
15230 3210 858 2972 3982 
15231 592 590 3518 4479 
15232 4758 4 2 4533 
15233 4160 5029 3592 4872 
15234 3900 2216 1605 263 
15235 3337 4414 2296 4250 
15236 489 490 492 3409 
15237 4951 5019 4156 2110 
15238 4315 4440 682 4888 
15239 4554 4513 2664 1847 
15240 1983 38 39 4925 
15241 1256 4554 1526 1847 
15242 4141 3694 1011 4400 
15243 4130 4129 1636 3242 
15244 4878 270 2241 1986 
15245 392 398 393 3618 
15246 4878 3722 2241 270 
15247 3512 4458 4219 2000 
15248 1292 1290 5045 1291 
15249 86 245 197 4740 
15250 1903 5008 3181 5013 
15251 4266 4986 1903 5013 
15252 1292 1294 5048 2101 
15253 4266 1903 3181 5013 
15254 1586 4304 666 4366 
15255 1875 4005 743 2246 
15256 4209 2677 1570 965 
15257 3680 1993 4582 4529 
15258 1289 5014 1033 5026 
15259 3224 3246 2020 3225 
15260 4266 3239 3181 1903 
15261 3180 3138 5005 5013 
15262 594 4266 593 3643 
15263 1292 5006 1294 1293 
15264 2812 612 616 2769 
15265 25 2216 24 4916 
15266 4992 1005 5000 1581 
15267 3168 1574 279 281 
15268 2647 2720 2719 1252 
15269 4018 4016 3447 1143 
15270 280 3168 279 281 
15271 3939 287 4151 3216 
15272 2634 1926 3035 2655 
15273 2275 4904 68 1 
15274 2931 2935 290 292 
15275 2412 1433 4847 266 
15276 4159 124 5041 5019 
15277 5050 5030 2264 5040 
15278 2931 3956 2935 292 
15279 124 5019 4933 5041 
15280 1283 2077 2006 3090 
15281 2777 4020 2724 1121 
15282 2823 1015 1982 1249 
15283 2935 291 290 292 
15284 3956 291 2935 292 
15285 304 306 3993 305 
15286 5043 2379 209 4990 
15287 4896 4972 4914 19 
15288 266 4546 4936 1685 
15289 4930 16 2118 17 
15290 2136 3994 3992 4652 
15291 3991 304 3993 303 
15292 2566 315 2559 3482 
15293 661 2636 834 2615 
15294 2665 2709 2640 458 
15295 2674 2748 3948 464 
15296 1585 3400 755 385 
15297 4152 2553 343 314 
15298 3465 2293 3676 1652 
15299 2614 2616 1579 2615 
15300 1609 4550 3674 2054 
15301 3203 1283 3497 3090 
15302 1982 2014 2822 2778 
15303 3001 1531 2873 1249 
15304 1191 3886 3610 3898 
15305 1272 2872 2822 2948 
15306 258 1800 4805 3832 
15307 1354 1230 3883 1231 
15308 3043 4183 1815 3045 
15309 2553 4152 2559 314 
15310 786 3206 3166 832 
15311 501 2191 2452 2450 
15312 4497 2333 336 334 
15313 3371 2333 336 4497 
15314 335 334 3678 4637 
15315 105 4904 4905 217 
15316 4370 1648 3790 340 
15317 4909 4852 2385 242 
15318 3411 3371 3221 336 
15319 786 832 3166 1747 
15320 1928 2933 1254 4043 
15321 1488 3424 3291 1489 
15322 346 4962 347 348 
15323 5041 4972 123 2393 
15324 4783 4853 3035 1022 
15325 3358 1595 2222 1594 
15326 3083 3125 3267 1058 
15327 2191 2761 2452 2450 
15328 3230 4282 3232 362 
15329 680 3763 3309 4289 
15330 3309 680 4289 4290 
15331 2874 4592 2886 1923 
15332 359 361 360 2985 
15333 3423 1810 2184 4080 
15334 3270 1300 3588 3590 
15335 4616 3966 1297 4641 
15336 997 2427 1135 1931 
15337 3129 356 1810 358 
15338 259 4906 2406 4615 
15339 5051 3818 4670 3746 
15340 1071 2312 1357 2446 
15341 2312 2444 2446 1071 
15342 1191 1389 3886 3898 
15343 4242 1052 1053 880 
15344 4708 4167 1687 2411 
15345 2191 504 501 2452 
15346 4712 4334 679 4289 
15347 3107 4310 1190 3610 
15348 2742 828 717 2438 
15349 3864 1417 2033 5047 
15350 4081 3129 4080 358 
15351 3785 1608 1605 3438 
15352 4592 1923 4893 2886 
15353 2071 4722 2086 1155 
15354 97 5043 5047 5016 
15355 3818 4713 5034 4966 
15356 3785 3786 1605 3900 
15357 4819 3457 4367 673 
15358 3980 295 294 296 
15359 2216 4737 3786 1603 
15360 1505 4203 1507 4041 
15361 761 4063 4023 2287 
15362 555 2938 2337 2188 
15363 2909 1050 2537 1206 
15364 3237 320 321 319 
15365 4737 2216 2299 1603 
15366 1595 1592 1594 3662 
15367 2300 1959 3326 1114 
15368 3364 3283 3284 1757 
15369 2223 2168 4344 2752 
15370 1899 3272 1275 3271 
15371 4136 1428 1146 1194 
15372 4737 4876 3786 1603 
15373 4876 4737 2299 1603 
15374 4361 3664 4077 1590 
15375 3430 3272 1275 1166 
15376 4874 1026 3548 1344 
15377 4683 1901 4533 1900 
15378 315 2559 3482 316 
15379 2260 1422 3111 3625 
15380 3814 4558 2415 2 
15381 2977 331 330 2978 
15382 4033 1446 1445 1447 
15383 69 2 2034 2415 
15384 3481 3399 384 3196 
15385 1945 3868 2034 4752 
15386 1285 2478 2055 2089 
15387 3868 1945 2034 2035 
15388 2037 2473 521 2474 
15389 2299 4876 1603 2371 
15390 231 2299 1603 2371 
15391 2251 4128 2092 1419 
15392 4922 2275 4904 68 
15393 2062 67 68 4922 
15394 2062 4922 68 2275 
15395 1719 362 4861 3233 
15396 3718 1780 1009 1876 
15397 379 4084 383 2318 
15398 2101 4964 5011 5033 
15399 4170 4940 2416 176 
15400 407 405 3141 406 
15401 3444 1376 1381 3391 
15402 391 389 3715 3717 
15403 1670 4928 224 28 
15404 67 4940 4922 2062 
15405 4517 2194 1670 2257 
15406 2060 4941 1693 2417 
15407 2194 4517 1280 2257 
15408 4876 231 1603 2371 
15409 4636 4952 4162 158 
15410 3716 391 3715 3717 
15411 3026 3025 1614 3174 
15412 4150 2121 4829 2010 
15413 2451 2453 501 499 
15414 4525 3298 769 3603 
15415 1395 3769 1509 4771 
15416 4607 4803 3827 1473 
15417 4821 1468 3800 1469 
15418 3048 1798 4114 4323 
15419 896 4970 5037 1529 
15420 2377 3796 4475 237 
15421 3149 3886 4422 2134 
15422 5009 141 2364 4142 
15423 1983 39 239 4925 
15424 4533 3485 4683 1900 
15425 2432 1200 4307 2430 
15426 4664 401 400 402 
15427 2621 401 4664 402 
15428 2875 4435 853 2747 
15429 897 4589 3968 5037 
15430 3026 1593 1614 3025 
15431 4907 4623 4925 145 
15432 412 4681 527 1658 
15433 1182 1970 4383 2735 
15434 3026 2205 1614 1593 
15435 2029 2519 4644 4701 
15436 4767 2381 2305 239 
15437 412 2550 411 2573 
15438 2588 1149 1850 1260 
15439 2315 4779 2138 3513 
15440 4339 2590 2592 2186 
15441 2407 144 143 5011 
15442 3872 2344 527 4738 
15443 1196 3408 3098 4519 
15444 4781 1901 1067 1344 
15445 3868 4499 2034 2415 
15446 1376 2018 2056 3443 
15447 2498 1246 1946 2497 
15448 3972 3969 3970 1033 
15449 4269 427 424 426 
15450 1498 4581 3704 4628 
15451 166 4840 167 4954 
15452 2172 2374 4871 4789 
15453 726 738 728 3022 
15454 2500 2498 1946 2499 
15455 1129 3733 4437 1044 
15456 2269 1399 4250 2296 
15457 2931 2928 435 2930 
15458 1567 4163 1566 2118 
15459 36 4942 4960 5007 
15460 4163 1567 233 2118 
15461 1686 4930 2118 2413 
15462 1107 1092 1883 3277 
15463 2927 2928 2930 435 
15464 3817 3874 1588 3816 
15465 80 1587 2389 1639 
15466 4436 3512 3511 387 
15467 2676 4005 1875 2678 
15468 2075 2927 2930 435 
15469 4522 4291 4716 619 
15470 1338 2258 3766 1997 
15471 2762 2689 1859 2981 
15472 2984 2982 357 359 
15473 1463 2927 435 2928 
15474 2075 2927 435 1463 
15475 1349 3766 4859 1997 
15476 2676 1400 2288 1875 
15477 452 830 3328 831 
15478 3894 496 497 1869 
15479 1644 3259 2052 2021 
15480 801 2739 2738 2736 
15481 4963 4632 1478 5042 
15482 2138 3513 3165 1275 
15483 1195 3096 1197 1196 
15484 2742 718 2886 4426 
15485 3257 1908 534 3398 
15486 1897 1896 1814 4245 
15487 550 4290 620 1898 
15488 1694 2060 3911 272 
15489 2414 71 182 183 
15490 3259 4224 2052 2021 
15491 540 3488 4264 1730 
15492 2335 4271 4617 1220 
15493 1046 4196 4103 1045 
15494 1217 1754 3469 2096 
15495 986 3741 3837 3491 
15496 2761 504 2191 2452 
15497 2546 4171 2492 1271 
15498 2777 2724 1122 1121 
15499 834 2614 2615 2613 
15500 1953 1877 1891 4661 
15501 4896 122 4914 4972 
15502 4048 836 4287 3559 
15503 2913 1360 1429 1077 
15504 795 2970 3007 4974 
15505 264 4950 1678 52 
15506 5019 5050 2110 2264 
15507 2135 2915 1429 1077 
15508 4981 779 794 780 
15509 2282 1618 3514 3670 
15510 1250 2839 4109 4123 
15511 3393 1624 3156 3394 
15512 925 1048 3194 1049 
15513 4851 2410 4668 1669 
15514 4224 446 2052 2021 
15515 2194 4517 1670 4188 
15516 955 2444 1203 1071 
15517 4946 1670 4188 4956 
15518 2194 1670 261 4188 
15519 3109 4412 4659 2017 
15520 4623 4907 2381 145 
15521 2130 1261 4860 3110 
15522 4907 146 2381 145 
15523 1261 2130 4860 1027 
15524 3809 2190 1842 754 
15525 3294 2295 4725 1956 
15526 3114 4385 1925 2792 
15527 4580 5018 754 457 
15528 1342 3641 4804 4056 
15529 2253 2355 3621 1243 
15530 4805 3833 2008 4650 
15531 3809 5018 754 4580 
15532 1842 4640 1735 1106 
15533 555 2938 2937 2337 
15534 2119 232 1669 4668 
15535 3796 3875 1560 2328 
15536 1024 1340 3555 2178 
15537 4900 4909 2210 11 
15538 1989 4948 4954 4840 
15539 3344 1184 1212 3581 
15540 2376 4840 4954 167 
15541 1925 4385 644 646 
15542 542 396 4565 4509 
15543 940 4535 4471 1968 
15544 2478 540 2089 479 
15545 2421 1831 1792 2419 
15546 2399 3907 4806 1480 
15547 1650 796 2606 4113 
15548 468 3027 1845 3504 
15549 233 4163 2373 4164 
15550 232 2410 1669 4668 
15551 2971 2183 2970 2972 
15552 451 3505 1845 3282 
15553 751 1389 1390 4363 
15554 3039 876 4178 3056 
15555 872 3248 3040 3042 
15556 905 2464 2463 904 
15557 1750 4480 823 822 
15558 904 905 906 2463 
15559 2465 904 906 2463 
15560 235 1464 2404 2248 
15561 2141 1285 2089 2475 
15562 5032 222 5009 5015 
15563 89 3928 223 200 
15564 2995 3180 5005 4985 
15565 4904 2275 105 1 
15566 1356 2297 3509 3940 
15567 2475 1285 2089 2477 
15568 4590 4830 1566 2413 
15569 3947 1193 1386 2283 
15570 3940 2163 2362 4131 
15571 2411 4605 4901 241 
15572 4387 476 4386 4505 
15573 786 762 3068 763 
15574 2117 3932 3935 3934 
15575 2383 4988 5038 211 
15576 4759 1840 4992 2351 
15577 210 4988 2383 211 
15578 4539 1712 625 492 
15579 3973 5014 4688 5026 
15580 2216 4935 2299 24 
15581 1035 3972 3969 1667 
15582 4924 34 4906 1665 
15583 117 4955 4475 118 
15584 4623 144 2407 5011 
15585 4786 489 1712 492 
15586 3477 586 4407 4261 
15587 5019 4951 21 2110 
15588 4912 4163 120 2373 
15589 4984 770 1887 1768 
15590 3767 1115 3403 3768 
15591 1989 238 4937 59 
15592 4984 3138 3962 3211 
15593 2095 4607 1324 1474 
15594 4761 2398 4958 252 
15595 4869 3666 4967 1353 
15596 3349 1336 1372 1337 
15597 5051 3818 3746 3601 
15598 1479 2146 244 5034 
15599 3305 1681 2153 1680 
15600 3769 255 1509 4729 
15601 255 1509 4729 87 
15602 2451 2341 501 1423 
15603 61 1687 4901 241 
15604 108 4761 109 4958 
15605 1510 1727 255 3823 
15606 199 198 2362 87 
15607 4131 2163 2362 1517 
15608 796 1650 404 4113 
15609 198 86 2362 87 
15610 1901 1067 1166 3431 
15611 269 2126 4818 2414 
15612 181 2365 180 70 
15613 2449 2451 2450 1423 
15614 4944 1690 8 252 
15615 728 3256 3022 4129 
15616 1543 1532 4875 2147 
15617 3769 1510 1395 1509 
15618 221 4799 85 84 
15619 738 3006 3022 3078 
15620 4603 2610 4494 1009 
15621 4918 2412 4546 266 
15622 3775 2128 516 1836 
15623 3752 1162 2076 1164 
15624 4944 8 4958 252 
15625 810 3006 3079 4145 
15626 4665 1496 4628 1495 
15627 845 1702 3154 2056 
15628 810 738 1088 3079 
15629 4656 4944 2398 1690 
15630 2385 242 2314 2210 
15631 11 4909 2210 242 
15632 4731 1604 4157 4156 
15633 1675 1380 263 3846 
15634 3935 3938 2331 4300 
15635 277 1057 3357 4300 
15636 1034 896 5037 1529 
15637 278 3356 279 280 
15638 4777 277 3357 4300 
15639 2931 290 2934 1973 
15640 2931 1973 2934 2932 
15641 3391 1376 1381 2056 
15642 1411 3908 1480 4806 
15643 40 4907 4902 1674 
15644 3989 3630 3990 301 
15645 465 3446 2750 2748 
15646 300 3630 299 301 
15647 1871 2814 523 2782 
15648 687 2827 2826 2785 
15649 1732 2975 4496 4971 
15650 1743 2552 767 312 
15651 405 4279 404 4113 
15652 3681 3862 3566 1361 
15653 2552 1743 767 2547 
15654 1805 2126 3892 4818 
15655 4381 269 3879 2414 
15656 4332 3655 4331 530 
15657 309 311 310 4483 
15658 738 3006 3078 3079 
15659 257 4249 1792 76 
15660 256 4733 4845 2361 
15661 1650 405 404 4113 
15662 310 311 4030 4483 
15663 1136 4484 3297 4406 
15664 313 311 2567 4030 
15665 1030 977 2133 3696 
15666 936 4038 2006 1118 
15667 3121 1089 1088 3079 
15668 4057 3237 321 319 
15669 3237 321 2763 2703 
15670 2352 102 101 213 
15671 3919 4748 1418 251 
15672 3921 1160 5046 1418 
15673 535 2814 534 523 
15674 4823 2274 3913 4584 
15675 3006 738 810 3079 
15676 4174 948 2485 4168 
15677 465 2748 2750 2749 
15678 2748 465 545 2749 
15679 3842 4541 4441 556 
15680 4526 1501 2292 3703 
15681 3679 3215 1713 4666 
15682 3089 2077 1014 1016 
15683 947 949 4168 948 
15684 614 621 613 4604 
15685 2548 2553 1744 2725 
15686 320 319 4360 318 
15687 4053 2317 2145 1744 
15688 3701 3864 5031 1417 
15689 4713 3818 2383 4966 
15690 4203 1505 4204 4041 
15691 3457 1503 3218 4151 
15692 3188 3322 3893 1806 
15693 385 392 3399 384 
15694 4541 557 4441 556 
15695 3851 4781 3431 1067 
15696 4409 4460 567 3260 
15697 2317 4053 2548 1744 
15698 2553 1743 1744 343 
15699 640 2653 1885 2705 
15700 354 3653 4395 4058 
15701 2341 502 2279 4697 
15702 2345 4671 2305 1638 
15703 3331 3333 3332 4961 
15704 2645 2644 1264 2604 
15705 1169 1939 2893 1172 
15706 348 4568 350 351 
15707 2102 1475 791 2700 
15708 570 568 569 4409 
15709 4557 1208 2 4558 
15710 71 268 2380 72 
15711 218 2420 2173 3321 
15712 3185 3130 4058 351 
15713 276 1476 4802 5042 
15714 3789 4962 3332 4961 
15715 1631 3130 3185 351 
15716 3169 3168 3088 281 
15717 2290 3461 4382 3601 
15718 3379 1340 4864 3555 
15719 3125 3268 1963 3983 
15720 2224 3538 3539 3537 
15721 1893 1099 4685 3024 
15722 2123 785 1471 2919 
15723 4339 1927 1260 2186 
15724 4466 1697 365 367 
15725 2916 2157 1471 4262 
15726 302 4372 2919 2123 
15727 4409 568 569 567 
15728 2566 2568 2565 1551 
15729 3538 3749 2224 3539 
15730 1719 360 362 3233 
15731 729 3569 1572 3395 
15732 2559 4152 3482 316 
15733 3366 4466 3537 367 
15734 3386 3543 1610 917 
15735 2268 3303 1075 3453 
15736 933 2524 932 934 
15737 4477 784 690 783 
15738 342 2806 1843 2181 
15739 777 3366 369 367 
15740 881 3032 1538 378 
15741 3751 374 3854 1759 
15742 1796 3521 690 577 
15743 392 3481 384 1106 
15744 4137 3378 926 3377 
15745 1618 331 3360 787 
15746 346 3789 339 345 
15747 695 3754 1671 3753 
15748 1558 3626 2067 5049 
15749 3855 374 3751 4870 
15750 330 332 2866 2978 
15751 4885 3753 4602 1671 
15752 3753 4602 1671 4844 
15753 354 830 1537 4395 
15754 2403 4665 4628 1495 
15755 3232 364 365 363 
15756 695 3578 1671 578 
15757 430 2709 4743 457 
15758 457 5018 754 459 
15759 1672 3754 1671 695 
15760 590 4478 4479 589 
15761 2015 3246 587 589 
15762 2539 1964 4738 1658 
15763 2768 2722 2794 1419 
15764 398 4710 393 3618 
15765 3246 4478 587 589 
15766 1140 2786 4494 1877 
15767 1703 3499 1704 2231 
15768 4084 381 4237 3034 
15769 757 2214 4472 1623 
15770 2722 1413 1419 887 
15771 1807 4112 1084 3484 
15772 2882 1939 1170 3189 
15773 4229 1703 2554 411 
15774 1039 3503 4530 4508 
15775 2902 432 426 446 
15776 409 407 1704 2560 
15777 4007 2997 603 600 
15778 3472 1217 3471 2187 
15779 3664 4500 3662 1592 
15780 2993 2997 600 601 
15781 4702 938 416 1756 
15782 2196 3499 1704 2563 
15783 810 1089 1100 4146 
15784 2561 405 3141 407 
15785 1008 542 2952 796 
15786 3219 443 4010 2622 
15787 368 2148 2224 3538 
15788 3017 2850 2851 611 
15789 2850 3017 792 611 
15790 3446 456 3958 4312 
15791 2847 2850 611 2851 
15792 4659 2017 1922 1132 
15793 2828 2759 532 3958 
15794 4009 1525 1753 442 
15795 4246 3027 2765 468 
15796 4368 3719 4611 1858 
15797 3334 3281 467 2793 
15798 920 3543 3738 917 
15799 1246 927 1041 2496 
15800 2623 403 442 1753 
15801 662 4222 4468 4069 
15802 2621 403 437 2620 
15803 4427 1934 3540 1117 
15804 2499 2497 1946 4811 
15805 3419 485 483 484 
15806 4264 4387 475 477 
15807 401 2621 403 402 
15808 438 2619 453 437 
15809 4196 1046 2219 1045 
15810 3100 3093 3095 1979 
15811 1241 2471 4177 2473 
15812 729 3569 669 1572 
15813 3809 1842 4640 1735 
15814 4225 1070 2447 2445 
15815 1090 2724 545 1121 
15816 513 4679 1836 512 
15817 2445 2443 955 2444 
15818 2751 1717 2749 4022 
15819 4270 696 3084 4591 
15820 1118 2046 1907 4039 
15821 870 1857 2673 1856 
15822 1922 4659 1132 4716 
15823 1090 1122 1856 2723 
15824 894 1642 1643 3427 
15825 709 4660 1905 635 
15826 3688 4588 1905 4593 
15827 4313 4368 928 3523 
15828 1767 471 475 4263 
15829 1236 873 3044 3042 
15830 3828 487 486 4719 
15831 3683 3828 486 4719 
15832 3776 3774 3777 516 
15833 1934 4535 2019 1968 
15834 3113 3114 3115 734 
15835 4719 489 488 486 
15836 3531 2630 1148 2653 
15837 630 4442 1979 627 
15838 1905 4588 1927 1260 
15839 2270 3867 1022 3035 
15840 3532 1257 3087 2728 
15841 4659 3073 1132 4716 
15842 1967 1345 1463 2924 
15843 1068 3070 966 4841 
15844 487 4719 488 486 
15845 1996 2719 1130 1143 
15846 2719 1996 3447 1143 
15847 3939 2937 288 2939 
15848 1567 4590 1566 4163 
15849 2182 1682 4003 4311 
15850 3895 2979 3894 497 
15851 4401 4371 1924 4518 
15852 462 3903 3597 3902 
15853 3642 3521 1796 577 
15854 3642 1721 1976 4211 
15855 3334 3521 3642 577 
15856 3895 4744 2979 497 
15857 3895 498 4744 497 
15858 1925 4385 1924 644 
15859 2409 240 4938 2010 
15860 642 4371 644 1924 
15861 590 3648 789 3518 
15862 2139 1785 1154 3668 
15863 4418 4521 879 1154 
15864 3364 386 2094 1757 
15865 777 369 3284 1757 
15866 535 1871 2814 523 
15867 1662 2718 1235 1661 
15868 4998 1661 2991 2989 
15869 600 4998 2991 5044 
15870 2070 777 3284 1757 
15871 4418 3668 4521 1154 
15872 1729 4180 721 2083 
15873 3655 1921 3207 530 
15874 2990 4071 4998 5020 
15875 530 1921 3207 534 
15876 535 3257 534 2814 
15877 1892 2656 4004 3456 
15878 1888 749 3172 1883 
15879 4181 2064 721 2083 
15880 2955 1729 701 723 
15881 5032 2236 2332 5026 
15882 3237 4057 321 2703 
15883 4180 2955 1729 721 
15884 1555 1079 868 2921 
15885 2878 2093 2881 2879 
15886 3164 3098 1208 3408 
15887 2336 3098 3099 1207 
15888 3296 3813 1197 4506 
15889 247 2035 3885 4499 
15890 641 2878 1168 1947 
15891 3534 3793 737 3535 
15892 3074 2114 4659 1132 
15893 937 3292 4316 4437 
15894 5028 5017 1768 4983 
15895 1915 73 218 3836 
15896 2069 1134 3561 2019 
15897 1969 3699 1341 1137 
15898 3003 3177 4356 541 
15899 3177 799 4356 541 
15900 937 3292 1808 798 
15901 3661 1762 2950 710 
15902 2744 2291 552 554 
15903 2740 1393 554 2132 
15904 2896 748 688 1583 
15905 4125 2111 2958 4124 
15906 3276 1888 3170 3172 
15907 4182 2843 2868 653 
15908 2740 557 2132 554 
15909 3852 711 3671 4694 
15910 4698 3743 4460 565 
15911 2897 748 1583 835 
15912 1272 4038 4021 2046 
15913 2610 2608 2609 1139 
15914 4816 3807 3106 1452 
15915 667 3573 664 4046 
15916 1881 2906 4314 703 
15917 3151 4134 2100 1194 
15918 3106 1452 4894 1460 
15919 1366 1296 5033 3724 
15920 733 1795 3255 483 
15921 2102 2700 2716 2702 
15922 4145 810 1100 4146 
15923 645 1882 2767 4571 
15924 579 2828 532 1514 
15925 573 572 4015 574 
15926 3147 3263 2079 3146 
15927 3446 456 2750 3958 
15928 1090 2724 2748 545 
15929 3010 573 4015 574 
15930 4280 746 3009 582 
15931 1217 3470 3471 3469 
15932 4280 583 582 3011 
15933 573 3010 582 574 
15934 2069 951 953 3756 
15935 3009 3010 3011 582 
15936 4062 2057 4105 3013 
15937 3223 4105 692 3013 
15938 574 3012 3011 2078 
15939 4479 3544 591 4549 
15940 1230 1354 3883 2204 
15941 1604 4156 231 4157 
15942 2104 1389 3149 2134 
15943 535 1871 1894 2772 
15944 2025 4678 2165 1916 
15945 1556 1839 4052 2536 
15946 3359 4621 912 4573 
15947 3065 720 3066 719 
15948 3226 1303 3227 1329 
15949 5049 1558 1557 2067 
15950 1541 3158 1578 720 
15951 4180 4181 721 2083 
15952 1795 3373 3255 481 
15953 5023 3984 776 5004 
15954 1785 4418 879 1154 
15955 1177 2682 2683 1434 
15956 907 905 2461 2463 
15957 3138 3180 3181 5013 
15958 2788 815 1822 814 
15959 1673 4220 1978 2000 
15960 598 1662 4998 5020 
15961 4654 3835 2572 699 
15962 4326 3419 483 3255 
15963 1602 1604 231 4157 
15964 1035 3976 3969 3414 
15965 4427 1117 1812 1968 
15966 2906 854 2859 703 
15967 2851 1706 611 609 
15968 4423 683 710 677 
15969 3382 1707 3264 3387 
15970 1708 3263 1278 2079 
15971 1934 4427 1968 1117 
15972 749 607 609 3977 
15973 4684 3661 710 4769 
15974 3553 2726 629 631 
15975 2860 474 472 2862 
15976 1120 1107 3276 1108 
15977 2718 2990 4998 5020 
15978 770 5008 1903 5013 
15979 797 2993 5001 601 
15980 806 3906 808 3905 
15981 3549 3547 1918 3548 
15982 427 4269 2902 426 
15983 2860 2861 2809 472 
15984 1065 4414 2296 3337 
15985 4126 742 2825 741 
15986 2040 655 2954 721 
15987 2046 4020 1907 4039 
15988 630 632 3553 631 
15989 2685 1178 2682 4208 
15990 2762 1809 4050 394 
15991 1809 2685 4050 4208 
15992 2984 359 358 4081 
15993 1795 481 3255 483 
15994 3939 287 288 4013 
15995 4371 642 644 2714 
15996 3083 3124 860 3082 
15997 4181 2040 2954 721 
15998 3083 860 1058 2294 
15999 2966 1734 4974 2968 
16000 718 2874 1923 852 
16001 4174 948 4795 1157 
16002 4308 4484 1186 1377 
16003 2587 1150 2584 1152 
16004 3074 984 2114 972 
16005 2959 2960 2961 732 
16006 3501 4764 3372 1942 
16007 795 4973 780 4974 
16008 1992 2630 1885 1148 
16009 3858 2030 4749 3860 
16010 2269 3030 4250 2844 
16011 2335 4271 3381 3755 
16012 2093 1168 1170 2879 
16013 1785 3668 4418 1154 
16014 3265 3217 2026 1165 
16015 2961 2962 1634 2963 
16016 3217 1431 2026 1165 
16017 3037 3039 3056 877 
16018 878 4354 1001 1000 
16019 949 1045 4103 4795 
16020 949 948 4795 4168 
16021 874 3039 3041 3040 
16022 2957 2960 2959 732 
16023 2546 1270 2494 1965 
16024 4194 1796 4416 885 
16025 731 2960 2957 732 
16026 1257 2729 3087 2728 
16027 1766 749 3361 3977 
16028 4222 4304 3475 1586 
16029 3021 3019 4046 1724 
16030 599 1530 5001 797 
16031 3324 592 3643 1777 
16032 3389 3217 3265 1165 
16033 3373 1795 3255 3374 
16034 2236 1290 5026 4968 
16035 929 914 915 4576 
16036 771 322 1611 2803 
16037 3192 3245 3255 483 
16038 4580 457 1735 3702 
16039 3389 1431 3217 1165 
16040 493 3404 4215 3409 
16041 295 1790 3825 4850 
16042 4726 1653 911 4686 
16043 625 3004 492 494 
16044 3463 1597 1392 2268 
16045 3708 4775 3709 1511 
16046 4238 979 3359 912 
16047 2203 944 3779 4068 
16048 4029 317 3482 4360 
16049 1054 1710 1711 2892 
16050 4051 3481 4640 1106 
16051 322 2764 324 1611 
16052 4051 3481 1106 384 
16053 2883 685 2830 2829 
16054 4238 3204 3359 979 
16055 5018 4975 5022 459 
16056 2286 2583 2582 2584 
16057 744 685 2829 684 
16058 2775 2801 2802 1825 
16059 3741 940 3492 986 
16060 1788 3159 4120 3442 
16061 4578 1087 4287 765 
16062 1142 2631 2712 2591 
16063 419 421 3162 1878 
16064 3532 1288 2728 4379 
16065 3038 1827 2892 4193 
16066 3334 3347 577 466 
16067 2828 579 2759 2800 
16068 1213 4742 1719 4257 
16069 367 4466 3537 4465 
16070 698 4654 2572 699 
16071 707 698 803 2502 
16072 470 2861 1812 472 
16073 2500 698 2502 803 
16074 4578 1087 3559 4287 
16075 894 4794 1672 697 
16076 3598 1261 2130 3110 
16077 3578 3753 1671 578 
16078 997 828 996 2426 
16079 3406 3620 3583 1176 
16080 1739 78 189 2405 
16081 638 641 1947 4380 
16082 4643 1072 1261 4860 
16083 2590 3028 1850 1260 
16084 3754 1672 1671 3753 
16085 4885 1794 1671 1793 
16086 1258 4561 1726 3667 
16087 4602 511 1671 4844 
16088 829 3127 2747 853 
16089 2779 2746 4410 552 
16090 2437 713 712 2901 
16091 1087 1758 4578 1846 
16092 1796 784 690 4477 
16093 3522 3521 578 3546 
16094 3546 3521 578 690 
16095 3876 3877 2065 1836 
16096 4117 533 823 822 
16097 1873 2467 1239 2469 
16098 1873 2467 922 1654 
16099 1730 540 2013 2480 
16100 3278 3146 3953 1278 
16101 511 1793 4602 1671 
16102 3578 3522 3753 578 
16103 445 3446 4319 456 
16104 3522 3578 3546 578 
16105 1989 58 4954 4948 
16106 2959 732 1634 833 
16107 1711 1827 2890 2892 
16108 867 4073 869 1775 
16109 3195 3985 2976 4987 
16110 90 91 1997 202 
16111 1045 4196 4795 4175 
16112 1710 3037 2892 3036 
16113 3157 4491 3335 547 
16114 1180 3617 4673 4631 
16115 2578 2125 1955 428 
16116 2961 3984 776 2976 
16117 3833 1800 4805 2008 
16118 1028 980 1155 4338 
16119 1763 2578 1955 428 
16120 3384 3360 787 4121 
16121 997 828 2427 1931 
16122 3360 2225 787 4121 
16123 2845 739 741 1821 
16124 3029 1100 1821 1902 
16125 1102 3494 3139 4281 
16126 1365 1367 1061 2533 
16127 1156 1365 1061 2533 
16128 1895 1620 1636 4130 
16129 3620 3406 3689 1176 
16130 2741 3127 829 1951 
16131 551 3542 4454 4410 
16132 727 728 1636 4129 
16133 4130 727 1636 4129 
16134 3943 1263 3480 3942 
16135 3345 799 866 1890 
16136 3345 799 3177 866 
16137 4966 5034 1412 4967 
16138 3807 1453 1452 4816 
16139 740 4126 3005 741 
16140 742 2825 741 814 
16141 1890 3345 1137 866 
16142 4126 2825 3005 741 
16143 2896 688 747 3946 
16144 1054 2891 3036 2892 
16145 748 3105 3944 820 
16146 883 2894 4207 882 
16147 750 687 2826 882 
16148 3325 4207 882 884 
16149 1118 3325 1548 884 
16150 1054 3036 3198 1053 
16151 3325 2784 882 2826 
16152 665 667 668 3572 
16153 4126 740 742 741 
16154 3691 1534 2285 3310 
16155 2894 4207 882 2826 
16156 3030 2269 2243 1902 
16157 2630 2587 1150 2602 
16158 641 2863 640 2732 
16159 4215 493 3409 492 
16160 280 3356 3167 3461 
16161 2882 4469 1170 2879 
16162 4614 1787 420 418 
16163 2630 2587 4320 1148 
16164 2140 2770 3506 4868 
16165 4378 993 3464 4109 
16166 1508 4204 1007 1506 
16167 2677 2679 965 4034 
16168 3485 1208 2 4557 
16169 2941 1346 1504 2188 
16170 4042 4766 1506 4204 
16171 5049 3333 3332 4846 
16172 3252 1866 4334 4734 
16173 2244 4594 4265 1751 
16174 4981 4973 780 794 
16175 712 694 3649 2901 
16176 452 1569 831 3329 
16177 830 960 2776 831 
16178 4834 3748 3891 2199 
16179 3329 2776 831 3328 
16180 2792 2766 646 2767 
16181 1254 3870 1559 4043 
16182 3681 3862 1361 4892 
16183 2324 2062 2416 271 
16184 73 2390 1803 230 
16185 3689 1173 1174 1176 
16186 2359 75 186 74 
16187 786 3206 832 800 
16188 2359 1831 218 2420 
16189 1508 865 3669 800 
16190 188 258 2360 76 
16191 1081 3567 1179 3617 
16192 4171 2490 1271 1627 
16193 3039 874 876 877 
16194 3206 4306 3669 800 
16195 3406 1173 3689 1176 
16196 3436 3206 3669 800 
16197 3421 1560 1020 1115 
16198 5036 212 5038 4982 
16199 3984 5023 3986 5004 
16200 105 2274 4905 1 
16201 5023 776 780 844 
16202 865 832 3436 800 
16203 1641 806 1852 3108 
16204 1642 894 3764 3427 
16205 3844 1386 241 2283 
16206 1640 849 809 4239 
16207 264 53 2206 4932 
16208 3906 806 808 807 
16209 805 2508 2507 1621 
16210 1621 2509 2507 4254 
16211 3797 3516 2107 3517 
16212 2105 3785 1605 4879 
16213 4669 1954 1559 4043 
16214 848 1607 3437 1600 
16215 3870 4545 1559 4043 
16216 2896 748 3944 747 
16217 739 740 3005 741 
16218 2506 804 2507 2505 
16219 804 2506 2507 805 
16220 2355 1851 3536 3621 
16221 2707 2726 2706 1911 
16222 2845 739 3005 741 
16223 223 88 200 3940 
16224 826 2509 2511 2510 
16225 3059 4161 2044 890 
16226 861 762 3068 786 
16227 1609 4550 2054 2022 
16228 2601 2201 2629 1113 
16229 3358 3204 3343 1594 
16230 3356 278 279 3357 
16231 4937 60 1687 4919 
16232 4904 3 217 4822 
16233 2875 852 1132 3073 
16234 4748 251 2232 1571 
16235 251 2399 4806 1480 
16236 223 4867 2086 2297 
16237 4242 3056 4521 879 
16238 1640 4240 4239 4622 
16239 4848 949 4795 4168 
16240 875 878 1000 3055 
16241 3565 2139 3564 3563 
16242 3571 4562 670 3574 
16243 2511 826 2510 2512 
16244 2546 1965 2494 3023 
16245 4066 328 2811 329 
16246 993 3474 1251 4123 
16247 2515 827 2512 4239 
16248 4194 1976 2484 4211 
16249 2121 4150 4189 261 
16250 2073 1600 3392 3437 
16251 2610 2612 1139 2611 
16252 4251 2513 2528 987 
16253 2612 2022 1139 2611 
16254 1667 1289 1033 5026 
16255 2073 1608 1381 3392 
16256 2609 2610 1139 2611 
16257 3455 3800 1313 4008 
16258 3591 1332 3744 1298 
16259 667 669 668 3570 
16260 4495 4260 838 994 
16261 3633 3120 3307 1307 
16262 669 3571 668 3570 
16263 663 1609 2636 4487 
16264 2685 1178 1436 1435 
16265 2020 3224 3225 3223 
16266 4555 3701 1416 3585 
16267 4803 248 1469 1473 
16268 2883 3085 2884 745 
16269 570 572 671 4026 
16270 3085 839 3953 1889 
16271 566 1681 651 3742 
16272 2198 2151 4311 1682 
16273 531 4332 549 550 
16274 559 529 5002 558 
16275 2883 685 939 2830 
16276 3349 1336 1337 1069 
16277 1872 1091 4622 4512 
16278 3601 2290 4419 4382 
16279 1156 2530 2527 4690 
16280 1347 2999 2358 1964 
16281 3043 875 1000 3055 
16282 1244 2030 3860 4749 
16283 3941 2322 1358 4359 
16284 3389 3941 1358 4359 
16285 1431 3389 3941 1358 
16286 2322 1431 3941 1358 
16287 3736 3472 1216 3473 
16288 3796 2229 1560 1115 
16289 4163 119 2413 4930 
16290 1115 970 1020 3403 
16291 2333 4104 4497 3371 
16292 4868 1649 2155 4817 
16293 350 4962 1957 3330 
16294 293 295 4850 1790 
16295 2937 555 2098 288 
16296 2546 2150 3220 3448 
16297 1560 1023 3421 1020 
16298 1281 2018 4253 2012 
16299 1387 3976 1698 4809 
16300 29 4946 4956 1670 
16301 1602 4394 1599 1606 
16302 2860 2861 1812 4356 
16303 4898 2391 4153 248 
16304 4115 3248 871 4114 
16305 3248 4115 871 823 
16306 872 3248 871 823 
16307 2894 750 2826 882 
16308 4581 91 1495 1498 
16309 4332 531 549 530 
16310 3657 4778 4155 2320 
16311 2333 4104 2215 1472 
16312 975 3815 4492 3464 
16313 2476 2770 3506 2140 
16314 1807 1516 1084 4112 
16315 2234 1728 3311 2338 
16316 2038 3144 2884 4111 
16317 388 381 1617 4237 
16318 4851 3747 4166 1669 
16319 3685 4522 1922 549 
16320 3994 3996 1933 305 
16321 2376 238 1363 2041 
16322 1989 58 59 4954 
16323 625 903 904 2464 
16324 2246 4005 743 4012 
16325 903 905 904 2464 
16326 2467 2465 2466 1654 
16327 1444 4218 1445 2695 
16328 2330 4636 4934 4952 
16329 4110 573 791 571 
16330 2696 1444 2154 2192 
16331 189 78 1715 4190 
16332 907 909 908 4649 
16333 3996 3994 1933 4626 
16334 3809 3635 3616 5018 
16335 2170 4051 3209 1106 
16336 4589 4596 897 3968 
16337 4000 2356 4626 1933 
16338 3967 4596 3968 897 
16339 374 376 3854 1759 
16340 2124 3853 2149 1759 
16341 1455 2124 3853 2149 
16342 2487 1653 908 4187 
16343 4095 1677 915 4094 
16344 4929 1468 4438 4911 
16345 3976 1387 1698 1093 
16346 1329 1301 3227 1993 
16347 4920 2409 136 4149 
16348 4139 4621 909 910 
16349 3996 4000 4626 1933 
16350 106 4923 4584 107 
16351 1838 929 930 4097 
16352 3349 1337 1372 4419 
16353 3159 1853 3341 3442 
16354 1589 4537 2033 1286 
16355 1417 1490 2033 5047 
16356 4810 2247 926 1648 
16357 190 78 189 4190 
16358 234 1490 97 5047 
16359 2308 4200 2272 4201 
16360 4137 2247 926 4810 
16361 1765 2308 2272 4201 
16362 1653 2487 4726 4212 
16363 3378 4137 926 4810 
16364 3345 3177 3176 866 
16365 555 2940 1547 2939 
16366 3996 305 307 1933 
16367 2932 1507 2098 2936 
16368 3556 3875 3784 1362 
16369 1868 4548 1782 1960 
16370 295 3980 4850 3825 
16371 969 2971 2183 2970 
16372 521 479 4232 2089 
16373 1129 3686 1960 1808 
16374 309 436 3999 307 
16375 3345 3700 866 4316 
16376 3003 474 3104 798 
16377 921 4868 2155 4817 
16378 3292 3104 798 3176 
16379 1137 1043 866 3700 
16380 959 1002 3770 1187 
16381 3434 4764 1944 3372 
16382 902 2658 901 923 
16383 915 931 2846 4094 
16384 4764 3434 1944 1942 
16385 3615 959 3770 1187 
16386 2764 2704 323 4047 
16387 1553 2594 2595 2569 
16388 1348 2193 1187 4342 
16389 933 1838 4052 1839 
16390 2810 2159 1368 2865 
16391 3613 1432 2193 1187 
16392 4882 3839 2393 4972 
16393 4955 2377 117 4475 
16394 3899 4896 121 2373 
16395 2915 2913 2914 1429 
16396 4090 2300 1575 4329 
16397 2317 2115 1744 2548 
16398 2225 4121 2169 787 
16399 913 4095 915 4573 
16400 4445 1629 909 913 
16401 3421 1115 1020 3403 
16402 2487 1653 1239 4212 
16403 2523 2524 941 932 
16404 3615 3613 2193 1187 
16405 684 686 580 4285 
16406 4292 1788 4120 3442 
16407 2894 2827 750 2895 
16408 750 2827 688 1583 
16409 1002 1432 3614 1187 
16410 1600 2073 3392 1608 
16411 2523 4092 941 2525 
16412 4202 1965 1861 340 
16413 1853 3586 1161 1416 
16414 1508 4766 842 4306 
16415 1965 4202 4107 340 
16416 1499 3483 3515 3418 
16417 1629 4445 4095 913 
16418 1487 1695 2250 3803 
16419 4449 4391 3515 1733 
16420 1687 2411 4901 241 
16421 2827 687 688 3946 
16422 3769 2387 4729 1509 
16423 943 2525 934 2540 
16424 1861 4202 340 1966 
16425 944 942 4838 2540 
16426 4082 1622 1612 2144 
16427 3032 1538 380 3196 
16428 2350 3432 1003 2250 
16429 3424 1486 1487 3923 
16430 1787 3576 4614 3577 
16431 2904 440 2837 2903 
16432 4585 3432 3878 1003 
16433 2495 4202 1861 2518 
16434 1787 2137 3507 1819 
16435 1013 2872 1015 1014 
16436 4792 1019 3682 4699 
16437 3089 2872 1014 2948 
16438 610 608 660 4349 
16439 2812 2850 615 2847 
16440 2027 705 2819 624 
16441 4636 157 2372 4934 
16442 2236 5032 222 5009 
16443 2872 1272 1014 2948 
16444 1560 3796 1115 3421 
16445 3802 2156 2162 4939 
16446 947 847 2488 1627 
16447 1271 1025 1627 2492 
16448 2488 847 2490 1627 
16449 1910 2775 1826 1825 
16450 1035 1387 3976 1093 
16451 4171 1626 2490 1627 
16452 979 914 3359 912 
16453 783 784 846 2998 
16454 929 4097 4576 915 
16455 4170 1699 2281 271 
16456 744 4286 1660 684 
16457 3862 4170 2396 1699 
16458 3952 1411 3681 1248 
16459 2801 447 2802 1825 
16460 784 2489 847 846 
16461 4891 249 1700 2396 
16462 893 4083 3020 3002 
16463 1109 4449 1733 838 
16464 1626 4171 2490 2947 
16465 945 1826 3871 1825 
16466 4922 2062 2416 4587 
16467 1822 815 2754 963 
16468 1058 3267 1828 1513 
16469 4170 3862 2281 1699 
16470 2117 3934 3935 1691 
16471 2755 1822 2754 963 
16472 1046 949 4103 1047 
16473 3281 463 462 466 
16474 2953 1076 4782 3819 
16475 1270 2150 2546 1271 
16476 476 3342 1782 4303 
16477 1861 4202 1966 2518 
16478 3281 3334 467 466 
16479 1087 1952 3672 1988 
16480 3124 3083 860 1058 
16481 3125 3083 3124 1058 
16482 907 1125 4365 2853 
16483 1541 3487 4545 3251 
16484 1050 2537 1373 2543 
16485 971 3124 860 1058 
16486 1817 1738 941 2523 
16487 2531 1556 933 1839 
16488 971 3125 3124 1058 
16489 2344 1658 527 4738 
16490 1081 3567 1064 1080 
16491 2999 1347 3872 1964 
16492 4229 4200 2272 429 
16493 1620 4489 4485 4569 
16494 1432 3613 3614 1187 
16495 4148 4610 4711 2097 
16496 3613 3615 3614 1187 
16497 3567 3617 3376 1179 
16498 1580 794 840 5024 
16499 1910 2713 1958 1826 
16500 3197 2878 4380 1947 
16501 1045 4196 4103 4795 
16502 3773 2128 2087 1198 
16503 3576 4614 4648 418 
16504 1633 2539 1658 1964 
16505 423 4457 424 426 
16506 918 1653 4726 4212 
16507 1081 1180 3617 1179 
16508 3567 1081 1179 1080 
16509 2840 3032 378 380 
16510 867 825 868 4074 
16511 2889 2289 736 2209 
16512 2116 1835 3275 2045 
16513 3050 3048 4323 1798 
16514 3690 3617 4673 1229 
16515 1360 2913 1429 2912 
16516 2762 2687 4050 1809 
16517 3129 3184 1810 356 
16518 960 830 2681 1097 
16519 2953 2913 1077 1359 
16520 4275 1820 778 2848 
16521 905 903 2462 2464 
16522 1226 1181 1044 4800 
16523 3243 4368 1858 4299 
16524 509 2817 508 2816 
16525 2953 1359 1077 4782 
16526 1653 918 1239 4212 
16527 3428 3318 3275 1835 
16528 1004 3182 854 863 
16529 3294 3100 2048 824 
16530 1860 4865 4344 3580 
16531 2035 3433 1944 2211 
16532 3736 1091 4622 3473 
16533 452 3653 354 350 
16534 1754 1019 1029 4699 
16535 4753 3609 1482 4808 
16536 810 3006 1821 739 
16537 3006 2845 1821 739 
16538 1100 1102 1902 4281 
16539 1063 3503 3201 3375 
16540 3140 1277 1066 2085 
16541 3089 2872 4065 1014 
16542 3139 1102 2243 1396 
16543 1219 3622 4575 3817 
16544 2718 1662 1235 1875 
16545 1662 2718 4005 1875 
16546 3637 3305 3636 1680 
16547 4986 595 594 4266 
16548 2718 1235 2676 1875 
16549 4005 2718 2676 1875 
16550 2195 3884 3781 3495 
16551 1996 705 1971 2721 
16552 2773 705 3987 2721 
16553 4510 4214 1632 3500 
16554 2825 2845 741 816 
16555 2720 1996 2721 2719 
16556 4200 2308 2272 429 
16557 3732 4149 1462 1698 
16558 2741 1951 996 4404 
16559 1860 4865 4317 1267 
16560 2741 829 996 1951 
16561 1068 3070 1346 1504 
16562 1004 3182 3370 3183 
16563 3428 1835 2116 1929 
16564 3771 4747 1737 1198 
16565 507 2834 2816 508 
16566 713 3914 2437 714 
16567 2432 2431 2433 2061 
16568 2316 2581 1878 2580 
16569 2856 1398 2857 2798 
16570 2431 1833 2433 2061 
16571 1985 1247 1966 2518 
16572 1283 3203 1284 2032 
16573 2138 3513 4514 3165 
16574 1127 1142 1128 2631 
16575 4996 1373 2545 4971 
16576 1182 2731 1938 2735 
16577 2093 3197 737 1947 
16578 1644 1980 1643 3258 
16579 3252 2431 772 4674 
16580 3301 3202 2032 3203 
16581 289 1503 673 4367 
16582 544 535 1894 2772 
16583 4779 2315 3841 4884 
16584 1992 773 2635 2043 
16585 554 557 556 4441 
16586 2104 1833 2061 2433 
16587 4878 4634 1986 2241 
16588 4723 3241 4362 2043 
16589 4018 1145 4396 4019 
16590 2515 1640 4239 3596 
16591 1882 4723 4362 2043 
16592 1512 3708 1513 1511 
16593 3709 293 4850 1790 
16594 4788 1521 1811 4751 
16595 1347 2212 1216 3736 
16596 4788 1811 3989 4751 
16597 1929 782 1779 4694 
16598 357 355 2987 356 
16599 4747 3773 2087 1198 
16600 3652 1897 4245 4498 
16601 1206 2909 4996 2545 
16602 1347 3736 1216 1091 
16603 4276 1897 4498 2045 
16604 3470 4699 1029 3473 
16605 642 4401 2732 4371 
16606 3771 3773 4747 1198 
16607 1091 4240 3473 1029 
16608 1145 4396 4019 1273 
16609 1650 2564 2571 2166 
16610 1180 2240 4673 1229 
16611 2876 1607 3155 3959 
16612 3241 4667 2131 4723 
16613 3241 4723 2131 2043 
16614 856 2671 1040 855 
16615 2082 1179 3654 1229 
16616 3184 1631 356 3130 
16617 3659 4253 4297 2012 
16618 1054 4242 1053 880 
16619 3877 3876 2065 4701 
16620 4346 1202 1215 4347 
16621 1972 1215 4347 2012 
16622 3659 1281 4253 2012 
16623 1215 3659 4347 2012 
16624 4297 1972 4347 2012 
16625 2571 2570 2604 2166 
16626 2443 955 2442 1748 
16627 2919 785 1471 1429 
16628 944 942 959 4838 
16629 662 4222 4069 657 
16630 2605 2120 2571 2604 
16631 1189 1188 1055 3302 
16632 5023 776 844 5004 
16633 2370 4517 1670 2257 
16634 3659 1215 4347 3660 
16635 2570 2196 4268 1264 
16636 3989 1811 3990 4751 
16637 4644 3877 512 2065 
16638 4695 3712 4661 1953 
16639 1831 218 2420 2173 
16640 1126 1974 1999 3187 
16641 4517 2194 1214 4189 
16642 3820 2082 768 3882 
16643 249 4720 4891 2309 
16644 2173 2025 3321 1218 
16645 1931 2429 2001 4333 
16646 620 680 4289 679 
16647 2422 1228 2173 1051 
16648 4777 2088 277 4300 
16649 3900 128 4916 129 
16650 104 216 2418 105 
16651 575 548 3335 547 
16652 265 5050 5019 2264 
16653 4343 3774 3772 2171 
16654 848 1607 4085 3437 
16655 4392 3787 1599 1601 
16656 2029 4644 512 2065 
16657 2915 985 4782 1077 
16658 2915 2135 2917 4833 
16659 4544 1345 1253 1234 
16660 3127 4435 2747 853 
16661 2753 544 1894 2772 
16662 4644 2029 4701 2065 
16663 3877 4644 4701 2065 
16664 1190 1189 1055 3610 
16665 1228 2421 2422 2173 
16666 851 1234 1555 3869 
16667 1486 1488 3424 1487 
16668 4995 4273 560 659 
16669 3213 3215 3214 2284 
16670 1233 851 3460 3869 
16671 1234 4544 2923 3869 
16672 1164 3752 4501 2076 
16673 236 4990 96 97 
16674 1466 2148 3863 1467 
16675 2350 3804 1502 4585 
16676 3752 4847 4501 2076 
16677 826 1884 987 2511 
16678 5036 100 244 4963 
16679 251 1480 4806 2232 
16680 2088 4777 277 275 
16681 4040 4777 277 3357 
16682 3930 2322 3941 3931 
16683 2513 988 987 827 
16684 2528 1244 1245 987 
16685 826 827 2512 987 
16686 827 2513 2512 987 
16687 1677 4093 4284 1874 
16688 1002 2203 944 3779 
16689 2966 5010 2963 5004 
16690 524 3050 526 3051 
16691 4178 3041 3055 875 
16692 86 2362 87 1517 
16693 4995 1846 1528 2710 
16694 458 430 2640 1544 
16695 1738 2946 2087 4747 
16696 2946 1738 2087 3876 
16697 937 1043 4316 866 
16698 1246 927 4305 1635 
16699 3204 2205 979 1614 
16700 2737 3861 1341 4787 
16701 3861 1969 1341 4787 
16702 330 2865 2811 2866 
16703 3699 3345 1137 1890 
16704 2116 3275 4498 2045 
16705 4317 1043 1267 3700 
16706 2647 1112 2629 2648 
16707 3422 3263 3278 1278 
16708 586 4407 4261 3628 
16709 4790 1615 4745 3759 
16710 3422 1279 3263 1278 
16711 4948 267 2261 4166 
16712 3953 3085 1889 3086 
16713 2649 1096 2651 2650 
16714 2339 4642 1707 802 
16715 2973 2971 2183 1522 
16716 2649 1111 2648 2629 
16717 4973 4981 4974 3986 
16718 860 3083 3082 2294 
16719 5014 5039 1289 1034 
16720 3336 3989 299 3630 
16721 5039 1290 1289 1034 
16722 3589 1646 1302 1304 
16723 3773 3876 4747 2087 
16724 3588 1646 1645 1302 
16725 1247 1985 4811 2518 
16726 1842 3809 754 1735 
16727 3591 1299 1300 1298 
16728 1332 3591 1300 1298 
16729 3234 3305 2127 1680 
16730 584 586 3628 1746 
16731 1496 1497 4628 1495 
16732 1311 3455 1313 4008 
16733 3633 1305 1307 1306 
16734 3477 586 588 4407 
16735 3399 385 384 382 
16736 1594 1592 3343 3662 
16737 3048 1798 1236 4114 
16738 1304 1305 4274 1306 
16739 2460 1904 2459 2457 
16740 4735 3681 1361 4892 
16741 3862 2249 3566 1361 
16742 3118 1310 1731 3964 
16743 3307 1651 3416 4453 
16744 1600 1608 3392 3438 
16745 1651 3307 3416 1308 
16746 3665 1318 4780 2151 
16747 452 3329 831 3328 
16748 4088 3131 1320 1326 
16749 3775 3877 1836 4679 
16750 1014 1012 4140 1016 
16751 3692 1534 3691 3310 
16752 3131 1772 1322 1326 
16753 884 936 4388 4351 
16754 3402 4808 4784 2031 
16755 4537 1589 1032 1286 
16756 2225 1369 4121 4563 
16757 1631 3378 3377 926 
16758 4104 3448 3220 2215 
16759 468 4246 3504 1117 
16760 5049 345 1557 3788 
16761 1323 3173 3261 4055 
16762 1934 3505 3540 1845 
16763 3465 3466 1652 4054 
16764 3877 512 2065 1836 
16765 3223 2020 585 692 
16766 56 232 55 4913 
16767 1949 1464 4703 235 
16768 4533 1901 4534 270 
16769 3477 586 4261 587 
16770 2084 1871 2781 1894 
16771 4462 557 4541 613 
16772 4 2 2415 4558 
16773 1134 2069 3561 3562 
16774 999 1890 4486 1969 
16775 837 940 4471 1968 
16776 3094 3096 1195 843 
16777 3027 4246 3504 468 
16778 4665 1496 1495 228 
16779 973 3547 1918 1056 
16780 4246 4427 3504 1117 
16781 1932 4132 4045 1978 
16782 4427 3540 3504 1117 
16783 3540 1934 3504 1117 
16784 942 4092 4791 2540 
16785 1927 1926 1128 2633 
16786 2949 2797 4199 1036 
16787 1926 2632 1128 2633 
16788 2632 1127 983 1128 
16789 4775 291 3956 293 
16790 1926 2632 983 1128 
16791 38 260 4943 5011 
16792 268 1915 4393 72 
16793 260 4943 5011 4965 
16794 38 1983 260 5011 
16795 3624 3745 1344 3722 
16796 1175 3675 1174 1804 
16797 4943 143 5011 4965 
16798 4623 3824 5011 2407 
16799 2611 4550 2054 4536 
16800 2018 1376 3445 3443 
16801 2337 2937 2098 2936 
16802 5017 3355 3211 3962 
16803 2120 2604 1209 2166 
16804 1876 3718 4494 1009 
16805 4838 942 4791 2540 
16806 2611 2022 1139 2054 
16807 1674 3901 2305 4767 
16808 4249 188 76 257 
16809 224 2370 4778 4155 
16810 2611 2609 2054 1139 
16811 1569 2099 3493 3331 
16812 3158 720 3066 3065 
16813 2630 1992 1150 1148 
16814 4665 2403 3927 228 
16815 1497 1498 4628 1495 
16816 1149 2587 1150 1148 
16817 1915 4393 184 3836 
16818 1049 1369 3194 4540 
16819 71 2126 269 2414 
16820 2048 1197 3095 3101 
16821 2432 2104 2061 2433 
16822 4493 3127 853 4435 
16823 1197 4506 3095 3101 
16824 2444 2442 1748 1203 
16825 502 4697 2230 2279 
16826 2209 2891 1760 1711 
16827 2034 3814 2036 4752 
16828 3096 3098 1196 3097 
16829 1824 1827 3038 4193 
16830 2292 1497 3704 1616 
16831 2462 905 2463 2461 
16832 3703 3697 1616 3704 
16833 2979 502 497 499 
16834 4292 3161 4120 976 
16835 4095 1629 1677 4284 
16836 2269 816 4250 1399 
16837 4414 4213 2296 4250 
16838 1873 2469 1936 2470 
16839 2853 907 2461 2463 
16840 750 1584 2895 1583 
16841 2783 3523 2103 3579 
16842 495 493 4215 494 
16843 4213 1399 2296 4250 
16844 2467 1873 2468 2469 
16845 2007 1010 2605 2120 
16846 814 2825 816 2824 
16847 3371 2333 341 336 
16848 1408 2339 3388 1410 
16849 3087 3837 4886 2200 
16850 1409 3388 3706 3707 
16851 1041 927 1025 2493 
16852 3388 1409 1410 3707 
16853 2491 927 4147 1025 
16854 1041 1270 2494 2493 
16855 3303 2268 4195 3453 
16856 3111 1422 3126 3293 
16857 4107 339 338 340 
16858 1424 3388 1410 3707 
16859 1409 1424 1410 3707 
16860 1641 1642 3764 1852 
16861 698 707 2572 2502 
16862 4292 4680 976 1161 
16863 4593 1905 637 811 
16864 2292 3703 1616 3704 
16865 1421 1420 4267 2142 
16866 3367 2148 4705 370 
16867 2605 2007 2120 1209 
16868 2124 3435 3853 3751 
16869 2007 2605 4226 1209 
16870 4660 4588 3526 1905 
16871 2511 2513 4251 987 
16872 2147 2335 4617 1220 
16873 821 748 2897 835 
16874 4152 2559 314 316 
16875 2553 1743 314 2552 
16876 344 1732 2068 4996 
16877 1829 1223 3819 3612 
16878 2911 5025 2910 2912 
16879 308 3998 4496 4301 
16880 2344 1347 3872 3736 
16881 1596 988 2527 990 
16882 1223 3410 3819 3612 
16883 4092 2946 941 1737 
16884 2137 3507 1819 3469 
16885 2893 3369 1172 4646 
16886 1347 3736 1091 4512 
16887 2493 2491 4147 1025 
16888 520 3081 4343 4448 
16889 2150 1906 3448 2546 
16890 1442 2693 2695 1443 
16891 3283 2070 2888 3284 
16892 3369 1171 1172 4646 
16893 1169 3369 1172 2893 
16894 398 399 393 4710 
16895 2190 1457 3830 4796 
16896 2180 2256 2967 1427 
16897 924 2651 4087 1781 
16898 5018 2190 3616 754 
16899 3369 1169 1172 1171 
16900 4029 317 1553 395 
16901 1456 1454 1458 3761 
16902 2893 3190 4646 1172 
16903 2552 2553 2558 314 
16904 256 4845 1465 1382 
16905 3888 4733 4845 1465 
16906 3576 938 4648 4210 
16907 4733 256 4845 1465 
16908 5036 4632 101 1478 
16909 2893 1939 3190 1172 
16910 2581 2579 1878 2580 
16911 2189 2147 4617 1220 
16912 709 4660 3526 1905 
16913 269 4381 1803 72 
16914 1476 276 1561 5042 
16915 359 361 2983 774 
16916 269 4381 3879 1803 
16917 1545 900 3236 4197 
16918 1479 4963 1478 5051 
16919 3514 2282 4476 349 
16920 2597 1554 1553 2233 
16921 3498 1771 1141 855 
16922 1184 3344 3583 1176 
16923 207 95 3924 3926 
16924 1486 225 1487 3923 
16925 1225 4125 2083 4353 
16926 2786 2612 1140 4494 
16927 2605 2120 2604 1209 
16928 2623 2621 2620 403 
16929 665 663 3573 4487 
16930 744 2885 4286 2829 
16931 4009 2623 1753 2625 
16932 4226 2605 2604 1209 
16933 1268 4293 2131 1153 
16934 3867 4853 1022 3035 
16935 4293 1268 2131 4667 
16936 4581 2403 4628 1495 
16937 2240 4667 2131 4294 
16938 91 203 1495 92 
16939 1037 4358 4241 4199 
16940 1268 2240 2131 4294 
16941 2755 2797 2789 1397 
16942 2645 2644 2646 1040 
16943 729 3569 3395 3720 
16944 4667 1268 2131 4294 
16945 2003 2201 1576 4028 
16946 1562 924 923 4087 
16947 3303 2319 2268 1075 
16948 1048 925 3194 2660 
16949 2649 1096 1110 1111 
16950 1339 1622 3607 2144 
16951 2319 3303 3293 1075 
16952 2847 612 2769 3981 
16953 2163 199 2362 87 
16954 1422 4101 1227 3293 
16955 1518 245 1517 4556 
16956 87 199 4729 4696 
16957 4317 1043 3700 4316 
16958 2142 425 4430 4309 
16959 3833 1391 4633 1231 
16960 801 557 2132 2739 
16961 4356 837 1812 541 
16962 4328 3623 4327 1242 
16963 539 1519 4793 1520 
16964 3021 3569 1572 3570 
16965 4049 394 4050 4321 
16966 729 3395 1572 891 
16967 1950 4684 3654 3376 
16968 4803 4154 4153 248 
16969 3569 3021 1572 3395 
16970 1914 3019 1724 3238 
16971 1914 3019 1238 1724 
16972 2590 1142 2591 2186 
16973 1444 2695 1445 1443 
16974 1446 1475 2699 2154 
16975 2698 2696 2154 2697 
16976 1531 1013 2873 1249 
16977 1697 2049 4436 2024 
16978 2024 4458 1447 3339 
16979 1013 1015 2823 1249 
16980 3809 4640 3702 1735 
16981 2590 1142 2186 1850 
16982 4273 2790 2756 4993 
16983 4977 5021 5022 461 
16984 3283 2070 2094 1451 
16985 2403 4665 1495 228 
16986 881 2841 3032 378 
16987 93 205 1484 94 
16988 3072 893 978 1531 
16989 3859 3857 373 1539 
16990 2357 2539 2541 759 
16991 1938 2733 622 2734 
16992 3028 1905 811 1260 
16993 2108 3296 3101 3295 
16994 4442 4434 3091 627 
16995 766 311 1542 4531 
16996 843 3094 626 1195 
16997 1905 3028 811 4593 
16998 2740 2291 554 1393 
16999 2779 553 2745 552 
17000 551 553 1984 2779 
17001 3257 3798 4454 543 
17002 2315 1961 3841 4884 
17003 3531 4511 637 4593 
17004 1059 2517 1082 4256 
17005 1213 1059 1082 4256 
17006 1080 3567 3376 1179 
17007 3820 2082 3654 3690 
17008 2559 313 2565 2558 
17009 311 309 4531 4483 
17010 1085 1617 3711 3713 
17011 4401 3369 4518 1171 
17012 3661 1762 4278 2950 
17013 1090 2748 464 545 
17014 1270 1041 2494 2495 
17015 1857 1122 2723 1856 
17016 3019 1531 1238 3002 
17017 2674 1090 2724 2748 
17018 1400 1105 2670 1570 
17019 3623 3370 4327 1242 
17020 4209 2669 1388 1570 
17021 815 4172 2754 2671 
17022 2658 902 2659 2657 
17023 1762 683 710 4278 
17024 3006 739 3022 3005 
17025 1310 3118 1731 2112 
17026 1048 3193 923 2660 
17027 1882 645 2767 647 
17028 4645 3532 3867 1384 
17029 947 2488 2490 1627 
17030 449 4763 4855 4369 
17031 2663 1105 899 1564 
17032 975 993 3464 4378 
17033 3223 585 3222 692 
17034 1105 2663 2669 1564 
17035 2490 1271 1627 2492 
17036 902 900 2659 2657 
17037 2489 847 1627 2490 
17038 2810 328 2811 2807 
17039 1250 2839 1368 4100 
17040 1846 4513 2664 2710 
17041 1846 2664 752 2710 
17042 4728 1409 3706 3847 
17043 4295 2790 658 3979 
17044 3279 3305 4003 2153 
17045 2757 4995 2756 2710 
17046 2821 1696 2791 3979 
17047 2059 4645 1282 3634 
17048 353 1576 1575 3458 
17049 326 3179 325 327 
17050 4330 3644 1577 2342 
17051 4429 1167 1199 4135 
17052 845 2876 3155 3154 
17053 2805 324 325 4047 
17054 705 2027 2819 3987 
17055 2603 353 2704 3458 
17056 2673 870 2642 3475 
17057 2515 2526 988 989 
17058 370 3367 369 3365 
17059 2795 375 377 4895 
17060 3661 1762 710 4278 
17061 4128 2722 2092 1419 
17062 2348 4645 1282 2059 
17063 3111 2260 332 439 
17064 3111 1422 3293 3625 
17065 1243 3370 3623 1242 
17066 332 330 2866 439 
17067 2075 2927 1253 4184 
17068 1422 1402 3126 2319 
17069 2619 656 2618 2617 
17070 328 2159 2811 330 
17071 3965 623 2818 2812 
17072 3391 1376 2056 3443 
17073 4182 653 2868 655 
17074 4544 1345 2924 1253 
17075 4471 4427 1812 1968 
17076 655 721 701 2954 
17077 1254 3870 4184 1253 
17078 3443 4173 1702 3154 
17079 3870 4544 4184 1253 
17080 1446 1444 2699 4218 
17081 3260 730 567 569 
17082 1529 5028 1768 4983 
17083 3441 781 3806 1722 
17084 1430 3811 3810 2164 
17085 4460 4698 565 3806 
17086 4154 4898 248 4917 
17087 3173 1772 1330 1322 
17088 2174 62 63 4908 
17089 3742 1681 1682 4003 
17090 3305 3234 3636 1680 
17091 3173 1772 3131 2900 
17092 1295 3966 1297 1328 
17093 610 4108 2847 2851 
17094 3811 4814 3810 2164 
17095 2918 2157 352 2252 
17096 3336 298 299 297 
17097 3787 1602 1599 1601 
17098 1007 4204 4826 3319 
17099 3437 2073 3155 3392 
17100 1608 1600 1601 3438 
17101 2942 1547 286 284 
17102 3169 1574 862 1378 
17103 2937 288 2098 2934 
17104 2933 1928 1507 4041 
17105 2940 2938 2939 555 
17106 2071 4722 3454 3452 
17107 3356 280 1083 3461 
17108 2120 1650 2571 2166 
17109 1651 3307 1308 1306 
17110 818 3720 4657 725 
17111 1312 1651 3416 1308 
17112 3240 1312 3416 1308 
17113 969 2968 2970 4974 
17114 1827 4405 2890 4193 
17115 3613 1432 3614 3612 
17116 1628 2607 2609 2637 
17117 727 4489 1620 1619 
17118 2924 1345 1463 1253 
17119 1470 2278 5025 2068 
17120 2520 4093 2522 1874 
17121 2524 933 932 4096 
17122 3589 1309 1304 4274 
17123 2256 969 1734 2968 
17124 1904 2458 2459 2457 
17125 1629 4284 4365 1630 
17126 1125 1629 4365 1630 
17127 4654 4270 4591 697 
17128 804 2504 2506 708 
17129 3307 4453 4274 1306 
17130 894 3835 697 699 
17131 2506 804 708 805 
17132 3487 4669 1559 4545 
17133 4838 959 3770 4791 
17134 804 707 2504 708 
17135 3835 894 1641 699 
17136 4803 1474 248 1473 
17137 3521 3642 1796 4477 
17138 3362 1316 3826 3363 
17139 2152 2247 926 3377 
17140 3969 1035 3414 3968 
17141 598 599 5044 600 
17142 1327 3800 1469 1313 
17143 4827 3826 1317 3827 
17144 265 1683 5040 2175 
17145 2264 265 5040 2175 
17146 4335 3971 3361 1766 
17147 2698 2700 791 2154 
17148 4821 4579 1469 3800 
17149 1441 1439 2690 4045 
17150 3826 1318 4780 3665 
17151 1316 1315 1317 3363 
17152 4821 1468 1469 248 
17153 4400 977 978 893 
17154 4341 2460 1659 1663 
17155 3703 1501 1616 2213 
17156 977 3694 1011 2133 
17157 3897 3895 1784 4341 
17158 1769 818 4657 725 
17159 2081 1582 2175 5029 
17160 2570 4268 2644 1264 
17161 2264 2081 2175 5029 
17162 2388 4880 1546 195 
17163 4423 3661 710 4278 
17164 77 188 4228 189 
17165 880 3056 879 877 
17166 2345 2381 239 2305 
17167 2262 3901 2408 4627 
17168 2071 3450 2044 1276 
17169 1074 1356 3508 2327 
17170 3248 872 871 873 
17171 2900 2832 2220 2217 
17172 3050 524 526 1797 
17173 2832 2898 2217 2900 
17174 1816 3048 1797 1236 
17175 4491 575 3335 547 
17176 683 4423 710 4278 
17177 3875 2328 4820 1362 
17178 2832 1094 2220 2217 
17179 548 3335 4322 4446 
17180 4031 3206 3068 763 
17181 674 1578 3298 3247 
17182 2377 4955 237 4475 
17183 1774 1773 4322 3645 
17184 13 4918 4936 266 
17185 3598 4643 1261 4860 
17186 4994 2790 4993 2758 
17187 716 4612 659 715 
17188 658 558 4993 560 
17189 3314 4291 550 4290 
17190 1820 1981 1814 3133 
17191 2898 2198 1709 2217 
17192 4273 4612 4295 659 
17193 4700 1351 1350 1408 
17194 1708 1410 3264 1018 
17195 4713 4966 2383 4967 
17196 410 412 2550 411 
17197 2311 4700 3705 4666 
17198 883 4207 935 884 
17199 2633 2592 1128 2186 
17200 3285 3842 4441 556 
17201 4480 1750 823 4116 
17202 872 3248 4185 3040 
17203 3039 1824 3038 3040 
17204 1353 4869 1491 4967 
17205 4713 2383 4869 4967 
17206 3307 3120 3240 1308 
17207 1412 1353 1491 4967 
17208 1310 3015 3120 3118 
17209 55 2172 54 4897 
17210 618 4081 4355 4080 
17211 1312 3455 3240 3416 
17212 4803 4821 1469 248 
17213 361 3230 363 362 
17214 3323 1145 1144 4018 
17215 2986 1222 3848 3850 
17216 4257 1719 1718 4861 
17217 4282 364 3232 362 
17218 2242 4966 1412 4967 
17219 4357 1225 2111 1335 
17220 4880 83 1546 195 
17221 4966 4988 4967 2242 
17222 4799 3884 1524 2387 
17223 4125 4180 2083 4353 
17224 1101 4350 3494 4433 
17225 1225 1199 4547 4353 
17226 2040 4181 2064 721 
17227 4225 1070 1103 1740 
17228 1741 3866 3428 3865 
17229 2443 2445 954 3420 
17230 1927 2633 1128 2186 
17231 2632 2592 2631 1128 
17232 3576 938 1787 418 
17233 938 416 418 4648 
17234 2898 1772 2217 2900 
17235 4339 1927 2186 2633 
17236 1331 2284 1330 3214 
17237 4225 1740 3865 2562 
17238 4515 2557 4265 1751 
17239 2449 1287 1423 2448 
17240 2592 4339 2186 2633 
17241 2193 3615 1187 4342 
17242 1673 361 774 3229 
17243 3129 357 2987 356 
17244 3771 3773 1198 3772 
17245 357 2984 359 358 
17246 2946 1738 941 1737 
17247 2911 2238 1359 4651 
17248 1815 873 3044 1236 
17249 4002 454 2028 4751 
17250 1063 1848 1425 3201 
17251 2856 2949 2950 1848 
17252 779 4981 794 4978 
17253 2953 2911 1359 4651 
17254 93 205 2402 204 
17255 1224 4566 4134 2197 
17256 3545 636 637 635 
17257 3375 3201 1425 3266 
17258 3661 710 1425 3266 
17259 3290 683 4278 4423 
17260 2135 2915 2914 1429 
17261 3389 1431 3941 3217 
17262 4268 1886 2644 1264 
17263 1340 2026 3379 3218 
17264 1551 2568 2565 4133 
17265 2916 2157 4262 2918 
17266 3060 3061 3062 888 
17267 889 3060 3062 888 
17268 4161 3059 3060 890 
17269 903 4739 494 1784 
17270 2169 3560 1370 2067 
17271 946 1789 948 2485 
17272 1961 3316 2329 1984 
17273 1611 1913 2980 2804 
17274 3549 2273 1918 1056 
17275 1072 4643 4653 3430 
17276 3765 1072 4860 1027 
17277 4944 1690 9 8 
17278 4863 4708 1687 2411 
17279 2058 4873 2004 4663 
17280 3558 1343 3780 3557 
17281 2099 5049 758 2067 
17282 2196 1886 4268 1264 
17283 2293 3465 3676 3641 
17284 4326 485 483 3419 
17285 650 3798 4856 4883 
17286 733 4326 3255 3374 
17287 3930 3941 2208 3071 
17288 2473 2471 2472 2037 
17289 3192 482 483 481 
17290 2070 777 2888 3284 
17291 3930 2322 2208 3941 
17292 4044 777 4466 3366 
17293 1608 3785 2105 3957 
17294 1884 1893 1245 4843 
17295 3721 2108 3295 3296 
17296 4511 638 4380 4373 
17297 3322 1939 1940 1806 
17298 1608 3392 3957 1381 
17299 1444 1442 2695 1443 
17300 2268 4195 2219 1392 
17301 671 570 4026 3636 
17302 1045 4196 1192 2219 
17303 2268 3463 4195 1392 
17304 3743 566 3637 4460 
17305 2522 4093 931 1874 
17306 2520 2458 4284 1874 
17307 2336 3098 1207 1208 
17308 2291 2746 552 702 
17309 3257 535 4399 2814 
17310 2 4557 4558 4758 
17311 931 2522 1874 1817 
17312 4227 1523 1828 1520 
17313 1519 539 4793 3632 
17314 702 2753 2771 2752 
17315 1908 4412 4883 1909 
17316 3327 4321 1537 4395 
17317 4390 1388 4118 4443 
17318 2189 4676 246 3817 
17319 4617 4271 4575 1220 
17320 295 293 4850 3980 
17321 1068 3199 3200 1069 
17322 3815 4868 2155 921 
17323 4290 680 4289 620 
17324 2225 1369 2169 4121 
17325 4528 1562 4087 3489 
17326 3644 1959 3326 4090 
17327 617 900 4197 2662 
17328 3111 332 4072 2866 
17329 333 332 2978 3678 
17330 4492 3815 921 4817 
17331 4246 2861 1117 470 
17332 4370 4137 1966 4503 
17333 4572 1334 1403 2277 
17334 2260 1422 439 3111 
17335 1838 933 4052 4096 
17336 1838 4559 4052 1839 
17337 2588 1149 1151 1850 
17338 1133 4048 3145 3249 
17339 4572 3153 1403 1335 
17340 4389 2902 426 446 
17341 3153 4572 1403 4574 
17342 1133 1017 3145 4048 
17343 4000 4574 2356 1403 
17344 4053 2145 4532 2725 
17345 2247 4370 1966 1648 
17346 1348 1187 1198 3772 
17347 4000 4572 4574 1403 
17348 2498 2497 1946 2499 
17349 2530 1156 1414 4690 
17350 3136 4302 3132 491 
17351 3866 3428 4498 2116 
17352 3404 493 4215 3552 
17353 3661 2950 3266 1425 
17354 641 640 642 2732 
17355 2630 2653 1885 1148 
17356 1848 2949 2950 3201 
17357 2627 2530 1414 4690 
17358 2627 1156 1414 2530 
17359 2526 4230 989 3596 
17360 4240 4699 3473 1029 
17361 2219 1392 3838 2155 
17362 2449 4697 2279 2562 
17363 3815 1392 2155 3838 
17364 4392 848 1600 1599 
17365 947 847 946 2488 
17366 3027 3282 1845 3504 
17367 2319 1402 3462 1597 
17368 4407 586 1746 3628 
17369 1930 1257 3087 2200 
17370 3474 3543 4378 1610 
17371 1285 2055 2477 2479 
17372 1435 2685 2686 1436 
17373 2685 2687 2686 1436 
17374 3463 3815 3838 1392 
17375 2493 927 4147 2496 
17376 1692 2088 4300 2331 
17377 1192 2219 3838 2155 
17378 3911 1694 4762 2417 
17379 4868 2770 3838 2155 
17380 2212 2344 3736 1347 
17381 3736 1347 3872 4512 
17382 2049 1447 1449 3339 
17383 3400 3710 3712 755 
17384 1200 2432 2104 2061 
17385 4027 399 4710 3000 
17386 2190 2066 754 5018 
17387 1085 388 1617 3713 
17388 2170 4051 1106 1538 
17389 423 1787 420 3577 
17390 4191 4682 1377 257 
17391 940 837 4471 3492 
17392 4471 2861 4356 1812 
17393 837 4471 4356 1812 
17394 2951 2308 4201 4200 
17395 2097 4711 2063 3623 
17396 1243 1004 3370 1242 
17397 4780 2182 4003 4311 
17398 4229 3499 1703 4420 
17399 1039 4456 3503 4508 
17400 1703 3499 2231 4420 
17401 2568 2566 2569 395 
17402 3028 2588 1850 1260 
17403 4339 1927 2633 3526 
17404 4660 709 3526 4376 
17405 1886 1664 2644 1264 
17406 2839 2806 1843 2810 
17407 1287 2447 2562 1740 
17408 4484 3525 4406 1830 
17409 1740 3865 2562 4773 
17410 2151 2182 4311 1682 
17411 4634 1917 1986 2241 
17412 1970 1182 1938 2735 
17413 2355 1851 3622 3536 
17414 3623 4328 2063 1242 
17415 3182 1004 3536 863 
17416 1004 1851 3536 863 
17417 4874 1026 3123 3548 
17418 2874 852 2747 2875 
17419 1921 3685 2017 1922 
17420 4683 4533 1901 4534 
17421 256 80 4119 2248 
17422 3109 2130 3110 3397 
17423 2449 2447 2562 1287 
17424 3430 1072 1275 4653 
17425 3173 3213 3214 1330 
17426 2394 2310 4804 4056 
17427 1026 973 3547 1918 
17428 1351 4728 4871 1656 
17429 4728 4871 1656 3847 
17430 1477 2361 81 193 
17431 1497 3697 1616 1030 
17432 2182 2151 4311 4780 
17433 198 86 87 4729 
17434 465 1717 545 2749 
17435 1181 1129 3733 4663 
17436 2168 2223 702 2752 
17437 535 1871 2772 2814 
17438 2168 1226 2783 2084 
17439 4174 1789 2479 2481 
17440 362 4282 4861 3233 
17441 1248 3952 2232 1571 
17442 1296 4997 5033 3724 
17443 2691 4407 4223 813 
17444 4493 4552 1056 1951 
17445 3234 671 4026 3636 
17446 4634 1917 3550 3727 
17447 1740 1287 2279 2562 
17448 4885 1794 1793 2908 
17449 4191 1949 4866 4703 
17450 2160 3613 4067 3394 
17451 344 4301 4461 2228 
17452 3292 3686 1808 3104 
17453 1782 3686 4303 1808 
17454 2203 4068 4651 968 
17455 1593 1611 1913 2980 
17456 4092 2946 1737 4747 
17457 3523 2084 2783 2103 
17458 1226 3580 3579 4800 
17459 2918 2922 1791 2252 
17460 1900 270 4533 2 
17461 236 2401 1491 3916 
17462 2438 2742 4426 717 
17463 2401 236 1491 5043 
17464 1527 1722 3805 1460 
17465 1320 3131 1322 1326 
17466 3001 2823 1249 2873 
17467 529 528 4994 558 
17468 2823 3001 1249 4035 
17469 1303 3226 3227 3269 
17470 3646 674 3247 4025 
17471 576 689 675 4025 
17472 2168 1860 2223 4344 
17473 2020 1329 3225 2015 
17474 2042 2020 3225 3223 
17475 4687 1675 2392 3846 
17476 3444 1376 3445 3657 
17477 1376 3444 3443 3391 
17478 4346 1215 1214 3660 
17479 3804 3917 4824 1493 
17480 2157 2918 1791 2252 
17481 2085 4271 1220 1066 
17482 3292 3686 3733 1129 
17483 4317 1043 4316 4437 
17484 1043 937 4316 4437 
17485 3246 3224 587 3477 
17486 4612 716 4642 715 
17487 2577 2579 428 417 
17488 3239 1948 1903 593 
17489 1226 1860 4344 3580 
17490 683 3290 4278 2857 
17491 2168 1860 4344 1226 
17492 210 3864 5047 5031 
17493 3586 1416 3442 3585 
17494 1854 1853 3585 3341 
17495 1853 1416 3585 3442 
17496 3544 724 591 4549 
17497 1952 3672 4516 4554 
17498 2106 4772 3348 3350 
17499 1193 3516 1880 2107 
17500 3477 586 587 588 
17501 360 1719 4355 3233 
17502 2786 1994 1879 1877 
17503 2636 834 2615 2613 
17504 2106 4807 3350 1502 
17505 4968 5039 4688 5045 
17506 2031 3402 1284 1286 
17507 3917 236 1493 2235 
17508 4671 2381 2345 2305 
17509 4715 4964 4968 5048 
17510 5008 4984 3181 5013 
17511 4478 588 589 590 
17512 3708 3268 1512 1513 
17513 3587 3701 1854 2033 
17514 760 3217 3216 3071 
17515 1901 3745 4534 270 
17516 1828 3267 3368 1513 
17517 3267 3268 3368 1513 
17518 4874 1026 1344 1067 
17519 3983 3831 3555 1021 
17520 4431 4502 1755 3731 
17521 4847 1433 4501 2076 
17522 3267 3125 1513 1058 
17523 4163 233 4930 2118 
17524 1738 1817 2521 2523 
17525 3268 3125 1513 3267 
17526 3125 1963 1513 1058 
17527 478 3191 480 479 
17528 4343 3774 2171 3777 
17529 3125 3268 1513 1963 
17530 346 4962 348 4693 
17531 1524 4799 197 85 
17532 86 2387 197 1524 
17533 2469 2471 1240 2470 
17534 2471 2469 1240 2871 
17535 4898 47 4911 1468 
17536 1311 3455 3964 3240 
17537 1311 1314 3964 4008 
17538 2147 3755 2195 3781 
17539 4556 2327 3563 4131 
17540 3479 3315 1726 3667 
17541 84 4799 85 196 
17542 2387 4799 197 1524 
17543 221 4799 4836 3781 
17544 3811 245 2164 1430 
17545 2108 1197 2048 3101 
17546 3290 683 703 704 
17547 773 2635 4362 2668 
17548 86 198 197 2387 
17549 682 4440 4314 1881 
17550 3734 4537 4784 1286 
17551 3971 4335 1535 1766 
17552 3756 2069 2059 953 
17553 1134 1934 3561 2019 
17554 1840 4992 2263 1581 
17555 2986 1849 1714 1086 
17556 4335 605 1766 607 
17557 618 1719 4355 360 
17558 1244 1466 2030 4749 
17559 3283 3435 2094 3364 
17560 4567 4596 1535 895 
17561 3857 372 3486 373 
17562 1455 4832 1457 2149 
17563 4856 650 4638 3542 
17564 3971 4596 1535 4567 
17565 4368 507 1858 4299 
17566 3272 1166 3431 1900 
17567 3751 3854 3134 1759 
17568 3366 368 369 367 
17569 507 2834 506 4299 
17570 1741 3428 1929 3735 
17571 3186 2869 1863 2855 
17572 1555 2920 2921 4608 
17573 872 3248 823 4116 
17574 1535 605 4527 602 
17575 1866 1931 2001 4333 
17576 3888 3611 1382 3887 
17577 4191 2378 257 1715 
17578 4972 4882 123 2393 
17579 4950 264 4932 52 
17580 4402 605 3524 604 
17581 2997 603 602 4402 
17582 601 2997 602 4567 
17583 3308 4979 967 4980 
17584 4759 1840 3731 4992 
17585 4156 231 4157 2371 
17586 4128 2251 2092 757 
17587 1567 1840 4759 2351 
17588 177 4922 2416 4587 
17589 4768 5027 4991 5040 
17590 273 3908 3907 1480 
17591 3586 1853 3442 1416 
17592 2214 4128 2092 757 
17593 757 391 1623 3717 
17594 3320 3681 3566 1159 
17595 4313 507 928 4368 
17596 992 1499 1880 3418 
17597 3 4823 106 4905 
17598 4923 4941 2417 107 
17599 4852 4451 1689 3937 
17600 4359 2322 1358 3931 
17601 1181 1129 4800 3733 
17602 1574 1378 3932 2117 
17603 1574 3169 3932 1378 
17604 1129 1181 4800 1044 
17605 991 3254 820 992 
17606 2883 2885 744 2829 
17607 2084 3523 928 2103 
17608 4940 67 66 271 
17609 507 4313 928 509 
17610 2267 220 1546 3795 
17611 3795 2267 4655 1546 
17612 4412 1921 3685 2017 
17613 1375 2257 4778 2320 
17614 1908 4412 2017 1921 
17615 2388 3795 4655 1546 
17616 3798 4412 4883 1908 
17617 220 4880 1546 3795 
17618 4880 2388 1546 3795 
17619 1274 1763 4233 1955 
17620 1387 3976 4809 3975 
17621 5006 4997 3355 3723 
17622 135 4150 4938 4956 
17623 3626 1558 2067 2169 
17624 137 4920 136 4149 
17625 3626 5049 1557 4754 
17626 1558 3626 1557 4754 
17627 5010 1406 2965 2974 
17628 3626 1558 1557 5049 
17629 1683 4972 5027 2263 
17630 4559 4053 2145 4532 
17631 436 4000 2356 2277 
17632 3994 2136 305 1933 
17633 1683 1684 4972 2263 
17634 1426 1406 2974 4706 
17635 1232 1233 4545 1559 
17636 2099 3560 1370 3493 
17637 3494 1102 3139 3381 
17638 3144 2038 3484 4111 
17639 1543 4676 4875 2363 
17640 2664 2665 752 2710 
17641 403 401 1753 2624 
17642 4020 2046 1121 4021 
17643 2592 2590 2591 2186 
17644 1066 3338 4575 4542 
17645 3560 2099 3333 3493 
17646 720 3158 4031 763 
17647 4070 3061 1773 3645 
17648 2350 1695 3804 3432 
17649 4282 4257 1718 4861 
17650 4992 3899 2263 5027 
17651 1719 3233 4861 4355 
17652 1237 3061 888 1773 
17653 454 4002 2136 3992 
17654 1586 870 3475 657 
17655 2964 5010 1404 2158 
17656 2962 2964 1404 2158 
17657 1508 865 4826 3669 
17658 2531 2524 4096 933 
17659 319 317 4360 318 
17660 4361 4360 3482 318 
17661 2225 1618 3360 787 
17662 343 1744 2725 1865 
17663 2169 3560 4597 4540 
17664 315 317 316 3482 
17665 1206 1050 2537 1373 
17666 1684 3899 2263 4992 
17667 1373 2115 1374 2543 
17668 771 4075 2803 2988 
17669 2566 2568 1551 395 
17670 1783 4500 343 4152 
17671 4961 347 1957 758 
17672 4500 1783 1865 1592 
17673 2460 4341 4739 1663 
17674 2113 2066 3299 5022 
17675 4974 2966 3986 5004 
17676 1450 1448 2039 2708 
17677 1734 2256 2967 2180 
17678 3439 1461 2849 561 
17679 3807 1453 1454 1452 
17680 4002 4706 4692 1427 
17681 1456 3440 4727 3761 
17682 4002 1426 4706 1427 
17683 2531 933 4052 1839 
17684 5025 344 2068 4996 
17685 2770 1192 3838 2155 
17686 2971 969 1522 1990 
17687 969 2971 2970 2969 
17688 4097 929 930 915 
17689 2060 5 4923 2274 
17690 4500 1783 343 1865 
17691 1251 2181 4122 1913 
17692 3972 4887 5032 4774 
17693 2453 2454 2452 501 
17694 1423 2191 501 2450 
17695 2341 2451 501 499 
17696 89 201 90 2202 
17697 3928 201 2202 2368 
17698 1093 3732 1108 1698 
17699 3928 89 2202 201 
17700 223 3928 2202 3929 
17701 80 256 4119 192 
17702 223 4867 3929 2086 
17703 80 1639 2389 191 
17704 1783 4361 316 318 
17705 1912 2707 2706 1911 
17706 4489 1620 4485 4130 
17707 662 664 4366 666 
17708 662 4468 4366 664 
17709 4172 1771 4252 3498 
17710 1870 3001 1249 1914 
17711 4790 3703 2213 4828 
17712 729 819 818 4704 
17713 3122 4598 974 3759 
17714 1483 1534 2285 3691 
17715 669 3571 4619 670 
17716 1615 4790 2213 974 
17717 2347 2547 4971 767 
17718 2566 4029 317 3482 
17719 4057 3237 319 4360 
17720 3664 1783 4361 4500 
17721 1580 840 1005 5024 
17722 1565 4590 1567 4164 
17723 4360 317 3482 318 
17724 4896 1684 4912 2373 
17725 3232 365 4465 3511 
17726 105 4823 4905 2274 
17727 3917 4772 2235 4807 
17728 3804 2350 1502 1493 
17729 949 1045 4795 948 
17730 4089 1251 4122 1913 
17731 4772 2106 4807 3350 
17732 955 2444 1748 1203 
17733 1974 3187 3275 2045 
17734 873 872 3040 3042 
17735 1287 2449 2279 2562 
17736 533 518 822 4538 
17737 3460 3298 3603 769 
17738 1250 993 1251 4123 
17739 946 1123 2483 2486 
17740 2106 1069 3350 3348 
17741 1422 2319 3126 3293 
17742 3303 3463 4195 2268 
17743 2894 883 750 882 
17744 1069 2106 3350 998 
17745 2785 1716 580 2760 
17746 1448 1446 4033 1447 
17747 4266 3239 1903 593 
17748 1321 3466 3262 1319 
17749 3554 5030 4872 4980 
17750 3224 585 4261 3222 
17751 4532 4500 1865 3662 
17752 3554 4731 4872 5030 
17753 3476 4978 5024 4377 
17754 4214 408 2555 406 
17755 2194 2121 1214 4189 
17756 1039 4456 4508 1269 
17757 5050 4731 4872 4160 
17758 1150 2587 2584 2602 
17759 3657 1375 3445 3658 
17760 807 2510 809 2514 
17761 4132 1673 774 3229 
17762 1697 2049 777 4044 
17763 2148 3538 4705 3863 
17764 2148 3538 3863 1467 
17765 3749 3538 2224 1467 
17766 4517 2257 3658 1280 
17767 2602 1153 2584 1152 
17768 1277 1065 2296 3337 
17769 3303 2319 1597 2268 
17770 2269 3337 2296 4250 
17771 1345 2922 2252 1791 
17772 1422 3293 1227 1075 
17773 2269 1277 2296 3337 
17774 2933 2075 2930 2307 
17775 3080 562 4976 2831 
17776 2933 2930 2932 2307 
17777 795 1734 4974 780 
17778 3213 764 2220 3978 
17779 2113 5012 3299 3300 
17780 1928 2933 2932 2307 
17781 1973 1507 2932 2307 
17782 500 4744 2455 1659 
17783 2458 1904 1630 1995 
17784 2179 4755 1869 1896 
17785 4627 3604 1645 3588 
17786 2709 430 2640 458 
17787 2218 3604 1645 4627 
17788 4966 3818 4963 5051 
17789 1846 752 1528 2710 
17790 2290 5034 5051 3601 
17791 4513 4995 2757 2710 
17792 4009 2641 2625 1525 
17793 244 1479 5051 4963 
17794 1862 1774 581 4235 
17795 1508 4766 1954 4669 
17796 4966 244 5051 4963 
17797 1860 4317 1043 1267 
17798 2737 2302 2738 2736 
17799 732 775 2976 776 
17800 3422 1279 3747 2301 
17801 2291 2223 1393 4425 
17802 1052 3479 1053 1726 
17803 2097 1243 3623 1242 
17804 4948 166 4840 4166 
17805 3351 1881 1124 2906 
17806 3536 1851 1243 3621 
17807 1881 854 1124 2906 
17808 267 4948 2261 57 
17809 267 3747 4166 3808 
17810 192 4889 81 193 
17811 1507 1928 2932 2307 
17812 3747 1668 1669 2301 
17813 3259 3258 2903 2021 
17814 4570 1498 3704 2292 
17815 887 2768 2318 1419 
17816 1728 2234 3311 4231 
17817 4165 2374 3847 1656 
17818 2768 377 2318 2794 
17819 1699 4959 65 66 
17820 665 1609 3674 864 
17821 887 377 2318 2768 
17822 2952 542 4509 404 
17823 3975 4887 259 1667 
17824 4744 4341 2455 1659 
17825 4029 2566 317 395 
17826 3358 979 1594 2222 
17827 1734 969 4974 2968 
17828 1502 2106 998 3350 
17829 2931 1973 435 292 
17830 4626 2974 4652 1405 
17831 1519 1521 1811 4788 
17832 3956 3980 294 2928 
17833 2971 3077 2969 1990 
17834 5003 3476 3592 3407 
17835 4370 4810 3790 1648 
17836 1970 2302 1341 2737 
17837 5030 2081 5029 4980 
17838 3028 2590 4339 1260 
17839 4085 722 3955 2956 
17840 3476 5003 4980 3407 
17841 1778 1582 2334 5003 
17842 4979 2334 967 4980 
17843 3392 3391 3957 1381 
17844 848 4392 3437 4085 
17845 5030 5050 4872 4160 
17846 3437 1607 4085 3959 
17847 1389 751 2434 4363 
17848 1983 4623 2345 3824 
17849 2440 735 736 714 
17850 2104 2434 2435 2433 
17851 1190 1191 3610 3898 
17852 1387 3975 259 1667 
17853 4907 40 239 1674 
17854 3972 4887 3975 1667 
17855 5032 2332 1665 1667 
17856 3521 4477 690 3546 
17857 469 2667 2666 2765 
17858 937 3292 3176 4316 
17859 3993 304 305 303 
17860 837 3490 4471 3492 
17861 4887 5032 1665 1667 
17862 3826 4827 1317 1319 
17863 2059 4645 3634 3867 
17864 2801 2799 2836 427 
17865 4106 3633 4274 1305 
17866 3826 3466 4827 1319 
17867 775 779 4987 776 
17868 4952 229 4162 1678 
17869 227 2367 2162 4947 
17870 2411 4863 241 1687 
17871 4891 3862 2396 1700 
17872 4966 2383 5038 211 
17873 4351 936 4388 3497 
17874 4950 4952 4162 1678 
17875 1461 3439 781 563 
17876 1459 3300 4727 3440 
17877 4535 940 4471 3492 
17878 1934 4427 3540 1968 
17879 1379 1364 3933 3937 
17880 4656 111 4927 3937 
17881 111 4852 4927 3937 
17882 3525 1228 1830 4849 
17883 4682 4249 4849 257 
17884 1377 4682 1830 257 
17885 4682 4191 2378 257 
17886 188 77 2378 189 
17887 3665 1320 3262 1319 
17888 190 4148 79 191 
17889 1689 242 4927 10 
17890 79 80 2248 191 
17891 4148 1639 79 191 
17892 3912 1694 4762 3911 
17893 104 2400 103 215 
17894 216 104 3907 215 
17895 3701 1417 1854 2033 
17896 1589 4537 1032 4296 
17897 275 3910 4345 250 
17898 214 102 3909 103 
17899 4480 1750 2557 4515 
17900 4823 4923 4905 2274 
17901 2557 2312 2446 4265 
17902 504 513 512 4679 
17903 4526 2366 4570 226 
17904 4720 3791 4891 2309 
17905 2399 251 103 1480 
17906 3516 3844 3797 2283 
17907 2249 3943 1263 1700 
17908 1263 3791 2199 2309 
17909 238 60 1687 4937 
17910 2271 3925 4784 4837 
17911 2421 2423 1228 2422 
17912 1989 267 4840 3808 
17913 4854 3598 3843 2329 
17914 3316 4854 3843 2329 
17915 1961 3316 3843 2329 
17916 3910 2400 274 2340 
17917 3910 275 274 250 
17918 4833 985 2921 3845 
17919 997 828 2426 2427 
17920 2566 315 2565 2559 
17921 2741 3127 1951 4404 
17922 2544 1839 1374 4052 
17923 2436 1833 2435 2433 
17924 4570 201 202 90 
17925 1349 1338 3766 1997 
17926 1496 1497 2133 3695 
17927 977 3694 2133 3696 
17928 2366 4526 1500 226 
17929 2368 4730 202 90 
17930 551 2779 4410 552 
17931 2403 92 228 1495 
17932 4801 254 3799 4677 
17933 255 1500 4696 3823 
17934 751 2104 2435 2433 
17935 1135 2429 2001 1931 
17936 1923 678 4893 2886 
17937 1114 1576 4078 4090 
17938 2104 2432 2434 2433 
17939 553 2779 2745 3285 
17940 3144 2038 1262 1133 
17941 453 870 4221 2642 
17942 2644 1664 3150 2646 
17943 3238 4046 666 4366 
17944 2104 751 1833 2433 
17945 1833 751 2435 2433 
17946 955 2445 2444 1071 
17947 1872 4512 4230 2358 
17948 544 551 543 4410 
17949 2715 773 4362 2668 
17950 275 3910 274 2340 
17951 3741 4645 2348 4776 
17952 544 543 4399 4410 
17953 1357 1287 2446 2448 
17954 3670 2225 4121 4563 
17955 1422 1402 439 3111 
17956 1904 2460 1659 2457 
17957 1659 4341 2455 2457 
17958 3909 3910 274 250 
17959 3466 3665 3262 1319 
17960 2455 1659 2457 510 
17961 2310 2394 2239 4056 
17962 155 4898 4154 4917 
17963 2460 4341 1659 2457 
17964 3028 4588 1260 4339 
17965 1659 1904 2457 510 
17966 1452 1450 1460 3106 
17967 1257 1930 3087 4383 
17968 544 2753 2746 4410 
17969 812 4440 3575 4888 
17970 2746 544 4410 552 
17971 3182 1004 854 1124 
17972 2464 625 2466 904 
17973 1541 3158 720 763 
17974 4766 4042 1954 4669 
17975 4539 625 2466 2464 
17976 3298 1232 3460 3251 
17977 3067 719 3064 3066 
17978 524 526 525 3051 
17979 625 922 2466 904 
17980 5043 2401 209 3915 
17981 4680 3921 5046 3586 
17982 4292 1161 976 1788 
17983 2896 3105 748 2897 
17984 625 4539 2466 922 
17985 1806 1805 3502 3893 
17986 4174 1157 4795 4175 
17987 2055 2478 2477 2479 
17988 2480 2478 2055 2479 
17989 2707 1912 2706 2655 
17990 1331 4055 3214 1330 
17991 3666 4772 1353 3916 
17992 4632 4963 3746 5042 
17993 2146 2290 1372 4419 
17994 3348 1069 3350 998 
17995 1450 2708 2039 1460 
17996 544 551 4410 552 
17997 4434 630 4442 3553 
17998 3100 2048 3095 3101 
17999 3294 3100 3101 2048 
18000 2141 1285 2475 2477 
18001 3188 1175 3893 3190 
18002 1410 1707 3264 1018 
18003 3943 3791 1263 2309 
18004 2476 2141 2475 2477 
18005 3952 1248 3681 3320 
18006 4680 1160 976 1161 
18007 849 4240 1091 1029 
18008 1184 3344 1212 4432 
18009 3756 953 4853 3762 
18010 1802 1184 1212 4432 
18011 768 3820 3882 3117 
18012 4746 2575 414 2813 
18013 2316 4294 2582 2580 
18014 2141 2476 1285 2477 
18015 3106 1460 3805 4036 
18016 2885 744 4286 4391 
18017 4992 1840 2263 2351 
18018 4403 4431 3982 840 
18019 2150 1906 2546 4171 
18020 3407 3554 4872 4980 
18021 2336 2138 3099 3165 
18022 553 554 556 2745 
18023 2546 2150 4171 1271 
18024 628 2731 1938 1182 
18025 4462 557 2739 4541 
18026 2011 2315 1275 4653 
18027 3765 4643 1072 3430 
18028 1684 4992 2263 2351 
18029 1419 2852 2794 2318 
18030 730 2039 4036 1460 
18031 2986 1849 2501 1714 
18032 1497 3697 2133 3695 
18033 1184 1802 3344 4432 
18034 3089 1014 4140 1016 
18035 3730 4759 4992 2351 
18036 1116 2234 3311 2338 
18037 2986 1849 3850 2501 
18038 1247 1985 1946 4811 
18039 2500 698 1625 4270 
18040 4665 1496 228 1533 
18041 3906 2508 807 2510 
18042 992 1193 3418 1880 
18043 1060 1872 989 4230 
18044 1688 3797 2107 1720 
18045 2526 990 989 1060 
18046 504 4714 503 2452 
18047 2885 744 4391 1733 
18048 2946 1738 2521 2523 
18049 4449 2885 4391 1733 
18050 2885 744 1733 838 
18051 3943 3791 3480 1263 
18052 4449 2885 1733 838 
18053 3947 3417 1031 992 
18054 942 4092 2525 941 
18055 2525 2532 2540 943 
18056 3874 4676 246 4877 
18057 4119 256 4845 2361 
18058 1595 2145 1865 4532 
18059 2753 544 4399 4410 
18060 553 3316 2779 3285 
18061 4053 2548 1744 2725 
18062 3450 1276 3451 3449 
18063 2086 223 2202 3929 
18064 2525 941 932 934 
18065 3899 3730 4992 2351 
18066 3730 3899 4759 2351 
18067 1323 4055 1331 1330 
18068 2362 4556 1517 4740 
18069 1556 2532 934 943 
18070 3745 3722 270 2241 
18071 2335 4271 1220 2085 
18072 4271 3140 3338 2085 
18073 4610 2253 2389 3816 
18074 2405 1739 4650 4228 
18075 2362 2163 87 1517 
18076 2525 942 934 2540 
18077 4055 3173 3214 1330 
18078 4556 245 1517 4740 
18079 2115 1743 2548 2547 
18080 3496 310 767 312 
18081 4900 113 114 4169 
18082 2548 1743 2552 2547 
18083 4559 4053 4052 1839 
18084 4898 1468 2391 248 
18085 1556 1050 2536 2532 
18086 1556 1839 2536 1374 
18087 2543 1050 2536 1374 
18088 2317 2544 1839 1374 
18089 2577 2575 415 2576 
18090 991 3417 992 1031 
18091 409 1703 411 2554 
18092 5027 4768 2393 5040 
18093 4200 429 2556 2574 
18094 4431 4502 857 1755 
18095 4431 840 1005 857 
18096 4556 4131 2362 1517 
18097 1323 3173 4055 1330 
18098 938 3576 4648 418 
18099 4923 5 4905 2274 
18100 3235 609 3977 3018 
18101 409 2555 2554 2549 
18102 13 266 4936 1685 
18103 119 4930 4949 2413 
18104 2555 2561 407 2560 
18105 4896 122 3899 121 
18106 1684 3899 4992 2351 
18107 590 1745 789 3648 
18108 4966 2242 244 99 
18109 3518 3648 789 2717 
18110 5043 234 97 5047 
18111 3324 592 1777 789 
18112 315 2566 2565 1551 
18113 687 1716 2826 882 
18114 313 315 2565 1551 
18115 2574 2951 1764 2576 
18116 562 559 561 4976 
18117 4975 4205 5022 4977 
18118 3743 4698 566 565 
18119 2308 2951 1764 2574 
18120 2821 3978 1696 3979 
18121 2575 2574 2573 413 
18122 3864 210 5047 209 
18123 2717 2343 789 1434 
18124 3161 4292 3317 976 
18125 4988 5016 98 5031 
18126 1152 2286 2582 2584 
18127 3688 1905 635 637 
18128 3531 2630 4320 1148 
18129 233 1684 2351 2373 
18130 302 2123 2919 785 
18131 1254 2933 4184 4043 
18132 2598 2003 2349 4028 
18133 1131 1113 2600 2628 
18134 1147 2596 4017 2600 
18135 2028 4002 4751 4692 
18136 1147 1554 2596 2598 
18137 1094 2821 2831 2832 
18138 1147 2003 1554 2598 
18139 2003 2601 2600 1113 
18140 5018 2066 754 459 
18141 1147 2003 2598 2600 
18142 1292 5006 5048 1294 
18143 4688 5045 4635 3726 
18144 1628 2051 4536 2054 
18145 4964 2101 1401 5048 
18146 259 3975 2382 4615 
18147 950 3161 976 835 
18148 4964 260 1401 2101 
18149 3674 4536 864 2054 
18150 1684 3899 2351 2373 
18151 950 3160 3161 835 
18152 4988 210 2383 5016 
18153 4964 4797 5011 5033 
18154 1619 864 668 3574 
18155 1098 4024 402 1770 
18156 102 214 2352 251 
18157 188 77 76 257 
18158 1324 3466 4054 1319 
18159 2398 1690 252 1691 
18160 438 443 4010 442 
18161 443 438 4010 2622 
18162 4783 3762 983 4630 
18163 950 3161 3317 976 
18164 4737 128 4935 4916 
18165 2713 1127 4630 2631 
18166 4720 4926 173 3891 
18167 1127 1142 2631 1958 
18168 2713 1127 2631 1958 
18169 870 1857 3475 2673 
18170 1393 4618 1267 1341 
18171 4618 3861 1341 2743 
18172 2970 2968 3007 4974 
18173 2615 661 4069 2617 
18174 2898 1772 3131 1326 
18175 4698 563 565 4272 
18176 2828 2830 3142 1514 
18177 1573 870 453 2642 
18178 1455 1454 3761 4718 
18179 1701 4720 3791 3891 
18180 442 438 2620 4010 
18181 2313 1421 4309 2142 
18182 876 3041 4178 875 
18183 2623 442 2620 4010 
18184 773 643 2715 645 
18185 1393 4618 1341 2743 
18186 2174 1701 1386 3891 
18187 640 643 642 2705 
18188 3545 4511 638 4380 
18189 4975 4977 752 2710 
18190 2091 1895 4158 4485 
18191 1950 3661 710 4684 
18192 2665 4975 752 2710 
18193 1068 3070 1504 966 
18194 4995 2711 4977 2756 
18195 1263 3943 2309 1700 
18196 4977 4975 752 460 
18197 3069 2940 4023 1346 
18198 1758 4995 1846 1528 
18199 2641 2625 1526 2639 
18200 752 2664 1847 1544 
18201 5041 124 123 4933 
18202 101 102 1476 2395 
18203 148 4601 4921 2408 
18204 2381 4623 4671 2345 
18205 42 262 4921 2156 
18206 4154 4803 1474 248 
18207 2984 2982 2987 357 
18208 4957 44 2162 4947 
18209 1188 3302 4283 3315 
18210 1400 1235 2675 1105 
18211 1235 1400 2675 2676 
18212 2189 2147 4875 4617 
18213 2676 1400 2675 2670 
18214 3848 3423 2184 3849 
18215 2669 2663 2661 1564 
18216 1267 4618 3700 1341 
18217 3402 1032 1284 1286 
18218 4680 4292 976 3317 
18219 2897 4120 835 1583 
18220 1105 2669 2670 1570 
18221 4618 3861 3700 1341 
18222 1277 3140 2243 2085 
18223 485 4326 1832 3828 
18224 1828 539 1790 3739 
18225 4873 2058 1832 4611 
18226 2343 1435 2684 2686 
18227 4011 2343 2684 2686 
18228 502 2979 497 3896 
18229 2685 1435 2686 2684 
18230 733 2058 1832 4873 
18231 1592 3664 3343 3662 
18232 4326 485 1832 733 
18233 3859 3857 3858 373 
18234 4326 4873 1832 4611 
18235 3423 2152 2184 1810 
18236 1884 1893 4843 3024 
18237 2696 1444 2694 2695 
18238 2697 746 3009 4014 
18239 2192 2696 2694 2697 
18240 1178 2682 1097 1177 
18241 3028 1149 811 4320 
18242 551 650 543 4454 
18243 2693 1442 2694 2692 
18244 4326 733 1832 4873 
18245 650 551 3542 4454 
18246 4756 4460 567 1722 
18247 2821 1094 1696 3978 
18248 3300 1459 3616 3299 
18249 2839 2810 1843 1368 
18250 2887 1450 1451 3106 
18251 1094 2821 559 4976 
18252 3435 386 2094 3364 
18253 1475 2700 2702 2701 
18254 1250 2839 1843 1368 
18255 1224 4134 4547 4135 
18256 2181 2839 1843 1250 
18257 959 3771 3770 4791 
18258 597 595 4986 770 
18259 2236 1290 4968 1401 
18260 4924 35 1665 5015 
18261 5032 4887 1665 2406 
18262 5032 4774 2406 4142 
18263 1046 4103 4195 3453 
18264 4645 1384 3867 2059 
18265 339 346 1648 3790 
18266 4625 335 4754 1558 
18267 3221 3023 341 3220 
18268 1796 3642 4416 4477 
18269 1270 2546 2494 2492 
18270 2491 4147 846 2998 
18271 498 3895 4744 4341 
18272 2629 2647 2628 1113 
18273 4942 4924 5015 35 
18274 500 2454 2455 2453 
18275 1591 771 4076 1590 
18276 2520 2458 1995 2519 
18277 1131 1113 2628 1130 
18278 2002 4018 3447 1143 
18279 945 2802 1825 3871 
18280 1150 2602 2584 1152 
18281 1145 4018 2002 1143 
18282 3873 4746 4681 527 
18283 4016 2719 3447 1143 
18284 629 2726 2727 1911 
18285 938 1756 4210 2187 
18286 627 4434 3091 2730 
18287 627 4434 2730 629 
18288 628 627 2730 629 
18289 2999 1060 4230 2358 
18290 2425 2423 1051 1062 
18291 663 661 2636 834 
18292 2623 2621 403 2624 
18293 2898 1709 2833 2217 
18294 1424 3954 3388 3707 
18295 2134 4422 2298 1383 
18296 559 561 4976 5002 
18297 658 4295 3979 3627 
18298 828 2438 2741 2426 
18299 1758 2757 4578 1846 
18300 559 1696 558 5002 
18301 4552 2165 1056 1951 
18302 3441 781 4272 3806 
18303 4293 1153 2584 2602 
18304 3009 4280 582 3011 
18305 830 3327 2681 1097 
18306 586 4407 1746 813 
18307 724 1948 3544 591 
18308 2143 3116 2072 3115 
18309 702 2168 2771 1894 
18310 3798 650 4454 543 
18311 2772 2753 2771 1894 
18312 2427 2429 2428 1135 
18313 1998 3677 4374 4583 
18314 3406 1173 1176 1183 
18315 2425 2427 2428 1135 
18316 2084 2168 2771 2783 
18317 3711 1085 1876 1891 
18318 1062 1135 2428 4406 
18319 2850 3963 1705 792 
18320 1552 2594 2569 2593 
18321 2704 2603 2703 321 
18322 2877 655 2954 2868 
18323 4297 3965 1705 3031 
18324 722 700 701 2877 
18325 2370 1670 4928 224 
18326 2064 1167 4429 4428 
18327 4018 1145 1144 1143 
18328 2876 654 700 2868 
18329 3782 2376 3808 1363 
18330 2799 4269 427 2774 
18331 3945 4286 1660 4391 
18332 2425 1062 2428 4406 
18333 5028 1529 1768 1291 
18334 4999 5017 1887 1293 
18335 2425 1135 2428 1062 
18336 4024 1098 4664 4695 
18337 4984 5017 1887 4999 
18338 686 3945 3946 4285 
18339 2028 4692 3077 1990 
18340 687 2785 686 3946 
18341 4981 4973 5024 4377 
18342 2711 4977 2756 2758 
18343 4977 4205 5021 2758 
18344 5018 4975 4206 5022 
18345 529 5021 528 461 
18346 736 2109 1748 2441 
18347 5012 561 4976 2849 
18348 562 1094 559 4976 
18349 3111 2865 3126 439 
18350 1530 770 4983 1768 
18351 4198 4007 603 4006 
18352 623 3965 2818 3031 
18353 4801 1485 4677 2402 
18354 1723 1486 1489 3606 
18355 1529 1530 4983 1768 
18356 782 4288 1834 693 
18357 817 623 3031 1705 
18358 684 4286 686 4285 
18359 3058 537 3335 4098 
18360 3047 1862 4235 4070 
18361 2795 377 2794 2840 
18362 1831 2359 218 74 
18363 1184 1802 3583 3344 
18364 4381 4812 3879 1803 
18365 4288 680 1834 693 
18366 2795 377 2840 2841 
18367 3309 3274 1834 1898 
18368 4071 3478 4397 5020 
18369 4999 5008 3211 3212 
18370 597 770 5013 5005 
18371 4405 1827 2890 2109 
18372 5028 1529 1291 4969 
18373 3345 4316 866 3176 
18374 1948 3239 3383 3544 
18375 3467 4389 2096 446 
18376 3773 3775 3876 1836 
18377 3467 1754 2052 2096 
18378 2988 3026 1593 4076 
18379 1595 4532 1865 3662 
18380 2440 736 1748 2441 
18381 4445 4095 913 4573 
18382 2222 3358 3359 4576 
18383 3258 1980 2903 2021 
18384 1364 4451 2314 1352 
18385 828 2438 1931 717 
18386 4141 1012 4140 4065 
18387 3089 3202 1016 4140 
18388 1926 2654 2176 2655 
18389 2726 2808 631 3553 
18390 1012 1013 1014 4065 
18391 1288 672 2728 2727 
18392 1133 3144 3249 3145 
18393 1514 2830 3142 4111 
18394 2038 1807 4111 939 
18395 891 1238 3020 1572 
18396 2038 1807 3484 4111 
18397 3697 1497 3704 4628 
18398 4808 1284 2032 1482 
18399 650 3798 4454 4856 
18400 828 2427 1931 2438 
18401 3105 3160 821 2897 
18402 3105 821 748 2897 
18403 2966 3984 3986 5004 
18404 1358 4359 1352 3951 
18405 1811 3989 3990 301 
18406 1844 3415 4769 677 
18407 3936 1692 4300 2331 
18408 3936 1692 4761 4762 
18409 3351 4440 1881 4314 
18410 4359 1358 1352 1364 
18411 4953 4951 2110 22 
18412 4315 4440 4314 682 
18413 2035 1945 1944 3434 
18414 3433 3434 1944 3372 
18415 4768 3839 5027 2393 
18416 4359 4451 1352 3951 
18417 3433 2211 3502 1944 
18418 1840 4992 1581 1005 
18419 5041 265 4933 20 
18420 4833 2915 985 4782 
18421 755 3710 1953 1891 
18422 4956 30 261 2010 
18423 3961 3584 1201 3960 
18424 5041 265 20 1683 
18425 1076 2953 4717 3819 
18426 2135 1079 2917 4833 
18427 4451 4359 1352 1364 
18428 5001 4970 2994 2996 
18429 2409 4150 4829 2010 
18430 3824 4623 2345 4671 
18431 4957 150 151 2367 
18432 1507 2337 2098 2936 
18433 2344 1964 1658 4738 
18434 2542 410 759 1658 
18435 1008 2608 2607 2606 
18436 3588 1300 1645 3590 
18437 760 1431 3217 2208 
18438 3934 1690 1691 1379 
18439 2544 2543 2536 1374 
18440 4830 1686 2413 4475 
18441 1822 2755 2787 1397 
18442 2115 2544 1374 2543 
18443 1948 724 3544 1975 
18444 4508 4456 4421 1269 
18445 2544 2115 1374 2317 
18446 1948 1975 3383 1328 
18447 3661 2950 1425 710 
18448 4451 4852 1689 242 
18449 484 3419 3640 3245 
18450 848 4392 3638 1599 
18451 1734 5023 5004 4974 
18452 482 3245 4243 2551 
18453 5010 2180 844 5004 
18454 3565 3811 3810 1430 
18455 2707 1288 1912 4379 
18456 3740 1188 4283 3315 
18457 4484 4682 1377 4191 
18458 1210 3116 1183 2072 
18459 4638 3598 2226 3397 
18460 2653 1885 2668 2635 
18461 1901 3745 2241 1344 
18462 2388 2346 1546 4655 
18463 4609 264 2239 1385 
18464 1936 2470 4243 1119 
18465 236 1492 4990 3918 
18466 3191 480 2474 2551 
18467 103 2400 274 3909 
18468 2117 3932 3938 3935 
18469 480 1841 2474 2551 
18470 4081 618 4355 360 
18471 1691 2117 2331 3935 
18472 3368 1828 1790 3739 
18473 2972 858 3082 2294 
18474 1893 1884 1099 3024 
18475 1684 233 4912 2373 
18476 3191 480 4232 2474 
18477 361 2983 774 3229 
18478 1123 1789 2483 2481 
18479 4946 133 4956 4188 
18480 5045 5028 4635 3962 
18481 35 36 222 5009 
18482 3833 1800 1231 3582 
18483 3280 1314 4008 3964 
18484 948 1045 4795 1157 
18485 2391 4821 4153 248 
18486 1230 3883 1231 4785 
18487 2172 4913 4897 55 
18488 2435 2436 2437 712 
18489 4535 940 2019 1968 
18490 4535 1934 3540 1968 
18491 740 728 739 3005 
18492 2411 4167 4919 169 
18493 1123 1789 946 2485 
18494 4609 264 1385 2206 
18495 3780 4609 2239 1385 
18496 271 4940 4959 66 
18497 4337 3583 3673 1407 
18498 948 946 2485 4168 
18499 3334 467 1721 2793 
18500 463 3027 1845 468 
18501 2388 84 196 195 
18502 4880 220 1546 83 
18503 93 3927 228 1484 
18504 3432 1747 1003 2250 
18505 1492 236 4990 96 
18506 1989 238 1363 2376 
18507 962 4258 2505 2503 
18508 234 2379 4990 1481 
18509 2088 3912 2340 1694 
18510 1934 3505 1845 1786 
18511 2060 4941 2417 4923 
18512 214 103 3909 215 
18513 4823 105 217 3913 
18514 1710 1827 2892 3038 
18515 4601 3604 3802 1647 
18516 4858 2381 2305 4767 
18517 1710 1827 3038 1824 
18518 1303 4106 3269 1304 
18519 154 4898 2391 4153 
18520 3782 3527 1363 3808 
18521 4908 171 2384 4901 
18522 2179 4755 1896 4245 
18523 3844 3947 1386 2283 
18524 1827 4193 2890 2892 
18525 1358 3389 3951 1352 
18526 4258 962 2505 2517 
18527 4940 4170 4959 176 
18528 982 1750 4186 4480 
18529 4114 1236 3044 3042 
18530 1816 3048 3046 1797 
18531 3045 1816 3044 3046 
18532 3045 1816 3046 3047 
18533 260 38 4943 37 
18534 4940 67 271 2062 
18535 2062 4940 2416 271 
18536 249 1699 1700 2396 
18537 1668 3527 1363 1205 
18538 548 537 4322 3335 
18539 2383 210 3915 5016 
18540 1668 1989 1363 3808 
18541 4966 5034 5051 244 
18542 5051 4963 1478 5042 
18543 1237 3060 890 888 
18544 3426 3259 3467 2052 
18545 3063 3061 1773 888 
18546 870 2642 3475 4221 
18547 4203 1507 4041 2936 
18548 3063 689 3064 3062 
18549 1862 1237 3053 1259 
18550 3083 4227 1523 1058 
18551 825 867 706 4074 
18552 3998 306 4301 308 
18553 309 3998 307 3999 
18554 793 689 3064 719 
18555 4415 785 2228 4340 
18556 3060 1237 890 3053 
18557 2115 1743 1744 2548 
18558 2552 1743 314 312 
18559 1371 3193 4528 1562 
18560 3323 4018 1144 4017 
18561 4161 980 2044 890 
18562 4810 3378 4693 926 
18563 3987 1996 3447 2721 
18564 1644 3426 1920 2052 
18565 1644 3259 3426 2052 
18566 287 286 285 2943 
18567 3467 4224 446 2052 
18568 2944 3071 283 285 
18569 2942 2944 284 2943 
18570 1270 2150 1965 2546 
18571 1985 1266 4503 1966 
18572 287 3939 286 2943 
18573 3259 4224 3467 2052 
18574 1105 2669 1570 1564 
18575 4224 432 446 2021 
18576 2247 4137 926 3377 
18577 1596 1244 2516 988 
18578 1809 2762 1859 394 
18579 990 1061 1060 2529 
18580 78 190 2405 219 
18581 377 375 376 4895 
18582 4316 937 866 3176 
18583 477 478 479 4386 
18584 473 3342 4303 1782 
18585 2854 375 372 3857 
18586 4044 777 3366 3284 
18587 3575 3113 3115 1867 
18588 3830 4832 1456 3761 
18589 1585 3400 3712 755 
18590 4977 460 528 461 
18591 3116 1210 1183 3163 
18592 4609 3780 3821 1385 
18593 1739 78 2405 219 
18594 2085 3381 2243 1396 
18595 4743 2709 4580 457 
18596 5021 4977 528 461 
18597 1585 4060 385 393 
18598 3400 755 385 382 
18599 520 524 525 3054 
18600 4226 2007 1209 1141 
18601 536 3058 3156 3057 
18602 4710 4060 393 3618 
18603 3081 520 525 3054 
18604 2159 2865 2811 330 
18605 438 443 1573 2622 
18606 2619 656 453 437 
18607 1098 1585 400 4061 
18608 2319 3303 3126 3293 
18609 988 2513 987 2516 
18610 443 2643 1573 2622 
18611 2260 4497 3625 4072 
18612 3138 4983 3137 5005 
18613 2995 3138 3137 5005 
18614 4970 5001 2994 3137 
18615 3162 421 2581 1878 
18616 5001 2995 2994 3137 
18617 5001 4970 5005 3137 
18618 3683 485 484 486 
18619 2902 432 446 4224 
18620 1270 2493 1025 2492 
18621 2995 5001 5005 3137 
18622 5010 1404 2158 1406 
18623 3795 2267 2122 3667 
18624 2929 3980 2926 2323 
18625 1244 988 987 2516 
18626 2513 1244 987 2516 
18627 423 1787 3507 1819 
18628 762 4031 3066 3068 
18629 4588 1905 1927 3526 
18630 988 2526 2527 990 
18631 1061 2535 1060 2529 
18632 1584 2894 2895 3159 
18633 3080 4086 4976 563 
18634 1584 1853 981 3159 
18635 3340 1584 981 3159 
18636 1134 449 3541 1786 
18637 471 473 475 2838 
18638 1853 3586 3442 1161 
18639 5050 265 5040 2264 
18640 1104 4211 2793 2666 
18641 4401 2880 756 2864 
18642 2484 1104 1977 2666 
18643 449 4647 448 4763 
18644 2476 2141 2473 2475 
18645 2836 2801 433 2837 
18646 2036 1945 2034 4752 
18647 4335 605 1535 1766 
18648 3358 1594 3343 3662 
18649 4524 397 4509 396 
18650 2533 1156 2530 2529 
18651 3515 1109 1880 3517 
18652 3404 496 493 3552 
18653 3212 4999 3966 3354 
18654 515 513 514 4624 
18655 3773 3876 2087 1836 
18656 2451 2979 2453 499 
18657 3516 3515 1880 3517 
18658 2454 500 503 501 
18659 1156 2530 2529 2527 
18660 4480 4117 822 4515 
18661 501 2451 2450 2452 
18662 5017 4984 3211 4999 
18663 2171 517 3777 516 
18664 5017 5028 5045 3962 
18665 1060 2535 4230 2529 
18666 869 1076 3819 3845 
18667 581 4235 4098 3049 
18668 3137 4620 4969 4635 
18669 650 4856 2226 1909 
18670 1142 2592 1128 2631 
18671 1102 3139 3381 1396 
18672 482 480 481 3192 
18673 2465 2487 1654 2467 
18674 480 3191 3192 2551 
18675 1921 3655 3398 3685 
18676 3202 2077 3203 3090 
18677 4207 884 4388 4351 
18678 3547 973 3075 4435 
18679 1054 1053 3198 1055 
18680 788 3842 556 613 
18681 1283 1032 1284 3203 
18682 4504 3402 1032 3203 
18683 732 2957 723 833 
18684 2878 1168 2879 2864 
18685 2959 2957 732 833 
18686 2700 2102 2716 4110 
18687 2693 1441 2690 4045 
18688 1100 4281 1902 3029 
18689 1303 1301 3227 1329 
18690 4391 1499 1733 1660 
18691 397 4524 4509 4279 
18692 984 973 3075 3123 
18693 2952 796 404 4113 
18694 592 594 3643 1777 
18695 3518 592 3643 3324 
18696 608 4467 3519 4349 
18697 2692 2227 2694 4014 
18698 2020 3246 587 2015 
18699 4007 2997 4402 603 
18700 603 2997 602 600 
18701 3976 1387 3969 3975 
18702 1736 1549 3456 3236 
18703 919 4662 4817 1649 
18704 660 4348 3456 1892 
18705 3963 3965 1705 4297 
18706 1549 2656 3456 3236 
18707 616 623 2818 624 
18708 2127 3305 2153 1680 
18709 720 1578 675 3247 
18710 720 3158 1578 3247 
18711 640 2863 2705 2732 
18712 2585 2587 2584 1152 
18713 689 3063 3065 4025 
18714 674 575 576 3646 
18715 3764 1642 4890 1852 
18716 2779 2746 552 2745 
18717 3802 4957 2162 2367 
18718 366 367 3537 4465 
18719 4477 3546 4520 690 
18720 1268 1152 2582 2584 
18721 1609 663 2636 834 
18722 1617 3208 3401 4237 
18723 1268 2286 2582 1152 
18724 2621 401 403 2624 
18725 3712 1585 4695 4061 
18726 227 2090 2162 2367 
18727 667 3573 4046 3570 
18728 726 4657 4619 725 
18729 4241 964 4199 2672 
18730 1769 738 726 3078 
18731 2397 270 179 4533 
18732 4734 3763 681 4289 
18733 2367 3802 4798 2162 
18734 2742 718 2874 2886 
18735 4902 147 2408 4767 
18736 3533 867 1550 1775 
18737 2090 2367 4798 2162 
18738 3067 762 719 3066 
18739 3247 3065 4025 675 
18740 4453 1651 1309 1306 
18741 656 2619 453 4221 
18742 2165 4552 1218 1951 
18743 652 2867 1702 4173 
18744 1299 1993 1975 4529 
18745 1301 1299 3270 4529 
18746 4566 1334 2277 2197 
18747 1299 1301 1993 4529 
18748 2424 2422 1218 1051 
18749 1607 3437 3155 3959 
18750 1951 4404 1218 996 
18751 4291 619 4893 4592 
18752 656 453 657 4221 
18753 2619 453 4221 2642 
18754 2640 430 2626 1823 
18755 4447 2173 3321 1218 
18756 2876 700 2877 2868 
18757 2363 1532 3781 4875 
18758 430 4027 2626 1823 
18759 469 2667 471 1767 
18760 4875 2147 3781 3755 
18761 2306 1488 3289 3291 
18762 1488 3424 3289 3291 
18763 2482 1730 1977 2013 
18764 762 3067 719 1612 
18765 1338 2258 1339 3647 
18766 3817 2189 4617 4575 
18767 4495 4449 1109 838 
18768 4260 839 838 994 
18769 2310 1342 4804 4056 
18770 2827 687 750 688 
18771 388 1617 3713 4237 
18772 4128 2251 757 4413 
18773 4629 3718 1876 3711 
18774 2091 1620 1895 4485 
18775 1877 4629 1876 1891 
18776 4871 2172 1385 1656 
18777 5010 2964 2965 2963 
18778 1343 3780 2239 1385 
18779 3993 3994 2136 305 
18780 4027 430 2626 2640 
18781 783 4477 4520 690 
18782 3339 1447 1449 2780 
18783 2817 2834 508 2816 
18784 498 3895 495 497 
18785 3776 3774 516 3775 
18786 1389 2434 3149 3898 
18787 2834 778 2848 2835 
18788 3294 4599 3100 824 
18789 2861 4427 4246 1117 
18790 1785 876 879 4418 
18791 2753 544 2746 702 
18792 3558 1351 3821 1385 
18793 506 3132 2870 2848 
18794 4654 698 697 699 
18795 4363 4310 3898 1390 
18796 1794 4750 1643 1980 
18797 4554 2641 1526 2639 
18798 1008 1010 796 2606 
18799 1191 1189 3610 3611 
18800 4437 3733 4800 1044 
18801 3122 4598 818 974 
18802 1822 4213 2787 1399 
18803 4277 4414 4213 1078 
18804 815 1822 2754 2787 
18805 1509 2387 1524 4771 
18806 1510 3769 3405 3823 
18807 2335 3381 2085 1396 
18808 1010 1008 2607 2606 
18809 2234 1116 3311 3313 
18810 2234 2047 1116 3313 
18811 2234 1510 3405 1727 
18812 1159 950 1515 3205 
18813 2249 3943 3566 3942 
18814 4585 3804 1502 4807 
18815 2350 1695 1493 3804 
18816 3829 958 966 3792 
18817 1466 4705 373 4749 
18818 4020 2046 1907 1121 
18819 255 1727 1500 3823 
18820 2680 1437 4012 1540 
18821 4724 3813 4519 2259 
18822 2678 1540 4012 2246 
18823 2246 1437 4012 1777 
18824 2348 3741 4776 2200 
18825 3840 3721 2108 3295 
18826 4825 676 677 649 
18827 1800 3833 1231 2008 
18828 1211 1230 1231 4785 
18829 3290 4315 4314 682 
18830 832 3206 3436 800 
18831 1541 4031 763 3487 
18832 3487 4306 763 842 
18833 958 4585 3878 1003 
18834 4306 3206 763 800 
18835 865 3829 4826 3669 
18836 1026 973 984 3123 
18837 4005 4352 3478 743 
18838 1710 3037 880 877 
18839 3452 1074 1276 1355 
18840 1415 1160 1418 5046 
18841 973 3547 3075 3123 
18842 3059 1259 2044 2009 
18843 1862 1259 3053 3047 
18844 1434 1437 789 2683 
18845 2163 1356 4131 3940 
18846 2682 2684 2683 1434 
18847 4005 4352 743 4012 
18848 374 3855 371 4870 
18849 2030 3859 3858 373 
18850 606 3520 3519 3524 
18851 617 4198 604 603 
18852 548 575 3335 4446 
18853 4405 1749 4411 4186 
18854 3778 518 4538 2053 
18855 1653 911 4686 908 
18856 4301 306 3997 2228 
18857 657 656 4221 2617 
18858 689 3065 675 4025 
18859 674 3646 576 4025 
18860 2522 2520 1874 1817 
18861 3492 850 3491 986 
18862 914 4576 4573 915 
18863 4095 1677 913 915 
18864 4187 907 2853 2463 
18865 1079 2135 2917 2157 
18866 344 306 4301 2228 
18867 2458 4284 1630 2459 
18868 1002 3614 3779 3770 
18869 3345 799 3346 3177 
18870 2197 766 4553 2100 
18871 2108 3296 2276 1197 
18872 1389 1191 3886 2134 
18873 1189 3302 1055 3610 
18874 493 496 495 3552 
18875 1040 3498 1141 855 
18876 799 3345 3346 1890 
18877 1721 467 1104 2793 
18878 1886 1664 3150 2644 
18879 1620 2091 2051 4485 
18880 1036 2755 4199 963 
18881 1342 4055 3641 4056 
18882 3936 3935 2331 4300 
18883 278 4040 277 3357 
18884 278 3356 4040 3357 
18885 3175 1855 3174 3385 
18886 1119 3245 3640 4243 
18887 297 3336 3306 3632 
18888 2495 4202 2494 1861 
18889 4227 1520 1828 4793 
18890 3708 3368 1513 1511 
18891 629 4434 2730 2727 
18892 1343 1342 2239 3557 
18893 3780 1343 2239 3557 
18894 3380 3950 1163 1164 
18895 2423 2425 4406 1062 
18896 3556 1024 3555 3831 
18897 1228 2423 1051 2422 
18898 2422 2423 1051 2424 
18899 3380 1024 3379 3555 
18900 2104 751 2435 2434 
18901 1340 3265 3379 2026 
18902 3485 1208 1899 1900 
18903 1503 3216 3218 4151 
18904 4569 2051 2637 4485 
18905 2567 766 4133 4553 
18906 760 3217 3218 3216 
18907 4158 1895 4455 4485 
18908 1620 2051 4569 4485 
18909 1851 3622 3536 4542 
18910 806 808 1852 3905 
18911 3258 1644 3425 1643 
18912 1503 3457 3379 1340 
18913 2051 2091 2637 4485 
18914 621 1991 4604 3390 
18915 221 3884 1524 4799 
18916 1991 788 613 4672 
18917 957 3338 1066 4542 
18918 3272 1899 1275 1166 
18919 614 621 4439 622 
18920 927 2493 4147 1025 
18921 2150 341 3220 2215 
18922 2489 784 2998 846 
18923 2091 2051 2637 1628 
18924 1617 3401 3711 3713 
18925 1571 1160 3687 1418 
18926 1668 267 3747 1669 
18927 3567 1081 1064 4600 
18928 3375 3567 1064 4530 
18929 4456 1039 1038 1269 
18930 88 199 200 3940 
18931 1001 1074 1276 3451 
18932 1219 957 1066 4542 
18933 878 4354 1000 3055 
18934 1710 1824 3038 877 
18935 3500 4510 4472 1623 
18936 1160 3921 3687 1418 
18937 2609 1628 2054 1139 
18938 1437 1177 2683 1434 
18939 4413 389 3715 4375 
18940 1877 4629 1891 4661 
18941 755 3710 1617 3401 
18942 1400 1105 2675 2670 
18943 1048 1369 1371 4563 
18944 56 4931 2261 4913 
18945 3360 331 2978 3384 
18946 4906 33 4903 259 
18947 4150 2121 4189 4829 
18948 232 56 2261 4913 
18949 3325 882 1548 884 
18950 1703 4229 2272 429 
18951 3586 4292 3442 1161 
18952 4081 2985 360 3233 
18953 4229 4200 4420 2272 
18954 1703 4229 4420 2272 
18955 2152 3459 3377 3423 
18956 1873 1936 2468 2470 
18957 3459 2152 1265 3423 
18958 4515 4117 822 4538 
18959 1354 3883 4633 1231 
18960 733 1795 2004 3374 
18961 1994 2786 1140 1877 
18962 2786 2614 4032 1879 
18963 3076 984 3123 4474 
18964 1688 4863 1687 241 
18965 3712 1585 755 1953 
18966 3241 1992 2635 2043 
18967 661 656 657 2617 
18968 2959 2962 1634 2961 
18969 2313 425 4309 2712 
18970 1420 421 4267 2142 
18971 2211 1806 3502 1944 
18972 1826 2713 4630 3871 
18973 1940 3501 3372 1942 
18974 1433 4847 266 2076 
18975 1281 2018 3445 4253 
18976 2257 2370 4778 224 
18977 2412 4918 114 4900 
18978 3731 4502 1755 4164 
18979 1375 2257 3658 4778 
18980 2588 3028 1149 1260 
18981 925 2660 2661 4118 
18982 1800 3582 3832 3581 
18983 3844 4863 241 4605 
18984 636 3545 638 4380 
18985 3074 984 3076 2114 
18986 550 4291 620 4290 
18987 660 4348 4349 3456 
18988 188 4249 2378 257 
18989 642 643 644 2714 
18990 1736 660 4349 3456 
18991 3677 3114 4385 1925 
18992 925 1564 2661 901 
18993 3235 4467 608 4349 
18994 4249 4682 2378 257 
18995 4522 3655 4332 549 
18996 4712 620 4289 679 
18997 1523 3083 1058 2294 
18998 2108 3721 1942 1945 
18999 3840 1941 1943 1942 
19000 2973 2972 3082 2294 
19001 3093 1195 3095 1979 
19002 2902 4269 4457 426 
19003 2973 2183 2972 2294 
19004 4442 3100 1979 3093 
19005 3470 1217 3471 3472 
19006 1860 4317 1044 1043 
19007 3083 2973 3082 2294 
19008 2973 3083 1523 2294 
19009 4457 4269 424 426 
19010 1050 2537 2543 2536 
19011 4064 3496 4496 4971 
19012 2552 3496 767 312 
19013 808 1019 4792 849 
19014 3901 4858 2305 4767 
19015 3901 2262 1674 2305 
19016 1542 766 4553 2197 
19017 2576 1763 1764 415 
19018 1756 2187 3737 4210 
19019 2212 3472 1216 3736 
19020 2423 2421 1228 3525 
19021 1332 2262 3901 2305 
19022 4623 144 4925 145 
19023 185 73 3836 218 
19024 996 2424 1218 1051 
19025 2834 506 778 508 
19026 3316 4854 2329 1984 
19027 1096 2649 2651 3326 
19028 1562 1563 1781 3489 
19029 2487 1653 2467 1239 
19030 3358 3204 1594 979 
19031 909 4139 910 4649 
19032 3489 1562 4087 1781 
19033 1402 2865 4100 1368 
19034 1983 4623 239 2345 
19035 3358 1595 1594 3662 
19036 2282 1563 4476 2342 
19037 1901 3745 270 2241 
19038 1114 2649 3326 4078 
19039 1142 1958 2712 2631 
19040 3628 2691 2692 1746 
19041 1096 1114 2649 3326 
19042 1783 4152 343 316 
19043 2282 1563 4528 4476 
19044 1563 3489 4476 2342 
19045 2357 1367 3500 2538 
19046 1367 3500 2538 4127 
19047 95 1492 4990 96 
19048 1156 1365 2530 2534 
19049 3496 1732 4971 767 
19050 2357 1633 2538 2539 
19051 4970 4620 4969 3137 
19052 2533 1367 2538 4127 
19053 3180 2995 5005 3138 
19054 597 1530 5005 5001 
19055 3232 363 365 3511 
19056 1332 3744 1638 2305 
19057 365 1697 3511 387 
19058 1697 4436 3511 387 
19059 361 3230 3229 3231 
19060 361 3230 2985 3229 
19061 3226 1329 3227 3225 
19062 361 1673 363 3231 
19063 3578 695 1671 3753 
19064 716 4612 4613 659 
19065 2691 1746 813 2265 
19066 4827 1324 1317 1319 
19067 3522 511 1671 578 
19068 2240 2125 4294 2316 
19069 3455 1312 3240 1311 
19070 4491 706 3533 4525 
19071 4929 45 227 1676 
19072 4544 1233 3870 3869 
19073 1233 3870 3460 4545 
19074 1268 2240 4294 2316 
19075 1651 3881 3416 4453 
19076 4675 227 2023 1676 
19077 4902 1674 4921 41 
19078 2693 2690 1440 2692 
19079 706 3533 4525 4074 
19080 825 706 4525 4074 
19081 223 3928 3929 4867 
19082 4482 1349 2086 1155 
19083 201 2368 90 2202 
19084 91 203 3799 1997 
19085 3928 2368 2202 3929 
19086 2581 2286 2583 2582 
19087 422 421 4430 4564 
19088 4730 90 1997 202 
19089 4722 2071 3454 1155 
19090 4722 4482 2086 1155 
19091 1338 4482 1155 1349 
19092 1076 869 3819 1223 
19093 592 594 593 3643 
19094 3996 3995 307 305 
19095 3934 3932 3933 1379 
19096 1512 3268 3801 1963 
19097 661 1579 2617 2615 
19098 2178 1512 2266 3801 
19099 1074 2327 3508 3563 
19100 421 4247 4430 4564 
19101 256 1464 4845 1382 
19102 256 1477 1465 4733 
19103 661 656 2617 1579 
19104 3890 3887 3889 1383 
19105 1191 3611 3887 1382 
19106 1442 2227 2694 2692 
19107 3160 950 3161 3205 
19108 2327 4131 3508 3563 
19109 4425 2291 2744 1393 
19110 1442 2192 2694 2227 
19111 2291 2740 2744 1393 
19112 984 3076 1027 4474 
19113 551 553 2779 552 
19114 422 4470 4564 4430 
19115 1729 723 2958 833 
19116 3312 3122 2338 974 
19117 4757 4555 4989 2386 
19118 3818 4966 5034 5051 
19119 3577 423 4470 4564 
19120 969 795 2970 841 
19121 420 421 422 4564 
19122 4981 5023 4974 3986 
19123 3122 3312 2338 3311 
19124 795 841 840 3007 
19125 1301 1303 3269 1302 
19126 3270 1301 1302 1300 
19127 3270 1300 1302 3588 
19128 3998 3996 307 3999 
19129 960 2680 1540 1177 
19130 3269 3589 1302 1304 
19131 4660 4398 3599 635 
19132 2717 3324 2683 789 
19133 4660 3688 635 3599 
19134 1446 4218 2699 4033 
19135 4408 1745 4223 813 
19136 4280 584 4261 3628 
19137 1325 1316 3362 3280 
19138 1219 2189 3817 4575 
19139 1459 2113 3300 1461 
19140 2820 2821 4976 5002 
19141 4027 430 398 399 
19142 4975 458 460 459 
19143 2665 4975 4206 458 
19144 785 2919 4340 4415 
19145 4660 4376 4398 633 
19146 2105 1380 1381 3957 
19147 4262 2157 2123 352 
19148 353 1554 2349 2603 
19149 4660 709 633 635 
19150 2603 2598 2349 4028 
19151 353 2603 2349 4028 
19152 3734 2271 4784 4837 
19153 4537 3402 4784 1286 
19154 3921 3919 5046 3920 
19155 2189 4617 4575 1220 
19156 5034 3818 3601 4419 
19157 75 1831 2419 1792 
19158 2421 4849 2419 1792 
19159 2031 3402 1286 4784 
19160 3864 3734 4837 5047 
19161 1219 2189 4575 1220 
19162 3536 1004 3370 1243 
19163 4953 231 2371 2299 
19164 4935 4953 2371 2299 
19165 3380 1024 1162 1163 
19166 1124 2321 2254 3352 
19167 3950 3389 3265 1165 
19168 1243 3621 3623 3370 
19169 4737 4935 127 2371 
19170 4126 4172 742 4252 
19171 2828 685 2830 1514 
19172 3086 3144 1262 3145 
19173 2883 2830 939 2884 
19174 1004 3182 3536 3370 
19175 2038 3144 1262 3086 
19176 3989 3336 299 3632 
19177 1519 3989 299 3632 
19178 4737 4935 2371 2299 
19179 4876 4737 2371 2299 
19180 603 4198 604 4402 
19181 297 1519 299 3632 
19182 1536 4596 1535 3971 
19183 3336 297 299 3632 
19184 3172 1883 3361 3277 
19185 1536 3971 1535 1766 
19186 179 270 2 4533 
19187 2 270 179 69 
19188 5005 2995 4985 5044 
19189 4500 343 2725 1865 
19190 1346 3070 2941 1504 
19191 2098 2932 2936 2934 
19192 2941 1505 2188 1504 
19193 4203 1505 1504 3319 
19194 1048 3193 2660 3194 
19195 4986 594 4397 3643 
19196 2082 1950 3654 1179 
19197 1950 2082 3654 4684 
19198 3331 2099 3333 4961 
19199 4961 3789 4846 3332 
19200 137 138 4903 2382 
19201 337 335 1557 4754 
19202 3690 2082 3654 1229 
19203 2247 4137 1966 4370 
19204 1618 3360 3514 3670 
19205 3375 1080 3376 3266 
19206 4528 1563 1562 3489 
19207 2865 2159 439 330 
19208 4574 2356 1403 1405 
19209 4394 1598 3308 3638 
19210 1604 5030 2081 2264 
19211 2073 3391 2056 3155 
19212 138 4906 4903 2382 
19213 5023 4987 776 2976 
19214 4394 1598 1599 1606 
19215 2003 2201 2601 1113 
19216 2145 4053 1744 2725 
19217 1393 2132 2743 2738 
19218 1611 771 2988 1593 
19219 1591 1592 3343 1594 
19220 1595 3663 4532 3662 
19221 4972 5027 2393 5040 
19222 1113 2601 2600 2628 
19223 4160 4159 2393 5040 
19224 2153 2182 1682 4003 
19225 4238 1613 912 910 
19226 651 2198 4842 1682 
19227 1629 4095 1677 913 
19228 3463 975 1392 1597 
19229 4543 3743 651 3742 
19230 3743 566 651 3742 
19231 3305 3637 3742 1681 
19232 1701 64 4926 63 
19233 825 706 769 4525 
19234 2447 1070 1287 1071 
19235 2053 4515 4538 4594 
19236 1774 1237 1773 4070 
19237 159 2394 4950 4162 
19238 526 3050 3049 3051 
19239 1679 229 4162 3676 
19240 695 3754 4591 697 
19241 1342 1679 4804 3641 
19242 2500 4270 1625 3084 
19243 3578 3754 695 3753 
19244 1246 2498 1946 1625 
19245 4636 2095 4054 3676 
19246 3270 1299 1300 3591 
19247 1652 2095 4054 1324 
19248 4798 3802 1647 2162 
19249 4132 1932 4045 2981 
19250 2687 2762 1859 1809 
19251 356 355 2987 3130 
19252 2687 1809 1859 1436 
19253 357 2984 3129 2987 
19254 1158 1248 3687 3320 
19255 995 1278 3953 1889 
19256 2301 4851 4298 4668 
19257 3558 1351 4728 3821 
19258 249 1699 4945 65 
19259 51 229 4952 1678 
19260 3557 1342 2239 4056 
19261 1248 1158 3687 1571 
19262 3919 251 1418 2352 
19263 3921 1160 3687 4680 
19264 4088 3131 3262 1320 
19265 1321 1320 3262 1322 
19266 1320 3131 3262 1322 
19267 1378 4359 3931 3933 
19268 3938 1057 3357 279 
19269 1158 1160 3687 1571 
19270 1158 1160 976 3317 
19271 3443 2018 1702 4173 
19272 3968 4589 3970 5037 
19273 4908 172 3891 2384 
19274 3019 3021 3020 1238 
19275 1030 1615 3698 1616 
19276 4159 5041 2393 5040 
19277 4775 291 1511 673 
19278 3791 1701 2199 2309 
19279 1006 4662 2871 4765 
19280 3890 1464 3889 4703 
19281 293 3956 3709 3980 
19282 293 4775 3709 3956 
19283 2378 4191 4190 1715 
19284 3301 3609 1482 2032 
19285 3424 1486 3923 3606 
19286 3923 225 3922 2402 
19287 4191 4703 4190 1715 
19288 2158 5010 1634 2963 
19289 2960 731 775 732 
19290 233 18 4912 17 
19291 4119 2248 2404 3889 
19292 3078 726 4657 3256 
19293 3730 3595 4992 3731 
19294 583 584 585 3222 
19295 4759 3730 4992 3731 
19296 2192 1752 2697 746 
19297 1658 4681 527 4738 
19298 414 412 4681 527 
19299 1943 4725 2221 4586 
19300 1938 2735 2734 2736 
19301 2482 1123 1977 2484 
19302 1976 1721 1104 4211 
19303 467 469 2793 2765 
19304 1123 4194 885 1976 
19305 1976 2484 1104 1977 
19306 3683 3419 3640 484 
19307 427 432 2836 433 
19308 3786 3785 1605 3438 
19309 1325 3279 3362 4003 
19310 3554 4731 5030 1604 
19311 4953 23 231 2299 
19312 801 2735 1938 2736 
19313 2037 521 2472 2474 
19314 1157 2477 4175 2479 
19315 3259 1644 3425 3258 
19316 3525 2423 1062 1228 
19317 894 3835 1641 3764 
19318 1642 894 1641 3764 
19319 1151 2585 1152 2587 
19320 1124 1004 1242 3370 
19321 3905 1641 1852 3108 
19322 806 1641 708 3108 
19323 3905 1641 3108 3764 
19324 806 3906 3108 2508 
19325 984 1026 3123 4474 
19326 610 1655 612 3981 
19327 1272 4038 2046 2006 
19328 2919 2916 2914 1471 
19329 2720 1655 4059 3981 
19330 4594 4515 4265 1751 
19331 4827 1324 3827 1317 
19332 4033 1448 1447 2780 
19333 2797 1398 2354 1397 
19334 1078 4414 4213 2296 
19335 742 815 2788 814 
19336 4994 2790 2758 2791 
19337 4579 1315 3363 3827 
19338 2445 1070 1071 955 
19339 1600 4392 3438 3437 
19340 646 647 648 3112 
19341 2468 1936 1935 2470 
19342 2792 646 648 3112 
19343 1943 3840 4725 4586 
19344 1608 3785 3392 3438 
19345 5021 529 5002 5012 
19346 907 4187 906 2463 
19347 2820 5012 5002 4976 
19348 920 3543 917 1610 
19349 2962 1404 2129 2158 
19350 4365 1125 1630 2459 
19351 3852 3914 1779 954 
19352 755 1617 382 3401 
19353 405 2564 2561 4279 
19354 1125 1904 1630 2459 
19355 1109 1720 2107 3517 
19356 1085 1780 3718 1876 
19357 4449 1109 1733 3515 
19358 4449 1109 3515 3517 
19359 1120 3276 3584 1108 
19360 4495 1109 3517 1720 
19361 2850 2847 611 615 
19362 2460 1904 1663 2459 
19363 1125 2460 1663 2459 
19364 1904 1125 1663 2459 
19365 5014 1034 1289 1033 
19366 1706 1888 3170 1962 
19367 521 480 4232 479 
19368 1544 1526 1823 2639 
19369 3840 3501 1941 1942 
19370 3837 1930 4886 2200 
19371 1196 3408 4519 2259 
19372 3393 1624 3394 2160 
19373 546 4067 3057 3156 
19374 3745 4781 1901 4534 
19375 480 482 1841 2551 
19376 2169 1558 787 4597 
19377 4389 1819 2096 446 
19378 1127 1826 4630 952 
19379 1829 1076 3819 1223 
19380 2313 425 2142 4309 
19381 1076 1829 3819 4717 
19382 522 530 4331 523 
19383 4384 1119 3640 4243 
19384 2084 3523 2783 2781 
19385 4384 1725 1119 1935 
19386 3051 3054 3057 525 
19387 359 1657 774 2983 
19388 2982 359 2983 1657 
19389 1657 2762 1859 2981 
19390 1444 2696 4218 2695 
19391 2288 1400 2677 965 
19392 2762 1657 1859 394 
19393 4717 1829 3819 3612 
19394 1457 4832 1456 3830 
19395 1315 4579 1473 3827 
19396 3322 1940 3372 1944 
19397 2473 2037 2472 2474 
19398 1315 1317 3363 3827 
19399 3136 491 3132 2870 
19400 2336 3098 1208 3164 
19401 1456 1458 4727 3440 
19402 1455 4832 1456 1457 
19403 2470 4384 4243 1119 
19404 298 3336 3228 3306 
19405 1426 4002 2028 1427 
19406 3842 4779 788 3841 
19407 1961 3842 788 3841 
19408 3291 2306 1489 2144 
19409 2011 4643 3843 4653 
19410 3789 339 3412 3790 
19411 1712 1725 2638 1935 
19412 2682 4208 1097 2681 
19413 1270 1041 2495 1861 
19414 1483 253 1484 4741 
19415 1526 1544 1847 2639 
19416 4194 1796 885 1976 
19417 711 2901 3671 3649 
19418 1544 2664 1847 2639 
19419 4326 733 3255 483 
19420 3642 1796 1976 1721 
19421 1796 3642 1976 4194 
19422 2713 2775 3871 1826 
19423 1862 1259 3052 1987 
19424 713 711 2901 3852 
19425 1466 2528 1245 3863 
19426 793 689 888 3062 
19427 1558 3384 787 4597 
19428 4658 3883 3757 2204 
19429 851 1555 4608 3869 
19430 3622 1219 1588 3817 
19431 4183 3052 2009 1987 
19432 2055 2480 2479 2481 
19433 4114 1798 871 4323 
19434 3059 1259 3449 3052 
19435 1477 256 81 2361 
19436 2480 2055 2013 2481 
19437 1543 4676 246 2189 
19438 4062 1307 2057 1333 
19439 1789 2055 2479 2481 
19440 2271 234 3925 4837 
19441 2031 4808 4784 3925 
19442 2055 1789 2013 2481 
19443 1864 1769 818 4598 
19444 256 192 81 2361 
19445 2077 3202 2032 1016 
19446 2401 4990 208 3918 
19447 80 256 192 81 
19448 2632 4783 983 4630 
19449 2211 1805 3502 1806 
19450 1175 3190 4831 3893 
19451 4106 1303 2042 1305 
19452 4106 3226 2042 1303 
19453 3226 4106 2042 4105 
19454 4106 1305 2042 4105 
19455 2035 247 3885 2211 
19456 3433 2035 3885 2211 
19457 4176 2191 1357 2448 
19458 518 2053 822 4538 
19459 4324 518 533 4538 
19460 2053 4515 822 4538 
19461 1071 1287 2446 1357 
19462 1741 3866 3865 4773 
19463 2575 2577 415 2813 
19464 1741 2179 4773 2230 
19465 1145 4396 1273 2002 
19466 1041 2493 2494 2495 
19467 2843 4182 3178 653 
19468 1167 2064 1273 4428 
19469 2966 1734 5004 4974 
19470 4648 416 4234 2813 
19471 3195 4979 4987 3143 
19472 418 416 417 4234 
19473 4766 1508 842 4669 
19474 286 3939 288 2939 
19475 961 1621 2507 4254 
19476 289 4013 290 288 
19477 3907 2399 103 1480 
19478 3452 4722 3509 1355 
19479 1411 3908 273 1480 
19480 2509 4254 1099 3024 
19481 825 4074 3603 4608 
19482 2036 3813 2259 2276 
19483 2369 253 206 3926 
19484 205 94 3922 206 
19485 3804 1695 3803 3432 
19486 962 804 2505 961 
19487 1695 3432 2250 3803 
19488 1409 2119 3847 1656 
19489 1349 4482 2086 3929 
19490 4851 3747 1669 2301 
19491 1279 3422 3747 3527 
19492 4931 4948 2261 4166 
19493 2808 4376 633 4398 
19494 4482 4722 2086 3929 
19495 416 414 415 2813 
19496 825 1555 4074 4608 
19497 1103 4225 4835 3420 
19498 3655 1921 3398 3207 
19499 851 825 3603 4608 
19500 2504 804 2506 2505 
19501 808 807 809 2514 
19502 808 3906 807 2514 
19503 3190 4721 4646 1172 
19504 808 849 2514 809 
19505 3204 979 3174 1614 
19506 808 4792 2514 849 
19507 414 2575 415 2813 
19508 3972 1667 1033 5026 
19509 1863 508 2835 778 
19510 3184 2152 3377 3423 
19511 346 4810 926 1648 
19512 2860 541 1812 472 
19513 3974 5039 4688 5014 
19514 825 851 1555 4608 
19515 670 726 4619 725 
19516 1631 3184 356 1810 
19517 2207 618 3849 2184 
19518 2163 199 88 3940 
19519 1518 4556 1517 2327 
19520 2817 508 2835 1863 
19521 5017 5006 3355 3962 
19522 255 87 4729 4696 
19523 729 3569 3720 669 
19524 3844 4834 2384 1386 
19525 5006 5017 5045 3962 
19526 3138 4984 3962 4983 
19527 4984 5017 3962 4983 
19528 4167 4937 1687 4919 
19529 5017 4999 3211 3355 
19530 5032 2332 1667 5026 
19531 5007 141 2364 5009 
19532 5014 3973 3970 5026 
19533 4623 144 5011 4925 
19534 4623 1983 239 4925 
19535 2856 704 1762 2857 
19536 1068 1069 3200 998 
19537 2813 2577 417 4234 
19538 2550 410 411 2554 
19539 1762 2856 4278 2950 
19540 1221 1082 1086 4606 
19541 1222 1849 2986 1086 
19542 4995 560 4993 1528 
19543 4057 2597 2595 1553 
19544 3129 2984 358 4081 
19545 4995 1758 560 1528 
19546 1690 4944 2398 252 
19547 3290 683 704 2857 
19548 731 2960 3143 3955 
19549 2961 2960 2976 732 
19550 5023 3985 2976 3984 
19551 971 3125 3244 3124 
19552 2581 2316 1878 2582 
19553 2093 2221 2881 4586 
19554 1958 2713 2712 2631 
19555 2590 1850 2589 2591 
19556 1844 3415 3882 4769 
19557 1153 3241 2131 2043 
19558 4293 4667 2131 1153 
19559 3617 1180 4673 1229 
19560 2082 2161 1229 3690 
19561 454 1811 3990 301 
19562 2590 1142 1850 2591 
19563 1633 2999 2539 1964 
19564 1664 2644 1264 1040 
19565 434 2564 2563 2561 
19566 4128 2852 2251 4413 
19567 1850 1421 2589 2591 
19568 1142 1421 1850 2591 
19569 3802 4798 1647 3684 
19570 229 4636 2330 4952 
19571 3901 1332 3744 3590 
19572 1983 3824 2345 1366 
19573 3269 3270 1302 3588 
19574 2663 1564 899 2661 
19575 4522 619 1922 549 
19576 3798 3257 1908 543 
19577 4307 1185 3297 2430 
19578 2583 2286 1152 2584 
19579 2003 1147 1131 2600 
19580 1153 1992 1150 2602 
19581 2557 1750 2312 1751 
19582 1992 2630 1150 2602 
19583 3241 1992 1153 2602 
19584 643 773 2668 1885 
19585 715 716 4642 802 
19586 3780 3557 2239 4056 
19587 1114 2201 4078 1576 
19588 2201 2601 4078 4028 
19589 834 1609 2022 2613 
19590 1575 323 3458 4047 
19591 1226 2783 2103 3579 
19592 3114 3116 2072 3677 
19593 2746 2291 2752 702 
19594 487 3136 505 491 
19595 3582 3833 4633 1231 
19596 1609 4550 2022 2613 
19597 2880 1168 756 2864 
19598 1820 1776 3133 1814 
19599 353 2603 4028 3458 
19600 323 2704 3458 4047 
19601 3238 4046 1724 666 
19602 1090 2674 2724 2723 
19603 328 326 327 2807 
19604 2544 4052 1374 2536 
19605 1865 1595 3662 1592 
19606 2823 1015 2822 1982 
19607 2823 1982 2822 2778 
19608 2872 1015 2822 2823 
19609 3556 1024 1023 1162 
19610 3796 4830 4475 2229 
19611 4546 2377 1685 4820 
19612 834 1994 2613 2022 
19613 3477 4478 4408 588 
19614 3983 971 1021 1963 
19615 2614 1994 2613 834 
19616 2339 3705 4642 802 
19617 1994 2612 2613 2022 
19618 2612 1994 2613 2614 
19619 2927 4544 1253 4184 
19620 4585 2350 3432 1003 
19621 2442 4405 2441 1748 
19622 2106 4772 2235 1353 
19623 398 4027 4710 4743 
19624 4585 2350 1003 1502 
19625 256 1477 4733 2361 
19626 4655 2346 1258 3810 
19627 4061 4710 393 400 
19628 399 401 400 3000 
19629 3622 2355 1588 1219 
19630 3883 3582 4633 1231 
19631 2442 2440 1748 2441 
19632 4917 4898 248 48 
19633 4842 2198 4311 1682 
19634 2146 1412 4967 1337 
19635 4382 3349 1372 4419 
19636 4963 5051 4670 3746 
19637 4988 211 5031 4989 
19638 2889 2209 736 2441 
19639 1353 3666 4967 1337 
19640 5016 2242 98 1491 
19641 1879 2616 1770 1579 
19642 4104 1472 3625 4101 
19643 399 4710 3000 400 
19644 4610 2097 1243 3623 
19645 401 4664 400 3000 
19646 333 332 3678 334 
19647 332 4072 3678 334 
19648 4711 4328 2063 3623 
19649 4148 4711 219 2097 
19650 4072 4497 3678 334 
19651 4989 243 4982 5035 
19652 4625 333 3384 3678 
19653 4989 4555 5035 2386 
19654 640 642 2732 2705 
19655 3320 3566 3205 1159 
19656 1992 773 1885 2635 
19657 4592 619 4893 1923 
19658 550 1126 3273 1898 
19659 2424 4404 2426 996 
19660 619 678 4893 1923 
19661 2653 2630 1885 2635 
19662 2630 1992 1885 2635 
19663 2742 828 2438 2741 
19664 856 2671 2754 2672 
19665 717 1866 4333 1931 
19666 3019 1238 3020 3002 
19667 4435 973 972 853 
19668 2671 856 2646 2672 
19669 3776 513 516 515 
19670 4594 4176 514 2244 
19671 3019 4046 1724 3238 
19672 2451 2341 4697 2979 
19673 2341 502 4697 2979 
19674 2761 504 514 2191 
19675 1006 1239 4212 2871 
19676 1653 2487 1654 906 
19677 964 1664 2646 4241 
19678 3072 1531 2873 3002 
19679 931 4093 4094 915 
19680 922 4539 2466 2638 
19681 2524 4096 932 930 
19682 1613 4238 912 979 
19683 1241 2141 2037 2473 
19684 1860 1226 1044 3580 
19685 4093 931 4094 2846 
19686 1549 2656 3236 2657 
19687 2652 2658 2657 902 
19688 2599 1730 2482 4264 
19689 4361 1783 1590 318 
19690 2055 1789 2479 1157 
19691 4097 4094 930 2846 
19692 2491 927 846 4147 
19693 3334 3642 4211 1721 
19694 902 1549 2657 1095 
19695 927 1246 4305 2496 
19696 3633 4062 2057 4105 
19697 1059 2517 4256 4255 
19698 4255 4689 2353 3750 
19699 2508 2509 2507 1621 
19700 2042 1305 2057 4105 
19701 1793 4885 4602 1671 
19702 1305 3633 2057 4105 
19703 4689 4464 1718 431 
19704 982 1750 4480 4116 
19705 1549 2656 2657 1095 
19706 1640 2515 989 3596 
19707 827 826 2512 809 
19708 524 520 519 3152 
19709 2515 2513 2512 827 
19710 1827 1749 4193 4186 
19711 1750 982 4186 1749 
19712 2652 902 2657 1095 
19713 4128 757 4472 4413 
19714 2768 887 4732 2627 
19715 2171 517 4448 3777 
19716 2656 2652 2657 1095 
19717 2531 1556 2532 934 
19718 4068 1050 968 943 
19719 2238 2909 1206 968 
19720 642 643 2714 2705 
19721 1829 2203 3779 4717 
19722 2909 2238 2911 4651 
19723 311 766 2567 4531 
19724 2722 4128 2092 2534 
19725 3393 1624 1550 3157 
19726 1367 1061 2538 1633 
19727 3991 301 303 3990 
19728 1520 539 1828 4793 
19729 2916 2157 2918 2917 
19730 1633 1061 2538 2535 
19731 1633 2535 2538 2539 
19732 2357 1367 2538 1633 
19733 1743 2553 1744 2548 
19734 2649 1096 2650 1110 
19735 1367 2533 2538 1061 
19736 317 4029 319 4360 
19737 1061 2533 2538 2535 
19738 4029 4057 319 4360 
19739 1855 1613 1614 3174 
19740 1010 2605 2606 2607 
19741 3661 1950 710 3266 
19742 2120 2571 2604 2166 
19743 4226 2645 1141 1209 
19744 2564 434 1650 405 
19745 1210 1184 1183 3163 
19746 643 2715 2714 2668 
19747 2058 3719 4873 4663 
19748 4139 4138 3385 910 
19749 4631 4233 1955 4600 
19750 1710 1827 1711 2892 
19751 1420 4247 4267 421 
19752 642 2732 2714 4371 
19753 1127 2632 983 4630 
19754 709 2176 1927 3526 
19755 2176 2654 1927 3526 
19756 3197 2093 2881 1947 
19757 3756 2069 3562 3634 
19758 1575 2300 1577 4329 
19759 4057 319 321 2233 
19760 643 1885 2668 2705 
19761 4016 1131 2600 2628 
19762 2732 642 2714 2705 
19763 617 1545 4197 900 
19764 2596 1147 2598 2600 
19765 2766 4371 644 2714 
19766 1994 2786 1879 2614 
19767 643 640 1885 2705 
19768 1994 2614 1579 834 
19769 3570 3571 668 3572 
19770 2766 645 2715 2714 
19771 2665 2640 2664 1544 
19772 430 4027 2709 2640 
19773 1393 2302 2132 2738 
19774 4731 5050 4872 5030 
19775 4160 4768 3592 5029 
19776 1606 1598 967 3308 
19777 4513 1952 4554 3672 
19778 4992 3730 3839 3594 
19779 2618 402 1770 437 
19780 4973 4981 5024 794 
19781 947 2488 2947 2490 
19782 1270 2495 2494 1861 
19783 4695 1098 1953 4032 
19784 2109 2209 2890 2441 
19785 4016 1131 2628 1130 
19786 4396 4018 3447 2002 
19787 786 3206 800 763 
19788 4209 2677 965 4034 
19789 1937 1112 1252 4059 
19790 1552 1147 2594 4017 
19791 847 2489 1627 846 
19792 1114 1959 3326 1781 
19793 2649 1111 1110 2648 
19794 946 2486 2483 2485 
19795 2652 2658 902 924 
19796 1114 1096 1781 3326 
19797 949 4103 1047 4848 
19798 947 946 948 4168 
19799 4192 4209 1042 4034 
19800 2678 1540 2288 2679 
19801 1564 925 2661 4118 
19802 1607 2876 700 3959 
19803 1662 596 743 5020 
19804 1145 3323 4019 4018 
19805 4984 5008 1887 770 
19806 2776 3329 831 4034 
19807 4405 2109 2441 1748 
19808 589 724 4549 591 
19809 4429 1167 4019 4428 
19810 2718 1661 4998 2989 
19811 4071 3180 4986 4397 
19812 2064 4181 4428 4429 
19813 3012 3010 3014 574 
19814 4181 2040 2064 4428 
19815 694 1833 4674 772 
19816 2436 694 3649 712 
19817 592 590 4479 591 
19818 2743 3861 1341 2738 
19819 1711 2891 2892 2890 
19820 1441 1439 1440 2690 
19821 1447 1448 1449 2780 
19822 4132 3631 4045 1978 
19823 1475 2102 2702 2700 
19824 2190 1457 1456 3830 
19825 3106 1460 4894 3805 
19826 423 3507 3577 4457 
19827 1184 3406 3163 3344 
19828 806 3906 2508 807 
19829 546 1624 3156 536 
19830 951 3756 3758 953 
19831 982 4185 4116 4186 
19832 2775 1910 2713 2774 
19833 3762 952 4630 3871 
19834 1910 2775 2713 1826 
19835 579 2759 538 532 
19836 4222 4304 1586 4366 
19837 445 3446 456 464 
19838 3219 445 3948 4319 
19839 4541 3842 4672 613 
19840 2733 2731 2734 1938 
19841 1750 1749 4186 4411 
19842 4480 982 4116 4186 
19843 621 614 4439 4604 
19844 3257 535 543 4399 
19845 1978 3631 4045 1441 
19846 2779 551 4410 3542 
19847 1827 4405 4193 1749 
19848 2744 2291 2752 2746 
19849 3021 3395 3020 1572 
19850 1439 1932 4045 1441 
19851 748 2896 2897 1583 
19852 2935 4013 2934 290 
19853 4295 4612 715 659 
19854 4013 2937 2934 288 
19855 1707 3388 3264 3387 
19856 3631 2693 4045 1441 
19857 4994 5021 5002 2796 
19858 383 4084 2794 2318 
19859 4084 379 3034 2840 
19860 1475 1448 2701 2039 
19861 2722 1413 887 2627 
19862 2337 2938 2937 2936 
19863 380 3196 384 382 
19864 1507 2933 4041 2932 
19865 3855 2854 372 3857 
19866 375 2854 372 3855 
19867 425 3353 4309 2712 
19868 1908 4412 1909 2017 
19869 1961 553 3285 3316 
19870 1961 3842 3285 556 
19871 2011 2315 4653 4884 
19872 4995 2711 2756 2710 
19873 5021 4994 2758 2796 
19874 3404 496 3552 3551 
19875 691 3578 695 578 
19876 495 3895 3552 3894 
19877 3551 496 3552 3894 
19878 462 1793 450 3597 
19879 808 3906 4792 3905 
19880 3897 495 3552 4215 
19881 3897 3895 3552 495 
19882 4108 610 2847 3981 
19883 4550 1609 3674 4487 
19884 662 4222 657 1586 
19885 2570 2196 1264 2166 
19886 1030 3697 1616 3698 
19887 1910 425 1958 2712 
19888 2205 3026 3343 4076 
19889 2135 2916 2914 2915 
19890 550 4290 1898 3273 
19891 2014 1122 2778 1982 
19892 4414 3650 956 1078 
19893 4126 742 2788 2825 
19894 3006 810 1821 4145 
19895 4414 1065 956 3650 
19896 1272 2014 2046 4021 
19897 2326 4277 4213 1078 
19898 3701 1854 1416 3585 
19899 2431 1833 4674 2433 
19900 4440 3575 3757 2204 
19901 1851 863 957 4248 
19902 863 1851 3536 4248 
19903 1833 2431 4674 772 
19904 2046 4038 4021 4039 
19905 2436 1833 2433 4674 
19906 649 3415 3112 3117 
19907 2300 1114 3326 4090 
19908 3294 1956 4725 4760 
19909 2777 2014 2822 4021 
19910 1169 2880 2882 2879 
19911 2014 2777 2778 1122 
19912 4495 1109 994 838 
19913 3085 839 4259 3953 
19914 3199 1336 3348 1069 
19915 622 614 2734 4439 
19916 2733 622 2734 4439 
19917 985 1076 4782 1077 
19918 2439 2289 714 736 
19919 1591 3664 4076 3343 
19920 3494 1101 4433 4281 
19921 1100 1101 1102 4281 
19922 1094 2821 2832 3978 
19923 1094 2832 2220 3978 
19924 1089 4433 4146 3313 
19925 2293 1679 3676 1652 
19926 1591 2205 1594 3343 
19927 2293 4055 3641 1342 
19928 2953 2911 2913 1359 
19929 4145 810 1821 1100 
19930 344 1470 5025 2068 
19931 1076 869 985 3845 
19932 2203 944 4068 968 
19933 546 536 3156 3057 
19934 2918 2157 4262 352 
19935 2940 2942 1547 2939 
19936 4203 2337 1505 1507 
19937 3600 3356 1083 3461 
19938 2944 283 3088 2945 
19939 3912 3910 275 2340 
19940 1100 4145 4281 3029 
19941 760 287 285 3216 
19942 654 2876 2867 2868 
19943 700 654 655 2868 
19944 2955 4180 1729 2958 
19945 4181 4180 4353 2083 
19946 476 1782 4505 4303 
19947 1591 3664 3343 1592 
19948 5010 1406 2158 2180 
19949 1791 2920 1555 4608 
19950 4879 2105 263 1605 
19951 1234 2923 4608 3869 
19952 5021 4205 2796 2758 
19953 4273 4995 560 4993 
19954 1973 2932 2098 2934 
19955 3883 1354 3757 2204 
19956 2806 342 326 2805 
19957 2790 658 4993 560 
19958 1886 4268 3150 4421 
19959 558 528 4993 560 
19960 2810 2839 4100 1368 
19961 1882 2715 4362 4571 
19962 4440 812 682 4888 
19963 2858 753 704 2859 
19964 4075 771 4077 4076 
19965 4077 3664 4076 1590 
19966 771 4075 2988 4076 
19967 3664 1591 4076 1590 
19968 1347 2999 3872 4512 
19969 3290 4314 2859 703 
19970 2542 2539 1658 759 
19971 1762 704 4278 2857 
19972 2999 3872 4738 1964 
19973 1640 1091 4622 1872 
19974 1217 3470 1216 3472 
19975 2535 2999 1060 4230 
19976 3637 568 3636 4409 
19977 2258 3608 1339 3647 
19978 290 1973 2098 2934 
19979 3512 387 3231 3511 
19980 93 205 3927 1484 
19981 819 4704 891 3396 
19982 1615 892 3698 4745 
19983 1155 980 3454 4338 
19984 3900 4879 263 1605 
19985 4482 1155 3454 4338 
19986 647 3117 2767 4571 
19987 1882 647 2767 4571 
19988 75 4691 186 1801 
19989 3749 2280 3750 4685 
19990 75 4691 187 186 
19991 181 71 182 4452 
19992 3061 3063 1773 3645 
19993 1862 1774 4235 4070 
19994 1237 3061 1773 4070 
19995 1578 674 675 3247 
19996 548 4446 4322 3645 
19997 735 2440 3914 714 
19998 1124 3370 1242 4327 
19999 1972 3171 3963 4347 
20000 998 4841 3792 3200 
20001 509 4313 928 2782 
20002 3087 3532 4776 1384 
20003 4783 3762 4853 983 
20004 474 2860 472 541 
20005 4511 3688 637 4593 
20006 1015 2872 2822 1272 
20007 799 3490 3346 3177 
20008 4499 69 2034 2415 
20009 650 4856 1909 4883 
20010 535 544 543 4399 
20011 3272 3485 1900 4683 
20012 1848 2949 3201 4358 
20013 1037 1848 3201 4358 
20014 4855 2802 945 3871 
20015 3173 3261 3131 1322 
20016 2014 2777 2822 2778 
20017 1871 509 928 2782 
20018 2898 3131 4088 1326 
20019 3505 1934 3541 1786 
20020 2828 579 532 2759 
20021 2784 1716 2785 2760 
20022 4286 684 2800 4285 
20023 951 1134 4369 3562 
20024 1134 951 4369 449 
20025 638 639 640 4373 
20026 638 636 4380 1947 
20027 309 3998 3999 4483 
20028 3391 3444 3957 1381 
20029 636 3197 4380 1947 
20030 4781 1901 4534 4683 
20031 2138 2315 3513 1275 
20032 4495 4449 3517 1109 
20033 1720 3797 2107 3517 
20034 3390 1991 4604 4672 
20035 4541 4462 613 4604 
20036 3842 4541 556 613 
20037 3168 281 3167 3088 
20038 4402 603 602 604 
20039 2326 4277 2354 2789 
20040 2988 3026 3025 1593 
20041 2797 1397 2354 2789 
20042 4198 4007 4402 603 
20043 2489 2491 1627 846 
20044 4275 1981 4276 1999 
20045 280 282 3167 281 
20046 2834 506 2848 778 
20047 1863 2817 2855 2835 
20048 1168 2880 2879 2864 
20049 639 640 4373 2653 
20050 1893 2280 3749 4685 
20051 3840 1941 4586 1943 
20052 2863 641 2864 2732 
20053 579 2759 2800 2760 
20054 2214 3500 4127 4472 
20055 686 2785 4285 3946 
20056 2942 1547 761 4023 
20057 389 388 3715 4375 
20058 3400 755 382 3401 
20059 3500 2214 1632 1623 
20060 453 2619 2622 2642 
20061 282 284 761 2945 
20062 2664 1846 752 1847 
20063 2830 685 939 1514 
20064 748 2896 688 747 
20065 3384 333 2978 3678 
20066 1516 4112 4312 455 
20067 2982 1657 2983 2981 
20068 804 961 2507 2505 
20069 1255 1952 4516 1256 
20070 2641 1525 4481 1256 
20071 3547 4493 1056 4435 
20072 2696 2698 2154 2699 
20073 2695 3631 4219 1443 
20074 973 3547 1056 4435 
20075 773 1882 4362 2043 
20076 200 2366 4696 1500 
20077 255 88 4696 1500 
20078 3127 829 1951 853 
20079 3111 332 2866 439 
20080 331 333 2978 3384 
20081 2427 2429 1931 4333 
20082 284 282 283 2945 
20083 2438 2427 1931 4333 
20084 3422 1279 1708 3263 
20085 1017 3147 3382 1018 
20086 839 995 4259 3953 
20087 2038 2884 2050 939 
20088 3422 1708 3954 3263 
20089 4446 3646 4025 576 
20090 1866 4334 717 4333 
20091 3063 576 3645 4025 
20092 2944 284 283 2945 
20093 2902 4389 426 4457 
20094 550 3314 4290 3273 
20095 4038 1272 4021 2948 
20096 2423 2425 1051 2424 
20097 1272 2948 2822 4021 
20098 3763 680 4288 693 
20099 1802 3344 4432 3583 
20100 1991 621 4604 613 
20101 2740 2291 2744 554 
20102 1346 4023 4179 2287 
20103 557 4541 4441 2739 
20104 2491 2489 1627 2490 
20105 2832 2898 2833 2217 
20106 892 819 891 3396 
20107 4468 3573 4366 664 
20108 88 200 4696 1500 
20109 1943 2295 4725 3295 
20110 1652 1324 4054 1319 
20111 2198 2898 1709 2833 
20112 2156 3802 2162 1647 
20113 4106 3589 1304 4274 
20114 583 4280 3222 3011 
20115 1329 1993 3227 4582 
20116 1741 3428 2116 1929 
20117 3187 1999 4276 2045 
20118 564 3080 4543 2833 
20119 3225 1329 3227 4582 
20120 2099 4961 1957 758 
20121 4209 1388 1042 1570 
20122 4192 1569 3331 3329 
20123 2169 3560 4540 1370 
20124 517 3778 4490 3777 
20125 88 255 4696 87 
20126 3778 3776 3777 515 
20127 1798 524 519 3152 
20128 1862 581 3046 4235 
20129 520 519 3152 4448 
20130 1761 704 2798 2857 
20131 753 704 2859 703 
20132 683 3290 703 682 
20133 1230 4658 2143 2204 
20134 3118 1731 3119 3964 
20135 1798 3050 3152 4323 
20136 651 4543 4842 2899 
20137 3279 1325 3362 3280 
20138 3362 2182 4003 4780 
20139 1325 1314 1316 3280 
20140 3778 2053 4538 4594 
20141 3374 2004 4663 4595 
20142 1433 2412 4847 4501 
20143 778 4275 2848 2835 
20144 2169 4121 4597 787 
20145 2865 3111 2866 439 
20146 345 337 1557 3788 
20147 331 333 3384 787 
20148 1822 1399 2787 2824 
20149 1558 333 787 3384 
20150 4250 816 2844 2824 
20151 199 88 4696 87 
20152 4374 1998 1183 2072 
20153 1822 2326 2787 4213 
20154 4230 1872 989 3596 
20155 1029 1091 1216 3473 
20156 814 1822 2787 2824 
20157 3833 1391 1231 2008 
20158 814 816 1399 2824 
20159 3943 2249 1263 3942 
20160 4720 174 4945 2396 
20161 1699 271 4959 66 
20162 717 678 4712 679 
20163 1204 3782 3783 3528 
20164 995 4259 3528 3783 
20165 1974 3274 3187 3273 
20166 1981 1820 778 4275 
20167 531 3186 1863 2855 
20168 3186 531 4332 2855 
20169 4523 1720 2041 3783 
20170 2708 1448 2039 2701 
20171 564 4698 563 565 
20172 4436 2049 3339 2024 
20173 2841 4895 376 3134 
20174 2817 2834 2835 508 
20175 531 522 2855 1863 
20176 1461 2113 3300 2849 
20177 3059 4161 3450 2044 
20178 1899 3272 3485 1900 
20179 4161 980 3450 2044 
20180 2009 3450 2044 3449 
20181 509 523 2815 2782 
20182 701 722 2956 723 
20183 3818 4966 4670 2383 
20184 2290 4382 1372 4419 
20185 2383 4966 4670 211 
20186 2955 701 2956 723 
20187 1791 1345 2923 1234 
20188 3289 1747 1003 3432 
20189 2966 5010 2180 2967 
20190 2212 3736 3872 3737 
20191 1234 1233 3869 851 
20192 2965 5010 2967 1427 
20193 4702 416 4648 2813 
20194 5010 2180 2967 1427 
20195 687 2827 2785 3946 
20196 3158 1541 1578 3251 
20197 991 3480 1515 3253 
20198 1351 1409 4728 1656 
20199 1578 1541 1232 3251 
20200 1499 3945 747 1660 
20201 333 331 2978 332 
20202 898 1235 2675 2989 
20203 3381 2335 3755 1396 
20204 1232 1541 4545 3251 
20205 245 3811 4740 4556 
20206 1101 3494 1394 1102 
20207 940 4577 2019 1282 
20208 446 3467 2052 2096 
20209 4750 1919 2908 2904 
20210 1117 1934 3504 1845 
20211 4577 1282 3561 2019 
20212 1235 898 1661 2989 
20213 2040 4182 3178 4428 
20214 1701 4720 3891 4926 
20215 721 2955 701 2954 
20216 3791 3748 2199 3891 
20217 4834 3947 3748 1031 
20218 3844 4834 1386 3947 
20219 2955 4180 2954 721 
20220 4286 744 2829 684 
20221 3967 1092 897 3968 
20222 2172 4165 1656 2374 
20223 603 898 2989 1661 
20224 1084 4112 3530 3484 
20225 4596 1536 1535 895 
20226 370 3367 3486 4705 
20227 2040 4182 2954 655 
20228 3367 2148 368 3538 
20229 2528 1244 2516 3860 
20230 4007 603 2989 1661 
20231 405 397 3141 406 
20232 1365 1156 2530 2533 
20233 3624 4781 1067 1344 
20234 2049 777 2888 2070 
20235 777 2049 2888 4044 
20236 1917 3549 3550 3727 
20237 2482 1123 2483 2481 
20238 1049 1369 4540 1370 
20239 4612 716 3568 4642 
20240 1450 1452 1451 3106 
20241 3569 669 1572 3570 
20242 1716 687 2826 2785 
20243 2051 4536 864 4569 
20244 1823 399 2626 3000 
20245 1771 3498 4455 4252 
20246 1230 1211 1210 4785 
20247 4044 2049 2888 3339 
20248 1230 4658 3883 4785 
20249 2993 601 2996 4567 
20250 3620 4721 1174 3689 
20251 199 198 87 4729 
20252 1034 896 1033 5037 
20253 601 797 2996 895 
20254 4159 4731 5050 4160 
20255 4970 4620 2994 2996 
20256 5003 3592 4980 3407 
20257 3589 1646 1309 3684 
20258 4436 2049 4044 3339 
20259 227 4675 2367 4947 
20260 3604 3802 1647 3684 
20261 896 797 895 2996 
20262 1303 3269 1302 1304 
20263 4092 4747 1737 4791 
20264 2049 2070 2888 1449 
20265 4508 1765 4201 4530 
20266 3653 4962 3330 3856 
20267 3283 2887 1451 4816 
20268 3560 3626 3333 5049 
20269 4200 4420 2272 4201 
20270 2680 960 1540 2679 
20271 1439 2689 2690 4045 
20272 3305 3279 3234 2127 
20273 3008 2698 4110 791 
20274 2951 1274 4201 2308 
20275 566 4460 567 568 
20276 4420 1765 2272 4201 
20277 2887 3283 1451 2070 
20278 4816 2887 1451 3106 
20279 4986 4266 594 3643 
20280 5017 4984 1887 1768 
20281 2680 960 2679 2681 
20282 2678 1540 2246 2288 
20283 3723 4997 3355 3354 
20284 3239 5008 3181 1903 
20285 1948 3239 1328 3383 
20286 849 4240 4622 1091 
20287 3961 4346 1201 1214 
20288 29 1670 4956 261 
20289 1640 849 4622 1091 
20290 1618 2225 3360 3670 
20291 2225 1618 2282 3670 
20292 1640 4240 4622 849 
20293 401 399 1823 3000 
20294 3665 4088 2151 4311 
20295 2515 1640 827 4239 
20296 2198 2898 2899 1326 
20297 377 379 2318 2840 
20298 95 1494 94 2375 
20299 228 3927 4707 1484 
20300 1015 2872 1272 1014 
20301 4088 2198 2899 1326 
20302 1354 1391 4633 2321 
20303 819 4704 3759 818 
20304 4570 1498 2292 226 
20305 4570 90 1498 226 
20306 2898 4088 2899 1326 
20307 2491 2490 1627 2492 
20308 4105 2057 692 3013 
20309 4301 3997 4461 2228 
20310 4415 1470 4461 2228 
20311 867 4073 868 869 
20312 381 3208 4237 3034 
20313 2101 1292 1401 5048 
20314 1033 5014 3970 5026 
20315 1294 4997 5048 5033 
20316 5006 4997 5048 1294 
20317 5032 4143 4774 4142 
20318 1738 3876 4701 2065 
20319 2029 1818 4701 2065 
20320 1640 2515 827 989 
20321 1754 1019 3682 1920 
20322 938 4702 4210 1756 
20323 1738 3876 2065 2087 
20324 1533 228 4707 1484 
20325 3388 1409 3706 1410 
20326 1408 3388 3706 1410 
20327 2261 267 1669 4166 
20328 4803 4821 248 4153 
20329 168 4937 4954 2376 
20330 959 3771 1737 1198 
20331 1127 2713 4630 1826 
20332 4073 867 868 4074 
20333 2585 1151 1421 2589 
20334 245 3811 197 4740 
20335 245 3811 2164 4814 
20336 4073 2921 868 3845 
20337 196 4814 85 2164 
20338 2346 2388 3810 4655 
20339 2267 1258 1726 3667 
20340 3450 2009 2044 1276 
20341 3676 1679 4804 4162 
20342 82 194 4551 193 
20343 4609 161 160 4932 
20344 2394 3780 2239 4056 
20345 3105 3254 820 3253 
20346 4700 3558 3286 1350 
20347 3480 1031 2199 3748 
20348 170 2411 4919 169 
20349 825 1555 868 4074 
20350 1533 1483 1484 4707 
20351 1723 1486 4677 1485 
20352 1682 4842 4003 4311 
20353 254 1723 4677 1485 
20354 4801 254 4677 1485 
20355 3197 2093 737 2881 
20356 2258 1723 3608 4677 
20357 4074 1555 868 2921 
20358 2653 640 4373 2705 
20359 2258 254 1723 4677 
20360 2337 555 2098 2937 
20361 2931 2935 2934 290 
20362 5028 3137 4635 3962 
20363 2937 2098 2936 2934 
20364 3974 5039 4635 4688 
20365 1483 4741 1484 4707 
20366 1635 696 3084 1625 
20367 1673 361 3229 3231 
20368 1793 1919 3597 2908 
20369 4203 2337 1507 2936 
20370 2938 4203 2936 2337 
20371 2931 2930 435 2307 
20372 2216 3786 1605 1603 
20373 3470 3472 3473 1216 
20374 2933 1928 2932 1507 
20375 1805 269 4818 3879 
20376 1804 3675 3880 4831 
20377 269 2414 4818 3879 
20378 3888 1382 3889 3887 
20379 3892 1805 3502 2211 
20380 2931 1973 2932 2307 
20381 1212 3832 3834 3581 
20382 4484 1136 3297 1186 
20383 79 235 2404 2248 
20384 2930 2075 435 2307 
20385 692 583 3222 3013 
20386 401 2621 4664 2624 
20387 4664 401 2624 3000 
20388 3011 3012 3013 2078 
20389 155 4898 4153 4154 
20390 146 4907 2381 4767 
20391 1301 3270 1302 3269 
20392 4966 5038 244 4963 
20393 2625 2623 1753 2624 
20394 692 2057 2078 3013 
20395 1622 1028 1339 4325 
20396 1175 3190 4721 4831 
20397 1025 2491 1627 2492 
20398 738 3078 3022 726 
20399 1534 3692 1012 4140 
20400 3923 1486 4677 3606 
20401 1454 3807 3761 4718 
20402 1364 1379 1689 3937 
20403 1184 3406 3344 1176 
20404 2256 4692 2967 1427 
20405 775 4987 2976 776 
20406 375 2854 4732 3857 
20407 3958 2759 532 2750 
20408 2854 375 4732 2768 
20409 775 2960 732 2976 
20410 4394 4392 1599 3638 
20411 3635 5018 4580 4206 
20412 356 1631 351 3130 
20413 4027 430 4743 398 
20414 430 4027 4743 2709 
20415 1631 3184 3377 3185 
20416 4544 2924 1463 1253 
20417 357 355 394 2987 
20418 3635 3809 4580 5018 
20419 1034 5039 4969 5037 
20420 4625 335 4637 4754 
20421 4497 334 336 4637 
20422 334 4497 3678 4637 
20423 1239 918 4765 4212 
20424 1707 3382 3264 1018 
20425 2245 1772 1330 3213 
20426 355 4049 394 2987 
20427 1296 1298 1297 4641 
20428 4357 1334 1225 1335 
20429 1519 4788 1811 3989 
20430 302 3991 3630 301 
20431 728 738 739 3022 
20432 302 300 3630 4372 
20433 2136 4626 4652 1405 
20434 4566 4357 4572 1334 
20435 1257 1384 4776 2200 
20436 3087 1257 4776 2200 
20437 1257 3087 4776 1384 
20438 2028 4002 4692 1427 
20439 1969 1970 1341 4787 
20440 1970 2737 1341 4787 
20441 738 3006 739 3022 
20442 1457 1842 3209 4796 
20443 1178 2685 2682 2684 
20444 1453 3807 1454 4718 
20445 3350 998 3792 3200 
20446 4038 936 2006 3497 
20447 2777 4020 1121 4021 
20448 1752 573 3008 582 
20449 2090 3881 4798 2367 
20450 4453 3881 4798 2090 
20451 2517 961 2505 2507 
20452 4280 584 746 582 
20453 2000 3512 2024 387 
20454 368 3538 2224 3537 
20455 361 3230 3233 2985 
20456 3512 1673 387 2000 
20457 3855 372 374 371 
20458 4466 365 4465 367 
20459 366 368 3537 367 
20460 4871 1351 1656 1385 
20461 1679 1342 4804 2310 
20462 229 2095 3676 1652 
20463 1752 746 582 3009 
20464 3213 1772 1330 3173 
20465 1752 3008 3009 582 
20466 1666 1387 4809 3975 
20467 3008 573 3010 582 
20468 3875 3796 4820 2328 
20469 3796 2377 4820 2328 
20470 2170 3135 3033 2149 
20471 1783 4152 316 4361 
20472 3932 1378 3931 3933 
20473 771 320 4075 4077 
20474 2178 2266 4864 3801 
20475 1783 3664 4361 1590 
20476 2205 1591 4076 3343 
20477 771 4077 4076 1590 
20478 819 892 4745 3396 
20479 570 671 1680 3636 
20480 566 3743 651 4543 
20481 1807 1514 1516 3142 
20482 1805 1175 3893 1806 
20483 4083 891 3020 3396 
20484 3947 3417 3748 1031 
20485 4603 542 4565 2952 
20486 2080 3015 2112 3016 
20487 881 2170 3033 2149 
20488 4051 2170 3033 1538 
20489 1371 2225 3670 4563 
20490 891 893 3020 1238 
20491 893 891 3020 4083 
20492 669 667 1572 3570 
20493 1558 4625 4597 3626 
20494 4110 2102 2716 571 
20495 4031 4306 763 3487 
20496 3279 3305 2153 2127 
20497 368 3367 3537 3366 
20498 3806 4460 567 565 
20499 1238 3021 1572 1724 
20500 3014 671 4026 3016 
20501 2170 881 3033 1538 
20502 3248 872 873 3042 
20503 1318 2182 4780 2151 
20504 3972 1035 3969 1033 
20505 4144 5007 142 2364 
20506 874 873 3040 3042 
20507 2236 1290 1289 5026 
20508 3041 874 3040 3042 
20509 4543 651 4842 3742 
20510 2095 4607 4054 1324 
20511 4579 4008 3363 1315 
20512 4952 2330 50 4934 
20513 4438 4929 4675 1676 
20514 874 3041 873 3042 
20515 3261 2293 3641 3465 
20516 871 4114 3042 873 
20517 3248 871 3042 873 
20518 3248 4114 3042 871 
20519 3358 2222 3663 4576 
20520 3774 2128 3775 3773 
20521 1816 1862 581 3046 
20522 1653 918 4726 911 
20523 1125 907 2461 2853 
20524 914 929 2222 4576 
20525 1125 905 2461 907 
20526 1420 1151 2585 1152 
20527 1049 925 4118 3194 
20528 1545 1549 1736 3236 
20529 2178 3555 3801 4864 
20530 3045 3043 3044 1815 
20531 4390 2669 1388 4209 
20532 3884 221 2195 3781 
20533 3043 1815 873 3042 
20534 2147 2335 2195 3755 
20535 973 984 3075 972 
20536 1970 1969 3429 4787 
20537 1970 2735 2737 3429 
20538 2042 3226 4105 3223 
20539 1930 4486 3429 1969 
20540 2234 4231 3405 3311 
20541 1501 4526 1500 4862 
20542 3147 1017 4048 3145 
20543 1277 2269 2243 3030 
20544 2079 3146 1262 3145 
20545 4165 2172 4897 2374 
20546 2172 4165 4897 4913 
20547 3766 4730 4859 1997 
20548 2139 3565 3564 3668 
20549 3048 1816 3044 1236 
20550 1785 3668 3564 4418 
20551 581 4235 3049 3046 
20552 2138 4514 3099 3165 
20553 3659 1281 3658 3445 
20554 2733 3092 622 4439 
20555 2812 623 2818 616 
20556 788 1991 4514 4672 
20557 1375 1281 3658 1280 
20558 2027 2819 653 624 
20559 3092 621 4439 4463 
20560 1789 4174 2485 2481 
20561 4195 3463 3838 1392 
20562 1816 1815 3044 1236 
20563 491 1820 3132 506 
20564 1813 496 3551 1896 
20565 1816 3045 3044 1815 
20566 3404 1813 3288 3287 
20567 496 3404 1813 3551 
20568 3516 1193 2283 2107 
20569 4984 5008 3181 3211 
20570 2828 685 579 2829 
20571 4354 2009 1001 1000 
20572 3483 1499 3515 4391 
20573 4523 4495 3517 1720 
20574 1281 3659 3658 1280 
20575 1686 16 4930 4949 
20576 1972 4297 1705 2012 
20577 3659 4297 4347 2012 
20578 4253 817 4297 2012 
20579 1956 3294 824 4760 
20580 2874 852 2875 3073 
20581 3835 1641 3904 699 
20582 4930 233 4912 17 
20583 3886 1191 1383 2134 
20584 708 2506 3108 3904 
20585 2572 3835 3904 699 
20586 2431 3252 772 2001 
20587 3611 1191 3887 3886 
20588 1831 2421 2420 2419 
20589 445 3446 3948 4319 
20590 445 3219 3948 1742 
20591 1090 2724 1122 2723 
20592 3446 465 456 464 
20593 762 861 3068 3067 
20594 464 445 3948 1742 
20595 7 4941 4958 1693 
20596 326 2805 3179 2807 
20597 3179 1577 4329 325 
20598 2803 1611 2980 2804 
20599 322 2704 2763 321 
20600 1111 2649 4078 2629 
20601 2060 5 6 4923 
20602 342 2181 1913 2804 
20603 1366 1296 3724 1638 
20604 108 4941 107 2417 
20605 4941 4761 4958 1693 
20606 4761 3936 2398 252 
20607 2524 930 932 2846 
20608 1317 1324 3827 1473 
20609 4568 3653 350 351 
20610 4952 159 4162 158 
20611 3478 1662 743 5020 
20612 596 597 5020 598 
20613 3378 4568 348 3185 
20614 4963 5051 3746 5042 
20615 2439 2889 736 2441 
20616 100 5036 1478 4963 
20617 1837 282 4063 3167 
20618 2891 2889 1760 4310 
20619 2289 751 1390 4363 
20620 1173 1998 4374 4583 
20621 3909 102 2395 250 
20622 3677 4385 4518 1925 
20623 3406 1173 1183 4374 
20624 4632 5036 4963 1478 
20625 1631 3378 348 3185 
20626 3077 4692 2969 1990 
20627 350 3653 354 351 
20628 1998 1171 1924 4518 
20629 3115 3114 2072 734 
20630 1998 1171 4518 4583 
20631 4396 2027 1273 2002 
20632 1184 1210 3304 3163 
20633 2966 2968 4974 3986 
20634 1428 3151 2100 1194 
20635 4974 4973 3986 3007 
20636 1855 1613 3174 3385 
20637 4081 360 4355 3233 
20638 2718 1662 4998 1661 
20639 4478 588 590 4408 
20640 720 762 4031 3066 
20641 590 1745 3648 4408 
20642 590 588 1745 4408 
20643 4011 2304 2686 4223 
20644 2139 1785 3564 1073 
20645 605 4402 602 604 
20646 1785 2139 3564 3668 
20647 4183 2009 3449 4354 
20648 874 3041 876 875 
20649 3041 3043 3055 875 
20650 3386 916 3385 4138 
20651 2993 2992 2994 5044 
20652 2197 4566 4553 4001 
20653 1199 2064 4353 2083 
20654 833 2959 2958 4124 
20655 354 3653 3328 4395 
20656 4315 4423 4825 677 
20657 3351 4440 812 1881 
20658 1391 1354 4633 1231 
20659 4277 2326 4213 2789 
20660 2766 4385 2792 646 
20661 3833 1391 2008 4328 
20662 2161 3820 4723 3690 
20663 1882 773 4362 2715 
20664 4761 2417 4762 1693 
20665 4451 1364 1689 3937 
20666 3158 720 4031 3066 
20667 4671 1366 3724 1638 
20668 1378 4359 3933 1364 
20669 1691 3936 3935 2331 
20670 1433 4169 4501 4813 
20671 1811 1521 2028 4751 
20672 3798 3257 3398 1908 
20673 2132 2740 2743 2738 
20674 1470 344 4461 2228 
20675 3390 1991 4672 4514 
20676 3390 843 3097 4463 
20677 5006 1292 1291 1293 
20678 3138 4984 3181 3211 
20679 1948 3544 3383 1975 
20680 141 4942 5009 5007 
20681 5009 5032 5015 4142 
20682 1975 3544 3383 3680 
20683 4942 36 5009 5007 
20684 3549 2273 3728 3727 
20685 4447 2422 3321 2173 
20686 997 2424 2426 996 
20687 1136 4484 4406 1830 
20688 1189 1188 4283 1465 
20689 5012 2113 3299 5022 
20690 444 4424 886 455 
20691 2817 522 2855 4331 
20692 4629 3718 4494 1876 
20693 4469 2882 1170 3189 
20694 2814 523 2782 2815 
20695 1692 4761 4762 1693 
20696 3630 3991 3990 301 
20697 2295 3294 4725 3295 
20698 5012 2796 5022 3299 
20699 2140 1241 1649 3506 
20700 3809 5018 3616 754 
20701 3809 2190 3616 4796 
20702 3193 2658 923 2660 
20703 4330 3644 2342 4476 
20704 1562 924 4087 1781 
20705 3644 1959 1577 2342 
20706 1371 2282 4528 3670 
20707 4330 349 4476 2342 
20708 1563 2282 4528 1371 
20709 5017 4984 3962 3211 
20710 902 2652 924 1095 
20711 899 2662 2661 901 
20712 1503 1340 3379 3218 
20713 265 5041 5040 1683 
20714 959 3771 1198 1187 
20715 1873 2469 1240 1936 
20716 1006 1241 1240 2871 
20717 5050 265 5019 5040 
20718 5050 4159 4160 5040 
20719 2636 663 4468 4069 
20720 1994 2612 2022 1140 
20721 1430 1258 3810 1154 
20722 4159 5050 5019 5040 
20723 245 4814 2164 85 
20724 3067 861 3068 3148 
20725 5030 4160 5029 5040 
20726 4676 1543 4875 2189 
20727 1477 2361 193 4551 
20728 2962 2158 1634 2963 
20729 4992 5000 3594 4991 
20730 1340 1503 2026 3218 
20731 1404 3153 2129 1335 
20732 1683 5027 5040 2175 
20733 4374 1173 4583 3689 
20734 2264 5029 2175 5040 
20735 4764 1942 1944 3372 
20736 1582 5000 1581 4991 
20737 2088 3912 4762 4300 
20738 1171 1173 4583 1998 
20739 1692 2088 4762 4300 
20740 4385 4371 1924 644 
20741 2312 2557 2446 2444 
20742 2445 2447 2446 1071 
20743 2444 2445 2446 1071 
20744 3778 4594 4624 515 
20745 1479 1083 2290 5051 
20746 3461 280 1837 3167 
20747 3600 3601 5042 3746 
20748 3512 1673 4220 3231 
20749 3239 1948 4473 3544 
20750 1673 4220 3231 3229 
20751 280 282 1837 3167 
20752 3461 1837 4063 3167 
20753 1674 262 4921 41 
20754 1324 4607 3827 1473 
20755 4926 2174 63 4908 
20756 590 4478 3648 4479 
20757 4902 40 1674 41 
20758 3455 1312 3656 3416 
20759 4902 1674 2408 4921 
20760 3356 280 3167 3168 
20761 3226 4106 3269 1303 
20762 3168 280 3167 281 
20763 1332 1300 3590 1645 
20764 535 544 4399 2772 
20765 4638 4854 1984 2226 
20766 4856 3397 1909 4883 
20767 530 523 534 3207 
20768 2922 1345 2923 1791 
20769 4621 4445 4649 909 
20770 1474 49 4917 48 
20771 3386 3543 917 3619 
20772 3881 227 2023 4675 
20773 1315 4579 1469 1473 
20774 3131 3261 3262 1322 
20775 3917 1492 4824 1493 
20776 2005 2808 633 631 
20777 4736 632 3605 4760 
20778 447 2801 433 1825 
20779 3688 4660 635 1905 
20780 4623 1983 5011 3824 
20781 4902 4907 4767 1674 
20782 4616 1975 3383 3680 
20783 3261 1321 3262 1322 
20784 168 2376 4954 167 
20785 3127 4493 853 1056 
20786 78 190 189 2405 
20787 1974 1126 1898 3273 
20788 258 188 4228 77 
20789 629 2726 1911 631 
20790 1169 1939 1170 2882 
20791 2260 1472 3625 4497 
20792 3318 3274 3275 1835 
20793 3331 4961 3332 3330 
20794 3221 341 338 336 
20795 1241 1006 1649 4662 
20796 3411 335 337 4754 
20797 1974 3274 3275 3187 
20798 194 82 4877 193 
20799 3428 1835 3275 2116 
20800 3506 1241 1649 4177 
20801 4172 815 2754 2788 
20802 3547 3549 1918 1056 
20803 371 4870 3486 3365 
20804 4660 709 4376 633 
20805 4506 3296 3101 1197 
20806 4997 1294 1296 5033 
20807 2236 222 1401 5009 
20808 2808 2005 633 4376 
20809 1290 5039 4968 5045 
20810 1292 5006 1291 5045 
20811 1292 1290 4968 5045 
20812 5028 1529 4969 4983 
20813 2295 2108 2048 3295 
20814 2445 1070 2447 1071 
20815 1943 2108 2295 3295 
20816 4183 2009 4354 1000 
20817 1006 4662 4177 2871 
20818 1943 3840 2108 3295 
20819 4726 918 3619 911 
20820 4662 3506 1649 4177 
20821 2392 4899 3900 263 
20822 2216 4935 24 4916 
20823 4514 2138 3099 1207 
20824 1675 27 4910 26 
20825 2138 2336 3099 1207 
20826 3267 1828 3368 3739 
20827 1158 3320 3317 3205 
20828 3320 1158 3317 3687 
20829 3952 4748 4806 2232 
20830 2336 2138 3165 1275 
20831 3076 984 1027 3110 
20832 4942 141 5009 4142 
20833 984 2130 1027 3110 
20834 3329 452 3330 3328 
20835 452 3653 350 3330 
20836 1241 4662 1649 4177 
20837 3675 3620 1407 3673 
20838 1794 3822 1671 1672 
20839 3724 4997 3354 3966 
20840 2025 1915 218 4770 
20841 4691 75 1799 1801 
20842 4770 1915 3836 4393 
20843 4568 3185 4058 351 
20844 3822 4885 1671 3753 
20845 4678 4447 2165 4552 
20846 4493 2273 1056 3728 
20847 1452 4816 1451 3106 
20848 1089 810 1088 3079 
20849 4444 181 4507 70 
20850 181 71 4444 182 
20851 4522 3685 1922 4716 
20852 1644 3426 3425 1920 
20853 3835 894 4794 3427 
20854 3892 2126 2365 4452 
20855 1453 4816 2094 1451 
20856 4239 2512 2514 809 
20857 3425 3426 4890 1920 
20858 2179 1741 4773 3866 
20859 1794 4885 1671 3822 
20860 3122 1864 3102 3121 
20861 4675 152 151 4947 
20862 1116 1864 3122 3121 
20863 4898 155 4153 154 
20864 1500 2366 4696 3823 
20865 90 4570 1498 202 
20866 254 91 3799 1997 
20867 201 2368 202 90 
20868 3956 2928 294 292 
20869 1430 2346 3810 1258 
20870 683 3290 682 4315 
20871 1124 3351 2906 3183 
20872 3829 865 4826 1007 
20873 1864 1116 1088 3121 
20874 958 3829 3436 3792 
20875 4585 958 3878 3792 
20876 1069 3199 3200 3348 
20877 4280 584 583 3222 
20878 3896 2230 4773 1869 
20879 221 1532 2195 3781 
20880 607 3235 609 3977 
20881 2328 1362 1685 4820 
20882 1685 14 237 4936 
20883 1694 3911 2340 272 
20884 113 4900 2385 4169 
20885 3389 1358 1165 1352 
20886 4467 4335 3977 607 
20887 3784 1362 1685 2076 
20888 1973 1507 2098 2932 
20889 607 749 1766 3977 
20890 3967 1092 3414 3277 
20891 1092 3413 3414 3277 
20892 1950 4684 3376 3266 
20893 1298 3591 4641 3744 
20894 1107 3413 3277 3276 
20895 5043 5047 5016 209 
20896 4966 99 244 5038 
20897 4988 210 5016 5031 
20898 1776 3133 3287 3132 
20899 2988 1593 3025 2980 
20900 4880 82 220 83 
20901 1542 2197 4553 4001 
20902 311 313 2567 766 
20903 82 194 83 4880 
20904 434 2561 1704 407 
20905 3433 3322 3372 1944 
20906 1527 3760 1458 1454 
20907 271 4170 2416 4892 
20908 1193 3947 1031 992 
20909 1942 1940 1944 3372 
20910 3709 3368 1511 1790 
20911 3366 777 4466 367 
20912 4302 1776 3287 3132 
20913 1332 1298 1638 3744 
20914 147 148 4921 2408 
20915 1776 4302 491 3132 
20916 3744 1298 1638 4641 
20917 77 189 1715 2378 
20918 672 2729 2728 2727 
20919 1424 3422 3954 4298 
20920 232 2410 4165 4913 
20921 3094 3096 843 3097 
20922 3093 627 626 1979 
20923 4906 259 2382 4615 
20924 4 2 4533 179 
20925 3972 1033 3970 5026 
20926 2726 4434 629 2727 
20927 1296 3966 1297 1295 
20928 4935 4953 127 2371 
20929 2110 4953 231 4156 
20930 3787 4394 1602 4157 
20931 4479 4478 4549 589 
20932 590 4479 591 589 
20933 30 4956 4938 2010 
20934 77 78 1715 189 
20935 3410 1223 3394 3612 
20936 1775 3393 3394 2160 
20937 3410 3393 3394 1775 
20938 2370 133 4946 4188 
20939 3740 3795 2122 3667 
20940 4475 1686 2413 4949 
20941 1223 1775 3394 2160 
20942 1223 3410 3394 1775 
20943 2047 2234 1510 3405 
20944 1395 1509 1524 4771 
20945 2325 3884 4771 1524 
20946 3884 2387 4771 1524 
20947 5023 4974 3986 5004 
20948 3985 3195 4979 4987 
20949 4987 3195 3143 2976 
20950 1598 731 3143 3955 
20951 3554 5030 1606 1604 
20952 3769 2387 1509 4771 
20953 581 526 1797 3049 
20954 1492 1695 1494 4824 
20955 2401 3917 236 3918 
20956 3922 94 2375 206 
20957 1395 2325 4771 1524 
20958 4774 4143 5026 3973 
20959 5032 4143 5026 4774 
20960 4747 3771 1737 4791 
20961 5017 4984 1768 4983 
20962 1529 4970 5037 4969 
20963 5005 3180 5013 4985 
20964 5006 5017 1291 5045 
20965 1529 1034 1291 4969 
20966 2849 5012 3300 3299 
20967 4205 3635 4206 5022 
20968 4977 4205 5022 5021 
20969 3822 4750 3427 1643 
20970 775 4987 3143 2976 
20971 2960 775 3143 2976 
20972 3795 3740 2122 4551 
20973 4973 3007 4377 3986 
20974 5023 779 4987 4981 
20975 1778 4979 2334 967 
20976 1778 1580 5003 4978 
20977 2961 732 776 1634 
20978 1069 3666 1337 3348 
20979 3324 4352 4012 1777 
20980 1477 3740 2122 1465 
20981 1439 2689 1436 2688 
20982 3771 959 1737 4791 
20983 3818 5034 3601 5051 
20984 1083 278 5042 1561 
20985 4988 4966 4967 2383 
20986 735 2443 2442 1748 
20987 2443 735 955 1748 
20988 5007 141 142 2364 
20989 5006 5045 3726 3962 
20990 4143 4715 4968 4688 
20991 3934 1690 2398 1691 
20992 2095 2372 4607 1474 
20993 4475 1686 4949 237 
20994 3275 4276 4498 2045 
20995 902 2658 2659 901 
20996 42 2156 4921 4939 
20997 900 2662 899 901 
20998 2662 900 2659 901 
20999 2009 4354 1001 3449 
21000 3450 3452 3451 1276 
21001 1001 4354 3451 3449 
21002 1913 4089 2177 2980 
21003 1652 3465 4054 3676 
21004 3510 1074 1001 3451 
21005 4913 4165 4897 163 
21006 4074 825 3603 4525 
21007 1508 4669 1954 842 
21008 1888 1120 3276 3170 
21009 1578 674 3298 769 
21010 3460 851 3603 3869 
21011 1578 3298 1232 769 
21012 3298 674 4525 769 
21013 1897 1981 4276 3652 
21014 2137 1217 3471 3469 
21015 2579 419 4234 3162 
21016 324 2764 2804 1611 
21017 2652 2658 924 4087 
21018 392 3481 3618 3399 
21019 2884 3085 2050 745 
21020 147 4902 2408 4921 
21021 664 4046 4366 666 
21022 1564 899 2661 901 
21023 4664 4061 400 3000 
21024 4302 1776 491 488 
21025 313 2565 2558 2567 
21026 1873 1936 1935 2468 
21027 342 324 2804 1611 
21028 4192 1569 3493 3331 
21029 2005 2808 2706 4376 
21030 476 478 4386 4505 
21031 3849 618 4355 4080 
21032 1054 3107 3198 3036 
21033 3394 2160 3156 4067 
21034 1950 1080 3376 1179 
21035 3952 1411 2232 4806 
21036 883 3340 981 935 
21037 3340 883 981 1584 
21038 1719 4282 1718 4861 
21039 3540 3505 3504 1845 
21040 3391 2073 1381 3392 
21041 468 1117 3504 1845 
21042 2107 3516 1880 3517 
21043 124 4951 5019 125 
21044 3417 3947 3418 992 
21045 4159 5019 4156 125 
21046 4796 1457 3830 3209 
21047 3802 4957 149 4939 
21048 4755 3896 4773 1869 
21049 1646 3589 3604 3684 
21050 4627 3588 1645 3590 
21051 1303 4106 1304 1305 
21052 3978 764 1696 3627 
21053 2796 4994 2758 2791 
21054 1457 3135 3830 3209 
21055 148 4601 149 4939 
21056 3881 1651 3416 2023 
21057 1109 2107 1880 3517 
21058 2889 2209 1760 1390 
21059 2820 4086 4976 2831 
21060 2179 4755 3866 4773 
21061 3039 876 3056 877 
21062 517 518 519 4490 
21063 2333 4104 3220 2215 
21064 4502 1565 1755 4164 
21065 2179 2230 1869 4773 
21066 3854 376 3134 1759 
21067 3666 4772 3348 1353 
21068 2306 1747 3148 3289 
21069 4755 2179 1869 4773 
21070 1232 3298 3460 769 
21071 4532 4500 2725 1865 
21072 509 2817 2815 522 
21073 4249 4849 1792 2419 
21074 4029 1553 2595 2569 
21075 1373 2537 2545 2543 
21076 1888 1706 3170 3018 
21077 1021 971 3244 1020 
21078 3235 4467 3977 607 
21079 441 4244 2837 433 
21080 1607 722 4085 3959 
21081 3775 3877 3876 1836 
21082 1653 2487 908 4686 
21083 2839 1250 4109 4100 
21084 1855 3175 3174 1614 
21085 2165 4678 4552 3728 
21086 2904 1980 2903 3258 
21087 3547 1026 1918 3548 
21088 4808 3301 1284 3402 
21089 2571 1650 2606 4113 
21090 1897 3866 4245 4498 
21091 3428 2116 3275 4498 
21092 1008 2608 2609 2607 
21093 4275 2869 1999 4276 
21094 3034 3032 2840 380 
21095 4224 432 2021 2903 
21096 3275 3187 4276 2045 
21097 2271 2031 1286 4784 
21098 474 473 472 2862 
21099 1974 1999 3187 2045 
21100 999 986 3837 3491 
21101 1999 2869 3187 4276 
21102 847 885 946 2486 
21103 2284 2311 4666 3286 
21104 3686 1129 1960 3733 
21105 2103 3523 928 1858 
21106 2783 2168 2771 4344 
21107 3523 4368 928 1858 
21108 2168 2752 2771 4344 
21109 1184 1211 1212 3581 
21110 3834 1212 4432 4881 
21111 2429 2431 2430 2001 
21112 1325 3279 4003 2153 
21113 4307 1186 3297 1185 
21114 5003 1582 2334 4980 
21115 1186 1136 3297 1185 
21116 3465 3466 1319 1652 
21117 2223 1860 4865 4344 
21118 2168 702 2771 2752 
21119 1641 708 3108 3904 
21120 2508 806 805 3108 
21121 806 3905 1852 3108 
21122 2506 2508 805 3108 
21123 3133 3652 1814 3288 
21124 543 3257 4399 4454 
21125 3318 1929 3735 4694 
21126 3598 4643 3843 1261 
21127 3996 3994 3995 305 
21128 2971 4037 3077 1522 
21129 4403 3593 5024 4377 
21130 3575 4658 3757 2204 
21131 4423 677 710 4769 
21132 1404 2964 4574 2974 
21133 4979 3195 3407 3308 
21134 4768 4160 2393 5040 
21135 3984 5023 776 2976 
21136 4706 2965 2967 1427 
21137 4268 1886 3150 2644 
21138 1345 4544 2924 2923 
21139 902 2658 923 924 
21140 1290 5039 1289 5026 
21141 1536 3967 4596 3971 
21142 2656 2652 1095 2650 
21143 2920 2922 2923 1791 
21144 4589 896 895 2996 
21145 1432 1829 3614 3612 
21146 1829 4717 3614 3612 
21147 924 2652 4087 2651 
21148 1829 1002 1432 3614 
21149 1057 3938 3357 4300 
21150 3938 1057 2331 4300 
21151 4777 3910 4345 275 
21152 244 100 1478 4963 
21153 4004 2648 2650 1110 
21154 2088 1057 277 4300 
21155 1296 3724 1638 4641 
21156 1422 2260 1472 3625 
21157 2431 2061 2430 2001 
21158 4307 1200 1185 2430 
21159 4998 2992 2991 5044 
21160 5049 4961 345 3788 
21161 1684 4896 3899 2373 
21162 1565 4502 3768 4164 
21163 2061 1185 2430 2001 
21164 1338 4482 3647 1155 
21165 1028 1338 3647 1155 
21166 225 3923 1485 2402 
21167 3059 2009 2044 3449 
21168 1728 3312 2213 4828 
21169 2031 2271 3925 4784 
21170 1486 1723 4677 3606 
21171 4790 3312 974 3759 
21172 3653 4962 350 3330 
21173 4979 3195 3476 3407 
21174 1617 3401 3713 4237 
21175 2608 2610 4603 1009 
21176 3092 621 622 4439 
21177 3481 392 3618 3702 
21178 1622 4325 1339 3607 
21179 399 4027 2626 3000 
21180 379 4084 3034 381 
21181 1489 3606 3607 1339 
21182 3896 502 2230 1869 
21183 2619 2618 437 2620 
21184 392 398 3618 3702 
21185 3098 3096 1196 4519 
21186 1877 2786 4629 4661 
21187 1877 4629 4494 1876 
21188 3103 1622 4325 889 
21189 3312 3122 974 3759 
21190 4517 4189 1214 3660 
21191 3287 3133 1814 3288 
21192 1813 1896 3288 1814 
21193 3551 1896 4245 3288 
21194 3450 2071 3454 3452 
21195 380 1538 384 3196 
21196 4517 1214 1280 3660 
21197 2526 988 2527 2516 
21198 4189 4346 1214 3660 
21199 1598 775 967 3143 
21200 3400 3710 755 3401 
21201 1098 1585 4695 1953 
21202 3318 782 4694 4288 
21203 4517 1280 3658 3660 
21204 3551 4755 4245 1896 
21205 3652 1814 3288 4245 
21206 4394 1598 1606 3308 
21207 3177 3003 3176 798 
21208 3490 850 3346 3491 
21209 999 850 3491 3346 
21210 4940 177 2416 176 
21211 1598 3143 3308 3638 
21212 2275 4904 105 4822 
21213 1505 4203 4204 3319 
21214 249 1701 64 4926 
21215 3955 1598 3638 3143 
21216 497 502 3896 1869 
21217 3070 2941 1504 3319 
21218 497 3894 1869 3896 
21219 2015 3246 589 4549 
21220 1666 4149 4903 2382 
21221 4928 27 224 28 
21222 1301 3270 3227 4529 
21223 3246 4478 589 4549 
21224 3544 724 4549 3680 
21225 11 4909 242 10 
21226 2889 2209 2890 2891 
21227 3894 4755 1869 3896 
21228 4915 2172 54 2206 
21229 150 3802 2367 4957 
21230 4915 2172 4789 4897 
21231 163 4165 4897 2374 
21232 4609 264 2206 4932 
21233 62 61 4901 241 
21234 1676 1327 2023 3656 
21235 4601 3802 2156 1647 
21236 232 2172 55 4913 
21237 4180 4125 2083 2958 
21238 2255 1534 1533 3693 
21239 1468 47 4911 46 
21240 4929 1468 4911 46 
21241 4741 1483 3691 4707 
21242 4852 4451 2385 242 
21243 436 1542 3999 4001 
21244 4169 1433 2210 4813 
21245 1569 452 3330 3329 
21246 1589 3587 3341 1854 
21247 185 73 218 74 
21248 3516 3515 3418 1880 
21249 187 4249 76 1792 
21250 1831 2359 74 75 
21251 185 73 74 230 
21252 269 1805 1804 3879 
21253 3709 3368 1790 4850 
21254 4973 795 3007 4974 
21255 3985 5023 4981 3986 
21256 2139 3565 1430 1518 
21257 795 841 3007 2970 
21258 84 4836 196 195 
21259 84 4799 196 4836 
21260 2255 1496 3693 1533 
21261 749 1706 1888 3018 
21262 3692 3694 3693 2255 
21263 1481 95 4990 96 
21264 5043 234 4990 97 
21265 236 5043 4990 97 
21266 4990 234 96 97 
21267 1497 1496 4628 3695 
21268 4656 111 110 4944 
21269 4580 3809 1735 754 
21270 110 2398 4958 109 
21271 3018 749 3977 3172 
21272 3017 1706 3018 3170 
21273 3899 4759 2351 2373 
21274 2216 4737 4935 4916 
21275 1706 749 609 3018 
21276 2049 2024 1447 3339 
21277 1215 3659 1280 3660 
21278 135 4150 4956 134 
21279 1193 3516 3418 1880 
21280 1589 981 3341 4296 
21281 4964 2185 5007 1401 
21282 2251 2852 383 4375 
21283 1757 3364 4870 3365 
21284 4924 4906 2406 1665 
21285 3283 3364 2094 1757 
21286 4911 154 2391 153 
21287 1623 4510 4472 3717 
21288 1409 4728 1656 3847 
21289 163 2374 4897 162 
21290 2852 4084 383 4375 
21291 4897 2374 4789 162 
21292 4609 2394 4932 160 
21293 3587 1589 3341 4296 
21294 3862 3943 1700 4891 
21295 4999 3355 3354 3211 
21296 218 4770 3836 3321 
21297 183 4393 184 72 
21298 73 4381 184 72 
21299 2025 218 2173 3321 
21300 4381 183 184 72 
21301 4997 4999 3355 3354 
21302 73 1915 184 3836 
21303 4835 3852 1779 3420 
21304 2321 4633 3352 4327 
21305 3852 4835 1779 4694 
21306 1103 4225 3735 4835 
21307 3318 782 1929 4694 
21308 4814 245 197 85 
21309 3883 1354 4633 3352 
21310 5042 1476 4802 2395 
21311 1831 2421 1228 2420 
21312 1354 2321 4633 3352 
21313 2394 264 4932 4950 
21314 264 2394 2239 2310 
21315 1354 3883 3757 3352 
21316 101 4632 213 2395 
21317 1881 3351 1124 2254 
21318 1666 4920 4149 240 
21319 1666 4809 2382 3975 
21320 4632 5042 4802 2395 
21321 4440 812 2204 3757 
21322 2836 432 4224 2903 
21323 3017 3171 792 1962 
21324 3907 104 1480 103 
21325 2249 3862 3566 3943 
21326 1411 3952 2232 1248 
21327 102 1476 2395 250 
21328 4632 4963 4670 3746 
21329 2399 3919 214 251 
21330 2218 4601 4627 262 
21331 1674 4902 2408 4767 
21332 3351 812 2254 1881 
21333 3280 1314 3363 4008 
21334 3908 273 3907 2418 
21335 3140 3030 2243 3139 
21336 3921 3586 4815 5046 
21337 3373 3192 3255 481 
21338 3071 760 285 3216 
21339 281 282 3088 283 
21340 3315 1188 1053 1726 
21341 4561 3668 3810 1258 
21342 2267 220 3795 2122 
21343 4037 4227 4793 1520 
21344 4242 3036 1053 3198 
21345 3888 4733 1465 4283 
21346 432 2836 440 2903 
21347 4544 2927 1463 2924 
21348 1519 1521 4788 1520 
21349 3381 3139 2243 1396 
21350 5025 2975 4461 4996 
21351 1115 970 3403 3768 
21352 749 1888 3172 3018 
21353 1404 4574 1405 2974 
21354 1565 970 1115 3768 
21355 3971 1536 3361 1766 
21356 1569 4192 3493 1568 
21357 1114 1096 2649 1111 
21358 4335 3971 1535 4527 
21359 970 3949 3403 3768 
21360 2559 315 314 316 
21361 859 4502 3949 3768 
21362 4 2 179 2415 
21363 859 1565 4502 3768 
21364 2810 2806 1843 2807 
21365 3664 1783 4500 1592 
21366 326 324 325 2805 
21367 330 2977 2811 329 
21368 328 4066 2811 2807 
21369 16 1686 15 4949 
21370 1360 2911 2912 5025 
21371 3411 337 3221 3412 
21372 2861 4246 2809 470 
21373 16 1686 4930 2118 
21374 346 4810 1648 3790 
21375 3412 339 4107 3790 
21376 4475 2413 118 4949 
21377 2099 3331 1957 4961 
21378 4955 14 237 15 
21379 3796 2229 4475 237 
21380 452 1569 3330 1957 
21381 1611 342 1913 2804 
21382 1181 3579 4663 4800 
21383 4962 346 345 3789 
21384 337 4754 1557 3788 
21385 4962 3789 345 4961 
21386 4089 3025 2177 2980 
21387 371 3855 3486 4870 
21388 4150 4956 261 2010 
21389 440 2836 2837 2903 
21390 2256 2968 2967 2969 
21391 916 1613 3385 910 
21392 4458 3512 2024 2000 
21393 375 3857 1539 372 
21394 1466 1244 1245 2528 
21395 892 4083 4450 3396 
21396 988 1596 2527 2516 
21397 2533 1061 2529 2535 
21398 4732 2627 1414 4690 
21399 2030 3858 4749 373 
21400 1413 2722 2534 2627 
21401 2722 887 1419 2768 
21402 346 3789 3790 339 
21403 2852 4128 2251 1419 
21404 2852 2251 383 1419 
21405 357 2982 394 1657 
21406 1809 4321 4208 4050 
21407 394 1809 4050 4321 
21408 3789 346 3790 4693 
21409 2982 2762 394 1657 
21410 2762 2982 394 4049 
21411 2604 1209 2166 1264 
21412 434 2196 2563 2570 
21413 4229 4200 429 2556 
21414 2178 3983 3801 3555 
21415 411 2550 2556 2573 
21416 1963 3983 3801 2178 
21417 264 2394 1678 4950 
21418 4950 51 4952 1678 
21419 3576 1787 4614 418 
21420 938 4702 416 4648 
21421 1512 1963 3801 2178 
21422 3576 2137 3507 1787 
21423 2775 1910 427 1825 
21424 4588 4339 1927 1260 
21425 2641 1525 1256 1526 
21426 2623 4009 1753 442 
21427 4513 1952 1846 1847 
21428 432 440 2021 2903 
21429 1474 4154 248 4917 
21430 440 1980 2903 2904 
21431 2156 42 43 4939 
21432 4808 3301 2032 1284 
21433 3602 441 450 448 
21434 3813 1197 2259 2276 
21435 3281 3903 466 462 
21436 4427 4535 3540 1968 
21437 86 1509 87 4729 
21438 3831 1021 3244 1020 
21439 3635 5018 4206 5022 
21440 3254 3417 3418 992 
21441 3978 1696 3979 3627 
21442 5021 529 528 4994 
21443 474 1782 3104 1808 
21444 969 2256 1990 2969 
21445 1730 3488 4264 477 
21446 1123 4194 1976 2483 
21447 467 3027 468 2765 
21448 2599 1730 4264 4263 
21449 2968 969 2970 2969 
21450 1725 3683 484 486 
21451 3983 3831 1021 3244 
21452 1813 1776 3287 490 
21453 3897 3895 495 1784 
21454 3832 1800 3834 1799 
21455 273 2275 105 2418 
21456 1800 1212 3834 1799 
21457 1212 1800 3834 3832 
21458 2454 2456 503 510 
21459 3136 3243 505 2870 
21460 3344 1212 4432 3581 
21461 254 203 92 4801 
21462 254 91 92 203 
21463 254 4801 92 1485 
21464 203 4801 204 92 
21465 3778 3776 515 4624 
21466 1237 3061 3060 888 
21467 3335 537 4322 4098 
21468 1987 1862 3045 3047 
21469 1259 1862 3052 3047 
21470 2431 772 2061 2001 
21471 3943 4891 2309 1700 
21472 4632 5042 3746 4802 
21473 276 4040 5042 4802 
21474 3656 1312 2023 3416 
21475 3157 4491 1550 3533 
21476 4545 4669 1559 4043 
21477 1774 537 581 4235 
21478 214 2399 103 215 
21479 869 3410 3845 3819 
21480 3881 3656 2023 3416 
21481 2919 1471 2914 1429 
21482 3058 1624 3157 547 
21483 1624 3058 536 547 
21484 1454 3760 1458 3761 
21485 839 3085 2050 1889 
21486 4394 3554 1602 4157 
21487 529 2113 561 5012 
21488 4642 716 1707 802 
21489 2821 1094 2831 4976 
21490 452 3653 3330 3328 
21491 1461 3439 3300 3440 
21492 1458 1459 4727 3440 
21493 4015 572 4318 4026 
21494 4150 2409 4938 2010 
21495 4460 566 567 565 
21496 4409 3260 567 569 
21497 568 3637 3636 1680 
21498 569 4318 2716 571 
21499 1518 3565 4556 3563 
21500 3048 3050 3049 1797 
21501 1798 4114 871 1236 
21502 3050 524 3054 3051 
21503 3061 1237 3053 4070 
21504 4183 1987 1815 3045 
21505 3049 581 3046 1797 
21506 4183 1987 2009 1000 
21507 4999 4997 1295 3354 
21508 2680 1437 1177 2683 
21509 5008 4999 1887 1295 
21510 2343 2684 1434 2717 
21511 2304 1745 4011 2343 
21512 2139 3565 1518 3563 
21513 1276 2009 3451 3449 
21514 1661 598 4998 600 
21515 2992 4071 5044 4998 
21516 597 1530 770 5005 
21517 2009 1001 3451 3449 
21518 4907 146 4902 4767 
21519 4902 146 147 4767 
21520 801 4462 2739 2736 
21521 676 1867 648 4364 
21522 1001 2009 3451 1276 
21523 3505 4647 1786 3541 
21524 922 2467 2466 1654 
21525 4539 3004 625 2464 
21526 903 3004 2462 2464 
21527 326 3179 327 2807 
21528 958 832 3878 3436 
21529 832 958 3878 1003 
21530 4636 157 4952 158 
21531 1747 832 3878 1003 
21532 4511 3545 638 636 
21533 2863 638 640 4373 
21534 832 1747 3878 3166 
21535 1138 1368 4100 4109 
21536 1250 1368 4109 4100 
21537 2035 247 2034 4499 
21538 1844 3415 677 649 
21539 1402 3126 3462 4100 
21540 2767 647 646 3112 
21541 247 69 2034 4499 
21542 4684 1844 3882 4769 
21543 2757 1758 4578 4613 
21544 247 69 180 70 
21545 4899 2392 3900 129 
21546 1138 975 4109 3464 
21547 247 2365 180 4499 
21548 69 247 180 4499 
21549 2898 1772 1326 2217 
21550 4975 4977 5022 461 
21551 5021 5012 5022 461 
21552 258 188 2360 4228 
21553 1601 3786 1605 3438 
21554 1628 2091 2607 2637 
21555 4536 3674 864 4569 
21556 3122 1864 2338 974 
21557 971 3983 1021 3244 
21558 3912 2088 2340 275 
21559 203 91 4581 202 
21560 711 694 2901 3649 
21561 91 90 1498 202 
21562 4581 91 1498 202 
21563 214 102 2352 213 
21564 3914 2443 954 3420 
21565 2167 2352 101 213 
21566 4305 1635 4520 4560 
21567 784 1796 4416 4477 
21568 2400 104 103 274 
21569 5035 4989 2386 4982 
21570 2339 4642 3387 1707 
21571 4147 927 846 783 
21572 2493 2491 1025 2492 
21573 3284 3364 1757 3365 
21574 3923 3424 3803 1487 
21575 2291 2223 4425 2752 
21576 3580 1226 2783 4344 
21577 1695 1494 3803 1487 
21578 2869 1126 1863 1999 
21579 95 207 206 3926 
21580 693 3763 3649 3671 
21581 3914 713 2901 3852 
21582 2436 694 712 1833 
21583 782 4288 693 3671 
21584 2436 712 3649 2901 
21585 1833 2436 2435 712 
21586 3917 1492 3918 4824 
21587 1949 3890 4866 4703 
21588 3544 724 3680 1975 
21589 2339 3705 3387 4642 
21590 2449 1423 2450 2448 
21591 1949 4191 1715 4703 
21592 3302 3107 3198 1055 
21593 4484 1136 1377 1830 
21594 1702 3443 3154 2056 
21595 2830 2884 4111 939 
21596 574 583 3011 582 
21597 3008 3010 3009 582 
21598 3443 3391 3154 2056 
21599 1752 3008 2697 3009 
21600 686 3945 747 3946 
21601 2691 4407 1746 3628 
21602 4407 2691 1746 813 
21603 2355 3622 1588 3816 
21604 1065 4488 3337 1066 
21605 2172 4915 54 4897 
21606 1543 82 246 4877 
21607 2361 192 81 193 
21608 3820 1882 768 2161 
21609 2082 3820 768 2161 
21610 187 75 76 1799 
21611 190 235 4190 2404 
21612 795 969 4974 1734 
21613 1581 4992 2263 4991 
21614 235 1949 1715 4703 
21615 779 5023 4987 776 
21616 794 4981 5024 4978 
21617 4992 3595 5000 1005 
21618 658 4273 659 560 
21619 790 716 3568 765 
21620 2625 1753 1823 2624 
21621 1598 848 3638 1599 
21622 2016 1807 3484 2038 
21623 4191 1377 1715 257 
21624 1094 2821 1696 559 
21625 4513 1087 3672 4578 
21626 2380 4634 4839 1986 
21627 2820 2821 2831 4976 
21628 4634 4878 1986 4444 
21629 3388 2339 3387 1707 
21630 614 4462 2734 4439 
21631 3729 268 4393 4839 
21632 1344 3745 2241 3722 
21633 801 2302 2737 2736 
21634 614 4462 801 2736 
21635 3290 682 4314 703 
21636 4709 4878 270 3722 
21637 4634 4878 3722 2241 
21638 3560 3626 2067 2169 
21639 722 2877 701 2956 
21640 2877 2955 701 2956 
21641 4115 3248 4116 823 
21642 700 2876 2877 3959 
21643 4997 1296 1295 3966 
21644 982 4185 4186 4193 
21645 872 982 4185 4116 
21646 1532 221 4836 3781 
21647 1994 2614 1879 1579 
21648 4306 4669 842 3487 
21649 1628 2609 4536 2637 
21650 3991 302 303 301 
21651 2609 2611 2054 4536 
21652 3626 3560 2067 5049 
21653 2876 1607 700 845 
21654 612 1655 2769 3981 
21655 654 2876 700 845 
21656 2876 654 2867 845 
21657 3630 3989 299 301 
21658 757 1623 4472 3717 
21659 397 4279 4509 404 
21660 3989 1811 299 301 
21661 1895 2007 4158 4455 
21662 2478 2475 2089 2477 
21663 1578 3298 3251 1232 
21664 4491 575 3646 4446 
21665 2918 2920 1791 2922 
21666 313 2567 2558 4030 
21667 1837 2290 4382 1372 
21668 315 313 2559 314 
21669 64 249 4945 65 
21670 4330 3179 1577 4329 
21671 1285 2478 2089 2477 
21672 2764 324 2805 4047 
21673 4999 1293 1887 1295 
21674 3206 786 3068 763 
21675 298 352 3988 3629 
21676 2071 980 2044 3450 
21677 3450 2009 1276 3449 
21678 1235 1105 898 2675 
21679 4198 3520 604 4402 
21680 1241 2476 2473 4177 
21681 4467 606 3519 3524 
21682 298 3336 3629 3228 
21683 4372 300 3629 2123 
21684 4187 907 908 4649 
21685 337 339 338 3412 
21686 339 3789 3412 345 
21687 337 339 3412 345 
21688 3303 3463 1597 3462 
21689 1006 918 919 4765 
21690 487 485 3828 486 
21691 979 1613 3174 1614 
21692 4962 4961 3330 3332 
21693 2093 4469 1941 4586 
21694 3412 337 345 3788 
21695 337 3411 4754 3788 
21696 310 3496 4483 4030 
21697 3136 487 4719 488 
21698 1712 4539 922 2638 
21699 931 2522 932 2846 
21700 4961 4962 3330 1957 
21701 1593 3025 2177 1614 
21702 1241 1006 4177 2871 
21703 4559 1838 2145 1839 
21704 4559 1838 1595 2145 
21705 3998 309 308 4483 
21706 2093 1941 2221 4586 
21707 2053 515 514 4624 
21708 766 4133 4553 2100 
21709 4495 4523 3783 1720 
21710 713 711 3852 1779 
21711 713 3914 1779 3852 
21712 2443 735 2442 2440 
21713 4225 1070 954 1103 
21714 2341 2449 2451 4697 
21715 1070 4225 2447 1740 
21716 1542 309 3999 4531 
21717 2941 4203 1504 3319 
21718 1928 4042 1954 1506 
21719 4042 1928 4041 1506 
21720 994 4495 3783 1720 
21721 1699 4959 4945 65 
21722 3692 1534 3693 3691 
21723 1204 3782 3528 1205 
21724 995 1204 3528 1205 
21725 293 3709 1511 1790 
21726 1098 4024 4032 4695 
21727 4024 2616 1770 4032 
21728 1928 4042 2933 4043 
21729 4512 1872 4230 3596 
21730 2513 2515 988 827 
21731 2841 3032 378 2840 
21732 2280 1893 3749 1467 
21733 3208 3034 380 3196 
21734 4042 1928 1954 4043 
21735 2132 2740 2738 2739 
21736 4607 4827 4054 1324 
21737 1137 1267 3700 1341 
21738 3490 850 799 3346 
21739 1930 999 2200 3837 
21740 1320 1321 3262 1319 
21741 4827 3466 4054 1324 
21742 771 2988 1593 4076 
21743 1591 771 1593 4076 
21744 3580 1226 1044 4800 
21745 365 366 4465 367 
21746 366 431 3539 2224 
21747 1619 2051 864 4569 
21748 542 4603 1780 1009 
21749 727 4489 1619 4562 
21750 1008 1628 2609 1139 
21751 4024 1098 402 4664 
21752 1362 3875 1560 1023 
21753 3831 1024 1021 1023 
21754 971 3124 970 860 
21755 3556 1162 1023 1362 
21756 366 4464 3539 431 
21757 4060 4061 4710 393 
21758 1589 3587 4537 4296 
21759 1585 4061 393 400 
21760 4060 1585 4061 393 
21761 936 4038 4388 3497 
21762 4235 537 4098 4322 
21763 4207 883 935 3340 
21764 999 1930 1969 4486 
21765 1773 548 4322 3645 
21766 1774 537 4235 4322 
21767 1970 4383 2735 3429 
21768 3699 1969 1341 3861 
21769 1774 548 4322 1773 
21770 526 581 4098 3049 
21771 4185 872 3040 1824 
21772 2761 504 2452 4714 
21773 526 537 4098 581 
21774 2440 2439 714 736 
21775 2280 431 2224 3539 
21776 3650 4414 4277 1078 
21777 2326 1822 2787 2789 
21778 993 975 3464 4109 
21779 2325 4350 3495 1394 
21780 1851 2355 3622 1219 
21781 4733 1477 3740 4551 
21782 2286 1420 2583 1152 
21783 3353 1910 424 2774 
21784 1138 1402 1597 3462 
21785 2203 2953 1359 4651 
21786 2911 1360 2913 1359 
21787 2238 2203 1359 4651 
21788 2313 1421 2591 4309 
21789 1360 1470 2912 1429 
21790 1829 2953 1076 1359 
21791 1360 2913 1359 1077 
21792 4260 2883 745 3085 
21793 1255 2016 3529 1988 
21794 425 3353 4430 4309 
21795 4269 3353 424 2774 
21796 790 716 1707 3568 
21797 661 663 2636 4069 
21798 3749 2280 2224 3539 
21799 3710 1617 3711 1891 
21800 4975 458 457 4206 
21801 1910 425 3353 424 
21802 4260 4495 4259 994 
21803 4260 4449 4495 838 
21804 1107 3413 1108 1093 
21805 993 1250 4109 4123 
21806 1675 224 2320 4155 
21807 2907 440 2837 2904 
21808 993 1138 4109 1250 
21809 4829 2121 1462 2010 
21810 2801 447 433 4244 
21811 447 441 433 4244 
21812 2201 1576 4028 4078 
21813 1147 1552 2594 1553 
21814 456 4319 455 4312 
21815 1736 608 4349 660 
21816 2601 2201 4078 2629 
21817 1905 709 1927 3526 
21818 1420 1151 1421 2585 
21819 4843 1893 3749 4685 
21820 2142 4247 4267 4430 
21821 1256 1525 4481 886 
21822 3793 3534 2221 4725 
21823 2161 1882 2043 4723 
21824 3241 2635 4362 2043 
21825 4312 4319 455 4424 
21826 1516 456 455 4312 
21827 2641 4554 1256 4516 
21828 4312 4112 4424 455 
21829 2314 1433 1352 4813 
21830 1402 1138 1368 4100 
21831 2865 2810 4100 1368 
21832 4721 1173 1174 3689 
21833 3406 1173 4374 3689 
21834 4099 4424 4481 886 
21835 4583 1173 4646 3689 
21836 1171 3369 4583 4646 
21837 4831 1175 3893 3880 
21838 188 4249 76 187 
21839 3890 1464 4703 1949 
21840 1949 3890 1383 2298 
21841 1584 3159 4120 1788 
21842 4424 4099 444 886 
21843 2436 2437 712 2901 
21844 632 4599 4760 824 
21845 4506 4519 2259 1196 
21846 2108 3296 1197 3101 
21847 4120 1788 835 1583 
21848 2141 2475 2089 521 
21849 1208 3250 1899 2336 
21850 1208 4557 3408 4558 
21851 487 3136 491 488 
21852 4302 3136 4719 488 
21853 3136 4302 491 488 
21854 2036 3408 4558 1208 
21855 3813 4506 2259 1197 
21856 4506 3813 2259 4519 
21857 1584 2895 4120 3159 
21858 1102 3494 1396 3381 
21859 1219 1066 1220 4575 
21860 3510 3564 1073 3563 
21861 2143 3115 734 1867 
21862 2139 3564 3563 1073 
21863 3452 3509 3508 1355 
21864 782 3318 1835 1834 
21865 676 649 4364 648 
21866 1936 2037 1841 2472 
21867 2458 2456 510 1995 
21868 1873 922 2468 1935 
21869 2454 500 2455 510 
21870 735 2440 1748 2442 
21871 2456 2454 2455 510 
21872 1073 1518 2327 3563 
21873 1073 1074 3563 2327 
21874 1147 1552 1144 4017 
21875 1996 1252 1130 2719 
21876 705 1996 3987 2721 
21877 2647 1112 1252 1130 
21878 1818 2029 2519 1995 
21879 3452 1074 3508 3451 
21880 2478 540 2055 2089 
21881 2174 4908 3891 2384 
21882 2475 521 4232 2089 
21883 1701 3791 2199 3891 
21884 1039 3503 1064 4530 
21885 3567 3375 1064 1080 
21886 3503 1039 1064 1063 
21887 2240 1180 4673 2125 
21888 2482 2599 2484 1977 
21889 366 364 365 4465 
21890 1006 2871 4212 4765 
21891 4464 366 3539 4465 
21892 141 4942 140 4142 
21893 2141 2476 1241 2140 
21894 1917 1344 2241 3550 
21895 595 770 1903 5013 
21896 1344 1918 3548 3550 
21897 3723 3824 5033 3724 
21898 2759 2751 538 2750 
21899 4986 595 4266 1903 
21900 2751 465 538 2750 
21901 1716 580 2760 538 
21902 1717 2751 465 538 
21903 1300 3588 1645 1302 
21904 4399 543 4454 4410 
21905 2080 3012 2078 1333 
21906 1344 1917 1918 3550 
21907 1551 2568 4133 2100 
21908 568 566 3637 1681 
21909 2568 3151 4133 2100 
21910 552 553 2745 554 
21911 1934 1134 3561 3541 
21912 557 2740 2739 4441 
21913 1134 3562 3541 4369 
21914 3246 2020 3225 2015 
21915 2020 2042 3225 1329 
21916 1303 3226 2042 1329 
21917 121 4896 4912 2373 
21918 3983 1021 3555 2178 
21919 2887 1450 3106 2708 
21920 1340 3265 1163 3379 
21921 4460 568 4409 567 
21922 720 3158 675 3065 
21923 3388 2339 1707 1410 
21924 2311 4700 1408 3705 
21925 2339 2311 1408 3705 
21926 3705 1408 3388 3706 
21927 3065 3158 675 3247 
21928 3086 3146 1262 1889 
21929 4725 3534 2221 4586 
21930 3796 3767 2229 1115 
21931 2221 3534 2881 4586 
21932 3875 3556 1023 1362 
21933 3477 3246 4478 587 
21934 2275 2418 4822 105 
21935 4431 3595 3731 1005 
21936 4071 2990 3478 5020 
21937 4005 1662 1875 743 
21938 4986 4071 5020 4985 
21939 4071 4985 5044 5020 
21940 4052 1839 1374 2536 
21941 233 4163 4912 2373 
21942 2547 3496 4971 767 
21943 2543 4064 2545 4971 
21944 610 612 611 2847 
21945 3532 1257 1384 3087 
21946 1930 4383 4886 3087 
21947 3741 3837 4776 2200 
21948 2005 709 633 4376 
21949 3017 1706 792 611 
21950 1706 3017 2851 611 
21951 221 3884 2325 1524 
21952 1567 4163 233 4164 
21953 2964 5010 1406 1404 
21954 4706 1426 4652 2974 
21955 1404 2964 3153 4574 
21956 3996 436 1933 307 
21957 678 4893 2886 4712 
21958 4334 4734 681 4289 
21959 619 678 620 4893 
21960 2237 4988 98 5031 
21961 2281 3862 1361 1700 
21962 4291 4893 620 4290 
21963 4291 619 620 4893 
21964 3309 680 1834 4288 
21965 5038 100 4982 4989 
21966 3916 2401 1491 3915 
21967 3734 3864 2033 5047 
21968 3496 2552 4030 312 
21969 4136 3151 1194 4135 
21970 4290 3309 1898 3273 
21971 2726 2808 2706 631 
21972 2808 2005 2706 631 
21973 672 629 2730 2727 
21974 1553 1552 2569 395 
21975 449 1134 3541 4369 
21976 2707 1288 1911 1912 
21977 4457 4389 426 1819 
21978 864 665 668 3572 
21979 3369 4401 2880 756 
21980 1169 3369 2880 756 
21981 982 1827 4193 4186 
21982 3080 4086 563 4272 
21983 1827 982 1749 4186 
21984 3441 1527 1458 781 
21985 2662 2659 2661 901 
21986 654 652 653 2867 
21987 623 2818 624 2842 
21988 3441 1527 3760 1458 
21989 705 2773 624 616 
21990 2773 616 2818 624 
21991 652 623 624 2842 
21992 3463 3303 1597 2268 
21993 1422 2319 3293 1075 
21994 2773 705 624 2819 
21995 4104 1472 4101 2215 
21996 3221 337 338 3412 
21997 900 902 2659 901 
21998 663 662 664 4468 
21999 3573 663 664 4468 
22000 663 665 3573 664 
22001 4904 105 4905 1 
22002 1481 2379 3924 3925 
22003 3674 665 864 3572 
22004 2959 2129 4124 833 
22005 668 3571 3574 3572 
22006 2806 2839 1843 2181 
22007 2776 960 2681 2679 
22008 720 762 3066 719 
22009 1494 225 3922 3803 
22010 719 3067 3064 1612 
22011 4306 763 842 800 
22012 1872 4512 4622 3596 
22013 1505 1507 1506 4041 
22014 4489 1619 4562 3574 
22015 1068 3070 3199 3069 
22016 579 2800 580 2760 
22017 3573 663 4468 4487 
22018 3945 3944 747 3946 
22019 684 4286 1660 686 
22020 1516 456 3958 532 
22021 4391 1499 3515 1733 
22022 4424 455 1084 886 
22023 4424 4112 1084 455 
22024 688 686 747 3946 
22025 3142 1807 4112 1516 
22026 1460 1527 4894 3805 
22027 3153 1335 4124 2129 
22028 990 1060 4230 2529 
22029 990 2526 2529 4230 
22030 3400 385 3399 382 
22031 826 2510 807 1621 
22032 4794 3754 1672 697 
22033 2207 4742 4606 3849 
22034 1222 2986 3848 1086 
22035 4654 3754 4794 697 
22036 2669 1564 2661 4118 
22037 990 1156 2529 2527 
22038 1596 1156 2527 4690 
22039 1096 2652 2651 2650 
22040 707 698 2572 699 
22041 3906 806 3108 3905 
22042 3764 1641 3108 3904 
22043 265 5019 21 2110 
22044 4691 3834 4881 1801 
22045 3583 3620 3673 1407 
22046 5038 212 4670 211 
22047 4082 3067 1612 4079 
22048 214 3919 2352 251 
22049 1080 1950 3266 1425 
22050 793 1622 1612 4079 
22051 5000 4992 1581 4991 
22052 5050 1604 2110 2264 
22053 4972 1683 5027 5040 
22054 2306 3148 2144 3291 
22055 1038 1664 4241 3150 
22056 1452 1527 4894 1460 
22057 2629 2601 1113 2628 
22058 964 1664 4241 1038 
22059 1527 3441 3760 3805 
22060 4456 1038 4241 3150 
22061 2797 2755 4199 1036 
22062 3554 4394 1602 1606 
22063 2334 1606 967 4980 
22064 4546 2412 4847 266 
22065 1527 3760 4894 3805 
22066 4570 4581 3704 1498 
22067 1486 225 3923 1485 
22068 438 2619 437 2620 
22069 3620 1174 1407 1176 
22070 919 4492 921 4817 
22071 1037 964 4241 1038 
22072 3019 3001 3238 1914 
22073 1870 4304 666 1586 
22074 1270 1041 1025 2493 
22075 946 847 2486 2488 
22076 3738 4492 919 4817 
22077 847 2489 2486 2488 
22078 2845 4145 1821 3029 
22079 4145 1100 1821 3029 
22080 1059 1213 1637 4255 
22081 4456 1037 4241 1038 
22082 804 805 2507 961 
22083 804 2504 2503 2505 
22084 4975 2711 4977 2710 
22085 1059 1637 4254 4255 
22086 4107 4370 3790 340 
22087 1037 4456 4241 4358 
22088 2711 4995 4977 2710 
22089 728 740 1636 3242 
22090 2456 2458 510 2457 
22091 4129 728 1636 3242 
22092 2456 2455 2457 510 
22093 2641 4554 1526 1256 
22094 903 3004 4739 2462 
22095 903 905 2462 1663 
22096 2456 2454 503 4644 
22097 760 3071 285 2208 
22098 4306 4766 842 4669 
22099 728 4129 3022 3242 
22100 4946 2370 4928 132 
22101 3584 3961 1201 4639 
22102 1802 3583 1407 1176 
22103 1120 1202 1201 3960 
22104 1831 2421 1792 1228 
22105 1228 2421 1792 4849 
22106 3978 764 2220 1696 
22107 304 3997 2228 4340 
22108 1320 4088 2151 3665 
22109 1321 3465 1319 1652 
22110 1314 1316 3363 1315 
22111 1470 1360 2912 5025 
22112 3307 3240 3416 1308 
22113 273 104 1480 3907 
22114 2400 3910 274 3909 
22115 306 4301 3997 3995 
22116 278 276 277 4040 
22117 1305 3633 4274 1306 
22118 304 3991 3993 4340 
22119 3703 1501 2213 4828 
22120 3307 1651 4453 1306 
22121 1501 4231 4828 4862 
22122 1213 4742 4257 4256 
22123 4526 1501 4828 4862 
22124 579 580 538 2760 
22125 2058 3719 4611 4873 
22126 2471 1241 1240 2037 
22127 1712 4786 4539 2638 
22128 1813 3404 3288 3551 
22129 2471 1241 2037 2473 
22130 686 2785 580 4285 
22131 1010 796 2606 2120 
22132 687 1716 580 2785 
22133 1736 660 3456 1892 
22134 1736 608 3519 4349 
22135 3206 832 3436 3166 
22136 2401 236 4990 3918 
22137 1501 1728 2213 4828 
22138 1650 2564 4113 2571 
22139 2751 1716 2760 538 
22140 836 790 4048 4287 
22141 886 4424 3530 1084 
22142 2711 4205 4977 2758 
22143 893 3072 4083 3002 
22144 2605 1010 2606 2120 
22145 2784 2751 1716 2760 
22146 961 805 2507 1621 
22147 2759 2751 2760 538 
22148 757 2251 389 4413 
22149 390 3714 1780 396 
22150 4214 408 406 1632 
22151 2512 827 809 4239 
22152 2800 4285 580 2760 
22153 2612 1140 1139 2022 
22154 3718 4603 4494 1009 
22155 1140 1876 4494 1009 
22156 3603 851 4608 3869 
22157 3646 674 4525 3298 
22158 674 575 3646 706 
22159 4491 3157 1550 547 
22160 4285 2785 580 2760 
22161 1426 454 4002 2136 
22162 766 1551 4133 2100 
22163 2759 579 538 2760 
22164 555 2940 2188 1547 
22165 3274 1974 1834 1898 
22166 669 3571 670 668 
22167 1800 3833 3832 3582 
22168 4657 3720 4619 725 
22169 726 727 670 4562 
22170 3404 3287 3409 490 
22171 540 3488 1730 477 
22172 2440 2437 714 2439 
22173 735 713 3914 954 
22174 2327 1356 4131 1517 
22175 3620 3689 1174 1176 
22176 819 4704 4745 3759 
22177 3122 1864 974 818 
22178 982 872 4185 1824 
22179 1827 982 4185 1824 
22180 828 2742 829 2741 
22181 873 1815 3044 3042 
22182 828 718 829 2742 
22183 1835 1974 3275 2045 
22184 694 2436 4674 1833 
22185 852 2875 853 2747 
22186 4759 1567 4164 3731 
22187 4513 1952 1087 1846 
22188 4995 2757 1758 1846 
22189 4995 4513 2757 1846 
22190 1580 1582 5003 5000 
22191 4304 4035 1870 3238 
22192 3124 971 3403 3244 
22193 134 4150 4956 4188 
22194 935 1589 4296 981 
22195 1728 1501 4231 4828 
22196 4403 4431 840 1005 
22197 3340 935 4296 981 
22198 2004 1129 1181 4663 
22199 1129 2004 4595 3733 
22200 4403 3595 4431 1005 
22201 4695 1953 4661 4032 
22202 2616 656 1770 1579 
22203 3710 3712 755 1953 
22204 4629 3710 3711 1891 
22205 3712 3710 4661 1953 
22206 1032 1589 4296 935 
22207 1402 2865 1368 439 
22208 1879 2614 2616 1579 
22209 1232 1233 3460 4545 
22210 3345 3699 3346 1890 
22211 3699 1890 4486 3346 
22212 3729 1915 268 1916 
22213 1232 4545 3460 3251 
22214 270 4709 2397 4507 
22215 3745 4709 270 3722 
22216 4504 1032 4296 935 
22217 1169 2880 1168 756 
22218 1079 2920 1555 1791 
22219 4721 1173 3689 1172 
22220 268 2380 4839 1986 
22221 1791 1234 2923 1555 
22222 972 852 2875 853 
22223 4561 1052 1258 1726 
22224 619 4592 4716 1922 
22225 469 467 468 2765 
22226 4308 4484 3297 1186 
22227 1804 3675 1407 3673 
22228 3216 287 285 2943 
22229 3741 2348 1282 986 
22230 2175 5027 4991 2263 
22231 940 4577 1282 986 
22232 2944 284 2943 285 
22233 4752 2276 3814 2036 
22234 3501 1940 3372 3189 
22235 2944 3930 3088 283 
22236 2322 1431 2208 3941 
22237 2036 4724 3814 4558 
22238 3721 4764 1945 3812 
22239 2059 953 1022 4853 
22240 4469 2093 2881 4586 
22241 2270 2059 1022 3867 
22242 4992 5027 2263 4991 
22243 876 878 3055 4178 
22244 302 304 785 4340 
22245 4262 2918 352 3988 
22246 352 2918 2252 3988 
22247 1967 298 352 3988 
22248 730 2102 569 2716 
22249 3043 1815 875 873 
22250 2102 569 2716 571 
22251 3260 730 569 2716 
22252 4220 3631 1978 2000 
22253 4218 1446 1445 4033 
22254 1442 2693 1443 1441 
22255 2841 377 2840 378 
22256 4458 2000 1445 4219 
22257 1717 2784 1716 1548 
22258 2784 3325 882 1548 
22259 1448 1450 1449 2780 
22260 4937 1989 59 4954 
22261 1716 2784 882 1548 
22262 4335 605 3524 4527 
22263 662 4222 4366 4468 
22264 2011 1961 4884 3843 
22265 1961 4884 3843 3841 
22266 605 4402 3524 4527 
22267 5014 1034 1033 5037 
22268 1899 3271 1275 3165 
22269 2315 1961 788 3841 
22270 2753 702 2771 1894 
22271 1261 4643 3843 2011 
22272 2993 797 2996 601 
22273 904 2465 906 1654 
22274 4556 2327 4131 1517 
22275 2487 1653 4187 906 
22276 3701 3587 3734 2033 
22277 3587 3734 2033 4537 
22278 1589 3587 2033 4537 
22279 2465 2487 4187 906 
22280 4238 4621 912 3359 
22281 4730 3766 3799 1997 
22282 1486 3424 1489 3606 
22283 4187 4649 908 4686 
22284 689 3063 888 3062 
22285 3103 793 3062 4079 
22286 1789 4174 948 2485 
22287 4174 1789 948 1157 
22288 3738 920 917 919 
22289 2465 904 2466 1654 
22290 1285 2478 2477 2055 
22291 2599 2484 1977 2666 
22292 540 2480 2055 2013 
22293 2709 2665 4206 458 
22294 1653 2467 1239 1654 
22295 4662 3738 919 4817 
22296 3809 4580 1735 3702 
22297 245 86 1517 4740 
22298 762 861 3067 1612 
22299 1014 3089 4140 4065 
22300 3692 4141 1012 4140 
22301 3158 1541 4031 763 
22302 304 302 3991 4340 
22303 302 4372 3991 4340 
22304 920 3543 1610 4378 
22305 3667 3315 1726 2122 
22306 760 3217 3071 2208 
22307 105 104 3913 272 
22308 335 4625 4637 3678 
22309 1490 5047 2237 98 
22310 2181 1250 1251 4123 
22311 1855 916 3386 1610 
22312 4961 3789 345 3788 
22313 916 3386 1610 917 
22314 4953 2110 231 22 
22315 3875 1362 4820 3784 
22316 4546 3784 1685 2076 
22317 3523 2084 928 2781 
22318 4313 3523 928 2781 
22319 4335 607 1766 3977 
22320 1278 3278 1205 3528 
22321 2409 135 4938 136 
22322 3340 935 4351 4296 
22323 3732 3413 3976 1093 
22324 3340 4207 4351 935 
22325 612 2812 615 2847 
22326 3017 1706 2851 3018 
22327 2993 5001 2994 2996 
22328 4207 3325 4388 884 
22329 2744 2291 2746 552 
22330 1970 2302 2737 801 
22331 97 5047 98 5016 
22332 2827 750 2895 1583 
22333 3701 4555 1416 1417 
22334 3318 782 4288 1834 
22335 680 3309 1834 1898 
22336 2167 213 3920 5046 
22337 4401 642 756 1924 
22338 3677 1998 4518 4583 
22339 97 1490 98 5047 
22340 2517 962 2505 961 
22341 4723 2161 2131 2043 
22342 1992 3241 1153 2043 
22343 4770 1915 3729 1916 
22344 1059 962 2517 961 
22345 3688 4588 4660 1905 
22346 2588 3028 1850 2590 
22347 3073 3074 4659 1132 
22348 972 2875 1132 3073 
22349 2212 3472 2187 1216 
22350 3470 1217 1216 1029 
22351 1217 3472 1216 2187 
22352 4614 418 4234 4648 
22353 2808 4398 633 3605 
22354 1056 3127 1951 853 
22355 2066 2190 3616 5018 
22356 1459 2190 3616 2066 
22357 5047 2237 98 5031 
22358 3074 3109 4659 2114 
22359 3685 2017 1922 4659 
22360 1772 2900 2220 2217 
22361 751 2289 2439 4363 
22362 2468 2638 4384 1935 
22363 2470 1936 1935 4384 
22364 4310 1760 1190 1390 
22365 3830 1456 4727 3761 
22366 1772 3213 2220 2900 
22367 1725 4459 1935 4384 
22368 4568 3653 351 4058 
22369 2590 4339 1260 2186 
22370 4634 1917 3727 4839 
22371 4456 1037 1038 1039 
22372 4420 4508 4421 1269 
22373 355 3639 3130 4058 
22374 3501 3840 3721 1942 
22375 1916 1917 268 4839 
22376 4966 5034 244 1412 
22377 859 1565 1755 4502 
22378 354 355 4058 4395 
22379 5016 5047 98 5031 
22380 3916 236 2235 1491 
22381 3210 859 858 857 
22382 1353 3666 1337 1069 
22383 3070 1068 3200 4841 
22384 2405 1739 219 2063 
22385 80 4119 2248 191 
22386 3622 2355 3536 3621 
22387 2253 4610 3621 3816 
22388 1004 1851 1243 3536 
22389 2097 4610 2253 1639 
22390 3982 4431 857 840 
22391 5030 5050 4160 5040 
22392 3595 4992 5000 3594 
22393 5030 5050 2264 1604 
22394 1005 4431 857 1755 
22395 3839 3899 5027 4972 
22396 4753 4808 1482 2031 
22397 4537 3734 2033 1286 
22398 103 3909 274 250 
22399 4904 3 4822 178 
22400 2117 3938 2331 3935 
22401 3653 354 351 4058 
22402 4808 2031 1284 1482 
22403 355 3639 4058 4395 
22404 3740 3315 3667 2122 
22405 1027 4860 4474 3110 
22406 1180 2586 4673 2125 
22407 2586 4233 1955 4631 
22408 415 2577 417 2813 
22409 3727 1917 1916 4839 
22410 4183 3052 3449 2009 
22411 4722 2086 3509 1355 
22412 2308 4200 2574 429 
22413 1038 1886 3150 4421 
22414 1765 1039 4508 1269 
22415 1046 4196 4195 4103 
22416 4121 3384 4597 787 
22417 4171 1626 4102 2947 
22418 4636 2095 2330 2372 
22419 2372 2330 4934 1474 
22420 4579 4803 1469 1473 
22421 876 1785 878 4417 
22422 3331 2099 3493 3333 
22423 2372 4154 4607 1474 
22424 1679 229 3676 1652 
22425 2515 988 827 989 
22426 4343 1348 4342 2074 
22427 496 495 3894 497 
22428 4744 500 2453 499 
22429 4697 502 2230 3896 
22430 501 504 503 2452 
22431 3919 214 2352 213 
22432 878 876 3055 875 
22433 4345 3909 2395 250 
22434 3921 1160 4680 5046 
22435 2242 4988 98 99 
22436 990 2526 4230 1060 
22437 2189 4676 3817 4617 
22438 2147 4875 4617 3755 
22439 2410 4931 4166 165 
22440 878 4354 3055 4417 
22441 4789 2172 2206 1385 
22442 4182 2040 3178 653 
22443 1640 1872 4622 3596 
22444 2374 4871 3847 1656 
22445 2027 4396 1273 3178 
22446 4918 2412 114 115 
22447 2244 4176 2191 1357 
22448 2451 1423 501 2450 
22449 12 4918 266 2210 
22450 1967 3988 2252 2925 
22451 249 4720 4945 2396 
22452 4170 271 2281 4892 
22453 2447 1287 2446 1071 
22454 4720 249 4891 2396 
22455 4396 4428 1273 3178 
22456 962 4258 1086 1082 
22457 1222 3848 1221 1086 
22458 5032 2236 4143 5009 
22459 1714 2986 1086 2503 
22460 1213 4255 4256 4257 
22461 2275 4922 4822 4587 
22462 1598 4394 1599 3638 
22463 4604 4541 4672 613 
22464 3842 788 4672 613 
22465 3413 3732 1108 1093 
22466 2209 2109 736 2441 
22467 1925 4385 4518 1924 
22468 3732 3413 1108 3584 
22469 1833 2431 772 2061 
22470 843 3094 3097 4463 
22471 1200 2432 4307 3149 
22472 1030 3696 3698 4450 
22473 3796 3767 1115 3421 
22474 892 1030 3698 4450 
22475 2209 2889 2890 2441 
22476 4405 2442 4411 1748 
22477 3696 977 4400 4450 
22478 4590 1565 1567 1566 
22479 977 1030 4450 3696 
22480 892 1030 4450 977 
22481 3252 772 4734 4674 
22482 1629 4445 4365 4095 
22483 772 694 4734 4674 
22484 4128 2214 4127 4472 
22485 522 2817 1863 508 
22486 2214 4128 757 4472 
22487 2476 2141 1285 2140 
22488 1725 2638 1935 4459 
22489 1820 506 2848 3132 
22490 2141 2476 2473 1241 
22491 3419 484 483 3245 
22492 4510 4524 3717 1623 
22493 522 531 4331 530 
22494 4524 391 3717 1623 
22495 4413 757 4472 3717 
22496 310 3496 4496 4483 
22497 2068 1373 4971 2347 
22498 3699 3345 3700 1137 
22499 4370 4202 2518 1966 
22500 1222 1266 3459 3850 
22501 4689 431 2353 3750 
22502 344 1732 4496 308 
22503 1221 3848 2184 3849 
22504 937 798 866 3176 
22505 3104 474 1808 798 
22506 3292 937 3176 798 
22507 4548 1868 1782 4505 
22508 4389 3467 2096 3469 
22509 478 4236 4505 1868 
22510 1714 2502 2501 2503 
22511 2986 1714 2501 2503 
22512 476 478 4505 1868 
22513 3507 4389 1819 3469 
22514 2513 1244 2516 2528 
22515 3859 2030 3858 3860 
22516 3859 4690 2030 3860 
22517 2526 2515 988 2516 
22518 1156 1061 990 2529 
22519 1466 1244 2528 4749 
22520 1195 2048 3095 1979 
22521 3488 479 4232 4386 
22522 711 782 693 3671 
22523 621 3092 626 4463 
22524 1952 1255 4516 3672 
22525 2539 2542 2541 759 
22526 2541 2357 3500 2538 
22527 2863 640 2705 4373 
22528 886 4481 4516 3530 
22529 2575 2574 1764 2576 
22530 2308 2951 2574 4200 
22531 1411 1248 1361 3681 
22532 3862 4170 2281 4892 
22533 991 1263 1515 3480 
22534 4481 4424 3530 886 
22535 4424 4112 3530 1084 
22536 405 2561 3141 4279 
22537 4510 1632 406 1623 
22538 2555 409 2554 2560 
22539 2580 2579 1878 428 
22540 4163 4930 4912 120 
22541 2554 4229 411 2556 
22542 4163 119 4930 120 
22543 3499 1703 1704 2560 
22544 1626 1906 4102 1047 
22545 2502 698 4270 2572 
22546 783 1635 4520 4305 
22547 4270 696 1625 3084 
22548 1926 1912 3035 2655 
22549 3084 1635 4305 4560 
22550 3084 696 4560 4591 
22551 425 2313 1958 2712 
22552 2581 421 2583 2286 
22553 4247 421 2583 2581 
22554 421 1420 2583 2286 
22555 4247 1420 2583 421 
22556 695 696 4591 4560 
22557 691 696 695 4560 
22558 696 1635 3084 4560 
22559 2719 4016 2628 1130 
22560 1635 696 691 4560 
22561 647 1882 3117 4571 
22562 2268 1046 2219 4195 
22563 1131 4016 4017 1144 
22564 1428 1552 2593 1146 
22565 768 1882 4571 3117 
22566 3151 2568 2593 1428 
22567 1554 2597 2596 2598 
22568 3820 768 4571 3117 
22569 3820 1882 4571 768 
22570 4723 1882 4362 4571 
22571 796 2952 2606 4113 
22572 2161 3820 4571 4723 
22573 1040 2645 1264 1209 
22574 2289 2889 736 2439 
22575 1585 1098 4695 4061 
22576 656 2618 1770 437 
22577 3037 1710 2892 3038 
22578 4222 1586 3475 657 
22579 2440 735 1748 736 
22580 4128 2092 2534 4127 
22581 1156 2533 1061 2529 
22582 1281 1215 3659 1280 
22583 2533 1365 2534 2530 
22584 1413 1156 2627 2530 
22585 1882 2161 4571 4723 
22586 1882 3820 4571 2161 
22587 4459 1725 3640 4384 
22588 2465 2464 2466 904 
22589 724 1993 2015 4582 
22590 2015 3246 4549 4582 
22591 1096 2652 924 2651 
22592 1334 4357 4572 1335 
22593 1112 2647 4059 2648 
22594 2015 3246 4582 3225 
22595 4198 617 604 3520 
22596 949 1626 2947 4848 
22597 2662 2663 899 2661 
22598 900 617 899 2662 
22599 3696 3697 3695 2133 
22600 3028 2588 1149 4320 
22601 964 1037 4241 4199 
22602 4593 3028 811 4320 
22603 694 693 3649 3671 
22604 2587 1149 4320 1148 
22605 2564 2570 2571 2166 
22606 726 3078 3022 3256 
22607 4204 1505 1007 1506 
22608 1010 2091 4158 2607 
22609 2645 4226 2604 1209 
22610 2682 1178 1097 4208 
22611 4266 4473 593 3643 
22612 592 590 789 3518 
22613 4005 2678 4012 2246 
22614 4439 621 4604 4463 
22615 743 2246 4012 1777 
22616 3631 2000 4219 1443 
22617 3631 1978 1443 1441 
22618 3048 1798 1797 1236 
22619 3459 1266 4503 3850 
22620 3390 621 4463 4604 
22621 2000 1443 1445 4219 
22622 1932 2689 4045 2981 
22623 1444 2696 2694 2192 
22624 4330 3644 4329 1577 
22625 711 694 3649 3671 
22626 694 711 693 3671 
22627 4057 2597 2233 2703 
22628 1251 1855 2177 4089 
22629 2950 3201 3266 1425 
22630 139 4924 4906 2406 
22631 1844 4684 710 4769 
22632 2654 2005 2706 4376 
22633 2499 1849 1946 2501 
22634 2588 1151 2585 2589 
22635 2498 2500 1946 1625 
22636 2500 803 1946 1625 
22637 1849 803 1946 2501 
22638 1195 3094 626 3093 
22639 3741 986 3837 2200 
22640 3426 1754 3682 1920 
22641 5032 4887 2406 4774 
22642 1852 3905 3682 4890 
22643 1860 2223 4865 1267 
22644 1890 3699 1969 1137 
22645 4618 4317 1267 3700 
22646 4521 1052 879 1154 
22647 3056 876 879 877 
22648 2643 2674 1856 2673 
22649 465 2751 2749 2750 
22650 2231 1886 1269 4421 
22651 1920 1852 3682 4890 
22652 1019 1852 3682 1920 
22653 1426 4002 4706 4652 
22654 3446 465 2750 456 
22655 4665 1533 228 4707 
22656 684 2800 4285 580 
22657 1483 1533 3691 4707 
22658 896 897 1033 5037 
22659 5039 1290 1034 1291 
22660 1290 5039 5045 1291 
22661 2828 1514 3142 3958 
22662 3589 1646 3588 1302 
22663 436 4000 1933 2356 
22664 3927 4665 228 4707 
22665 1006 1241 4177 4662 
22666 916 1613 1855 3385 
22667 509 522 2815 523 
22668 3604 1646 1645 3588 
22669 1226 2168 2783 4344 
22670 4741 2369 1484 4707 
22671 543 551 4454 4410 
22672 4000 4574 4626 2356 
22673 2781 1871 2772 1894 
22674 2262 1332 3590 1645 
22675 4790 1615 2213 1616 
22676 3820 2082 3882 3654 
22677 4742 1719 4861 4355 
22678 2792 4385 1925 646 
22679 3455 1312 1311 1313 
22680 1719 4742 4861 4257 
22681 1312 3455 1327 1313 
22682 3303 2319 3462 1597 
22683 3543 3386 1610 3474 
22684 4526 3703 2292 3704 
22685 1199 1225 2083 4353 
22686 920 975 4492 4378 
22687 1250 1138 4109 1368 
22688 1498 1497 3704 2292 
22689 1474 4607 1324 1473 
22690 3466 1652 4054 1319 
22691 1314 1313 1315 4008 
22692 534 1921 3207 3398 
22693 1474 4917 248 48 
22694 1908 3257 534 543 
22695 1317 3826 3363 3827 
22696 1497 1498 3704 4628 
22697 2959 2961 1634 732 
22698 3674 4550 4536 2054 
22699 816 2845 741 1821 
22700 5010 2158 844 2180 
22701 432 427 2836 2902 
22702 4269 4457 424 4470 
22703 2579 2577 4234 417 
22704 3696 3694 2133 3695 
22705 947 949 2947 4848 
22706 1287 2447 2446 2448 
22707 1138 1402 3462 4100 
22708 2865 1402 4100 3126 
22709 949 947 2947 1626 
22710 653 654 2868 655 
22711 390 388 3713 3715 
22712 1937 4348 4004 4059 
22713 1167 4429 4019 4136 
22714 2720 1971 2769 2721 
22715 3030 1277 3337 3140 
22716 2858 704 2857 2859 
22717 1689 9 10 4927 
22718 2797 2755 1036 1397 
22719 388 390 389 3715 
22720 4852 4909 112 4927 
22721 3934 1379 3933 3937 
22722 4363 2889 4310 1390 
22723 2289 2889 1390 2209 
22724 4225 1103 3865 1740 
22725 2889 2289 1390 4363 
22726 2490 1626 2947 1627 
22727 2093 4469 1170 1941 
22728 5038 4966 4670 4963 
22729 1173 1171 4646 1172 
22730 2005 1912 2706 1911 
22731 4869 1353 1491 3916 
22732 4632 5036 4670 4963 
22733 1353 3916 2235 1491 
22734 2878 3197 2881 1947 
22735 1173 1171 4583 4646 
22736 4242 1054 1053 3036 
22737 1412 1353 4967 1337 
22738 4405 1827 2109 1749 
22739 4185 1827 1824 4193 
22740 4185 1824 3038 4193 
22741 2891 1054 1760 1711 
22742 4713 3666 4967 4869 
22743 4632 212 4670 5036 
22744 4966 4713 5034 4967 
22745 5036 5038 4670 4963 
22746 1470 4415 2912 1429 
22747 5036 212 4670 5038 
22748 3993 306 3997 3995 
22749 2449 2341 2451 1423 
22750 2449 1287 2279 1423 
22751 2341 2449 2279 1423 
22752 2929 3228 296 2925 
22753 5007 141 4960 142 
22754 2343 1435 1434 2684 
22755 1435 1178 1434 2684 
22756 2940 2938 555 2188 
22757 2682 1178 2684 1434 
22758 1178 2682 1177 1434 
22759 390 389 3715 391 
22760 1450 2887 1449 2780 
22761 777 4044 2888 3284 
22762 412 2550 2573 4681 
22763 1630 2458 1995 1874 
22764 941 942 934 2525 
22765 3554 4394 1606 3308 
22766 722 700 2877 3959 
22767 1607 848 4085 722 
22768 411 412 2573 413 
22769 3716 390 3715 391 
22770 5007 2185 4965 4960 
22771 4942 141 4960 5007 
22772 3807 3760 1454 3761 
22773 555 1547 286 2939 
22774 903 3004 625 494 
22775 4225 2447 1740 2562 
22776 1103 1741 1929 3735 
22777 2185 36 37 4960 
22778 2556 2574 413 2573 
22779 2451 2341 2979 499 
22780 2979 502 4697 3896 
22781 4843 1893 1245 1467 
22782 1893 4843 3749 1467 
22783 1479 1478 1561 5042 
22784 599 597 5044 5001 
22785 4986 4071 4397 5020 
22786 1035 1092 3414 3968 
22787 414 412 413 2573 
22788 3180 4071 4986 4985 
22789 2556 411 2573 413 
22790 729 3395 4704 3720 
22791 4160 5030 5029 4872 
22792 3506 2140 2155 1649 
22793 443 445 1742 3219 
22794 1579 2616 2617 2615 
22795 2256 969 2968 2969 
22796 1118 4038 4039 4388 
22797 4537 4504 1032 4296 
22798 2971 1522 3077 1990 
22799 1723 2258 3608 1339 
22800 3010 3012 3011 574 
22801 861 2306 3148 2144 
22802 4062 3012 2078 3013 
22803 3606 3608 3607 1339 
22804 3023 1965 341 3220 
22805 3221 3371 341 336 
22806 2983 361 2985 3229 
22807 2495 1041 1247 1861 
22808 1028 4325 4338 3647 
22809 3023 1965 4202 4107 
22810 348 4962 347 350 
22811 2490 4171 1271 2492 
22812 4482 1338 3647 3766 
22813 4962 4961 345 347 
22814 5007 4965 142 4960 
22815 2256 4692 1990 2969 
22816 36 2185 5007 4960 
22817 4128 2214 2092 4127 
22818 3032 4051 1538 3196 
22819 1459 2066 3616 3299 
22820 88 89 200 1500 
22821 3481 4051 3196 384 
22822 89 2366 200 1500 
22823 3472 2187 3471 4210 
22824 3052 1987 3045 3047 
22825 3060 889 890 888 
22826 1816 1862 3045 1987 
22827 3668 1430 3810 1154 
22828 4703 235 4190 1715 
22829 3368 1828 1513 1790 
22830 3368 1790 4850 3739 
22831 4868 3506 2155 1649 
22832 2971 2973 4037 1522 
22833 2212 3472 3737 2187 
22834 1756 2212 3737 2187 
22835 793 4079 3064 3062 
22836 4990 207 3924 208 
22837 1508 4306 842 800 
22838 4037 1521 1522 1520 
22839 1336 3349 3348 1069 
22840 3432 3289 3878 1003 
22841 3291 4082 2144 3607 
22842 3078 1769 4657 726 
22843 1089 3121 4146 3079 
22844 1523 4037 1522 1520 
22845 3102 1864 1088 3121 
22846 2174 1701 3891 4926 
22847 4704 819 4745 3396 
22848 1089 1116 3313 3121 
22849 1534 1483 1533 3691 
22850 3791 1263 2199 3480 
22851 3840 3501 4586 1941 
22852 2872 1013 4065 1014 
22853 3692 3694 2255 1011 
22854 1016 2032 2285 3310 
22855 458 2665 752 1544 
22856 2665 458 2640 1544 
22857 2733 628 1938 622 
22858 4868 2140 2155 3506 
22859 4513 1846 2664 1847 
22860 4027 430 399 1823 
22861 1402 1422 3126 3111 
22862 333 335 3678 4625 
22863 632 634 1956 4736 
22864 869 4073 3845 3410 
22865 1402 3111 3126 439 
22866 2921 985 868 3845 
22867 3312 1728 3311 4231 
22868 3769 1395 3651 4771 
22869 3078 1769 3102 4657 
22870 3122 1864 818 4598 
22871 4599 632 4760 3605 
22872 1102 4281 3139 1902 
22873 2808 3553 3605 631 
22874 4704 4598 3759 818 
22875 3243 487 505 1832 
22876 1956 3793 4725 4760 
22877 4926 172 3891 4908 
22878 1820 506 778 2848 
22879 2140 2770 4868 2155 
22880 1344 1026 3548 1918 
22881 2869 1863 2855 2835 
22882 3767 2229 1115 1566 
22883 1701 1386 3891 2199 
22884 3767 4830 2229 1566 
22885 2073 1607 3437 3155 
22886 1618 3514 2977 329 
22887 1607 2876 3155 845 
22888 2073 1607 3155 845 
22889 817 4297 1705 3031 
22890 819 1615 974 3759 
22891 4253 2018 3443 4173 
22892 1068 3070 3200 3199 
22893 1747 3166 3148 3289 
22894 2065 3876 1836 2087 
22895 2306 3289 3148 3291 
22896 1747 861 3148 3166 
22897 1738 4747 2087 1737 
22898 4747 2087 1737 1198 
22899 2860 4356 1812 541 
22900 473 474 1782 2862 
22901 1602 4876 231 1603 
22902 469 2667 2765 2809 
22903 474 3003 3104 2862 
22904 4876 3787 3786 1601 
22905 3787 4394 1599 1602 
22906 3787 4392 1599 4394 
22907 1547 2942 761 284 
22908 280 1083 3461 1837 
22909 4092 942 1737 941 
22910 1615 819 4745 3759 
22911 2971 2973 2183 2972 
22912 1855 3474 1251 1610 
22913 1884 2509 2511 1621 
22914 826 1884 2511 1621 
22915 3193 1048 4563 3194 
22916 2509 826 2511 1621 
22917 341 2333 3220 2215 
22918 3448 4104 4101 2215 
22919 1708 3954 3264 1410 
22920 1244 1596 2516 3860 
22921 2510 2508 807 1621 
22922 2509 2508 2510 1621 
22923 730 4756 567 1722 
22924 2541 4214 3500 1632 
22925 3719 2058 1858 2103 
22926 2357 2541 3500 1632 
22927 1367 2357 3500 1632 
22928 2214 1367 3500 1632 
22929 2357 759 2541 1632 
22930 3404 493 1813 490 
22931 487 3136 3828 3243 
22932 2784 1716 2826 2785 
22933 1327 1312 2023 3656 
22934 1192 2770 2140 2155 
22935 3797 1688 2107 2283 
22936 3516 1193 3418 3947 
22937 2077 1283 3203 3090 
22938 2827 2896 3946 688 
22939 3831 1024 3555 1021 
22940 1340 3265 2026 1163 
22941 1164 3950 1165 1352 
22942 3516 3797 2107 2283 
22943 4931 2410 4913 164 
22944 238 4167 1687 2303 
22945 1107 1888 1120 3276 
22946 62 2174 241 4901 
22947 493 490 3409 492 
22948 4216 4217 492 3409 
22949 3404 493 490 3409 
22950 3404 1813 3287 490 
22951 1776 4302 490 488 
22952 3976 3732 1698 4809 
22953 1387 1666 4809 1698 
22954 4149 1666 1698 4809 
22955 240 1666 1698 4149 
22956 3186 531 1126 550 
22957 3274 1974 1898 3273 
22958 3732 4149 1698 4809 
22959 717 4334 4426 4333 
22960 678 718 2886 1923 
22961 619 4291 620 550 
22962 718 828 717 2742 
22963 947 2490 2947 1627 
22964 944 4838 959 3770 
22965 4435 972 3075 2875 
22966 4748 3952 3687 1571 
22967 4825 4423 4769 677 
22968 1204 995 3528 3783 
22969 3952 1248 3687 1571 
22970 1109 4495 994 1720 
22971 3856 4962 3330 3332 
22972 3327 4208 2681 1097 
22973 3415 4825 4769 677 
22974 3342 476 1782 473 
22975 799 837 4356 541 
22976 2667 471 2838 2809 
22977 2599 1730 1767 1977 
22978 1002 944 959 3770 
22979 2082 4684 3882 3654 
22980 1325 3279 2153 2127 
22981 3576 1787 3507 3577 
22982 1681 2153 1682 4003 
22983 419 4614 420 418 
22984 1318 1316 4780 2182 
22985 4457 423 424 4470 
22986 1316 3362 4780 2182 
22987 1318 1316 3826 4780 
22988 1316 3362 3826 4780 
22989 3512 4436 2024 387 
22990 944 4838 3770 3779 
22991 1002 944 3770 3779 
22992 1081 3567 4631 4600 
22993 1573 2643 1856 2673 
22994 429 2308 1764 2574 
22995 2643 1573 1856 1742 
22996 2673 1857 2723 1856 
22997 916 1855 3175 3385 
22998 4836 1532 3781 2363 
22999 911 4726 4686 4138 
23000 911 4726 4138 3619 
23001 1626 947 2947 1627 
23002 3798 1908 4883 1909 
23003 3109 2130 1909 2114 
23004 4040 276 4345 4802 
23005 1753 401 1823 2624 
23006 1753 2625 1823 1526 
23007 3408 4724 4519 2259 
23008 2048 3100 1979 824 
23009 2295 3294 824 1956 
23010 5042 3600 3746 4802 
23011 3243 4299 1858 505 
23012 1729 833 2958 2111 
23013 4233 1763 1764 2576 
23014 2951 4233 1764 2576 
23015 2951 1274 2308 1764 
23016 4643 1072 4653 2011 
23017 3842 1961 3285 3841 
23018 1274 2951 4233 1764 
23019 1072 3430 1275 1166 
23020 1961 2315 2011 4884 
23021 523 2814 534 3207 
23022 4634 1917 2241 3550 
23023 1763 1274 4233 1764 
23024 548 537 3335 547 
23025 3743 566 4460 565 
23026 1624 3157 547 1550 
23027 199 88 200 4696 
23028 2828 579 2800 2829 
23029 3884 2325 3495 2195 
23030 537 3058 3335 547 
23031 706 867 1550 3533 
23032 1089 3313 4146 3121 
23033 3058 3157 3335 547 
23034 3393 3157 1550 3533 
23035 4491 706 1550 3533 
23036 975 4378 3464 4492 
23037 462 3597 450 3902 
23038 3505 451 3902 3282 
23039 3540 1934 3561 3541 
23040 993 920 1610 4378 
23041 3474 993 4378 4123 
23042 1934 3505 3541 3540 
23043 920 993 975 4378 
23044 3543 920 4492 4378 
23045 3562 1134 3541 3561 
23046 3851 3765 4474 1067 
23047 441 3602 4244 448 
23048 3624 4874 3548 1344 
23049 2907 441 450 3602 
23050 447 449 448 4763 
23051 4647 449 448 1786 
23052 3765 4860 4474 1027 
23053 3375 1080 3266 1425 
23054 4040 3600 5042 4802 
23055 4134 1224 2197 2100 
23056 3996 436 3999 4000 
23057 4928 4910 131 4155 
23058 3177 799 3176 866 
23059 1754 3426 3467 2052 
23060 966 4841 3792 998 
23061 958 966 3792 998 
23062 3468 1754 3426 3467 
23063 3350 1502 3792 998 
23064 1819 4389 2096 3469 
23065 4389 4224 446 3467 
23066 1993 724 3680 4582 
23067 1502 958 3792 998 
23068 3923 225 1487 3803 
23069 1830 1136 1062 4406 
23070 2685 1178 1435 2684 
23071 4682 4849 1830 257 
23072 4682 3525 1830 4849 
23073 4682 4484 1377 1830 
23074 3525 4484 4682 1830 
23075 1525 4009 4481 4099 
23076 2471 1936 2470 2472 
23077 482 3245 2551 3192 
23078 1852 1642 4890 1920 
23079 837 4471 1812 1968 
23080 2137 1217 3469 2096 
23081 1642 3425 4890 1920 
23082 2869 4275 1999 778 
23083 1642 1644 3425 1920 
23084 496 495 3552 3894 
23085 3175 3025 2177 4089 
23086 493 495 4215 3552 
23087 225 1494 1487 3803 
23088 4807 2106 1493 1502 
23089 3186 1126 3187 3273 
23090 3804 3917 1493 4807 
23091 4275 1981 3133 3652 
23092 1794 1919 1793 2908 
23093 4824 1494 2375 3803 
23094 1904 2458 510 1995 
23095 449 4647 4763 4369 
23096 3573 667 3572 3570 
23097 1855 3175 2177 4089 
23098 2618 2621 402 437 
23099 2456 2458 2519 1995 
23100 2458 2520 1995 1874 
23101 2029 2456 2519 1995 
23102 4959 4170 175 176 
23103 4928 2370 224 4155 
23104 4346 3961 1201 3960 
23105 2396 4170 175 4959 
23106 1202 4346 1201 3960 
23107 4590 1565 3768 4164 
23108 1070 2445 954 955 
23109 1814 1896 3288 4245 
23110 3652 1897 1814 4245 
23111 4336 185 186 74 
23112 1005 1580 5000 1581 
23113 1028 3103 4325 889 
23114 4526 1501 226 2292 
23115 1103 1929 1779 4835 
23116 1813 1776 1814 3287 
23117 1452 3807 3106 4894 
23118 1776 3133 1814 3287 
23119 1981 1897 1814 3652 
23120 649 3415 3117 3882 
23121 1081 1274 1064 4600 
23122 3807 1452 1454 4894 
23123 185 2359 186 74 
23124 3224 3477 4261 587 
23125 2034 3814 2 2036 
23126 4020 1907 2749 545 
23127 2690 2691 1438 2265 
23128 3325 1118 1548 4039 
23129 4022 3325 1548 4039 
23130 4049 355 3639 2987 
23131 4022 1717 1907 1548 
23132 3333 3626 4846 5049 
23133 753 2905 2858 3650 
23134 1822 1397 2787 2789 
23135 3760 3807 1454 4894 
23136 2858 1761 956 3650 
23137 5049 4754 4846 3788 
23138 2949 1398 1036 1848 
23139 5049 3626 4846 4754 
23140 1398 2949 1036 2797 
23141 1952 4513 1087 3672 
23142 1525 4009 1753 2625 
23143 3188 1939 2882 3189 
23144 485 3419 3828 3683 
23145 485 4326 3828 3419 
23146 3136 487 3828 4719 
23147 1918 3549 3548 3550 
23148 74 4336 1801 186 
23149 1103 1741 3865 1740 
23150 1533 4665 3693 4707 
23151 3428 3318 1929 3735 
23152 3980 293 4850 3709 
23153 3428 1741 3865 3735 
23154 1929 1103 3735 4835 
23155 1127 2632 2631 1128 
23156 383 388 389 4375 
23157 2036 2 4558 3814 
23158 1228 1831 2420 2173 
23159 4404 2741 2426 996 
23160 481 3192 3255 483 
23161 2025 1915 4770 1916 
23162 1151 2587 1152 1150 
23163 2273 4493 3549 3728 
23164 911 3619 4138 917 
23165 2489 847 2490 2488 
23166 1138 4109 3462 3464 
23167 2025 4447 3321 1218 
23168 4122 4089 1913 2980 
23169 1245 4843 1467 3863 
23170 369 3366 3284 3365 
23171 1884 4843 1245 4251 
23172 366 2224 3539 3537 
23173 368 3366 3537 367 
23174 431 4464 3539 3750 
23175 431 2280 2353 3750 
23176 3538 3749 3863 1467 
23177 2148 3367 4705 3538 
23178 997 2425 1062 1135 
23179 75 74 1801 186 
23180 4756 3806 1722 3805 
23181 1475 2700 2701 2699 
23182 3785 1608 3392 3957 
23183 2928 2931 435 292 
23184 4203 1505 2188 2941 
23185 3956 2931 2928 292 
23186 2931 290 1973 292 
23187 2909 1050 1206 968 
23188 2238 2203 4651 968 
23189 293 291 3956 292 
23190 3054 524 525 3051 
23191 1261 3598 2226 2329 
23192 3278 3527 1205 3528 
23193 3480 3417 1031 3748 
23194 3905 3764 4890 1852 
23195 2673 1857 3475 4091 
23196 4523 3797 1720 3517 
23197 650 4638 1984 2226 
23198 3793 1956 4736 4760 
23199 4638 650 1984 3542 
23200 3840 1943 4725 3295 
23201 4854 4638 1984 3542 
23202 3764 1642 3425 4890 
23203 1494 3922 2375 3803 
23204 4203 2337 2188 1505 
23205 95 4990 3918 207 
23206 4138 916 3385 910 
23207 1046 4196 2219 4195 
23208 3397 3109 1909 4883 
23209 3798 650 1908 1909 
23210 4856 3397 2226 1909 
23211 3397 2130 2226 1909 
23212 2095 2372 1474 2330 
23213 4412 3109 1909 2017 
23214 1316 1314 3363 3280 
23215 4008 1314 3363 1315 
23216 3306 297 4857 3825 
23217 850 986 999 3491 
23218 1890 3699 4486 1969 
23219 297 295 4857 3825 
23220 799 850 1890 3346 
23221 1521 4788 4037 3077 
23222 1754 3468 3426 3682 
23223 2411 170 4919 4901 
23224 4258 962 2517 1082 
23225 1985 3850 4811 4503 
23226 1247 1861 1966 2518 
23227 4605 170 2411 4901 
23228 2528 4251 1245 3863 
23229 4037 1521 3077 1522 
23230 2102 1475 2702 2039 
23231 887 2627 1414 4732 
23232 1365 2533 2534 4127 
23233 4919 2411 4901 1687 
23234 4251 4843 1245 3863 
23235 2938 4203 2188 2941 
23236 2280 3749 2224 1467 
23237 4843 3749 1467 3863 
23238 1915 4770 3836 218 
23239 4203 2938 2188 2337 
23240 2885 2883 744 745 
23241 1541 3158 4031 3487 
23242 685 2883 745 744 
23243 1233 1232 3460 851 
23244 839 4260 745 3085 
23245 3085 839 2050 745 
23246 2885 744 838 745 
23247 1684 18 4912 233 
23248 2432 2431 2061 2430 
23249 4406 1136 2428 3297 
23250 1684 4896 4912 18 
23251 2367 4957 2162 4947 
23252 2218 1646 3604 1647 
23253 3116 3677 4374 2072 
23254 227 3881 2090 2367 
23255 227 45 4947 44 
23256 3434 1945 1944 1942 
23257 1386 4834 3891 2199 
23258 1409 2119 3707 3847 
23259 4469 1170 1940 3189 
23260 1769 3102 4657 4598 
23261 2088 3912 1694 4762 
23262 1980 1644 2021 3258 
23263 4923 4823 4584 2274 
23264 3406 1184 3163 1183 
23265 447 4763 2802 4855 
23266 1184 3406 1176 1183 
23267 938 3576 3471 4210 
23268 3914 3852 3420 954 
23269 3914 713 2437 2901 
23270 3852 711 2901 3671 
23271 680 3763 4288 3309 
23272 4429 2064 4353 1199 
23273 4165 232 1656 3847 
23274 4990 2379 209 208 
23275 234 2271 3925 2031 
23276 4125 1225 4547 4353 
23277 234 1481 2031 3925 
23278 234 2379 1481 3925 
23279 3912 4777 4300 2088 
23280 232 2119 1656 3847 
23281 2124 1453 3435 2094 
23282 386 2124 3435 2094 
23283 1450 2887 1451 1449 
23284 4816 3283 2094 1451 
23285 3947 1193 3418 992 
23286 3947 4834 1386 1031 
23287 1109 1733 3515 1880 
23288 1733 1499 3515 1880 
23289 1376 3444 1381 1380 
23290 4222 657 4221 4069 
23291 2993 2997 601 4567 
23292 1530 4970 1529 4983 
23293 5006 4997 1294 1293 
23294 26 25 4899 263 
23295 1666 3975 2382 259 
23296 1474 49 4934 4917 
23297 3974 5014 3970 5037 
23298 1536 1883 3361 1766 
23299 1092 1035 897 3968 
23300 2330 49 4934 1474 
23301 3705 2339 3387 3388 
23302 2136 3993 305 303 
23303 1675 4928 224 4155 
23304 1675 27 4928 4910 
23305 4711 2405 219 2063 
23306 303 3991 3990 3992 
23307 4711 4148 219 2405 
23308 4819 3708 1512 673 
23309 289 287 4013 288 
23310 1547 2942 286 2939 
23311 403 438 2620 442 
23312 403 438 437 2620 
23313 3866 1741 3428 2116 
23314 2179 1741 3866 2116 
23315 1804 3675 1174 1407 
23316 3118 2112 3016 3119 
23317 656 2616 1770 2618 
23318 2396 1699 4959 4945 
23319 4710 4061 3000 400 
23320 4629 3711 1876 1891 
23321 4020 2724 545 2749 
23322 935 4504 4351 4296 
23323 1325 3279 2127 3119 
23324 2724 2748 545 2749 
23325 2112 3118 1731 3119 
23326 3395 891 3020 1572 
23327 667 3570 668 3572 
23328 3234 671 2127 3016 
23329 671 2112 2127 3016 
23330 4758 2 4 4558 
23331 4745 892 4450 3396 
23332 3098 1208 1196 1207 
23333 1197 4506 2259 1196 
23334 249 1699 2396 4945 
23335 1072 2011 1275 4653 
23336 3272 3430 1275 3271 
23337 3430 4653 1275 3271 
23338 1455 3853 4832 2149 
23339 1234 1555 4608 2923 
23340 1791 1555 2923 4608 
23341 322 4075 2763 2803 
23342 2764 322 2763 2803 
23343 376 881 3134 1759 
23344 4029 1553 2569 395 
23345 3058 3051 3057 536 
23346 4189 4150 4188 261 
23347 2128 3774 3772 3773 
23348 4755 3551 1869 1896 
23349 3615 3771 959 1187 
23350 2524 2525 932 934 
23351 2909 2238 4651 968 
23352 762 4031 3068 763 
23353 520 3081 2074 4343 
23354 4956 29 261 30 
23355 1432 3613 2193 2160 
23356 1622 3103 4079 889 
23357 793 1622 4079 889 
23358 3103 793 4079 889 
23359 4679 3877 1836 512 
23360 4330 1577 349 2342 
23361 1577 1575 4329 325 
23362 517 515 3777 516 
23363 3774 2171 3777 516 
23364 342 324 326 2805 
23365 2764 1611 2803 2804 
23366 4920 2409 4938 136 
23367 1673 3512 387 3231 
23368 4104 2333 4497 1472 
23369 330 331 332 2978 
23370 1472 1422 3625 4101 
23371 1805 3879 3880 1804 
23372 4946 2370 4188 1670 
23373 2242 1412 1491 4967 
23374 443 445 3219 444 
23375 3446 456 4312 4319 
23376 1681 651 3742 1682 
23377 3742 651 4842 1682 
23378 2115 2544 2543 2547 
23379 1729 4180 2083 2958 
23380 1224 4134 1194 2100 
23381 4336 1801 4881 230 
23382 4988 2242 5016 4967 
23383 4731 5050 1604 4156 
23384 2383 4988 5016 4967 
23385 4343 2171 1348 2074 
23386 4159 124 5019 125 
23387 4951 4953 4156 125 
23388 4159 5050 4156 5019 
23389 4159 4731 4156 5050 
23390 5050 5019 2110 4156 
23391 5016 2242 1491 4967 
23392 4840 267 4166 3808 
23393 1624 2160 3156 3394 
23394 3054 3081 3057 525 
23395 4167 4708 1687 2303 
23396 1867 3113 648 4364 
23397 876 1785 4178 4418 
23398 1259 3059 3449 2009 
23399 1074 3452 1276 3451 
23400 4354 3510 1001 3451 
23401 209 210 5016 3915 
23402 3846 1380 2105 3957 
23403 3113 4364 3112 648 
23404 3115 3113 734 1867 
23405 480 3191 4232 479 
23406 3598 2130 2226 3397 
23407 1763 2577 415 2576 
23408 3598 1261 2226 2130 
23409 467 463 468 3027 
23410 1767 1104 2666 1977 
23411 4856 4638 2226 3397 
23412 3837 999 3491 4486 
23413 1778 779 794 4978 
23414 4856 650 2226 4638 
23415 2242 4988 5016 98 
23416 3573 4046 4366 664 
23417 128 4737 3900 4916 
23418 665 3674 4487 3572 
23419 4020 4022 2749 1907 
23420 210 5047 5016 5031 
23421 4293 1268 4667 4294 
23422 212 5038 4989 211 
23423 2586 1180 4673 4631 
23424 1180 2586 2125 1955 
23425 4988 210 5031 211 
23426 3701 4555 1417 4989 
23427 3281 463 3282 3903 
23428 2097 4148 1639 219 
23429 4119 191 2404 2248 
23430 359 361 2985 2983 
23431 3423 2184 3849 4080 
23432 1637 4254 4685 1099 
23433 4981 3985 4978 4987 
23434 2280 1637 2353 3750 
23435 2984 359 2985 2983 
23436 1082 4258 4606 4256 
23437 1296 4997 3724 3966 
23438 3985 4979 4978 4987 
23439 1391 4328 4327 1242 
23440 592 3518 789 3324 
23441 2717 1434 789 2683 
23442 2678 2680 4012 1540 
23443 2856 1398 1762 704 
23444 4899 3900 4916 129 
23445 1078 4213 1399 2296 
23446 1277 3030 2243 3140 
23447 1208 3250 2336 3164 
23448 4506 3096 4519 1196 
23449 3296 2108 2276 3812 
23450 4979 1778 4978 779 
23451 843 3096 1196 3097 
23452 506 2834 2848 2870 
23453 1196 3408 2259 1208 
23454 491 3136 505 2870 
23455 491 506 3132 2870 
23456 1196 3408 1208 3098 
23457 1871 2781 2772 2782 
23458 779 4981 4978 4987 
23459 4853 4783 983 1022 
23460 4979 779 4978 4987 
23461 1912 1926 2176 2655 
23462 2059 4853 1022 3867 
23463 1710 1054 3036 2892 
23464 4310 1190 3610 3898 
23465 1389 4363 3898 1390 
23466 1389 1191 1190 3898 
23467 830 3327 1537 4395 
23468 1178 2685 1809 4208 
23469 1912 1926 3035 1022 
23470 3566 3681 1361 1159 
23471 243 100 99 4989 
23472 3862 2249 1361 1700 
23473 3274 3309 1834 4288 
23474 5036 212 4982 213 
23475 1806 3322 3893 3502 
23476 212 4989 4982 2386 
23477 3655 4522 3685 549 
23478 531 3186 1126 1863 
23479 517 4490 4448 3777 
23480 3773 2128 1198 3772 
23481 959 942 1737 4791 
23482 3021 667 1572 1724 
23483 3072 4141 978 4400 
23484 519 4490 3152 4448 
23485 4183 3043 1000 3055 
23486 100 243 4982 4989 
23487 243 1417 5035 4989 
23488 876 878 4178 4417 
23489 1785 876 4178 4417 
23490 3920 5035 2386 4982 
23491 3527 1668 1363 3808 
23492 874 3041 875 873 
23493 1417 4555 5035 4989 
23494 2376 1989 3808 1363 
23495 905 907 906 2463 
23496 4365 1125 2459 2461 
23497 913 914 912 4573 
23498 4167 238 2041 2303 
23499 3593 4403 5024 5000 
23500 905 2462 2463 2464 
23501 2385 4900 2210 4169 
23502 1677 4093 931 915 
23503 4973 4403 5024 4377 
23504 1142 2592 2186 1128 
23505 2385 4451 4813 2314 
23506 2412 4900 4169 2210 
23507 4918 12 4900 2210 
23508 2654 2005 2176 2706 
23509 1433 2412 4169 2210 
23510 2005 1912 2176 2706 
23511 3342 476 473 475 
23512 5003 1580 5024 4978 
23513 4264 3488 4387 477 
23514 2195 2325 3495 1394 
23515 1394 3494 3495 1396 
23516 473 1782 4303 2862 
23517 3342 473 4303 2862 
23518 3595 4403 5000 1005 
23519 84 196 85 2164 
23520 2667 2599 4263 1767 
23521 2047 4433 3313 3651 
23522 5003 3593 5024 5000 
23523 3900 4899 4916 263 
23524 4588 3028 1260 1905 
23525 843 3096 1195 1196 
23526 3545 3197 636 3535 
23527 794 4973 840 5024 
23528 3637 3305 1680 1681 
23529 4460 568 3637 4409 
23530 5006 1292 5048 5045 
23531 1452 1527 1454 4894 
23532 2216 3900 4916 263 
23533 2671 856 1040 2646 
23534 3390 843 1207 3097 
23535 4420 1765 4508 1269 
23536 4797 3824 2407 5011 
23537 3595 4992 3731 1005 
23538 1743 2115 767 2547 
23539 2347 2115 2547 767 
23540 627 4442 1979 3093 
23541 2975 4996 2545 4971 
23542 3094 3092 626 3093 
23543 260 2101 5011 1366 
23544 260 4964 5011 2101 
23545 2654 1926 2633 2634 
23546 1347 2999 4512 2358 
23547 4794 3822 3427 1643 
23548 1310 1311 3240 1308 
23549 1296 1294 1366 5033 
23550 4915 53 2206 54 
23551 3725 4715 4968 5048 
23552 1804 1175 4831 3880 
23553 4453 1309 4798 3684 
23554 1805 1175 1804 3880 
23555 205 2369 1484 94 
23556 364 4282 3232 4464 
23557 4255 1637 4685 3750 
23558 5018 3635 3299 5022 
23559 2369 253 1484 94 
23560 92 93 204 228 
23561 4337 4336 4881 230 
23562 119 2413 4949 118 
23563 3635 4205 3299 5022 
23564 93 225 205 94 
23565 1930 3087 4886 2200 
23566 3741 3492 3491 986 
23567 4486 999 3491 3346 
23568 3424 1487 2250 3803 
23569 1366 3824 5033 5011 
23570 2414 71 183 72 
23571 3824 4797 5033 5011 
23572 964 856 2672 2646 
23573 242 4852 1689 4927 
23574 1274 1765 4201 2308 
23575 1274 4530 4600 4201 
23576 73 185 3836 184 
23577 1765 1039 4530 4508 
23578 5001 2995 5005 5044 
23579 1970 1930 4383 3429 
23580 1956 3793 3535 737 
23581 4438 4929 4911 153 
23582 1274 4530 1064 4600 
23583 4530 3567 1064 4600 
23584 4514 3390 1207 3099 
23585 1899 3250 3271 3165 
23586 1468 4898 2391 4911 
23587 4898 47 1468 248 
23588 4541 557 556 613 
23589 4911 4898 2391 154 
23590 4998 598 5020 5044 
23591 3729 3727 3728 1916 
23592 225 205 3922 2402 
23593 2741 3127 2747 829 
23594 2420 218 3836 3321 
23595 2273 2165 1056 3728 
23596 3727 2273 3728 1916 
23597 2273 2165 3728 1916 
23598 4563 1369 4540 3194 
23599 2660 925 3194 4118 
23600 1369 2169 4540 1370 
23601 598 4985 5020 5044 
23602 597 4985 598 5044 
23603 302 304 3991 303 
23604 93 225 1485 2402 
23605 225 93 205 2402 
23606 599 597 598 5044 
23607 597 5005 4985 5044 
23608 597 5001 5005 5044 
23609 3349 1336 3348 3199 
23610 4381 2390 1803 73 
23611 4807 3917 1493 2235 
23612 1686 4930 2413 4949 
23613 4589 4596 895 897 
23614 4475 4955 4949 118 
23615 5014 3974 3970 3973 
23616 4950 2394 1678 4162 
23617 2095 2372 4054 4607 
23618 159 4950 4952 4162 
23619 4447 2025 2165 1218 
23620 2741 828 996 829 
23621 2425 997 1051 2424 
23622 4865 4425 4618 1267 
23623 4425 1393 4618 1267 
23624 1970 1930 3429 1969 
23625 2421 2420 2422 2173 
23626 3714 1085 1780 3718 
23627 3710 1953 1891 4661 
23628 4647 451 448 3902 
23629 1877 2786 4494 4629 
23630 1140 2610 1139 1009 
23631 3602 4647 448 3902 
23632 106 4823 4584 4923 
23633 3914 2440 2437 714 
23634 2190 3809 3616 754 
23635 4288 3763 693 3671 
23636 1457 4832 3830 3135 
23637 2440 2439 736 2441 
23638 1829 2953 4717 1076 
23639 2953 1076 1359 4782 
23640 1239 1006 4212 4765 
23641 751 1833 2435 712 
23642 3583 3620 1407 1176 
23643 2839 2806 4122 2181 
23644 1180 2586 1955 4631 
23645 1268 4293 2582 4294 
23646 4909 4852 242 4927 
23647 2390 4381 1803 4812 
23648 2437 2435 714 2439 
23649 751 2289 714 2439 
23650 105 272 3913 2274 
23651 1287 1357 1423 2448 
23652 1357 2191 1423 2448 
23653 3661 4423 710 4769 
23654 3661 1950 3266 4684 
23655 1950 2082 4684 1844 
23656 1617 1085 3711 1891 
23657 2244 4176 1357 4265 
23658 2557 1751 2312 4265 
23659 4823 105 3913 2274 
23660 1879 2614 4032 2616 
23661 833 2129 4124 2111 
23662 2379 1481 3924 4990 
23663 253 95 206 3926 
23664 4753 1481 253 3926 
23665 1125 2460 2459 2461 
23666 858 841 2972 3982 
23667 4990 95 3924 207 
23668 1481 95 3924 4990 
23669 520 3081 525 2074 
23670 2203 4068 3779 4651 
23671 2946 3876 2087 4747 
23672 1409 1408 3706 1410 
23673 2467 922 2466 2468 
23674 2467 1873 922 2468 
23675 3707 2119 4668 3847 
23676 4341 1659 1784 1663 
23677 2341 502 2979 499 
23678 495 3895 3894 497 
23679 4739 4341 1784 1663 
23680 4647 3602 448 4763 
23681 1123 1976 2484 2483 
23682 4761 1692 252 1693 
23683 1123 4194 2483 885 
23684 4656 4944 110 2398 
23685 1690 4656 3934 2398 
23686 1123 2482 2013 2481 
23687 949 4103 4848 4795 
23688 1045 4196 4175 1192 
23689 1069 3348 3200 998 
23690 4869 3666 1353 3916 
23691 2770 2477 4175 1192 
23692 1491 4869 3915 4967 
23693 4196 2770 4175 1192 
23694 1919 1794 4750 2908 
23695 2587 2630 1150 1148 
23696 1642 1643 3427 3425 
23697 1481 4753 3924 3926 
23698 369 3284 1757 3365 
23699 2916 2135 2914 1471 
23700 4240 1091 3473 4622 
23701 2405 4711 4650 2063 
23702 1270 1025 1271 2492 
23703 249 4720 2309 1701 
23704 2546 1270 1271 2492 
23705 1739 4805 4650 4228 
23706 1800 258 4805 2008 
23707 4756 730 1460 1722 
23708 4918 2412 266 2210 
23709 4761 4941 2417 1693 
23710 2708 1450 3106 1460 
23711 1884 2509 1099 3024 
23712 1714 2502 803 2501 
23713 1849 1714 803 2501 
23714 3936 1692 4762 4300 
23715 827 1640 809 4239 
23716 2203 2953 3779 4717 
23717 849 4240 2514 4239 
23718 3615 3771 3770 959 
23719 258 1799 2360 76 
23720 2532 2525 934 943 
23721 2412 4918 4900 2210 
23722 3832 1799 3834 2360 
23723 2761 504 4714 4679 
23724 1261 3598 4860 3110 
23725 2113 1459 3300 3299 
23726 4064 2975 2545 4971 
23727 1072 1261 4860 1027 
23728 1373 1206 4996 2545 
23729 2537 1206 1373 2545 
23730 161 4915 4609 4789 
23731 2539 2999 4738 1964 
23732 3900 2392 263 4879 
23733 429 2574 1764 413 
23734 1092 3967 3414 3968 
23735 20 5041 1683 4972 
23736 3786 1601 1605 1603 
23737 4160 4768 5029 5040 
23738 2264 5030 5029 5040 
23739 4334 717 4426 679 
23740 2429 3252 2431 2001 
23741 2105 3846 4879 263 
23742 4656 111 4944 4927 
23743 3846 2392 4879 263 
23744 3155 845 3154 2056 
23745 2790 658 3979 558 
23746 3558 1343 1351 1385 
23747 3821 4871 4789 1385 
23748 2553 2559 2558 314 
23749 2552 312 314 2558 
23750 4994 2790 2791 3979 
23751 3496 310 312 4030 
23752 2539 1633 1658 759 
23753 1687 4919 61 4901 
23754 4720 249 4945 4926 
23755 2790 4994 558 3979 
23756 4233 1274 1955 4600 
23757 171 4605 2384 4901 
23758 1081 4631 1955 4600 
23759 1763 4233 2578 2576 
23760 421 4247 4267 2142 
23761 1421 2589 2591 4309 
23762 2591 2313 4309 2712 
23763 3422 3747 4298 2301 
23764 4931 4948 4166 165 
23765 4913 4165 163 164 
23766 1142 2313 2712 1958 
23767 2313 1142 2591 1421 
23768 1142 2592 2591 2186 
23769 4170 1699 4959 2396 
23770 2592 1142 2591 2631 
23771 1459 2113 2066 3299 
23772 1699 4170 4959 271 
23773 454 4002 3990 4751 
23774 4170 4940 4959 271 
23775 1609 3674 864 2054 
23776 1895 1620 4130 4485 
23777 4536 2051 2637 4569 
23778 272 2400 2340 274 
23779 5045 5039 4635 4969 
23780 454 1811 2028 4751 
23781 1606 5030 4980 2081 
23782 104 2400 272 274 
23783 4981 5023 780 4974 
23784 3985 5023 4987 4981 
23785 848 4392 4085 3638 
23786 1582 1581 2175 4991 
23787 5041 1683 4972 5040 
23788 1567 1840 1755 3731 
23789 3983 3125 3244 971 
23790 3595 3730 4992 3594 
23791 4992 3839 5027 4991 
23792 1016 3202 2032 3310 
23793 2022 2612 2613 2611 
23794 2968 4974 3986 3007 
23795 2619 438 453 2622 
23796 2632 1926 2634 2633 
23797 2176 1926 1927 2633 
23798 2236 5032 4143 5026 
23799 3974 5014 4688 3973 
23800 2654 2176 1927 2633 
23801 2654 1926 2176 2633 
23802 2231 3499 4268 4421 
23803 311 309 1542 4531 
23804 2645 2671 1040 2646 
23805 2238 1360 5025 2911 
23806 2238 2278 5025 1360 
23807 2909 2238 5025 2911 
23808 1206 2909 5025 4996 
23809 2671 3498 1040 855 
23810 3496 1732 4496 4971 
23811 2238 2909 5025 1206 
23812 2278 2238 5025 1206 
23813 1083 1479 5042 5051 
23814 99 4988 5031 4989 
23815 1478 1476 1561 5042 
23816 1476 4345 2395 250 
23817 1771 1895 4455 1141 
23818 309 3999 4531 4483 
23819 1083 3600 3601 5042 
23820 4030 311 4531 4483 
23821 1476 4345 4802 2395 
23822 311 2567 4030 4531 
23823 234 1490 5047 2271 
23824 3762 3758 952 3871 
23825 2032 3609 2285 3310 
23826 3864 5047 4837 209 
23827 4264 4387 4263 475 
23828 2484 4211 1104 2666 
23829 3908 1411 3952 4806 
23830 3301 3609 2032 3310 
23831 2599 2667 2666 1767 
23832 297 298 296 3306 
23833 4819 3708 3801 1512 
23834 4546 4847 3784 2076 
23835 3784 4546 1685 4820 
23836 3752 3556 3784 1162 
23837 1162 3556 3784 1362 
23838 4900 12 11 2210 
23839 4192 3329 4034 1042 
23840 2678 2680 1540 2679 
23841 3329 1569 831 1042 
23842 2776 960 2679 831 
23843 960 831 965 2679 
23844 1516 3142 4312 4112 
23845 2086 2297 3509 1355 
23846 245 3811 1518 1430 
23847 1518 4556 2327 3563 
23848 3811 245 197 4814 
23849 1336 1346 4179 2287 
23850 86 1524 197 85 
23851 1837 4063 2287 1372 
23852 3811 3565 4556 1518 
23853 1336 3349 4179 3199 
23854 3129 356 2987 3130 
23855 3477 588 4408 4407 
23856 1745 2304 4223 813 
23857 1694 2060 1693 2417 
23858 1574 1057 3938 279 
23859 3168 3938 3357 279 
23860 1336 3199 4179 3069 
23861 1448 1446 2701 4033 
23862 4033 1446 2701 2699 
23863 199 2163 2362 3940 
23864 4995 4513 1846 2710 
23865 4149 3732 1462 4639 
23866 198 86 197 4740 
23867 2193 1348 2074 4342 
23868 3973 3972 3970 5026 
23869 2002 1996 1143 3447 
23870 1996 3987 3447 2002 
23871 196 4799 85 197 
23872 3613 2193 4067 4342 
23873 4948 267 4166 4840 
23874 4636 2372 2330 4934 
23875 4016 1131 1130 1143 
23876 4814 196 85 197 
23877 3987 4396 3447 2002 
23878 3081 4343 4342 2074 
23879 1943 1941 4586 2221 
23880 253 2369 206 94 
23881 2766 645 2714 644 
23882 645 643 2714 644 
23883 4343 2171 3772 1348 
23884 2878 2093 2879 1168 
23885 1569 3331 3330 1957 
23886 3228 298 296 1967 
23887 4632 212 5036 213 
23888 801 2302 2738 2132 
23889 801 2132 2738 2739 
23890 2302 801 2738 2736 
23891 3228 2929 296 3306 
23892 3514 4066 349 4330 
23893 243 1417 4989 2237 
23894 3474 4123 4089 1251 
23895 1822 2788 814 2787 
23896 1251 4089 2177 1913 
23897 2825 2788 2824 814 
23898 4262 2123 1471 2919 
23899 3994 2136 4626 4652 
23900 2356 4626 1933 1405 
23901 2157 2135 2916 1471 
23902 1855 3474 4089 1251 
23903 3858 3857 3486 373 
23904 2667 469 471 2809 
23905 1855 3175 4089 3474 
23906 2888 2049 1449 3339 
23907 4361 4152 316 3482 
23908 4211 1721 1104 2793 
23909 469 467 2793 1104 
23910 2099 1569 1957 3331 
23911 1673 4132 774 1978 
23912 4132 2981 2983 774 
23913 2983 4132 774 3229 
23914 4132 1932 774 1978 
23915 469 1104 2793 2666 
23916 298 3228 296 3306 
23917 3716 4524 4509 396 
23918 830 2776 3328 831 
23919 742 4172 1771 4252 
23920 2644 2645 1264 1040 
23921 2645 2671 3498 1040 
23922 4961 5049 3332 4846 
23923 2007 2091 4158 1010 
23924 3329 831 4034 1042 
23925 2193 546 4067 2074 
23926 4566 1334 4572 2277 
23927 3153 1404 1403 1335 
23928 4123 1251 4122 4089 
23929 4123 2181 4122 1251 
23930 4125 4357 4547 1225 
23931 655 700 2877 701 
23932 1250 2839 4123 4122 
23933 476 4387 477 475 
23934 3373 4548 1795 1960 
23935 2181 1250 4123 4122 
23936 2181 2839 1250 4122 
23937 3998 306 307 3995 
23938 1397 2755 2787 2789 
23939 4548 3686 1782 1960 
23940 2608 542 2952 1008 
23941 3996 3998 307 3995 
23942 2354 2797 2789 2798 
23943 15 1686 237 4949 
23944 410 2542 759 2549 
23945 1397 2326 2354 2789 
23946 2977 4066 2811 329 
23947 2636 1609 4550 4487 
23948 2181 4122 1913 2804 
23949 4133 4134 4553 2100 
23950 2797 1398 2856 2798 
23951 2194 2121 4189 261 
23952 4088 1320 2151 1326 
23953 1761 2858 2798 4277 
23954 1468 4929 4438 1676 
23955 4352 743 4012 1777 
23956 1316 1325 3362 2182 
23957 2858 1761 2798 2857 
23958 1398 1761 704 2798 
23959 568 570 3636 4409 
23960 766 1542 4553 4531 
23961 1398 2797 2354 2798 
23962 1521 4788 3077 4751 
23963 4277 1761 2354 2798 
23964 1761 1398 2354 2798 
23965 1789 1123 2013 2481 
23966 4066 3514 349 329 
23967 2977 3514 4066 329 
23968 4841 3829 966 3792 
23969 3424 1488 2250 1487 
23970 865 3436 3669 800 
23971 5012 2849 4976 2820 
23972 4797 4964 4144 3725 
23973 1233 4544 1253 1234 
23974 576 4446 3645 4025 
23975 562 3080 4976 563 
23976 4086 3080 4976 2831 
23977 719 3065 3064 3066 
23978 3206 4031 4306 763 
23979 562 561 563 4976 
23980 2849 4086 4976 2820 
23981 2198 651 4842 2899 
23982 2101 1294 5048 5033 
23983 5006 5017 3355 4999 
23984 5045 3962 4635 3726 
23985 4984 5008 3211 4999 
23986 4983 3138 3137 3962 
23987 3966 4999 1295 3354 
23988 1321 2293 3261 3465 
23989 4797 4964 2407 4144 
23990 1321 2293 3465 1652 
23991 817 652 4173 2842 
23992 4055 1331 3557 1342 
23993 4964 4965 5011 4144 
23994 4554 1526 1847 2639 
23995 2664 4554 1847 2639 
23996 2761 4176 514 4624 
23997 2407 4964 5011 4144 
23998 652 654 1702 2867 
23999 907 1629 2853 4365 
24000 1629 4445 2853 4365 
24001 4445 1629 2853 907 
24002 909 907 2853 4649 
24003 942 4838 4791 959 
24004 4445 909 2853 4649 
24005 4445 907 2853 909 
24006 3657 1375 4778 2320 
24007 1380 3657 2320 1375 
24008 4625 1558 4754 3626 
24009 339 4107 3790 340 
24010 4401 642 2732 756 
24011 4469 2093 1170 2879 
24012 2878 641 1168 2864 
24013 2260 3111 332 4072 
24014 1648 339 3790 340 
24015 4401 2732 2864 756 
24016 984 3074 3075 972 
24017 375 887 4732 2768 
24018 3859 4732 1414 4690 
24019 2722 2852 2794 1419 
24020 2471 2871 1240 4177 
24021 790 836 765 4287 
24022 2790 2756 4993 2758 
24023 4435 973 3075 972 
24024 4975 458 752 460 
24025 4975 2665 752 458 
24026 1241 2471 1240 4177 
24027 1719 4282 362 1718 
24028 1531 893 1238 3002 
24029 3789 3412 345 3788 
24030 594 4352 4397 3643 
24031 2427 2429 1135 1931 
24032 718 2742 717 4426 
24033 387 363 3231 3511 
24034 1049 1370 4540 4443 
24035 5018 2066 3299 3616 
24036 4290 4893 620 4712 
24037 423 4457 426 1819 
24038 1160 4680 976 3317 
24039 3806 4460 4756 1722 
24040 3635 5018 3299 3616 
24041 2066 5018 3299 5022 
24042 881 3032 3033 1538 
24043 4748 251 4806 2232 
24044 457 4580 1735 754 
24045 3859 1414 1539 2030 
24046 4004 1937 4059 2648 
24047 887 375 4732 1539 
24048 964 963 4199 2672 
24049 1554 2597 1553 2596 
24050 2754 2755 963 2672 
24051 187 4249 1792 2419 
24052 1919 2907 3597 2908 
24053 3381 3140 2085 2243 
24054 1026 1067 4474 1027 
24055 3753 3522 1671 578 
24056 3857 3859 4732 1539 
24057 1378 1364 3933 1379 
24058 2909 2911 5025 2910 
24059 283 282 3088 2945 
24060 1379 1690 1689 3937 
24061 3461 1083 3601 2290 
24062 1378 3932 1379 3933 
24063 306 304 3993 3997 
24064 1336 3069 4179 1346 
24065 3600 1083 3601 3461 
24066 2964 1404 1406 2974 
24067 4222 657 3475 4221 
24068 4692 2028 3077 4751 
24069 1857 870 3475 1586 
24070 1624 546 3156 2160 
24071 3995 306 307 305 
24072 3373 1868 481 1795 
24073 1954 1928 1254 4043 
24074 3870 1233 1253 1254 
24075 383 4084 4237 4375 
24076 2075 2927 1463 1253 
24077 381 3208 1617 4237 
24078 3705 2339 3388 1408 
24079 3829 865 1007 966 
24080 1409 3707 3706 3847 
24081 865 1508 4826 1007 
24082 2016 1807 1084 3484 
24083 2884 2038 4111 939 
24084 1346 3069 4179 4023 
24085 862 281 3088 283 
24086 1255 3529 3530 4516 
24087 3142 1807 4111 4112 
24088 4304 4035 4091 1870 
24089 4513 1087 4578 1846 
24090 1351 1409 1408 3706 
24091 3147 1017 3382 4048 
24092 4459 2638 1935 4384 
24093 3829 4841 966 3319 
24094 1007 966 1504 3319 
24095 3785 3900 1605 4879 
24096 3593 5003 5024 4978 
24097 656 2619 4221 2617 
24098 1006 1239 2871 1240 
24099 4964 2101 5048 5033 
24100 404 2952 4113 4509 
24101 542 4565 2952 4509 
24102 4964 4797 5048 3725 
24103 1332 3591 3744 3590 
24104 920 4492 921 919 
24105 796 542 2952 404 
24106 4293 1268 2582 2584 
24107 657 4221 4069 2617 
24108 2093 4469 2881 2879 
24109 1168 1169 1170 2879 
24110 634 3599 3535 4736 
24111 630 4599 4442 3553 
24112 2962 2158 2129 1634 
24113 4955 15 237 4949 
24114 661 657 4069 2617 
24115 773 643 2668 2715 
24116 2654 1926 2634 2655 
24117 3230 361 363 3231 
24118 2636 661 4069 2615 
24119 4742 1082 4606 4256 
24120 656 2616 2617 1579 
24121 484 1725 1119 3640 
24122 3129 3184 356 3130 
24123 618 4081 358 360 
24124 4691 75 187 1799 
24125 521 2037 2472 1841 
24126 2256 1734 2967 2968 
24127 1936 2471 2037 2472 
24128 1426 1406 1405 2974 
24129 1936 2470 1119 4384 
24130 482 1841 2551 4243 
24131 1624 3393 3156 3157 
24132 656 2616 2618 2617 
24133 2522 2520 1817 2521 
24134 4387 3488 4386 477 
24135 4068 944 4838 2540 
24136 482 480 3192 2551 
24137 4407 4408 4223 813 
24138 1725 4384 1119 3640 
24139 3139 3140 3381 2243 
24140 480 521 2474 1841 
24141 2946 4092 941 2523 
24142 4978 4981 5024 4377 
24143 3883 3582 1231 4785 
24144 3857 372 373 1539 
24145 3859 2030 1539 373 
24146 1604 2110 231 4156 
24147 1683 5027 2175 2263 
24148 1883 1107 3277 3172 
24149 3967 1536 3361 3971 
24150 609 749 3977 3018 
24151 1107 1888 3276 3172 
24152 2377 4955 117 116 
24153 816 2269 2844 1902 
24154 1100 1101 4281 4146 
24155 4929 227 4675 1676 
24156 2845 3006 1821 4145 
24157 478 3191 479 4386 
24158 2845 3029 1821 2844 
24159 2845 2825 2844 816 
24160 1428 1552 395 2593 
24161 874 872 3040 873 
24162 1936 1841 4243 2472 
24163 575 4491 1550 547 
24164 2257 224 4778 2320 
24165 5029 4768 4991 5040 
24166 1841 1936 4243 1119 
24167 2473 2475 521 2474 
24168 1666 33 4903 32 
24169 4929 45 1676 46 
24170 3051 525 3057 536 
24171 2229 1686 4475 237 
24172 1841 482 1119 4243 
24173 4964 4715 5007 4144 
24174 482 3245 1119 4243 
24175 2074 3081 4067 4342 
24176 1749 4405 4193 4186 
24177 2172 2374 4789 4897 
24178 2472 1841 2551 2474 
24179 2475 521 2474 4232 
24180 1676 4675 3656 2023 
24181 4070 1774 4322 3645 
24182 4480 1750 4186 4411 
24183 2274 5 4905 1 
24184 689 793 3064 3062 
24185 793 4079 1612 3064 
24186 2421 1228 2420 2173 
24187 1136 4484 1377 1186 
24188 793 719 3064 1612 
24189 4079 3067 1612 3064 
24190 689 3063 3064 3065 
24191 972 852 1132 2875 
24192 2114 3109 4659 2017 
24193 1349 4482 3929 4859 
24194 2569 2568 395 2593 
24195 3578 3754 4591 695 
24196 4966 4988 5038 2383 
24197 99 4988 98 2237 
24198 691 3578 3546 4560 
24199 3864 1417 5047 5031 
24200 4270 696 4591 697 
24201 2568 1428 395 2593 
24202 2204 812 2254 3757 
24203 2508 2506 805 2507 
24204 121 4912 120 2373 
24205 1399 816 4250 2824 
24206 2048 2108 3101 3295 
24207 4687 1675 4155 4910 
24208 1822 814 1399 2824 
24209 1399 4213 2824 4250 
24210 2257 4517 3658 4778 
24211 3094 1195 3095 3093 
24212 858 3210 857 3982 
24213 4431 3210 3982 857 
24214 4154 4898 4153 248 
24215 4438 4911 2391 153 
24216 2509 1884 1099 1621 
24217 841 3982 857 840 
24218 2410 4165 4913 164 
24219 1354 2204 2254 3757 
24220 2708 2039 1460 4036 
24221 2579 2577 428 2578 
24222 4755 2179 3866 4245 
24223 647 1882 768 3117 
24224 3862 2281 1361 4892 
24225 3568 4613 4287 765 
24226 2082 1844 3882 4684 
24227 2082 1844 768 3882 
24228 768 647 3117 649 
24229 3568 790 765 4287 
24230 3833 4328 2008 4650 
24231 1800 258 1799 3832 
24232 4849 1228 1830 1792 
24233 647 3117 3112 2767 
24234 257 4849 1830 1792 
24235 223 2163 3940 2297 
24236 1356 2163 2297 3940 
24237 1230 4658 4785 3128 
24238 4658 1230 2143 3128 
24239 4658 2143 3115 3128 
24240 3928 223 200 3940 
24241 3668 3565 3810 1430 
24242 5016 1491 3915 4967 
24243 2383 5016 3915 4967 
24244 2352 3919 213 5046 
24245 3734 2271 4837 5047 
24246 1415 243 5035 2167 
24247 2143 3116 3115 3128 
24248 3479 1052 1053 4242 
24249 3116 2143 1210 3128 
24250 2047 1101 4433 3651 
24251 3382 790 3568 4287 
24252 1532 1543 2363 83 
24253 23 4953 4935 2299 
24254 4156 4953 231 2371 
24255 1532 2147 3781 4875 
24256 2385 2314 4813 2210 
24257 4271 3338 1220 1066 
24258 111 4852 112 4927 
24259 1886 1664 1038 3150 
24260 3691 1533 3693 4707 
24261 143 4943 4960 4965 
24262 4741 253 1484 2369 
24263 1886 1038 1269 4421 
24264 3886 4422 1383 3887 
24265 4420 2231 1269 4421 
24266 713 2437 712 714 
24267 4337 1802 4432 3583 
24268 4456 1038 3150 4421 
24269 214 102 213 2395 
24270 4923 2060 4584 2417 
24271 2088 1057 4300 2331 
24272 4040 276 277 4777 
24273 3912 4777 2088 275 
24274 3910 4777 3912 275 
24275 3071 3216 285 2943 
24276 287 3939 288 286 
24277 1277 1065 3337 1066 
24278 1886 2231 4268 4421 
24279 286 284 285 2943 
24280 4788 1519 3632 3989 
24281 1811 454 3990 4751 
24282 3268 3708 3368 1513 
24283 3338 4271 2085 1066 
24284 3586 4680 4292 1161 
24285 3701 1417 1416 1854 
24286 539 3632 4857 4793 
24287 3224 3223 585 3222 
24288 3202 3301 2032 3310 
24289 422 3353 4470 4430 
24290 3998 306 308 307 
24291 421 3162 4564 420 
24292 436 3996 3999 307 
24293 1160 1158 3687 3317 
24294 4680 1160 3687 3317 
24295 1763 2577 428 417 
24296 771 320 4077 1590 
24297 3161 950 3317 3205 
24298 2260 1472 4497 334 
24299 2865 2159 1368 439 
24300 4614 3162 420 4564 
24301 327 4066 349 329 
24302 328 330 2811 329 
24303 1618 331 329 2977 
24304 1472 4101 2215 1227 
24305 3371 3221 341 3220 
24306 1536 3967 3361 1883 
24307 4104 2333 3220 3371 
24308 3371 2333 3220 341 
24309 1092 3967 1883 3277 
24310 749 1883 3361 3172 
24311 3230 3232 3231 363 
24312 1883 749 3361 1766 
24313 364 3232 365 4465 
24314 4220 3512 4219 2000 
24315 1191 1382 3887 1383 
24316 3631 1978 2000 1443 
24317 1637 1059 4254 1099 
24318 457 398 1735 3702 
24319 370 371 3486 3365 
24320 375 2795 2854 4895 
24321 1191 3886 1383 3887 
24322 2124 386 3751 1759 
24323 3886 2134 1383 4422 
24324 2227 2692 1440 2265 
24325 1421 2585 2589 4267 
24326 421 4247 4564 3162 
24327 2125 2578 2580 428 
24328 4816 1453 1452 1451 
24329 3182 1004 1124 3183 
24330 3212 5008 3211 3181 
24331 1148 1149 4320 811 
24332 397 405 4279 404 
24333 4279 404 4113 4509 
24334 2321 1391 4633 4327 
24335 3531 1148 4320 811 
24336 2563 3499 1704 2560 
24337 4610 1243 3621 3623 
24338 3536 1243 3370 3621 
24339 1746 2691 2692 2265 
24340 2669 4390 1388 4118 
24341 2227 1746 2692 2265 
24342 2816 509 2815 2782 
24343 419 2579 428 1878 
24344 2575 414 415 413 
24345 1388 2669 4118 1564 
24346 4702 1756 3737 4210 
24347 416 415 417 2813 
24348 2659 2660 2661 901 
24349 1765 4420 2272 1269 
24350 2554 2550 2556 411 
24351 1703 2231 2272 4420 
24352 408 4214 2549 2541 
24353 1388 925 4118 1049 
24354 410 409 411 2554 
24355 950 1158 3205 1159 
24356 1158 3320 3205 1159 
24357 441 2907 440 2837 
24358 991 821 820 3253 
24359 2801 427 2836 433 
24360 4547 1199 4135 4353 
24361 4224 3259 2903 2021 
24362 432 2836 433 440 
24363 1224 1199 1194 4135 
24364 3939 286 2943 2939 
24365 3764 1642 3427 3425 
24366 3347 511 577 466 
24367 1919 2907 2908 2904 
24368 3939 287 3216 2943 
24369 4134 1224 1194 4135 
24370 4535 4577 3561 2019 
24371 3151 4134 1194 4135 
24372 286 2942 2943 2939 
24373 3813 3812 2276 3814 
24374 3281 463 3903 462 
24375 2036 3813 2276 3814 
24376 467 3334 1721 466 
24377 1993 1301 3227 4529 
24378 473 3342 475 2838 
24379 476 3342 4387 475 
24380 471 2838 475 4263 
24381 1329 2015 4582 3225 
24382 5022 2066 459 461 
24383 1914 1870 3238 666 
24384 647 649 3112 3117 
24385 4364 649 3112 648 
24386 3419 485 484 3683 
24387 4216 4215 3409 492 
24388 1047 1046 1075 3453 
24389 3238 4304 4366 666 
24390 4548 3373 4595 1960 
24391 1914 3019 1531 1238 
24392 3415 649 3112 4364 
24393 3287 4302 3409 490 
24394 2050 2038 1262 3086 
24395 2792 3113 3112 648 
24396 498 4341 1659 1784 
24397 3897 4341 1784 4739 
24398 4739 903 1663 1784 
24399 836 1087 3559 1988 
24400 1125 4365 2853 2461 
24401 3895 498 495 1784 
24402 507 2834 508 506 
24403 509 507 2816 508 
24404 4275 1981 1999 778 
24405 1863 2869 1999 778 
24406 3529 3249 3559 1988 
24407 942 944 943 2540 
24408 2869 3186 1126 3187 
24409 509 2817 522 508 
24410 2128 3774 516 2171 
24411 4343 520 4448 2171 
24412 1624 3058 3156 536 
24413 3778 515 3777 517 
24414 3050 524 3152 3054 
24415 519 517 4490 4448 
24416 1255 886 3530 1084 
24417 1640 4622 4239 3596 
24418 529 2113 5012 461 
24419 4977 460 752 1528 
24420 460 4977 528 1528 
24421 1255 2016 3530 3529 
24422 3632 297 4857 3306 
24423 539 1828 4793 3739 
24424 3672 1087 3559 4578 
24425 2436 694 4674 3649 
24426 596 4986 4397 5020 
24427 1921 3655 549 530 
24428 3074 2114 1132 972 
24429 2691 813 4223 2265 
24430 570 4409 4318 3636 
24431 529 5021 5002 4994 
24432 1094 562 2831 4976 
24433 2113 5012 3300 2849 
24434 4318 4110 2716 571 
24435 1745 4011 4408 4223 
24436 3015 2080 3014 3016 
24437 813 2304 4223 2265 
24438 671 2080 2112 3016 
24439 568 3637 1680 1681 
24440 643 2668 2714 2705 
24441 4653 2315 3513 4884 
24442 1305 3633 1307 2057 
24443 3012 2080 2078 574 
24444 2688 2691 4223 1438 
24445 3633 4062 1307 2057 
24446 1662 4005 3478 743 
24447 585 583 3222 692 
24448 583 574 3011 2078 
24449 2146 1337 4967 4419 
24450 2036 1900 1208 2 
24451 427 2775 2801 2799 
24452 427 2801 2775 1825 
24453 3409 489 4302 4217 
24454 3409 4302 489 490 
24455 488 489 4302 490 
24456 1586 4366 662 4222 
24457 662 4366 1586 666 
24458 1442 2692 1440 2227 
24459 1440 2692 1442 2693 
24460 3005 728 3242 740 
24461 3005 3242 728 3022 
24462 4337 3673 230 1407 
24463 4337 230 3673 4812 
24464 1803 230 3673 1407 
24465 1803 3673 230 4812 
24466 397 3141 4510 4524 
24467 4510 3141 397 406 
24468 4590 1565 3767 3768 
24469 4590 3767 1565 1566 
24470 414 4681 2573 4746 
24471 414 2573 4681 412 
24472 4443 1388 1568 4390 
24473 4443 1568 1388 1049 
24474 891 4704 729 3395 
24475 891 729 4704 819 
24476 2958 2083 2111 4125 
24477 2958 2111 2083 1729 
24478 3159 1853 1788 1584 
24479 3159 1788 1853 3442 
24480 2477 1157 1192 1285 
24481 2477 1192 1157 4175 
24482 1227 3453 3293 4101 
24483 3293 3453 1227 1075 
24484 1343 3286 1331 3557 
24485 1331 3286 1343 1350 
24486 2060 3911 2417 1694 
24487 2417 3911 2060 4584 
24488 1462 2409 4829 2010 
24489 1462 4829 2409 4639 
24490 1336 3069 1068 3199 
24491 1068 3069 1336 1346 
24492 3464 1597 1138 975 
24493 3464 1138 1597 3462 
24494 4398 635 634 3599 
24495 634 635 4398 633 
24496 2723 1857 2778 1122 
24497 2723 2778 1857 4091 
24498 987 2512 2511 2513 
24499 987 2511 2512 826 
24500 1892 4348 1937 660 
24501 1892 1937 4348 4004 
24502 4980 1582 5029 5003 
24503 4980 5029 1582 2081 
24504 3665 1319 3826 1318 
24505 3665 3826 1319 3466 
24506 3766 1349 4482 1338 
24507 3766 4482 1349 4859 
24508 4982 101 100 5036 
24509 4982 100 101 2167 
24510 4006 603 2989 4007 
24511 4006 2989 603 898 
24512 1086 3848 4606 2986 
24513 1086 4606 3848 1221 
24514 761 2942 2945 284 
24515 761 2945 2942 4023 
24516 600 4007 1661 603 
24517 600 1661 4007 2991 
24518 1383 3889 1382 3887 
24519 1383 1382 3889 1464 
24520 1258 3668 1052 4561 
24521 1258 1052 3668 1154 
24522 4521 1052 3668 4561 
24523 4521 3668 1052 1154 
24524 4129 726 4562 727 
24525 4129 4562 726 3256 
24526 1499 3945 4391 3483 
24527 4391 3945 1499 1660 
24528 1503 3216 287 760 
24529 287 3216 1503 4151 
24530 83 4836 2363 1532 
24531 83 2363 4836 195 
24532 4229 411 429 1703 
24533 429 411 4229 2556 
24534 389 3717 757 4413 
24535 757 3717 389 391 
24536 1959 4090 4329 2300 
24537 4329 4090 1959 3644 
24538 4329 1577 1959 2300 
24539 1959 1577 4329 3644 
24540 2192 4014 2227 746 
24541 2227 4014 2192 2694 
24542 3532 1288 1257 2728 
24543 3532 1257 1288 1384 
24544 557 4462 801 614 
24545 557 801 4462 2739 
24546 1095 4004 1110 1892 
24547 1095 1110 4004 2650 
24548 2113 2849 561 5012 
24549 561 2849 2113 1461 
24550 1459 3440 1461 3300 
24551 1461 3440 1459 1458 
24552 296 3825 3980 295 
24553 296 3980 3825 2929 
24554 3228 1967 3988 298 
24555 3988 1967 3228 2925 
24556 2690 2265 2692 2691 
24557 2692 2265 2690 1440 
24558 4503 2247 3459 4137 
24559 4503 3459 2247 1266 
24560 893 892 4450 977 
24561 4450 892 893 4083 
24562 4450 4400 893 977 
24563 893 4400 4450 4083 
24564 1288 2727 1911 672 
24565 1911 2727 1288 2707 
24566 3651 1101 4350 1395 
24567 3651 4350 1101 4433 
24568 3783 3794 1204 2041 
24569 3783 1204 3794 3782 
24570 1363 1204 3794 2041 
24571 1363 3794 1204 3782 
24572 4668 232 3847 2119 
24573 4668 3847 232 4165 
24574 848 3955 722 731 
24575 722 3955 848 4085 
24576 2041 4167 2376 238 
24577 2041 2376 4167 3794 
24578 1975 4529 4616 1299 
24579 4616 4529 1975 3680 
24580 1764 2575 413 2574 
24581 1764 413 2575 415 
24582 3166 861 3068 786 
24583 3166 3068 861 3148 
24584 1295 3966 3212 4999 
24585 3212 3966 1295 1328 
24586 3212 5008 1295 4999 
24587 1295 5008 3212 1328 
24588 3872 527 3737 3873 
24589 677 4315 676 4825 
24590 677 676 4315 682 
24591 506 4299 505 507 
24592 506 505 4299 2870 
24593 5044 2994 2995 2992 
24594 5044 2995 2994 5001 
24595 3985 4978 4377 4981 
24596 4377 4978 3985 3476 
24597 1139 2608 1009 2610 
24598 1139 1009 2608 1008 
24599 4892 2324 1361 4735 
24600 4892 1361 2324 2281 
24601 462 4844 3347 511 
24602 462 3347 4844 3903 
24603 4602 511 462 1793 
24604 4602 462 511 4844 
24605 1870 3001 3238 4035 
24606 1870 3238 3001 1914 
24607 5047 2033 2271 1490 
24608 5047 2271 2033 3734 
24609 1997 203 202 91 
24610 1997 202 203 4730 
24611 4055 2293 3261 1323 
24612 4055 3261 2293 3641 
24613 2205 4076 1593 3026 
24614 1593 4076 2205 1591 
24615 1344 4781 3745 3624 
24616 1344 3745 4781 1901 
24617 3004 492 4215 4216 
24618 4215 492 3004 494 
24619 1382 3889 4845 3888 
24620 1382 4845 3889 1464 
24621 3772 1187 4342 1348 
24622 3772 4342 1187 3615 
24623 1393 2738 1341 2302 
24624 1341 2738 1393 2743 
24625 4976 3439 563 4086 
24626 4976 563 3439 561 
24627 1066 3337 3140 3338 
24628 1066 3140 3337 1277 
24629 4895 375 3854 2854 
24630 4895 3854 375 376 
24631 4479 592 4473 3518 
24632 4479 4473 592 591 
24633 671 3014 572 2080 
24634 572 3014 671 4026 
24635 69 180 270 179 
24636 2397 270 180 179 
24637 2397 180 270 4507 
24638 4734 1866 772 3252 
24639 4734 772 1866 681 
24640 1067 3624 4874 3851 
24641 1067 4874 3624 1344 
24642 1438 4223 2686 2304 
24643 1438 2686 4223 2688 
24644 2265 4223 1438 2304 
24645 2265 1438 4223 2691 
24646 3794 2303 4523 4708 
24647 3794 4523 2303 2041 
24648 4455 2007 1141 1895 
24649 4455 1141 2007 4226 
24650 2544 1839 4053 2317 
24651 4053 1839 2544 4052 
24652 5048 3355 3726 3725 
24653 5048 3726 3355 5006 
24654 910 4238 3385 4139 
24655 910 3385 4238 1613 
24656 4242 879 1052 880 
24657 1052 879 4242 4521 
24658 4765 919 3619 918 
24659 4765 3619 919 3738 
24660 917 3619 919 918 
24661 917 919 3619 3738 
24662 1197 3095 3096 1195 
24663 1197 3096 3095 4506 
24664 711 4694 1779 782 
24665 1779 4694 711 3852 
24666 2311 3286 4700 4666 
24667 4700 3286 2311 1350 
24668 2941 1346 2940 3069 
24669 2941 2940 1346 2188 
24670 2288 2679 2677 2678 
24671 2677 2679 2288 965 
24672 1008 2606 2952 2608 
24673 2952 2606 1008 796 
24674 1033 3969 3968 1035 
24675 1033 3968 3969 3970 
24676 1106 3209 1842 4640 
24677 1106 1842 3209 2170 
24678 4455 1771 4130 1895 
24679 4455 4130 1771 4252 
24680 3964 1310 3240 3118 
24681 3964 3240 1310 1311 
24682 4280 4014 584 3628 
24683 4280 584 4014 746 
24684 1746 584 4014 3628 
24685 1746 4014 584 746 
24686 4601 1647 2218 3604 
24687 2218 1647 4601 2156 
24688 4523 2303 1688 4708 
24689 1688 2303 4523 1720 
24690 1688 3797 4523 4708 
24691 4523 3797 1688 1720 
24692 3839 4992 3899 3730 
24693 3839 3899 4992 5027 
24694 4135 1167 4136 4429 
24695 4135 4136 1167 1194 
24696 1386 2384 3891 4834 
24697 1386 3891 2384 2174 
24698 967 4987 3143 775 
24699 967 3143 4987 4979 
24700 3213 2284 1330 2245 
24701 1330 2284 3213 3214 
24702 4789 1385 4609 3821 
24703 4609 1385 4789 2206 
24704 1208 3485 3250 4557 
24705 1208 3250 3485 1899 
24706 3072 893 4400 978 
24707 3072 4400 893 4083 
24708 2842 653 2867 2843 
24709 2842 2867 653 652 
24710 201 226 2366 89 
24711 2366 226 201 4570 
24712 1703 2554 2560 4229 
24713 2560 2554 1703 409 
24714 966 3070 3319 4841 
24715 966 3319 3070 1504 
24716 1159 3942 2249 3566 
24717 2249 3942 1159 1515 
24718 4813 1352 4451 3951 
24719 4813 4451 1352 2314 
24720 4017 1552 3323 2594 
24721 4017 3323 1552 1144 
24722 2750 532 456 465 
24723 2750 456 532 3958 
24724 2867 653 2868 2843 
24725 2867 2868 653 654 
24726 1033 3968 5037 897 
24727 1033 5037 3968 3970 
24728 2823 1013 2872 1015 
24729 2823 2872 1013 2873 
24730 1669 4668 2301 2119 
24731 1669 2301 4668 4851 
24732 3839 4991 4768 5027 
24733 4768 4991 3839 3594 
24734 5047 2237 1417 1490 
24735 1417 2237 5047 5031 
24736 4539 492 3004 4216 
24737 3004 492 4539 625 
24738 2283 3947 3516 3844 
24739 2283 3516 3947 1193 
24740 4113 405 2564 1650 
24741 4113 2564 405 4279 
24742 2108 3840 1942 3721 
24743 2108 1942 3840 1943 
24744 3389 1352 3950 3951 
24745 3950 1352 3389 1165 
24746 4057 1553 4029 319 
24747 4029 1553 4057 2595 
24748 3639 4321 355 4049 
24749 394 355 4321 4049 
24750 394 4321 355 1537 
24751 4844 1671 3522 511 
24752 4844 3522 1671 3753 
24753 4478 587 588 3477 
24754 588 587 4478 589 
24755 4099 886 1525 444 
24756 1525 886 4099 4481 
24757 497 4744 499 498 
24758 497 499 4744 2979 
24759 82 4880 4551 194 
24760 4551 4880 82 220 
24761 574 4015 3014 572 
24762 574 3014 4015 3010 
24763 1247 2496 2495 2497 
24764 1247 2495 2496 1041 
24765 3162 1878 2579 419 
24766 2579 1878 3162 2581 
24767 1341 3700 3699 3861 
24768 1341 3699 3700 1137 
24769 4130 1771 3242 1636 
24770 4130 3242 1771 4252 
24771 4645 1384 4776 3532 
24772 4776 1384 4645 2348 
24773 4888 1867 4364 3575 
24774 4888 4364 1867 676 
24775 4333 2001 3252 2429 
24776 4333 3252 2001 1866 
24777 4311 2198 4088 2151 
24778 4311 4088 2198 2899 
24779 1029 4240 1019 849 
24780 1029 1019 4240 4699 
24781 4792 1019 4240 849 
24782 4792 4240 1019 4699 
24783 1985 2518 4503 4811 
24784 4503 2518 1985 1966 
24785 971 3403 1020 970 
24786 1020 3403 971 3244 
24787 4522 550 4332 3314 
24788 4332 550 4522 549 
24789 3090 2077 2948 3089 
24790 1014 2077 2948 1272 
24791 1014 2948 2077 3089 
24792 1187 3614 3770 3615 
24793 1187 3770 3614 1002 
24794 1775 3533 4073 3393 
24795 1775 4073 3533 867 
24796 3422 1278 1205 1279 
24797 1205 1278 3422 3278 
24798 1205 3527 3422 1279 
24799 3422 3527 1205 3278 
24800 4679 1836 3776 513 
24801 4679 3776 1836 3775 
24802 516 3776 1836 513 
24803 516 1836 3776 3775 
24804 2305 3744 3901 1332 
24805 2305 3901 3744 4858 
24806 2819 653 2842 2843 
24807 2842 653 2819 624 
24808 3889 2248 4845 4119 
24809 3889 4845 2248 1464 
24810 256 4845 2248 4119 
24811 256 2248 4845 1464 
24812 707 2503 804 2504 
24813 804 2503 707 1714 
24814 337 3221 336 3411 
24815 336 3221 337 338 
24816 1906 4101 2215 3448 
24817 2215 4101 1906 1227 
24818 3019 1531 3001 1914 
24819 3001 1531 3019 3002 
24820 3481 1735 4640 1106 
24821 4640 1735 3481 3702 
24822 4742 1082 1213 2207 
24823 1213 1082 4742 4256 
24824 653 3178 2819 2027 
24825 653 2819 3178 2843 
24826 527 4702 3737 3873 
24827 527 3737 4702 1756 
24828 1291 5017 1768 5028 
24829 1291 1768 5017 1293 
24830 708 2572 707 2504 
24831 708 707 2572 699 
24832 1462 4149 2409 240 
24833 1462 2409 4149 4639 
24834 1124 3352 4327 2321 
24835 4327 3352 1124 3183 
24836 2804 2181 2806 342 
24837 2804 2806 2181 4122 
24838 3071 283 3930 2944 
24839 3930 283 3071 2208 
24840 1067 4874 4474 3851 
24841 1067 4474 4874 1026 
24842 4000 1403 2277 4572 
24843 2277 1403 4000 2356 
24844 3185 348 351 4568 
24845 3185 351 348 1631 
24846 1344 3722 3550 3624 
24847 3550 3722 1344 2241 
24848 1777 3643 4352 594 
24849 1777 4352 3643 3324 
24850 2164 196 2388 84 
24851 2164 2388 196 4814 
24852 2263 4972 3899 1684 
24853 2263 3899 4972 5027 
24854 4910 4899 2392 263 
24855 4910 1675 2392 4687 
24856 2392 1675 4910 263 
24857 2606 1650 2120 796 
24858 2606 2120 1650 2571 
24859 3222 584 4261 4280 
24860 3222 4261 584 585 
24861 2584 1268 1153 4293 
24862 2584 1153 1268 1152 
24863 1587 3874 81 4889 
24864 81 3874 1587 246 
24865 192 1587 2389 80 
24866 192 2389 1587 4889 
24867 858 3949 860 859 
24868 860 3949 858 3082 
24869 233 4164 4759 1567 
24870 4759 4164 233 2373 
24871 4759 2351 233 1567 
24872 233 2351 4759 2373 
24873 976 4120 835 3161 
24874 976 835 4120 1788 
24875 4290 680 1898 3309 
24876 4290 1898 680 620 
24877 2686 2343 2304 4011 
24878 2686 2304 2343 1435 
24879 2546 1965 3220 2150 
24880 3220 1965 2546 3023 
24881 1113 2647 1130 1112 
24882 1113 1130 2647 2628 
24883 527 4746 4702 3873 
24884 527 4702 4746 414 
24885 627 2730 2733 628 
24886 2733 2730 627 3091 
24887 2733 622 627 628 
24888 2778 1857 4035 1982 
24889 2778 4035 1857 4091 
24890 1870 4035 1857 1982 
24891 1870 1857 4035 4091 
24892 321 2603 2233 353 
24893 321 2233 2603 2703 
24894 2774 427 2775 1910 
24895 2774 2775 427 2799 
24896 3353 1910 2712 425 
24897 3353 2712 1910 2774 
24898 817 2842 623 652 
24899 623 2842 817 3031 
24900 2829 579 684 685 
24901 2829 684 579 2800 
24902 75 2359 2419 1831 
24903 75 2419 2359 186 
24904 1463 2928 2926 2927 
24905 2926 2928 1463 2323 
24906 3980 2323 2928 2926 
24907 2928 2323 3980 294 
24908 222 5007 36 2185 
24909 36 5007 222 5009 
24910 4876 1601 1602 3787 
24911 1602 1601 4876 1603 
24912 2503 804 962 1714 
24913 2503 962 804 2505 
24914 1754 3469 3467 3468 
24915 3467 3469 1754 2096 
24916 3340 1584 2894 883 
24917 2894 1584 3340 3159 
24918 3203 2077 2032 1283 
24919 3203 2032 2077 3202 
24920 4163 1566 2413 4590 
24921 2413 1566 4163 2118 
24922 3203 1032 3497 1283 
24923 3203 3497 1032 4504 
24924 3793 2221 737 1956 
24925 3793 737 2221 3534 
24926 610 3981 4348 1655 
24927 4348 3981 610 4108 
24928 4348 660 610 1655 
24929 3558 1385 3780 1343 
24930 3780 1385 3558 3821 
24931 2624 1823 3000 401 
24932 3000 1823 2624 2626 
24933 1098 4061 4664 4695 
24934 4664 4061 1098 400 
24935 1777 2683 4012 3324 
24936 1777 4012 2683 1437 
24937 2640 1823 2639 1544 
24938 2639 1823 2640 2626 
24939 1351 3821 4871 4728 
24940 4871 3821 1351 1385 
24941 3108 805 708 806 
24942 3108 708 805 2506 
24943 3872 2212 527 2344 
24944 3872 527 2212 3737 
24945 3424 3432 1488 3289 
24946 3424 1488 3432 2250 
24947 1747 1488 3432 3289 
24948 1747 3432 1488 2250 
24949 1418 3687 4748 3921 
24950 1418 4748 3687 1571 
24951 4913 2261 2410 4931 
24952 4913 2410 2261 232 
24953 4773 1741 1740 3865 
24954 4773 1740 1741 2230 
24955 610 4349 3235 608 
24956 3235 4349 610 4108 
24957 3235 609 610 608 
24958 669 3720 4619 3569 
24959 4619 3720 669 725 
24960 1754 4699 3470 3468 
24961 3470 4699 1754 1029 
24962 1754 1217 3470 1029 
24963 1746 2692 4014 2227 
24964 1746 4014 2692 3628 
24965 1583 2827 2896 2895 
24966 1583 2896 2827 688 
24967 4564 423 422 420 
24968 4564 422 423 4470 
24969 3742 566 3637 3743 
24970 3742 3637 566 1681 
24971 4857 3739 1790 539 
24972 1790 3739 4857 3825 
24973 1790 295 4857 539 
24974 4857 295 1790 3825 
24975 4639 1108 1201 3584 
24976 4639 1201 1108 1462 
24977 1938 2736 614 801 
24978 614 2736 1938 2734 
24979 462 4602 3597 3903 
24980 3597 4602 462 1793 
24981 4639 1201 4829 3961 
24982 4639 4829 1201 1462 
24983 2121 1201 4829 1462 
24984 4835 1929 4694 3735 
24985 4835 4694 1929 1779 
24986 1009 2608 542 4603 
24987 1009 542 2608 1008 
24988 2919 1429 4415 785 
24989 4415 1429 2919 2914 
24990 962 2503 1086 4258 
24991 1086 2503 962 1714 
24992 4901 2174 2384 4908 
24993 4901 2384 2174 241 
24994 86 2362 4740 198 
24995 4740 2362 86 1517 
24996 898 2663 2675 1105 
24997 898 2675 2663 4006 
24998 730 2716 2702 2102 
24999 2702 2716 730 3260 
25000 1609 2613 2636 4550 
25001 2636 2613 1609 834 
25002 4021 1121 2014 2046 
25003 4021 2014 1121 2777 
25004 3568 1707 4642 716 
25005 3568 4642 1707 3387 
25006 998 4841 1068 966 
25007 998 1068 4841 3200 
25008 408 2541 1632 4214 
25009 1632 2541 408 759 
25010 2712 1910 2713 1958 
25011 2712 2713 1910 2774 
25012 2038 3086 2884 3144 
25013 2884 3086 2038 2050 
25014 1902 2844 1821 3029 
25015 1902 1821 2844 816 
25016 2738 1341 2737 3861 
25017 2738 2737 1341 2302 
25018 3647 2258 3766 1338 
25019 3647 3766 2258 3608 
25020 1616 4790 3698 3703 
25021 1616 3698 4790 1615 
25022 3201 1037 3503 1063 
25023 3201 3503 1037 4358 
25024 4199 4358 1036 1037 
25025 4199 1036 4358 2949 
25026 1848 1036 4358 1037 
25027 1848 4358 1036 2949 
25028 1499 3418 3254 3483 
25029 3254 3418 1499 992 
25030 1499 820 3254 992 
25031 917 4138 3386 3619 
25032 917 3386 4138 916 
25033 564 2833 562 3080 
25034 562 2833 564 1709 
25035 4543 651 2833 2899 
25036 2198 651 2833 1709 
25037 2198 2833 651 2899 
25038 3955 2957 723 731 
25039 723 2957 3955 2956 
25040 723 722 3955 731 
25041 3955 722 723 2956 
25042 4872 5029 4980 5030 
25043 4872 4980 5029 3592 
25044 1765 4530 1274 4201 
25045 1765 1274 4530 1064 
25046 4666 2284 1713 2311 
25047 4666 1713 2284 3215 
25048 2987 394 2982 4049 
25049 2987 2982 394 357 
25050 2782 928 2781 4313 
25051 2782 2781 928 1871 
25052 4729 86 2387 198 
25053 4729 2387 86 1509 
25054 2149 3033 3134 3135 
25055 2149 3134 3033 881 
25056 4003 1681 3305 3742 
25057 4003 3305 1681 2153 
25058 2059 4853 3756 953 
25059 3756 4853 2059 3867 
25060 4071 5044 2995 2992 
25061 2995 5044 4071 4985 
25062 3657 1376 1380 3444 
25063 3657 1380 1376 1375 
25064 1479 5034 2290 2146 
25065 2290 5034 1479 5051 
25066 1757 4870 386 371 
25067 1757 386 4870 3364 
25068 3110 3109 2114 2130 
25069 2114 3109 3110 3076 
25070 2114 984 3110 2130 
25071 3110 984 2114 3076 
25072 1944 3502 3322 1806 
25073 1944 3322 3502 3433 
25074 2048 3295 3294 2295 
25075 3294 3295 2048 3101 
25076 2980 2177 1593 3025 
25077 2980 1593 2177 1913 
25078 4397 5020 4352 596 
25079 4397 4352 5020 3478 
25080 743 4352 5020 596 
25081 743 5020 4352 3478 
25082 900 3236 2657 1549 
25083 2657 3236 900 4197 
25084 2832 1094 2833 2831 
25085 562 1094 2833 1709 
25086 562 2833 1094 2831 
25087 3627 1696 658 764 
25088 3627 658 1696 3979 
25089 3523 1858 3719 4368 
25090 3719 1858 3523 2103 
25091 1829 3614 3779 1002 
25092 3779 3614 1829 4717 
25093 1155 3647 4338 4482 
25094 1155 4338 3647 1028 
25095 3734 1286 2271 2033 
25096 2271 1286 3734 4784 
25097 2840 2318 4084 379 
25098 2840 4084 2318 2794 
25099 723 2958 2955 1729 
25100 723 2955 2958 2957 
25101 4237 383 388 381 
25102 4237 388 383 4375 
25103 251 214 103 102 
25104 251 103 214 2399 
25105 4671 2305 3744 4858 
25106 3744 2305 4671 1638 
25107 859 3768 970 1565 
25108 970 3768 859 3949 
25109 4083 891 892 893 
25110 4083 892 891 3396 
25111 4091 1586 1870 1857 
25112 4091 1870 1586 4304 
25113 4217 492 4786 4216 
25114 4217 4786 492 489 
25115 1461 3440 3441 3439 
25116 3441 3440 1461 1458 
25117 3441 781 1461 3439 
25118 1461 781 3441 1458 
25119 3249 3484 1133 2016 
25120 3249 1133 3484 3144 
25121 2038 1133 3484 2016 
25122 2038 3484 1133 3144 
25123 2221 2881 737 2093 
25124 2221 737 2881 3534 
25125 3629 299 3630 3336 
25126 3629 3630 299 300 
25127 1187 3771 3772 3615 
25128 1187 3772 3771 1198 
25129 444 4424 4319 4099 
25130 444 4319 4424 455 
25131 1352 3950 4501 1164 
25132 1352 4501 3950 3951 
25133 4786 492 4539 4216 
25134 4539 492 4786 1712 
25135 2750 538 532 465 
25136 2750 532 538 2759 
25137 2568 2100 1428 3151 
25138 1428 2100 2568 1551 
25139 3379 1163 1024 3380 
25140 3379 1024 1163 1340 
25141 4996 1732 2975 344 
25142 4996 2975 1732 4971 
25143 3186 550 3273 3314 
25144 3273 550 3186 1126 
25145 631 2706 1911 2005 
25146 631 1911 2706 2726 
25147 3980 296 2323 2929 
25148 2323 296 3980 294 
25149 3835 697 4794 894 
25150 3835 4794 697 4654 
25151 2658 901 2660 2659 
25152 2660 901 2658 923 
25153 3921 1418 3919 4748 
25154 3919 1418 3921 5046 
25155 4810 2247 4370 4137 
25156 4810 4370 2247 1648 
25157 3242 1771 4126 740 
25158 3242 4126 1771 4252 
25159 4524 396 391 397 
25160 391 396 4524 3716 
25161 726 4562 4619 3256 
25162 4619 4562 726 670 
25163 4504 935 936 1032 
25164 936 935 4504 4351 
25165 936 3497 4504 1032 
25166 4504 3497 936 4351 
25167 1926 3035 4783 2634 
25168 4783 3035 1926 1022 
25169 2033 3701 3864 3734 
25170 2033 3864 3701 1417 
25171 3690 2131 2240 4667 
25172 2240 2131 3690 1229 
25173 2240 4673 3690 4667 
25174 3690 4673 2240 1229 
25175 3605 633 4736 4398 
25176 3605 4736 633 632 
25177 634 4736 633 4398 
25178 634 633 4736 632 
25179 4770 1916 4678 2025 
25180 4678 1916 4770 3729 
25181 1986 4839 1917 4634 
25182 1986 1917 4839 268 
25183 1185 2430 2428 3297 
25184 1185 1136 2428 1135 
25185 2428 1136 1185 3297 
25186 2125 4673 4294 2586 
25187 2125 4294 4673 2240 
25188 2999 1060 1633 2535 
25189 1633 1060 2999 2358 
25190 764 1713 3215 2245 
25191 3215 3213 764 2245 
25192 764 3213 3215 3627 
25193 2924 2925 1345 2922 
25194 2924 1345 2925 1967 
25195 2252 1345 2925 2922 
25196 2252 2925 1345 1967 
25197 681 693 4734 694 
25198 681 4734 693 3763 
25199 3649 4734 693 694 
25200 3649 693 4734 3763 
25201 410 4681 1658 2542 
25202 1658 4681 410 412 
25203 1227 4102 3453 4101 
25204 1227 3453 4102 1047 
25205 621 3390 843 1991 
25206 843 3390 621 4463 
25207 808 1852 4792 1019 
25208 808 4792 1852 3905 
25209 3682 4792 1852 1019 
25210 3682 1852 4792 3905 
25211 1514 3958 1516 3142 
25212 1516 3958 1514 532 
25213 2939 288 555 2937 
25214 2939 555 288 286 
25215 1598 3955 848 731 
25216 848 3955 1598 3638 
25217 1612 2144 3067 4082 
25218 1612 3067 2144 861 
25219 3148 3067 2144 4082 
25220 3148 2144 3067 861 
25221 631 3605 633 632 
25222 631 633 3605 2808 
25223 738 3102 3079 3078 
25224 3079 3102 738 1088 
25225 1855 3474 3386 3175 
25226 3386 3474 1855 1610 
25227 3783 995 994 1204 
25228 3783 994 995 4259 
25229 2774 424 427 1910 
25230 2774 427 424 4269 
25231 1922 4592 1132 1923 
25232 1922 1132 4592 4716 
25233 3073 4592 1132 4716 
25234 4099 4010 442 4009 
25235 442 1525 4099 4009 
25236 4099 1525 442 444 
25237 3420 1779 1103 954 
25238 3420 1103 1779 4835 
25239 3672 1255 1988 1952 
25240 3672 1988 1255 3529 
25241 3632 539 297 1519 
25242 3632 297 539 4857 
25243 2208 3217 3941 1431 
25244 2208 3941 3217 3071 
25245 2199 4834 1031 1386 
25246 2199 1031 4834 3748 
25247 263 4910 26 1675 
25248 263 26 4910 4899 
25249 1897 3866 2116 2179 
25250 2116 3866 1897 4498 
25251 230 4881 1802 1801 
25252 230 1802 4881 4337 
25253 3382 1707 3568 790 
25254 3568 1707 3382 3387 
25255 4978 1580 794 1778 
25256 4978 794 1580 5024 
25257 263 4916 25 4899 
25258 263 25 4916 2216 
25259 3348 2106 1353 4772 
25260 3348 1353 2106 1069 
25261 236 3916 3917 2401 
25262 3917 3916 236 2235 
25263 1192 2477 2140 2770 
25264 1192 2140 2477 1285 
25265 4168 946 2488 947 
25266 4168 2488 946 2485 
25267 1754 3682 4699 3468 
25268 4699 3682 1754 1019 
25269 4994 3979 1696 558 
25270 1696 3979 4994 2791 
25271 1696 5002 4994 558 
25272 4994 5002 1696 2791 
25273 4002 2136 4652 1426 
25274 4652 2136 4002 3992 
25275 3306 296 3825 2929 
25276 3306 3825 296 297 
25277 1967 2925 2323 296 
25278 2929 2925 2323 2926 
25279 2929 2323 2925 296 
25280 1336 2287 3349 1372 
25281 1336 3349 2287 4179 
25282 4382 3349 2287 1372 
25283 4382 2287 3349 4179 
25284 4111 1514 939 1807 
25285 4111 939 1514 2830 
25286 4144 5011 143 4965 
25287 4144 143 5011 2407 
25288 3189 1939 3322 3188 
25289 3189 3322 1939 1940 
25290 382 3196 3399 3208 
25291 382 3399 3196 384 
25292 852 2742 829 718 
25293 852 829 2742 2747 
25294 3506 1241 2476 2140 
25295 3506 2476 1241 4177 
25296 3471 938 2187 2137 
25297 3471 2187 938 4210 
25298 3528 1278 3953 995 
25299 3528 3953 1278 3278 
25300 3249 836 1988 1133 
25301 3249 1988 836 3559 
25302 2963 2158 2964 2962 
25303 2963 2964 2158 5010 
25304 4069 663 662 661 
25305 4069 662 663 4468 
25306 812 3351 3757 4440 
25307 812 3757 3351 2254 
25308 4939 2162 43 2156 
25309 4939 43 2162 4957 
25310 4668 3707 1424 2119 
25311 1424 3707 4668 4298 
25312 1424 2301 4668 2119 
25313 4668 2301 1424 4298 
25314 3422 2301 1424 1279 
25315 1424 2301 3422 4298 
25316 4609 2239 2394 3780 
25317 4609 2394 2239 264 
25318 419 4614 4234 3162 
25319 4234 4614 419 418 
25320 4773 4697 2279 2230 
25321 2279 4697 4773 2562 
25322 2279 1740 4773 2230 
25323 4773 1740 2279 2562 
25324 4775 293 1511 291 
25325 1511 293 4775 3709 
25326 550 4291 4522 619 
25327 550 4522 4291 3314 
25328 550 4332 3186 531 
25329 550 3186 4332 3314 
25330 489 4302 4719 488 
25331 489 4719 4302 4217 
25332 180 270 70 69 
25333 180 70 270 4507 
25334 4321 355 4395 3639 
25335 4321 4395 355 1537 
25336 2077 2948 2006 3090 
25337 2077 2006 2948 1272 
25338 4038 2006 2948 3090 
25339 4038 2948 2006 1272 
25340 2392 4910 130 4899 
25341 130 4910 2392 4687 
25342 627 2733 3092 622 
25343 3092 2733 627 3091 
25344 3092 626 627 622 
25345 610 4348 4349 660 
25346 4349 4348 610 4108 
25347 610 3235 2851 609 
25348 2851 3235 610 4108 
25349 3470 1754 3469 1217 
25350 3469 1754 3470 3468 
25351 1201 4829 1214 2121 
25352 1201 1214 4829 3961 
25353 4189 1214 4829 2121 
25354 4189 4829 1214 3961 
25355 1499 747 3944 820 
25356 3944 3254 1499 820 
25357 1499 3254 3944 3483 
25358 651 2833 564 4543 
25359 651 564 2833 1709 
25360 1094 2833 2217 2832 
25361 1094 2217 2833 1709 
25362 2428 1185 2001 2430 
25363 2001 1185 2428 1135 
25364 2001 2429 2428 2430 
25365 2428 2429 2001 1135 
25366 764 715 3679 1713 
25367 3679 3215 764 1713 
25368 764 3215 3679 3627 
25369 4592 1132 2874 3073 
25370 4592 2874 1132 1923 
25371 852 2874 1132 3073 
25372 852 1132 2874 1923 
25373 4099 3219 443 4010 
25374 443 3219 4099 444 
25375 443 442 4099 4010 
25376 4099 442 443 444 
25377 2924 2925 1463 1967 
25378 2924 1463 2925 2926 
25379 2323 1463 2925 1967 
25380 2323 2925 1463 2926 
25381 627 3092 3093 626 
25382 3093 3092 627 3091 
25383 3944 1499 3945 747 
25384 3945 1499 3944 3483 
25385 764 658 4295 715 
25386 4295 658 764 3627 
25387 4295 3679 764 715 
25388 764 3679 4295 3627 
$EndElements
